<?xml version="1.0" encoding="UTF-8"?>
<alto xmlns="http://www.loc.gov/standards/alto/ns-v2#" xmlns:xsi="http://www.w3.org/2001/XMLSchema-instance" xsi:schemaLocation="http://www.loc.gov/standards/alto/ns-v2# http://www.loc.gov/standards/alto/alto.xsd">
  <Description>
    <MeasurementUnit>pixel</MeasurementUnit>
    <sourceImageInformation />
    <OCRProcessing ID="OCR_1">
      <preProcessingStep>
        <processingDateTime>2019-05-08T04:16:56</processingDateTime>
        <processingAgency>intranda GmbH, www.intranda.com</processingAgency>
        <processingSoftware>
          <softwareCreator>intranda GmbH, Germany</softwareCreator>
          <softwareName>intranda OCR Module for TaskManager</softwareName>
          <softwareVersion>1.0r42</softwareVersion>
        </processingSoftware>
      </preProcessingStep>
      <ocrProcessingStep>
        <processingSoftware>
          <softwareCreator>Tesseract contributors</softwareCreator>
          <softwareName>Tesseract Open Source OCR Engine</softwareName>
          <softwareVersion>4.0.0-beta.1-270-g5a56</softwareVersion>
        </processingSoftware>
      </ocrProcessingStep>
    </OCRProcessing>
  </Description>
  <Layout>
    <Page ID="PAGE_1" HEIGHT="1840" WIDTH="2288" PHYSICAL_IMG_NR="1">
      <PrintSpace ID="PrintSpace_1" HPOS="0" VPOS="0" HEIGHT="1840" WIDTH="2288">
        <TextBlock ID="TextBlock_1" HPOS="0" VPOS="0" HEIGHT="96" WIDTH="128">
          <TextLine ID="TextLine_1" HPOS="0" VPOS="0" HEIGHT="37" WIDTH="128">
            <String ID="Textword_1" HPOS="0" VPOS="0" HEIGHT="37" WIDTH="128" CONTENT="ach" WC="0.40" />
          </TextLine>
          <TextLine ID="TextLine_2" HPOS="89" VPOS="48" HEIGHT="48" WIDTH="33">
            <String ID="Textword_2" HPOS="89" VPOS="48" HEIGHT="48" WIDTH="33" CONTENT="Z" WC="0.82" />
          </TextLine>
        </TextBlock>
        <TextBlock ID="TextBlock_2" HPOS="24" VPOS="111" HEIGHT="48" WIDTH="104">
          <TextLine ID="TextLine_3" HPOS="24" VPOS="111" HEIGHT="48" WIDTH="104">
            <String ID="Textword_3" HPOS="24" VPOS="111" HEIGHT="48" WIDTH="104" CONTENT="Fraumün" WC="0.87" />
          </TextLine>
        </TextBlock>
        <TextBlock ID="TextBlock_3" HPOS="0" VPOS="337" HEIGHT="580" WIDTH="19">
          <TextLine ID="TextLine_4" HPOS="0" VPOS="337" HEIGHT="580" WIDTH="19">
            <SP ID="Textword_1" HPOS="0" VPOS="337" />
            <String ID="Textword_4" HPOS="0" VPOS="337" HEIGHT="580" WIDTH="19" CONTENT=" " WC="0.95" />
          </TextLine>
        </TextBlock>
        <TextBlock ID="TextBlock_4" HPOS="121" VPOS="1293" HEIGHT="43" WIDTH="54">
          <TextLine ID="TextLine_5" HPOS="121" VPOS="1293" HEIGHT="43" WIDTH="54">
            <String ID="Textword_5" HPOS="121" VPOS="1293" HEIGHT="43" WIDTH="54" CONTENT="hen," WC="0.87" />
          </TextLine>
        </TextBlock>
        <TextBlock ID="TextBlock_5" HPOS="132" VPOS="1415" HEIGHT="22" WIDTH="53">
          <TextLine ID="TextLine_6" HPOS="132" VPOS="1415" HEIGHT="22" WIDTH="53">
            <String ID="Textword_6" HPOS="132" VPOS="1415" HEIGHT="22" WIDTH="29" CONTENT="On" WC="0.94" />
            <String ID="Textword_7" HPOS="182" VPOS="1421" HEIGHT="7" WIDTH="3" CONTENT="y" WC="0.76" />
          </TextLine>
        </TextBlock>
        <TextBlock ID="TextBlock_6" HPOS="0" VPOS="0" HEIGHT="1840" WIDTH="522">
          <TextLine ID="TextLine_7" HPOS="125" VPOS="0" HEIGHT="93" WIDTH="397">
            <SP ID="Textword_2" HPOS="125" VPOS="0" />
            <String ID="Textword_8" HPOS="125" VPOS="0" HEIGHT="93" WIDTH="397" CONTENT="  " WC="0.95" />
          </TextLine>
          <TextLine ID="TextLine_8" HPOS="129" VPOS="93" HEIGHT="27" WIDTH="10">
            <SP ID="Textword_3" HPOS="129" VPOS="93" />
            <String ID="Textword_9" HPOS="129" VPOS="93" HEIGHT="27" WIDTH="10" CONTENT=" " WC="0.95" />
          </TextLine>
          <TextLine ID="TextLine_9" HPOS="128" VPOS="120" HEIGHT="45" WIDTH="25">
            <SP ID="Textword_4" HPOS="128" VPOS="120" />
            <String ID="Textword_10" HPOS="128" VPOS="120" HEIGHT="45" WIDTH="25" CONTENT=" " WC="0.95" />
          </TextLine>
          <TextLine ID="TextLine_10" HPOS="116" VPOS="165" HEIGHT="83" WIDTH="37">
            <SP ID="Textword_5" HPOS="116" VPOS="165" />
            <String ID="Textword_11" HPOS="116" VPOS="165" HEIGHT="83" WIDTH="37" CONTENT="   " WC="0.95" />
          </TextLine>
          <TextLine ID="TextLine_11" HPOS="0" VPOS="248" HEIGHT="919" WIDTH="173">
            <SP ID="Textword_6" HPOS="0" VPOS="248" />
            <String ID="Textword_12" HPOS="0" VPOS="248" HEIGHT="919" WIDTH="173" CONTENT="  " WC="0.95" />
          </TextLine>
          <TextLine ID="TextLine_12" HPOS="0" VPOS="1167" HEIGHT="145" WIDTH="121">
            <SP ID="Textword_7" HPOS="0" VPOS="1167" />
            <String ID="Textword_13" HPOS="0" VPOS="1167" HEIGHT="145" WIDTH="121" CONTENT="  " WC="0.95" />
          </TextLine>
          <TextLine ID="TextLine_13" HPOS="96" VPOS="1312" HEIGHT="37" WIDTH="25">
            <SP ID="Textword_8" HPOS="96" VPOS="1312" />
            <String ID="Textword_14" HPOS="96" VPOS="1312" HEIGHT="37" WIDTH="25" CONTENT=" " WC="0.95" />
          </TextLine>
          <TextLine ID="TextLine_14" HPOS="96" VPOS="1349" HEIGHT="99" WIDTH="30">
            <SP ID="Textword_9" HPOS="96" VPOS="1349" />
            <String ID="Textword_15" HPOS="96" VPOS="1349" HEIGHT="99" WIDTH="30" CONTENT="  " WC="0.95" />
          </TextLine>
          <TextLine ID="TextLine_15" HPOS="91" VPOS="1448" HEIGHT="392" WIDTH="80">
            <SP ID="Textword_10" HPOS="91" VPOS="1448" />
            <String ID="Textword_16" HPOS="91" VPOS="1448" HEIGHT="392" WIDTH="80" CONTENT="   " WC="0.95" />
          </TextLine>
        </TextBlock>
        <TextBlock ID="TextBlock_7" HPOS="147" VPOS="86" HEIGHT="29" WIDTH="33">
          <TextLine ID="TextLine_16" HPOS="147" VPOS="86" HEIGHT="29" WIDTH="33">
            <String ID="Textword_17" HPOS="147" VPOS="86" HEIGHT="29" WIDTH="33" CONTENT="ül" WC="0.66" />
          </TextLine>
        </TextBlock>
        <TextBlock ID="TextBlock_8" HPOS="147" VPOS="201" HEIGHT="133" WIDTH="790">
          <TextLine ID="TextLine_17" HPOS="156" VPOS="201" HEIGHT="20" WIDTH="22">
            <String ID="Textword_18" HPOS="156" VPOS="201" HEIGHT="20" WIDTH="22" CONTENT="el" WC="0.90" />
          </TextLine>
          <TextLine ID="TextLine_18" HPOS="147" VPOS="249" HEIGHT="24" WIDTH="32">
            <String ID="Textword_19" HPOS="147" VPOS="249" HEIGHT="24" WIDTH="32" CONTENT="te" WC="0.54" />
          </TextLine>
          <TextLine ID="TextLine_19" HPOS="167" VPOS="295" HEIGHT="39" WIDTH="770">
            <String ID="Textword_20" HPOS="167" VPOS="306" HEIGHT="16" WIDTH="13" CONTENT="t" WC="0.84" />
            <String ID="Textword_21" HPOS="202" VPOS="297" HEIGHT="31" WIDTH="61" CONTENT="und" WC="0.96" />
            <String ID="Textword_22" HPOS="281" VPOS="298" HEIGHT="31" WIDTH="28" CONTENT="in" WC="0.93" />
            <String ID="Textword_23" HPOS="327" VPOS="296" HEIGHT="32" WIDTH="164" CONTENT="frivolster" WC="0.92" />
            <String ID="Textword_24" HPOS="508" VPOS="296" HEIGHT="31" WIDTH="110" CONTENT="Weise" WC="0.92" />
            <String ID="Textword_25" HPOS="636" VPOS="297" HEIGHT="37" WIDTH="192" CONTENT="ausgenützt" WC="0.91" />
            <String ID="Textword_26" HPOS="847" VPOS="295" HEIGHT="32" WIDTH="90" CONTENT="wird." WC="0.96" />
          </TextLine>
        </TextBlock>
        <TextBlock ID="TextBlock_9" HPOS="181" VPOS="613" HEIGHT="33" WIDTH="110">
          <TextLine ID="TextLine_20" HPOS="181" VPOS="613" HEIGHT="33" WIDTH="110">
            <String ID="Textword_27" HPOS="181" VPOS="613" HEIGHT="33" WIDTH="110" CONTENT="haben," WC="0.96" />
          </TextLine>
        </TextBlock>
        <TextBlock ID="TextBlock_10" HPOS="120" VPOS="1151" HEIGHT="131" WIDTH="528">
          <TextLine ID="TextLine_21" HPOS="121" VPOS="1151" HEIGHT="41" WIDTH="527">
            <String ID="Textword_28" HPOS="121" VPOS="1152" HEIGHT="40" WIDTH="161" CONTENT="“erspruch" WC="0.74" />
            <String ID="Textword_29" HPOS="314" VPOS="1162" HEIGHT="21" WIDTH="56" CONTENT="zur" WC="0.91" />
            <String ID="Textword_30" HPOS="401" VPOS="1151" HEIGHT="32" WIDTH="247" CONTENT="Gewerkschaft" WC="0.67" />
          </TextLine>
          <TextLine ID="TextLine_22" HPOS="120" VPOS="1192" HEIGHT="37" WIDTH="67">
            <String ID="Textword_31" HPOS="120" VPOS="1192" HEIGHT="30" WIDTH="12" CONTENT="Il" WC="0.55" />
            <String ID="Textword_32" HPOS="153" VPOS="1208" HEIGHT="21" WIDTH="34" CONTENT="ZW" WC="0.96" />
          </TextLine>
          <TextLine ID="TextLine_23" HPOS="121" VPOS="1252" HEIGHT="30" WIDTH="72">
            <String ID="Textword_33" HPOS="121" VPOS="1252" HEIGHT="30" WIDTH="72" CONTENT="lertey" WC="0.65" />
          </TextLine>
        </TextBlock>
        <TextBlock ID="TextBlock_11" HPOS="183" VPOS="1431" HEIGHT="11" WIDTH="22">
          <TextLine ID="TextLine_24" HPOS="183" VPOS="1431" HEIGHT="11" WIDTH="22">
            <String ID="Textword_34" HPOS="183" VPOS="1431" HEIGHT="11" WIDTH="22" CONTENT="ne" WC="0.69" />
          </TextLine>
        </TextBlock>
        <TextBlock ID="TextBlock_12" HPOS="125" VPOS="1466" HEIGHT="29" WIDTH="92">
          <TextLine ID="TextLine_25" HPOS="125" VPOS="1466" HEIGHT="29" WIDTH="92">
            <String ID="Textword_35" HPOS="125" VPOS="1476" HEIGHT="5" WIDTH="3" CONTENT="\" WC="0.08" />
            <String ID="Textword_36" HPOS="145" VPOS="1466" HEIGHT="29" WIDTH="72" CONTENT="nicht" WC="0.92" />
          </TextLine>
        </TextBlock>
        <TextBlock ID="TextBlock_13" HPOS="204" VPOS="83" HEIGHT="39" WIDTH="731">
          <TextLine ID="TextLine_26" HPOS="204" VPOS="83" HEIGHT="39" WIDTH="731">
            <String ID="Textword_37" HPOS="204" VPOS="86" HEIGHT="31" WIDTH="80" CONTENT="ich." WC="0.96" />
            <String ID="Textword_38" HPOS="313" VPOS="86" HEIGHT="31" WIDTH="57" CONTENT="Ich" WC="0.96" />
            <String ID="Textword_39" HPOS="397" VPOS="85" HEIGHT="33" WIDTH="80" CONTENT="habe" WC="0.96" />
            <String ID="Textword_40" HPOS="507" VPOS="89" HEIGHT="28" WIDTH="66" CONTENT="erst" WC="0.96" />
            <String ID="Textword_41" HPOS="601" VPOS="84" HEIGHT="32" WIDTH="144" CONTENT="kürzlich" WC="0.93" />
            <String ID="Textword_42" HPOS="775" VPOS="83" HEIGHT="39" WIDTH="160" CONTENT="Gelegen-" WC="0.92" />
          </TextLine>
        </TextBlock>
        <TextBlock ID="TextBlock_14" HPOS="147" VPOS="137" HEIGHT="92" WIDTH="789">
          <TextLine ID="TextLine_27" HPOS="147" VPOS="137" HEIGHT="38" WIDTH="788">
            <String ID="Textword_43" HPOS="147" VPOS="138" HEIGHT="33" WIDTH="108" CONTENT=";ehabt," WC="0.32" />
            <String ID="Textword_44" HPOS="281" VPOS="138" HEIGHT="32" WIDTH="111" CONTENT=".darauf" WC="0.90" />
            <String ID="Textword_45" HPOS="416" VPOS="138" HEIGHT="37" WIDTH="227" CONTENT="hinzuweisen," WC="0.96" />
            <String ID="Textword_46" HPOS="668" VPOS="138" HEIGHT="30" WIDTH="60" CONTENT="wie" WC="0.96" />
            <String ID="Textword_47" HPOS="754" VPOS="137" HEIGHT="32" WIDTH="49" CONTENT="die" WC="0.93" />
            <String ID="Textword_48" HPOS="830" VPOS="137" HEIGHT="38" WIDTH="105" CONTENT="Lang-" WC="0.91" />
          </TextLine>
          <TextLine ID="TextLine_28" HPOS="183" VPOS="190" HEIGHT="39" WIDTH="753">
            <String ID="Textword_49" HPOS="183" VPOS="203" HEIGHT="3" WIDTH="2" CONTENT="°" WC="0.38" />
            <String ID="Textword_50" HPOS="212" VPOS="191" HEIGHT="32" WIDTH="300" CONTENT="Brauereibesitzer" WC="0.87" />
            <String ID="Textword_51" HPOS="541" VPOS="190" HEIGHT="39" WIDTH="185" CONTENT="gegenüber" WC="0.96" />
            <String ID="Textword_52" HPOS="754" VPOS="190" HEIGHT="31" WIDTH="60" CONTENT="den" WC="0.93" />
            <String ID="Textword_53" HPOS="844" VPOS="200" HEIGHT="28" WIDTH="92" CONTENT="crga-" WC="0.56" />
          </TextLine>
        </TextBlock>
        <TextBlock ID="TextBlock_15" HPOS="215" VPOS="242" HEIGHT="40" WIDTH="722">
          <TextLine ID="TextLine_29" HPOS="215" VPOS="242" HEIGHT="40" WIDTH="722">
            <String ID="Textword_54" HPOS="215" VPOS="244" HEIGHT="38" WIDTH="158" CONTENT="Gehilfen," WC="0.91" />
            <String ID="Textword_55" HPOS="395" VPOS="253" HEIGHT="22" WIDTH="61" CONTENT="von" WC="0.96" />
            <String ID="Textword_56" HPOS="478" VPOS="243" HEIGHT="32" WIDTH="111" CONTENT="diesen" WC="0.96" />
            <String ID="Textword_57" HPOS="612" VPOS="243" HEIGHT="31" WIDTH="46" CONTENT="als" WC="0.95" />
            <String ID="Textword_58" HPOS="684" VPOS="242" HEIGHT="32" WIDTH="175" CONTENT="Schwäche" WC="0.93" />
            <String ID="Textword_59" HPOS="883" VPOS="243" HEIGHT="31" WIDTH="54" CONTENT="be-" WC="0.93" />
          </TextLine>
        </TextBlock>
        <TextBlock ID="TextBlock_16" HPOS="204" VPOS="348" HEIGHT="93" WIDTH="735">
          <TextLine ID="TextLine_30" HPOS="208" VPOS="348" HEIGHT="39" WIDTH="730">
            <String ID="Textword_60" HPOS="208" VPOS="360" HEIGHT="22" WIDTH="42" CONTENT="se," WC="0.95" />
            <String ID="Textword_61" HPOS="281" VPOS="350" HEIGHT="31" WIDTH="75" CONTENT="bald" WC="0.96" />
            <String ID="Textword_62" HPOS="385" VPOS="349" HEIGHT="38" WIDTH="71" CONTENT="jene" WC="0.96" />
            <String ID="Textword_63" HPOS="486" VPOS="350" HEIGHT="31" WIDTH="155" CONTENT="Brauerei" WC="0.96" />
            <String ID="Textword_64" HPOS="672" VPOS="349" HEIGHT="31" WIDTH="78" CONTENT="wird" WC="0.96" />
            <String ID="Textword_65" HPOS="783" VPOS="348" HEIGHT="32" WIDTH="53" CONTENT="mit" WC="0.96" />
            <String ID="Textword_66" HPOS="870" VPOS="348" HEIGHT="31" WIDTH="68" CONTENT="dem" WC="0.95" />
          </TextLine>
          <TextLine ID="TextLine_31" HPOS="204" VPOS="401" HEIGHT="40" WIDTH="735">
            <String ID="Textword_67" HPOS="204" VPOS="403" HEIGHT="31" WIDTH="131" CONTENT="bedroht" WC="0.96" />
            <String ID="Textword_68" HPOS="355" VPOS="402" HEIGHT="32" WIDTH="62" CONTENT="und" WC="0.96" />
            <String ID="Textword_69" HPOS="437" VPOS="402" HEIGHT="32" WIDTH="50" CONTENT="die" WC="0.93" />
            <String ID="Textword_70" HPOS="507" VPOS="402" HEIGHT="39" WIDTH="278" CONTENT="Betriebsleitung" WC="0.92" />
            <String ID="Textword_71" HPOS="805" VPOS="401" HEIGHT="31" WIDTH="84" CONTENT="weiß" WC="0.96" />
            <String ID="Textword_72" HPOS="909" VPOS="401" HEIGHT="31" WIDTH="30" CONTENT="in" WC="0.96" />
          </TextLine>
        </TextBlock>
        <TextBlock ID="TextBlock_17" HPOS="172" VPOS="454" HEIGHT="33" WIDTH="769">
          <TextLine ID="TextLine_32" HPOS="172" VPOS="454" HEIGHT="33" WIDTH="769">
            <String ID="Textword_73" HPOS="172" VPOS="465" HEIGHT="21" WIDTH="88" CONTENT="sten" WC="0.08" />
            <String ID="Textword_74" HPOS="288" VPOS="456" HEIGHT="31" WIDTH="110" CONTENT="Fällen" WC="0.96" />
            <String ID="Textword_75" HPOS="425" VPOS="455" HEIGHT="32" WIDTH="106" CONTENT="nichts" WC="0.96" />
            <String ID="Textword_76" HPOS="557" VPOS="455" HEIGHT="31" WIDTH="151" CONTENT="besseres" WC="0.96" />
            <String ID="Textword_77" HPOS="736" VPOS="465" HEIGHT="21" WIDTH="37" CONTENT="zu" WC="0.96" />
            <String ID="Textword_78" HPOS="801" VPOS="460" HEIGHT="27" WIDTH="64" CONTENT="tun," WC="0.95" />
            <String ID="Textword_79" HPOS="894" VPOS="454" HEIGHT="31" WIDTH="47" CONTENT="als" WC="0.96" />
          </TextLine>
        </TextBlock>
        <TextBlock ID="TextBlock_18" HPOS="207" VPOS="507" HEIGHT="410" WIDTH="737">
          <TextLine ID="TextLine_33" HPOS="259" VPOS="507" HEIGHT="33" WIDTH="594">
            <String ID="Textword_80" HPOS="259" VPOS="509" HEIGHT="31" WIDTH="195" CONTENT="Machtwort" WC="0.92" />
            <String ID="Textword_81" HPOS="502" VPOS="509" HEIGHT="31" WIDTH="56" CONTENT="der" WC="0.97" />
            <String ID="Textword_82" HPOS="604" VPOS="507" HEIGHT="32" WIDTH="249" CONTENT="Gewerkschaft" WC="0.96" />
          </TextLine>
          <TextLine ID="TextLine_34" HPOS="208" VPOS="560" HEIGHT="35" WIDTH="554">
            <String ID="Textword_83" HPOS="208" VPOS="572" HEIGHT="20" WIDTH="29" CONTENT="zu" WC="0.87" />
            <String ID="Textword_84" HPOS="269" VPOS="561" HEIGHT="34" WIDTH="162" CONTENT="kriechen," WC="0.87" />
            <String ID="Textword_85" HPOS="465" VPOS="562" HEIGHT="30" WIDTH="46" CONTENT="sei" WC="0.96" />
            <String ID="Textword_86" HPOS="543" VPOS="571" HEIGHT="22" WIDTH="44" CONTENT="es," WC="0.96" />
            <String ID="Textword_87" HPOS="620" VPOS="561" HEIGHT="31" WIDTH="63" CONTENT="daß" WC="0.92" />
            <String ID="Textword_88" HPOS="718" VPOS="560" HEIGHT="32" WIDTH="44" CONTENT="sie" WC="0.96" />
          </TextLine>
          <TextLine ID="TextLine_35" HPOS="336" VPOS="614" HEIGHT="33" WIDTH="606">
            <String ID="Textword_89" HPOS="336" VPOS="615" HEIGHT="32" WIDTH="50" CONTENT="die" WC="0.96" />
            <String ID="Textword_90" HPOS="420" VPOS="614" HEIGHT="32" WIDTH="75" CONTENT="Bier" WC="0.92" />
            <String ID="Textword_91" HPOS="539" VPOS="614" HEIGHT="32" WIDTH="189" CONTENT="trinkenden" WC="0.90" />
            <String ID="Textword_92" HPOS="774" VPOS="614" HEIGHT="30" WIDTH="168" CONTENT="Genossen" WC="0.96" />
          </TextLine>
          <TextLine ID="TextLine_36" HPOS="219" VPOS="667" HEIGHT="38" WIDTH="622">
            <String ID="Textword_93" HPOS="219" VPOS="667" HEIGHT="31" WIDTH="46" CONTENT="ihr" WC="0.94" />
            <String ID="Textword_94" HPOS="293" VPOS="667" HEIGHT="32" WIDTH="142" CONTENT="Produkt" WC="0.96" />
            <String ID="Textword_95" HPOS="465" VPOS="667" HEIGHT="38" WIDTH="133" CONTENT="meiden," WC="0.93" />
            <String ID="Textword_96" HPOS="630" VPOS="667" HEIGHT="32" WIDTH="94" CONTENT="seies," WC="0.89" />
            <String ID="Textword_97" HPOS="780" VPOS="667" HEIGHT="31" WIDTH="61" CONTENT="daß" WC="0.95" />
          </TextLine>
          <TextLine ID="TextLine_37" HPOS="219" VPOS="719" HEIGHT="39" WIDTH="724">
            <String ID="Textword_98" HPOS="219" VPOS="731" HEIGHT="20" WIDTH="58" CONTENT="von" WC="0.96" />
            <String ID="Textword_99" HPOS="295" VPOS="720" HEIGHT="31" WIDTH="100" CONTENT="einem" WC="0.93" />
            <String ID="Textword_100" HPOS="414" VPOS="720" HEIGHT="38" WIDTH="135" CONTENT="eifrigen" WC="0.92" />
            <String ID="Textword_101" HPOS="568" VPOS="720" HEIGHT="31" WIDTH="214" CONTENT="Konkurrent," WC="0.90" />
            <String ID="Textword_102" HPOS="801" VPOS="719" HEIGHT="32" WIDTH="55" CONTENT="der" WC="0.96" />
            <String ID="Textword_103" HPOS="876" VPOS="719" HEIGHT="31" WIDTH="67" CONTENT="sich" WC="0.96" />
          </TextLine>
          <TextLine ID="TextLine_38" HPOS="212" VPOS="772" HEIGHT="32" WIDTH="731">
            <String ID="Textword_104" HPOS="212" VPOS="773" HEIGHT="31" WIDTH="66" CONTENT="flikt" WC="0.92" />
            <String ID="Textword_105" HPOS="311" VPOS="772" HEIGHT="32" WIDTH="53" CONTENT="mit" WC="0.96" />
            <String ID="Textword_106" HPOS="397" VPOS="773" HEIGHT="31" WIDTH="54" CONTENT="der" WC="0.93" />
            <String ID="Textword_107" HPOS="482" VPOS="772" HEIGHT="32" WIDTH="257" CONTENT="Arbeiterschafît" WC="0.50" />
            <String ID="Textword_108" HPOS="773" VPOS="783" HEIGHT="21" WIDTH="36" CONTENT="zu" WC="0.96" />
            <String ID="Textword_109" HPOS="841" VPOS="773" HEIGHT="31" WIDTH="102" CONTENT="Nutze" WC="0.96" />
          </TextLine>
          <TextLine ID="TextLine_39" HPOS="207" VPOS="825" HEIGHT="39" WIDTH="737">
            <String ID="Textword_110" HPOS="207" VPOS="828" HEIGHT="30" WIDTH="119" CONTENT="cônnte," WC="0.84" />
            <String ID="Textword_111" HPOS="347" VPOS="826" HEIGHT="31" WIDTH="51" CONTENT="bei" WC="0.93" />
            <String ID="Textword_112" HPOS="420" VPOS="826" HEIGHT="31" WIDTH="120" CONTENT="diesem" WC="0.91" />
            <String ID="Textword_113" HPOS="562" VPOS="826" HEIGHT="31" WIDTH="77" CONTENT="oder" WC="0.93" />
            <String ID="Textword_114" HPOS="658" VPOS="826" HEIGHT="38" WIDTH="103" CONTENT="jenem" WC="0.92" />
            <String ID="Textword_115" HPOS="782" VPOS="825" HEIGHT="32" WIDTH="81" CONTENT="Wirt" WC="0.96" />
            <String ID="Textword_116" HPOS="888" VPOS="836" HEIGHT="21" WIDTH="56" CONTENT="aus" WC="0.95" />
          </TextLine>
          <TextLine ID="TextLine_40" HPOS="210" VPOS="878" HEIGHT="39" WIDTH="458">
            <String ID="Textword_117" HPOS="210" VPOS="886" HEIGHT="22" WIDTH="23" CONTENT="le" WC="0.93" />
            <String ID="Textword_118" HPOS="256" VPOS="878" HEIGHT="39" WIDTH="196" CONTENT="geschlagen" WC="0.90" />
            <String ID="Textword_119" HPOS="473" VPOS="889" HEIGHT="21" WIDTH="37" CONTENT="zu" WC="0.96" />
            <String ID="Textword_120" HPOS="531" VPOS="878" HEIGHT="32" WIDTH="137" CONTENT="werden." WC="0.96" />
          </TextLine>
        </TextBlock>
        <TextBlock ID="TextBlock_19" HPOS="796" VPOS="518" HEIGHT="74" WIDTH="144">
          <TextLine ID="TextLine_41" HPOS="903" VPOS="518" HEIGHT="21" WIDTH="37">
            <String ID="Textword_121" HPOS="903" VPOS="518" HEIGHT="21" WIDTH="37" CONTENT="zu" WC="0.86" />
          </TextLine>
          <TextLine ID="TextLine_42" HPOS="796" VPOS="560" HEIGHT="32" WIDTH="144">
            <String ID="Textword_122" HPOS="796" VPOS="560" HEIGHT="32" WIDTH="144" CONTENT="wirklich" WC="0.92" />
          </TextLine>
        </TextBlock>
        <TextBlock ID="TextBlock_20" HPOS="897" VPOS="677" HEIGHT="20" WIDTH="45">
          <TextLine ID="TextLine_43" HPOS="897" VPOS="677" HEIGHT="20" WIDTH="45">
            <String ID="Textword_123" HPOS="897" VPOS="677" HEIGHT="20" WIDTH="45" CONTENT="sIe" WC="0.55" />
          </TextLine>
        </TextBlock>
        <TextBlock ID="TextBlock_21" HPOS="201" VPOS="938" HEIGHT="410" WIDTH="749">
          <TextLine ID="TextLine_44" HPOS="211" VPOS="938" HEIGHT="40" WIDTH="734">
            <String ID="Textword_124" HPOS="211" VPOS="950" HEIGHT="20" WIDTH="4" CONTENT="t" WC="0.87" />
            <String ID="Textword_125" HPOS="242" VPOS="940" HEIGHT="32" WIDTH="144" CONTENT="kürzlich" WC="0.90" />
            <String ID="Textword_126" HPOS="409" VPOS="939" HEIGHT="33" WIDTH="121" CONTENT="wieder" WC="0.92" />
            <String ID="Textword_127" HPOS="551" VPOS="940" HEIGHT="31" WIDTH="56" CONTENT="der" WC="0.93" />
            <String ID="Textword_128" HPOS="629" VPOS="939" HEIGHT="39" WIDTH="142" CONTENT="Boykott" WC="0.91" />
            <String ID="Textword_129" HPOS="795" VPOS="939" HEIGHT="32" WIDTH="77" CONTENT="über" WC="0.96" />
            <String ID="Textword_130" HPOS="896" VPOS="938" HEIGHT="32" WIDTH="49" CONTENT="die" WC="0.96" />
          </TextLine>
          <TextLine ID="TextLine_45" HPOS="209" VPOS="992" HEIGHT="38" WIDTH="738">
            <String ID="Textword_131" HPOS="209" VPOS="994" HEIGHT="31" WIDTH="105" CONTENT="auerei" WC="0.90" />
            <String ID="Textword_132" HPOS="340" VPOS="993" HEIGHT="31" WIDTH="28" CONTENT="in" WC="0.96" />
            <String ID="Textword_133" HPOS="395" VPOS="993" HEIGHT="31" WIDTH="117" CONTENT="Zürich" WC="0.92" />
            <String ID="Textword_134" HPOS="537" VPOS="992" HEIGHT="38" WIDTH="155" CONTENT="verhängt" WC="0.91" />
            <String ID="Textword_135" HPOS="720" VPOS="993" HEIGHT="32" WIDTH="138" CONTENT="worden," WC="0.96" />
            <String ID="Textword_136" HPOS="885" VPOS="992" HEIGHT="31" WIDTH="62" CONTENT="und" WC="0.96" />
          </TextLine>
          <TextLine ID="TextLine_46" HPOS="219" VPOS="1045" HEIGHT="33" WIDTH="728">
            <String ID="Textword_137" HPOS="219" VPOS="1045" HEIGHT="32" WIDTH="29" CONTENT="ht" WC="0.93" />
            <String ID="Textword_138" HPOS="281" VPOS="1046" HEIGHT="32" WIDTH="72" CONTENT="weil" WC="0.91" />
            <String ID="Textword_139" HPOS="384" VPOS="1046" HEIGHT="32" WIDTH="89" CONTENT="diese" WC="0.93" />
            <String ID="Textword_140" HPOS="505" VPOS="1049" HEIGHT="29" WIDTH="85" CONTENT="etwa" WC="0.93" />
            <String ID="Textword_141" HPOS="631" VPOS="1045" HEIGHT="32" WIDTH="49" CONTENT="die" WC="0.93" />
            <String ID="Textword_142" HPOS="723" VPOS="1045" HEIGHT="32" WIDTH="224" CONTENT="vereinbarten" WC="0.91" />
          </TextLine>
          <TextLine ID="TextLine_47" HPOS="208" VPOS="1097" HEIGHT="34" WIDTH="739">
            <String ID="Textword_143" HPOS="208" VPOS="1097" HEIGHT="33" WIDTH="61" CONTENT="icht" WC="0.92" />
            <String ID="Textword_144" HPOS="296" VPOS="1098" HEIGHT="33" WIDTH="127" CONTENT="bezahlt" WC="0.92" />
            <String ID="Textword_145" HPOS="451" VPOS="1099" HEIGHT="32" WIDTH="78" CONTENT="oder" WC="0.93" />
            <String ID="Textword_146" HPOS="554" VPOS="1098" HEIGHT="32" WIDTH="153" CONTENT="sonstwie" WC="0.92" />
            <String ID="Textword_147" HPOS="734" VPOS="1098" HEIGHT="31" WIDTH="30" CONTENT="in" WC="0.92" />
            <String ID="Textword_148" HPOS="792" VPOS="1098" HEIGHT="32" WIDTH="155" CONTENT="direktem" WC="0.91" />
          </TextLine>
          <TextLine ID="TextLine_48" HPOS="682" VPOS="1151" HEIGHT="31" WIDTH="266">
            <String ID="Textword_149" HPOS="682" VPOS="1151" HEIGHT="31" WIDTH="96" CONTENT="steht," WC="0.91" />
            <String ID="Textword_150" HPOS="813" VPOS="1151" HEIGHT="31" WIDTH="135" CONTENT="sondern" WC="0.93" />
          </TextLine>
          <TextLine ID="TextLine_49" HPOS="201" VPOS="1203" HEIGHT="40" WIDTH="748">
            <String ID="Textword_151" HPOS="201" VPOS="1203" HEIGHT="33" WIDTH="106" CONTENT="ischen" WC="0.91" />
            <String ID="Textword_152" HPOS="333" VPOS="1205" HEIGHT="31" WIDTH="60" CONTENT="den" WC="0.93" />
            <String ID="Textword_153" HPOS="418" VPOS="1204" HEIGHT="39" WIDTH="234" CONTENT="organisierten" WC="0.92" />
            <String ID="Textword_154" HPOS="679" VPOS="1204" HEIGHT="32" WIDTH="61" CONTENT="und" WC="0.92" />
            <String ID="Textword_155" HPOS="766" VPOS="1203" HEIGHT="39" WIDTH="183" CONTENT="nichtorga-" WC="0.90" />
          </TextLine>
          <TextLine ID="TextLine_50" HPOS="232" VPOS="1256" HEIGHT="33" WIDTH="718">
            <String ID="Textword_156" HPOS="232" VPOS="1257" HEIGHT="32" WIDTH="170" CONTENT="Arbeitern" WC="0.90" />
            <String ID="Textword_157" HPOS="451" VPOS="1257" HEIGHT="32" WIDTH="164" CONTENT="allerhand" WC="0.89" />
            <String ID="Textword_158" HPOS="654" VPOS="1257" HEIGHT="32" WIDTH="202" CONTENT="Differenzen" WC="0.91" />
            <String ID="Textword_159" HPOS="896" VPOS="1256" HEIGHT="32" WIDTH="54" CONTENT="be-" WC="0.93" />
          </TextLine>
          <TextLine ID="TextLine_51" HPOS="226" VPOS="1309" HEIGHT="39" WIDTH="723">
            <String ID="Textword_160" HPOS="226" VPOS="1310" HEIGHT="31" WIDTH="26" CONTENT="ei" WC="0.93" />
            <String ID="Textword_161" HPOS="282" VPOS="1310" HEIGHT="31" WIDTH="102" CONTENT="denen" WC="0.90" />
            <String ID="Textword_162" HPOS="414" VPOS="1310" HEIGHT="31" WIDTH="80" CONTENT="nach" WC="0.93" />
            <String ID="Textword_163" HPOS="524" VPOS="1310" HEIGHT="38" WIDTH="153" CONTENT="Meinung" WC="0.92" />
            <String ID="Textword_164" HPOS="708" VPOS="1311" HEIGHT="31" WIDTH="55" CONTENT="der" WC="0.92" />
            <String ID="Textword_165" HPOS="795" VPOS="1309" HEIGHT="33" WIDTH="154" CONTENT="Gewerk-" WC="0.92" />
          </TextLine>
        </TextBlock>
        <TextBlock ID="TextBlock_22" HPOS="124" VPOS="1358" HEIGHT="44" WIDTH="827">
          <TextLine ID="TextLine_52" HPOS="124" VPOS="1358" HEIGHT="44" WIDTH="827">
            <String ID="Textword_166" HPOS="124" VPOS="1358" HEIGHT="44" WIDTH="36" CONTENT="alt" WC="0.55" />
            <String ID="Textword_167" HPOS="181" VPOS="1360" HEIGHT="30" WIDTH="46" CONTENT="die" WC="0.93" />
            <String ID="Textword_168" HPOS="251" VPOS="1362" HEIGHT="39" WIDTH="277" CONTENT="Betriebsleitung" WC="0.92" />
            <String ID="Textword_169" HPOS="550" VPOS="1362" HEIGHT="32" WIDTH="49" CONTENT="die" WC="0.95" />
            <String ID="Textword_170" HPOS="626" VPOS="1363" HEIGHT="32" WIDTH="87" CONTENT="Seite" WC="0.96" />
            <String ID="Textword_171" HPOS="736" VPOS="1363" HEIGHT="32" WIDTH="55" CONTENT="der" WC="0.93" />
            <String ID="Textword_172" HPOS="816" VPOS="1361" HEIGHT="40" WIDTH="135" CONTENT="Organi-" WC="0.92" />
          </TextLine>
        </TextBlock>
        <TextBlock ID="TextBlock_23" HPOS="223" VPOS="1415" HEIGHT="87" WIDTH="729">
          <TextLine ID="TextLine_53" HPOS="223" VPOS="1415" HEIGHT="35" WIDTH="729">
            <String ID="Textword_173" HPOS="223" VPOS="1422" HEIGHT="25" WIDTH="87" CONTENT="hmen" WC="0.88" />
            <String ID="Textword_174" HPOS="334" VPOS="1416" HEIGHT="34" WIDTH="102" CONTENT="sollte," WC="0.91" />
            <String ID="Textword_175" HPOS="459" VPOS="1426" HEIGHT="21" WIDTH="68" CONTENT="was" WC="0.96" />
            <String ID="Textword_176" HPOS="549" VPOS="1415" HEIGHT="32" WIDTH="106" CONTENT="dieser" WC="0.93" />
            <String ID="Textword_177" HPOS="679" VPOS="1415" HEIGHT="33" WIDTH="273" CONTENT="selbstverständ-" WC="0.92" />
          </TextLine>
          <TextLine ID="TextLine_54" HPOS="243" VPOS="1468" HEIGHT="34" WIDTH="265">
            <String ID="Textword_178" HPOS="243" VPOS="1468" HEIGHT="33" WIDTH="121" CONTENT="einfällt" WC="0.92" />
            <String ID="Textword_179" HPOS="386" VPOS="1479" HEIGHT="23" WIDTH="37" CONTENT="zu" WC="0.93" />
            <String ID="Textword_180" HPOS="444" VPOS="1476" HEIGHT="25" WIDTH="64" CONTENT="tun." WC="0.90" />
          </TextLine>
        </TextBlock>
        <TextBlock ID="TextBlock_24" HPOS="967" VPOS="713" HEIGHT="801" WIDTH="16">
          <TextLine ID="TextLine_55" HPOS="967" VPOS="713" HEIGHT="801" WIDTH="16">
            <SP ID="Textword_11" HPOS="967" VPOS="713" />
            <String ID="Textword_181" HPOS="967" VPOS="713" HEIGHT="801" WIDTH="16" CONTENT=" " WC="0.95" />
          </TextLine>
        </TextBlock>
        <TextBlock ID="TextBlock_25" HPOS="948" VPOS="0" HEIGHT="726" WIDTH="1340">
          <TextLine ID="TextLine_56" HPOS="948" VPOS="0" HEIGHT="726" WIDTH="1340">
            <SP ID="Textword_12" HPOS="948" VPOS="0" />
            <String ID="Textword_182" HPOS="948" VPOS="0" HEIGHT="726" WIDTH="1340" CONTENT=" " WC="0.95" />
          </TextLine>
        </TextBlock>
        <TextBlock ID="TextBlock_26" HPOS="1000" VPOS="731" HEIGHT="200" WIDTH="901">
          <TextLine ID="TextLine_57" HPOS="1066" VPOS="731" HEIGHT="33" WIDTH="258">
            <String ID="Textword_183" HPOS="1066" VPOS="731" HEIGHT="33" WIDTH="258" CONTENT="Wetzikon." WC="0.91" />
          </TextLine>
          <TextLine ID="TextLine_58" HPOS="1000" VPOS="784" HEIGHT="39" WIDTH="298">
            <String ID="Textword_184" HPOS="1000" VPOS="784" HEIGHT="31" WIDTH="77" CONTENT="Karl" WC="0.93" />
            <String ID="Textword_185" HPOS="1103" VPOS="784" HEIGHT="39" WIDTH="195" CONTENT="Pfenninger" WC="0.91" />
          </TextLine>
          <TextLine ID="TextLine_59" HPOS="1004" VPOS="836" HEIGHT="42" WIDTH="896">
            <String ID="Textword_186" HPOS="1004" VPOS="836" HEIGHT="32" WIDTH="66" CONTENT="ihre" WC="0.96" />
            <String ID="Textword_187" HPOS="1107" VPOS="837" HEIGHT="33" WIDTH="281" CONTENT="„bescheidenen“" WC="0.49" />
            <String ID="Textword_188" HPOS="1423" VPOS="839" HEIGHT="39" WIDTH="230" CONTENT="Forderungen" WC="0.93" />
            <String ID="Textword_189" HPOS="1689" VPOS="839" HEIGHT="39" WIDTH="211" CONTENT="dingereicht," WC="0.77" />
          </TextLine>
          <TextLine ID="TextLine_60" HPOS="1001" VPOS="890" HEIGHT="41" WIDTH="900">
            <String ID="Textword_190" HPOS="1001" VPOS="890" HEIGHT="31" WIDTH="121" CONTENT="welche" WC="0.96" />
            <String ID="Textword_191" HPOS="1144" VPOS="890" HEIGHT="32" WIDTH="100" CONTENT="leider" WC="0.96" />
            <String ID="Textword_192" HPOS="1264" VPOS="891" HEIGHT="32" WIDTH="86" CONTENT="nicht" WC="0.96" />
            <String ID="Textword_193" HPOS="1371" VPOS="892" HEIGHT="39" WIDTH="262" CONTENT="berücksichtigt" WC="0.96" />
            <String ID="Textword_194" HPOS="1653" VPOS="893" HEIGHT="31" WIDTH="127" CONTENT="werden" WC="0.93" />
            <String ID="Textword_195" HPOS="1803" VPOS="893" HEIGHT="32" WIDTH="98" CONTENT="konn-" WC="0.92" />
          </TextLine>
        </TextBlock>
        <TextBlock ID="TextBlock_27" HPOS="1359" VPOS="733" HEIGHT="33" WIDTH="540">
          <TextLine ID="TextLine_61" HPOS="1359" VPOS="733" HEIGHT="33" WIDTH="540">
            <String ID="Textword_196" HPOS="1359" VPOS="733" HEIGHT="32" WIDTH="60" CONTENT="Die" WC="0.96" />
            <String ID="Textword_197" HPOS="1440" VPOS="733" HEIGHT="32" WIDTH="150" CONTENT="Arbeiter" WC="0.96" />
            <String ID="Textword_198" HPOS="1609" VPOS="734" HEIGHT="32" WIDTH="56" CONTENT="der" WC="0.93" />
            <String ID="Textword_199" HPOS="1685" VPOS="733" HEIGHT="33" WIDTH="214" CONTENT="Möbelfabrik" WC="0.88" />
          </TextLine>
        </TextBlock>
        <TextBlock ID="TextBlock_28" HPOS="1346" VPOS="786" HEIGHT="38" WIDTH="554">
          <TextLine ID="TextLine_62" HPOS="1346" VPOS="786" HEIGHT="38" WIDTH="554">
            <String ID="Textword_200" HPOS="1346" VPOS="786" HEIGHT="31" WIDTH="29" CONTENT="in" WC="0.91" />
            <String ID="Textword_201" HPOS="1401" VPOS="786" HEIGHT="38" WIDTH="349" CONTENT="Kempten-Wetzikon" WC="0.91" />
            <String ID="Textword_202" HPOS="1797" VPOS="787" HEIGHT="32" WIDTH="103" CONTENT="haben" WC="0.96" />
          </TextLine>
        </TextBlock>
        <TextBlock ID="TextBlock_29" HPOS="1003" VPOS="943" HEIGHT="456" WIDTH="903">
          <TextLine ID="TextLine_63" HPOS="1003" VPOS="943" HEIGHT="39" WIDTH="898">
            <String ID="Textword_203" HPOS="1003" VPOS="949" HEIGHT="24" WIDTH="62" CONTENT="ten." WC="0.95" />
            <String ID="Textword_204" HPOS="1097" VPOS="943" HEIGHT="31" WIDTH="66" CONTENT="Der" WC="0.96" />
            <String ID="Textword_205" HPOS="1191" VPOS="943" HEIGHT="39" WIDTH="216" CONTENT="Arbeitgeber" WC="0.83" />
            <String ID="Textword_206" HPOS="1463" VPOS="945" HEIGHT="31" WIDTH="58" CONTENT="soll" WC="0.95" />
            <String ID="Textword_207" HPOS="1551" VPOS="945" HEIGHT="33" WIDTH="151" CONTENT="indessen" WC="0.96" />
            <String ID="Textword_208" HPOS="1761" VPOS="946" HEIGHT="32" WIDTH="140" CONTENT="dadurch" WC="0.92" />
          </TextLine>
          <TextLine ID="TextLine_64" HPOS="1003" VPOS="995" HEIGHT="43" WIDTH="900">
            <String ID="Textword_209" HPOS="1003" VPOS="995" HEIGHT="31" WIDTH="107" CONTENT="mürbe" WC="0.91" />
            <String ID="Textword_210" HPOS="1143" VPOS="997" HEIGHT="32" WIDTH="145" CONTENT="gemacht" WC="0.96" />
            <String ID="Textword_211" HPOS="1320" VPOS="997" HEIGHT="38" WIDTH="139" CONTENT="werden," WC="0.96" />
            <String ID="Textword_212" HPOS="1490" VPOS="998" HEIGHT="31" WIDTH="62" CONTENT="daß" WC="0.96" />
            <String ID="Textword_213" HPOS="1581" VPOS="998" HEIGHT="38" WIDTH="90" CONTENT="jeder" WC="0.96" />
            <String ID="Textword_214" HPOS="1701" VPOS="999" HEIGHT="39" WIDTH="112" CONTENT="Zuzug" WC="0.95" />
            <String ID="Textword_215" HPOS="1843" VPOS="1010" HEIGHT="21" WIDTH="60" CONTENT="von" WC="0.96" />
          </TextLine>
          <TextLine ID="TextLine_65" HPOS="1005" VPOS="1049" HEIGHT="41" WIDTH="898">
            <String ID="Textword_216" HPOS="1005" VPOS="1058" HEIGHT="21" WIDTH="100" CONTENT="neuen" WC="0.94" />
            <String ID="Textword_217" HPOS="1135" VPOS="1049" HEIGHT="32" WIDTH="169" CONTENT="Arbeitern" WC="0.94" />
            <String ID="Textword_218" HPOS="1336" VPOS="1049" HEIGHT="33" WIDTH="115" CONTENT="strikte" WC="0.96" />
            <String ID="Textword_219" HPOS="1481" VPOS="1050" HEIGHT="31" WIDTH="68" CONTENT="fern" WC="0.95" />
            <String ID="Textword_220" HPOS="1607" VPOS="1051" HEIGHT="39" WIDTH="148" CONTENT="gehalten" WC="0.93" />
            <String ID="Textword_221" HPOS="1814" VPOS="1052" HEIGHT="38" WIDTH="89" CONTENT="wird," WC="0.94" />
          </TextLine>
          <TextLine ID="TextLine_66" HPOS="1005" VPOS="1101" HEIGHT="44" WIDTH="899">
            <String ID="Textword_222" HPOS="1005" VPOS="1101" HEIGHT="32" WIDTH="150" CONTENT="während" WC="0.96" />
            <String ID="Textword_223" HPOS="1186" VPOS="1102" HEIGHT="32" WIDTH="181" CONTENT="anderseits" WC="0.96" />
            <String ID="Textword_224" HPOS="1398" VPOS="1103" HEIGHT="32" WIDTH="49" CONTENT="die" WC="0.96" />
            <String ID="Textword_225" HPOS="1476" VPOS="1103" HEIGHT="32" WIDTH="81" CONTENT="noch" WC="0.96" />
            <String ID="Textword_226" HPOS="1587" VPOS="1104" HEIGHT="32" WIDTH="29" CONTENT="in" WC="0.96" />
            <String ID="Textword_227" HPOS="1646" VPOS="1105" HEIGHT="40" WIDTH="258" CONTENT="Beschäftigung" WC="0.96" />
          </TextLine>
          <TextLine ID="TextLine_67" HPOS="1006" VPOS="1154" HEIGHT="43" WIDTH="899">
            <String ID="Textword_228" HPOS="1006" VPOS="1154" HEIGHT="32" WIDTH="175" CONTENT="stehenden" WC="0.95" />
            <String ID="Textword_229" HPOS="1206" VPOS="1155" HEIGHT="32" WIDTH="150" CONTENT="Arbeiter" WC="0.96" />
            <String ID="Textword_230" HPOS="1378" VPOS="1155" HEIGHT="39" WIDTH="174" CONTENT="möglichst" WC="0.96" />
            <String ID="Textword_231" HPOS="1575" VPOS="1157" HEIGHT="40" WIDTH="104" CONTENT="wenig" WC="0.95" />
            <String ID="Textword_232" HPOS="1704" VPOS="1157" HEIGHT="33" WIDTH="114" CONTENT="leisten" WC="0.90" />
            <String ID="Textword_233" HPOS="1844" VPOS="1158" HEIGHT="32" WIDTH="61" CONTENT="sol-" WC="0.90" />
          </TextLine>
          <TextLine ID="TextLine_68" HPOS="1006" VPOS="1207" HEIGHT="41" WIDTH="899">
            <String ID="Textword_234" HPOS="1006" VPOS="1207" HEIGHT="32" WIDTH="60" CONTENT="len." WC="0.95" />
            <String ID="Textword_235" HPOS="1096" VPOS="1207" HEIGHT="32" WIDTH="47" CONTENT="Ob" WC="0.96" />
            <String ID="Textword_236" HPOS="1173" VPOS="1208" HEIGHT="31" WIDTH="57" CONTENT="das" WC="0.96" />
            <String ID="Textword_237" HPOS="1261" VPOS="1209" HEIGHT="31" WIDTH="155" CONTENT="Manöver" WC="0.96" />
            <String ID="Textword_238" HPOS="1445" VPOS="1209" HEIGHT="39" WIDTH="112" CONTENT="Erfolg" WC="0.96" />
            <String ID="Textword_239" HPOS="1586" VPOS="1210" HEIGHT="38" WIDTH="64" CONTENT="hat," WC="0.96" />
            <String ID="Textword_240" HPOS="1680" VPOS="1210" HEIGHT="33" WIDTH="98" CONTENT="bleibt" WC="0.93" />
            <String ID="Textword_241" HPOS="1810" VPOS="1211" HEIGHT="32" WIDTH="95" CONTENT="abzu-" WC="0.92" />
          </TextLine>
          <TextLine ID="TextLine_69" HPOS="1007" VPOS="1261" HEIGHT="41" WIDTH="899">
            <String ID="Textword_242" HPOS="1007" VPOS="1269" HEIGHT="23" WIDTH="132" CONTENT="warten." WC="0.96" />
            <String ID="Textword_243" HPOS="1171" VPOS="1261" HEIGHT="39" WIDTH="282" CONTENT="Ausgeschlossen." WC="0.92" />
            <String ID="Textword_244" HPOS="1485" VPOS="1262" HEIGHT="33" WIDTH="40" CONTENT="ist" WC="0.95" />
            <String ID="Textword_245" HPOS="1559" VPOS="1273" HEIGHT="21" WIDTH="33" CONTENT="es" WC="0.93" />
            <String ID="Textword_246" HPOS="1626" VPOS="1263" HEIGHT="33" WIDTH="150" CONTENT="indessen" WC="0.92" />
            <String ID="Textword_247" HPOS="1809" VPOS="1264" HEIGHT="38" WIDTH="97" CONTENT="nicht," WC="0.96" />
          </TextLine>
          <TextLine ID="TextLine_70" HPOS="1007" VPOS="1313" HEIGHT="42" WIDTH="899">
            <String ID="Textword_248" HPOS="1007" VPOS="1313" HEIGHT="31" WIDTH="63" CONTENT="daß" WC="0.96" />
            <String ID="Textword_249" HPOS="1089" VPOS="1313" HEIGHT="32" WIDTH="56" CONTENT="das" WC="0.96" />
            <String ID="Textword_250" HPOS="1166" VPOS="1314" HEIGHT="38" WIDTH="117" CONTENT="gerade" WC="0.96" />
            <String ID="Textword_251" HPOS="1303" VPOS="1314" HEIGHT="39" WIDTH="172" CONTENT="Gegenteil" WC="0.96" />
            <String ID="Textword_252" HPOS="1493" VPOS="1325" HEIGHT="22" WIDTH="60" CONTENT="von" WC="0.96" />
            <String ID="Textword_253" HPOS="1572" VPOS="1316" HEIGHT="32" WIDTH="69" CONTENT="dem" WC="0.96" />
            <String ID="Textword_254" HPOS="1660" VPOS="1316" HEIGHT="34" WIDTH="137" CONTENT="erreicht" WC="0.96" />
            <String ID="Textword_255" HPOS="1817" VPOS="1317" HEIGHT="38" WIDTH="89" CONTENT="wird," WC="0.96" />
          </TextLine>
          <TextLine ID="TextLine_71" HPOS="1008" VPOS="1366" HEIGHT="33" WIDTH="358">
            <String ID="Textword_256" HPOS="1008" VPOS="1376" HEIGHT="22" WIDTH="67" CONTENT="was" WC="0.96" />
            <String ID="Textword_257" HPOS="1098" VPOS="1366" HEIGHT="33" WIDTH="167" CONTENT="bezweckt" WC="0.96" />
            <String ID="Textword_258" HPOS="1291" VPOS="1378" HEIGHT="21" WIDTH="75" CONTENT="war." WC="0.96" />
          </TextLine>
        </TextBlock>
      </PrintSpace>
    </Page>
  </Layout>
</alto>
