<?xml version="1.0" encoding="UTF-8"?>
<alto xmlns="http://www.loc.gov/standards/alto/ns-v2#" xmlns:xsi="http://www.w3.org/2001/XMLSchema-instance" xsi:schemaLocation="http://www.loc.gov/standards/alto/ns-v2# http://www.loc.gov/standards/alto/alto.xsd">
  <Description>
    <MeasurementUnit>pixel</MeasurementUnit>
    <sourceImageInformation />
    <OCRProcessing ID="OCR_1">
      <preProcessingStep>
        <processingDateTime>2019-05-08T04:16:46</processingDateTime>
        <processingAgency>intranda GmbH, www.intranda.com</processingAgency>
        <processingSoftware>
          <softwareCreator>intranda GmbH, Germany</softwareCreator>
          <softwareName>intranda OCR Module for TaskManager</softwareName>
          <softwareVersion>1.0r42</softwareVersion>
        </processingSoftware>
      </preProcessingStep>
      <ocrProcessingStep>
        <processingSoftware>
          <softwareCreator>Tesseract contributors</softwareCreator>
          <softwareName>Tesseract Open Source OCR Engine</softwareName>
          <softwareVersion>4.0.0-beta.1-270-g5a56</softwareVersion>
        </processingSoftware>
      </ocrProcessingStep>
    </OCRProcessing>
  </Description>
  <Layout>
    <Page ID="PAGE_1" HEIGHT="3291" WIDTH="1331" PHYSICAL_IMG_NR="1">
      <PrintSpace ID="PrintSpace_1" HPOS="0" VPOS="0" HEIGHT="3291" WIDTH="1331">
        <TextBlock ID="TextBlock_1" HPOS="170" VPOS="347" HEIGHT="9" WIDTH="758">
          <TextLine ID="TextLine_1" HPOS="170" VPOS="347" HEIGHT="9" WIDTH="758">
            <SP ID="Textword_1" HPOS="170" VPOS="347" />
            <String ID="Textword_1" HPOS="170" VPOS="347" HEIGHT="9" WIDTH="758" CONTENT=" " WC="0.95" />
          </TextLine>
        </TextBlock>
        <TextBlock ID="TextBlock_2" HPOS="50" VPOS="0" HEIGHT="3291" WIDTH="169">
          <TextLine ID="TextLine_2" HPOS="50" VPOS="0" HEIGHT="441" WIDTH="169">
            <SP ID="Textword_2" HPOS="50" VPOS="0" />
            <String ID="Textword_2" HPOS="50" VPOS="0" HEIGHT="441" WIDTH="169" CONTENT="  " WC="0.95" />
          </TextLine>
          <TextLine ID="TextLine_3" HPOS="67" VPOS="441" HEIGHT="111" WIDTH="40">
            <SP ID="Textword_3" HPOS="67" VPOS="441" />
            <String ID="Textword_3" HPOS="67" VPOS="441" HEIGHT="111" WIDTH="40" CONTENT="   " WC="0.95" />
          </TextLine>
          <TextLine ID="TextLine_4" HPOS="73" VPOS="552" HEIGHT="33" WIDTH="31">
            <SP ID="Textword_4" HPOS="73" VPOS="552" />
            <String ID="Textword_4" HPOS="73" VPOS="552" HEIGHT="33" WIDTH="31" CONTENT=" " WC="0.95" />
          </TextLine>
          <TextLine ID="TextLine_5" HPOS="72" VPOS="585" HEIGHT="74" WIDTH="35">
            <SP ID="Textword_5" HPOS="72" VPOS="585" />
            <String ID="Textword_5" HPOS="72" VPOS="585" HEIGHT="74" WIDTH="35" CONTENT="  " WC="0.95" />
          </TextLine>
          <TextLine ID="TextLine_6" HPOS="70" VPOS="659" HEIGHT="140" WIDTH="51">
            <SP ID="Textword_6" HPOS="70" VPOS="659" />
            <String ID="Textword_6" HPOS="70" VPOS="659" HEIGHT="140" WIDTH="51" CONTENT="    " WC="0.95" />
          </TextLine>
          <TextLine ID="TextLine_7" HPOS="70" VPOS="799" HEIGHT="115" WIDTH="42">
            <SP ID="Textword_7" HPOS="70" VPOS="799" />
            <String ID="Textword_7" HPOS="70" VPOS="799" HEIGHT="115" WIDTH="42" CONTENT="  " WC="0.95" />
          </TextLine>
          <TextLine ID="TextLine_8" HPOS="70" VPOS="914" HEIGHT="175" WIDTH="42">
            <SP ID="Textword_8" HPOS="70" VPOS="914" />
            <String ID="Textword_8" HPOS="70" VPOS="914" HEIGHT="175" WIDTH="42" CONTENT="   " WC="0.95" />
          </TextLine>
          <TextLine ID="TextLine_9" HPOS="74" VPOS="1089" HEIGHT="99" WIDTH="30">
            <SP ID="Textword_9" HPOS="74" VPOS="1089" />
            <String ID="Textword_9" HPOS="74" VPOS="1089" HEIGHT="99" WIDTH="30" CONTENT="    " WC="0.95" />
          </TextLine>
          <TextLine ID="TextLine_10" HPOS="71" VPOS="1188" HEIGHT="124" WIDTH="33">
            <SP ID="Textword_10" HPOS="71" VPOS="1188" />
            <String ID="Textword_10" HPOS="71" VPOS="1188" HEIGHT="124" WIDTH="33" CONTENT="   " WC="0.95" />
          </TextLine>
          <TextLine ID="TextLine_11" HPOS="73" VPOS="1312" HEIGHT="104" WIDTH="35">
            <SP ID="Textword_11" HPOS="73" VPOS="1312" />
            <String ID="Textword_11" HPOS="73" VPOS="1312" HEIGHT="104" WIDTH="35" CONTENT="   " WC="0.95" />
          </TextLine>
          <TextLine ID="TextLine_12" HPOS="72" VPOS="1416" HEIGHT="88" WIDTH="29">
            <SP ID="Textword_12" HPOS="72" VPOS="1416" />
            <String ID="Textword_12" HPOS="72" VPOS="1416" HEIGHT="88" WIDTH="29" CONTENT="   " WC="0.95" />
          </TextLine>
          <TextLine ID="TextLine_13" HPOS="76" VPOS="1504" HEIGHT="105" WIDTH="30">
            <SP ID="Textword_13" HPOS="76" VPOS="1504" />
            <String ID="Textword_13" HPOS="76" VPOS="1504" HEIGHT="105" WIDTH="30" CONTENT="  " WC="0.95" />
          </TextLine>
          <TextLine ID="TextLine_14" HPOS="74" VPOS="1609" HEIGHT="69" WIDTH="38">
            <SP ID="Textword_14" HPOS="74" VPOS="1609" />
            <String ID="Textword_14" HPOS="74" VPOS="1609" HEIGHT="69" WIDTH="38" CONTENT="  " WC="0.95" />
          </TextLine>
          <TextLine ID="TextLine_15" HPOS="77" VPOS="1678" HEIGHT="42" WIDTH="28">
            <SP ID="Textword_15" HPOS="77" VPOS="1678" />
            <String ID="Textword_15" HPOS="77" VPOS="1678" HEIGHT="42" WIDTH="28" CONTENT=" " WC="0.95" />
          </TextLine>
          <TextLine ID="TextLine_16" HPOS="75" VPOS="1720" HEIGHT="104" WIDTH="45">
            <SP ID="Textword_16" HPOS="75" VPOS="1720" />
            <String ID="Textword_16" HPOS="75" VPOS="1720" HEIGHT="104" WIDTH="45" CONTENT="   " WC="0.95" />
          </TextLine>
          <TextLine ID="TextLine_17" HPOS="74" VPOS="1824" HEIGHT="118" WIDTH="55">
            <SP ID="Textword_17" HPOS="74" VPOS="1824" />
            <String ID="Textword_17" HPOS="74" VPOS="1824" HEIGHT="118" WIDTH="55" CONTENT="   " WC="0.95" />
          </TextLine>
          <TextLine ID="TextLine_18" HPOS="78" VPOS="1942" HEIGHT="41" WIDTH="23">
            <SP ID="Textword_18" HPOS="78" VPOS="1942" />
            <String ID="Textword_18" HPOS="78" VPOS="1942" HEIGHT="41" WIDTH="23" CONTENT=" " WC="0.95" />
          </TextLine>
          <TextLine ID="TextLine_19" HPOS="72" VPOS="1983" HEIGHT="101" WIDTH="36">
            <SP ID="Textword_19" HPOS="72" VPOS="1983" />
            <String ID="Textword_19" HPOS="72" VPOS="1983" HEIGHT="101" WIDTH="36" CONTENT="   " WC="0.95" />
          </TextLine>
          <TextLine ID="TextLine_20" HPOS="72" VPOS="2084" HEIGHT="112" WIDTH="31">
            <SP ID="Textword_20" HPOS="72" VPOS="2084" />
            <String ID="Textword_20" HPOS="72" VPOS="2084" HEIGHT="112" WIDTH="31" CONTENT="   " WC="0.95" />
          </TextLine>
          <TextLine ID="TextLine_21" HPOS="78" VPOS="2196" HEIGHT="49" WIDTH="23">
            <SP ID="Textword_21" HPOS="78" VPOS="2196" />
            <String ID="Textword_21" HPOS="78" VPOS="2196" HEIGHT="49" WIDTH="23" CONTENT=" " WC="0.95" />
          </TextLine>
          <TextLine ID="TextLine_22" HPOS="79" VPOS="2245" HEIGHT="65" WIDTH="33">
            <SP ID="Textword_22" HPOS="79" VPOS="2245" />
            <String ID="Textword_22" HPOS="79" VPOS="2245" HEIGHT="65" WIDTH="33" CONTENT="  " WC="0.95" />
          </TextLine>
          <TextLine ID="TextLine_23" HPOS="80" VPOS="2310" HEIGHT="89" WIDTH="23">
            <SP ID="Textword_23" HPOS="80" VPOS="2310" />
            <String ID="Textword_23" HPOS="80" VPOS="2310" HEIGHT="89" WIDTH="23" CONTENT="   " WC="0.95" />
          </TextLine>
          <TextLine ID="TextLine_24" HPOS="80" VPOS="2399" HEIGHT="106" WIDTH="24">
            <SP ID="Textword_24" HPOS="80" VPOS="2399" />
            <String ID="Textword_24" HPOS="80" VPOS="2399" HEIGHT="106" WIDTH="24" CONTENT="   " WC="0.95" />
          </TextLine>
          <TextLine ID="TextLine_25" HPOS="76" VPOS="2505" HEIGHT="195" WIDTH="49">
            <SP ID="Textword_25" HPOS="76" VPOS="2505" />
            <String ID="Textword_25" HPOS="76" VPOS="2505" HEIGHT="195" WIDTH="49" CONTENT="  " WC="0.95" />
          </TextLine>
          <TextLine ID="TextLine_26" HPOS="76" VPOS="2700" HEIGHT="93" WIDTH="49">
            <SP ID="Textword_26" HPOS="76" VPOS="2700" />
            <String ID="Textword_26" HPOS="76" VPOS="2700" HEIGHT="93" WIDTH="49" CONTENT="  " WC="0.95" />
          </TextLine>
          <TextLine ID="TextLine_27" HPOS="81" VPOS="2793" HEIGHT="64" WIDTH="31">
            <SP ID="Textword_27" HPOS="81" VPOS="2793" />
            <String ID="Textword_27" HPOS="81" VPOS="2793" HEIGHT="64" WIDTH="31" CONTENT=" " WC="0.95" />
          </TextLine>
          <TextLine ID="TextLine_28" HPOS="80" VPOS="2857" HEIGHT="45" WIDTH="44">
            <SP ID="Textword_28" HPOS="80" VPOS="2857" />
            <String ID="Textword_28" HPOS="80" VPOS="2857" HEIGHT="45" WIDTH="44" CONTENT=" " WC="0.95" />
          </TextLine>
          <TextLine ID="TextLine_29" HPOS="80" VPOS="2902" HEIGHT="133" WIDTH="44">
            <SP ID="Textword_29" HPOS="80" VPOS="2902" />
            <String ID="Textword_29" HPOS="80" VPOS="2902" HEIGHT="133" WIDTH="44" CONTENT="  " WC="0.95" />
          </TextLine>
          <TextLine ID="TextLine_30" HPOS="84" VPOS="3035" HEIGHT="60" WIDTH="23">
            <SP ID="Textword_30" HPOS="84" VPOS="3035" />
            <String ID="Textword_30" HPOS="84" VPOS="3035" HEIGHT="60" WIDTH="23" CONTENT=" " WC="0.95" />
          </TextLine>
          <TextLine ID="TextLine_31" HPOS="84" VPOS="3095" HEIGHT="41" WIDTH="24">
            <SP ID="Textword_31" HPOS="84" VPOS="3095" />
            <String ID="Textword_31" HPOS="84" VPOS="3095" HEIGHT="41" WIDTH="24" CONTENT=" " WC="0.95" />
          </TextLine>
          <TextLine ID="TextLine_32" HPOS="75" VPOS="3136" HEIGHT="155" WIDTH="46">
            <SP ID="Textword_32" HPOS="75" VPOS="3136" />
            <String ID="Textword_32" HPOS="75" VPOS="3136" HEIGHT="155" WIDTH="46" CONTENT="   " WC="0.95" />
          </TextLine>
        </TextBlock>
        <TextBlock ID="TextBlock_3" HPOS="68" VPOS="415" HEIGHT="474" WIDTH="896">
          <TextLine ID="TextLine_33" HPOS="123" VPOS="415" HEIGHT="52" WIDTH="806">
            <String ID="Textword_33" HPOS="123" VPOS="415" HEIGHT="37" WIDTH="162" CONTENT="Immerhin" WC="0.96" />
            <String ID="Textword_34" HPOS="306" VPOS="416" HEIGHT="40" WIDTH="116" CONTENT="glaube" WC="0.96" />
            <String ID="Textword_35" HPOS="442" VPOS="417" HEIGHT="39" WIDTH="64" CONTENT="ich," WC="0.96" />
            <String ID="Textword_36" HPOS="527" VPOS="417" HEIGHT="33" WIDTH="65" CONTENT="daß" WC="0.96" />
            <String ID="Textword_37" HPOS="610" VPOS="418" HEIGHT="36" WIDTH="93" CONTENT="diese" WC="0.96" />
            <String ID="Textword_38" HPOS="724" VPOS="415" HEIGHT="52" WIDTH="205" CONTENT="zahlreichen" WC="0.96" />
          </TextLine>
          <TextLine ID="TextLine_34" HPOS="106" VPOS="468" HEIGHT="42" WIDTH="823">
            <String ID="Textword_39" HPOS="106" VPOS="468" HEIGHT="39" WIDTH="17" CONTENT="le" WC="0.93" />
            <String ID="Textword_40" HPOS="140" VPOS="468" HEIGHT="41" WIDTH="263" CONTENT="unberechtigter" WC="0.91" />
            <String ID="Textword_41" HPOS="420" VPOS="470" HEIGHT="40" WIDTH="158" CONTENT="Eingriffe" WC="0.96" />
            <String ID="Textword_42" HPOS="599" VPOS="471" HEIGHT="33" WIDTH="59" CONTENT="der" WC="0.96" />
            <String ID="Textword_43" HPOS="677" VPOS="472" HEIGHT="36" WIDTH="252" CONTENT="Gewerkschaft" WC="0.96" />
          </TextLine>
          <TextLine ID="TextLine_35" HPOS="109" VPOS="519" HEIGHT="44" WIDTH="852">
            <String ID="Textword_44" HPOS="109" VPOS="535" HEIGHT="23" WIDTH="32" CONTENT="en" WC="0.95" />
            <String ID="Textword_45" HPOS="157" VPOS="521" HEIGHT="33" WIDTH="131" CONTENT="Betrieb" WC="0.95" />
            <String ID="Textword_46" HPOS="307" VPOS="522" HEIGHT="32" WIDTH="59" CONTENT="der" WC="0.96" />
            <String ID="Textword_47" HPOS="382" VPOS="522" HEIGHT="41" WIDTH="207" CONTENT="Brauereien," WC="0.95" />
            <String ID="Textword_48" HPOS="609" VPOS="524" HEIGHT="33" WIDTH="91" CONTENT="diese" WC="0.96" />
            <String ID="Textword_49" HPOS="718" VPOS="519" HEIGHT="38" WIDTH="210" CONTENT="veranlassen" WC="0.26" />
            <String ID="Textword_50" HPOS="957" VPOS="524" HEIGHT="1" WIDTH="4" CONTENT="_" WC="0.29" />
          </TextLine>
          <TextLine ID="TextLine_36" HPOS="104" VPOS="574" HEIGHT="45" WIDTH="823">
            <String ID="Textword_51" HPOS="104" VPOS="584" HEIGHT="31" WIDTH="32" CONTENT="te," WC="0.96" />
            <String ID="Textword_52" HPOS="154" VPOS="574" HEIGHT="33" WIDTH="59" CONTENT="alle" WC="0.92" />
            <String ID="Textword_53" HPOS="230" VPOS="574" HEIGHT="40" WIDTH="249" CONTENT="Organisierten" WC="0.91" />
            <String ID="Textword_54" HPOS="498" VPOS="576" HEIGHT="33" WIDTH="81" CONTENT="ohne" WC="0.96" />
            <String ID="Textword_55" HPOS="598" VPOS="577" HEIGHT="33" WIDTH="182" CONTENT="Ausnahme" WC="0.96" />
            <String ID="Textword_56" HPOS="800" VPOS="589" HEIGHT="21" WIDTH="39" CONTENT="zu" WC="0.93" />
            <String ID="Textword_57" HPOS="858" VPOS="581" HEIGHT="38" WIDTH="69" CONTENT="ent-" WC="0.92" />
          </TextLine>
          <TextLine ID="TextLine_37" HPOS="68" VPOS="627" HEIGHT="44" WIDTH="859">
            <String ID="Textword_58" HPOS="68" VPOS="640" HEIGHT="24" WIDTH="79" CONTENT="sen." WC="0.47" />
            <String ID="Textword_59" HPOS="168" VPOS="627" HEIGHT="32" WIDTH="44" CONTENT="Es" WC="0.93" />
            <String ID="Textword_60" HPOS="234" VPOS="627" HEIGHT="40" WIDTH="71" CONTENT="gibt" WC="0.91" />
            <String ID="Textword_61" HPOS="324" VPOS="628" HEIGHT="33" WIDTH="88" CONTENT="mehr" WC="0.96" />
            <String ID="Textword_62" HPOS="429" VPOS="628" HEIGHT="33" WIDTH="52" CONTENT="als" WC="0.93" />
            <String ID="Textword_63" HPOS="504" VPOS="640" HEIGHT="30" WIDTH="107" CONTENT="genug" WC="0.91" />
            <String ID="Textword_64" HPOS="633" VPOS="633" HEIGHT="37" WIDTH="77" CONTENT="gute" WC="0.91" />
            <String ID="Textword_65" HPOS="730" VPOS="631" HEIGHT="40" WIDTH="197" CONTENT="Nichtorga-" WC="0.91" />
          </TextLine>
          <TextLine ID="TextLine_38" HPOS="104" VPOS="680" HEIGHT="42" WIDTH="823">
            <String ID="Textword_66" HPOS="104" VPOS="685" HEIGHT="33" WIDTH="56" CONTENT="erte" WC="0.92" />
            <String ID="Textword_67" HPOS="179" VPOS="680" HEIGHT="32" WIDTH="125" CONTENT="Brauer" WC="0.92" />
            <String ID="Textword_68" HPOS="321" VPOS="681" HEIGHT="33" WIDTH="64" CONTENT="und" WC="0.93" />
            <String ID="Textword_69" HPOS="404" VPOS="692" HEIGHT="22" WIDTH="93" CONTENT="wenn" WC="0.91" />
            <String ID="Textword_70" HPOS="517" VPOS="683" HEIGHT="33" WIDTH="69" CONTENT="sich" WC="0.96" />
            <String ID="Textword_71" HPOS="606" VPOS="683" HEIGHT="33" WIDTH="52" CONTENT="die" WC="0.93" />
            <String ID="Textword_72" HPOS="678" VPOS="684" HEIGHT="34" WIDTH="198" CONTENT="Brauereien" WC="0.91" />
            <String ID="Textword_73" HPOS="896" VPOS="685" HEIGHT="37" WIDTH="31" CONTENT="in" WC="0.96" />
          </TextLine>
          <TextLine ID="TextLine_39" HPOS="125" VPOS="732" HEIGHT="45" WIDTH="839">
            <String ID="Textword_74" HPOS="68" VPOS="726" HEIGHT="45" WIDTH="70" CONTENT="ser" WC="0.44" />
            <String ID="Textword_75" HPOS="156" VPOS="732" HEIGHT="41" WIDTH="186" CONTENT="Beziehung" WC="0.96" />
            <String ID="Textword_76" HPOS="362" VPOS="734" HEIGHT="33" WIDTH="66" CONTENT="fest" WC="0.96" />
            <String ID="Textword_77" HPOS="448" VPOS="735" HEIGHT="33" WIDTH="64" CONTENT="und" WC="0.96" />
            <String ID="Textword_78" HPOS="534" VPOS="735" HEIGHT="34" WIDTH="80" CONTENT="ohne" WC="0.96" />
            <String ID="Textword_79" HPOS="637" VPOS="736" HEIGHT="41" WIDTH="327" CONTENT="Hintergedanken" WC="0.90" />
          </TextLine>
          <TextLine ID="TextLine_40" HPOS="69" VPOS="779" HEIGHT="60" WIDTH="859">
            <String ID="Textword_80" HPOS="69" VPOS="779" HEIGHT="46" WIDTH="319" CONTENT="ammenschlieBen," WC="0.12" />
            <String ID="Textword_81" HPOS="418" VPOS="798" HEIGHT="22" WIDTH="36" CONTENT="so" WC="0.92" />
            <String ID="Textword_82" HPOS="482" VPOS="790" HEIGHT="32" WIDTH="131" CONTENT="müssen" WC="0.92" />
            <String ID="Textword_83" HPOS="641" VPOS="789" HEIGHT="33" WIDTH="49" CONTENT="sie" WC="0.96" />
            <String ID="Textword_84" HPOS="719" VPOS="790" HEIGHT="32" WIDTH="41" CONTENT="im" WC="0.96" />
            <String ID="Textword_85" HPOS="789" VPOS="788" HEIGHT="51" WIDTH="139" CONTENT="Kampfe" WC="0.91" />
          </TextLine>
          <TextLine ID="TextLine_41" HPOS="113" VPOS="838" HEIGHT="51" WIDTH="812">
            <String ID="Textword_86" HPOS="113" VPOS="841" HEIGHT="33" WIDTH="48" CONTENT="der" WC="0.93" />
            <String ID="Textword_87" HPOS="182" VPOS="838" HEIGHT="35" WIDTH="251" CONTENT="Gewerkschaft" WC="0.92" />
            <String ID="Textword_88" HPOS="455" VPOS="840" HEIGHT="33" WIDTH="52" CONTENT="die" WC="0.93" />
            <String ID="Textword_89" HPOS="531" VPOS="841" HEIGHT="33" WIDTH="157" CONTENT="Stärkern" WC="0.92" />
            <String ID="Textword_90" HPOS="711" VPOS="843" HEIGHT="32" WIDTH="79" CONTENT="sein." WC="0.93" />
            <String ID="Textword_91" HPOS="814" VPOS="844" HEIGHT="45" WIDTH="111" CONTENT="Einig-" WC="0.92" />
          </TextLine>
        </TextBlock>
        <TextBlock ID="TextBlock_4" HPOS="121" VPOS="891" HEIGHT="36" WIDTH="226">
          <TextLine ID="TextLine_42" HPOS="121" VPOS="891" HEIGHT="36" WIDTH="226">
            <String ID="Textword_92" HPOS="121" VPOS="891" HEIGHT="35" WIDTH="100" CONTENT="macht" WC="0.92" />
            <String ID="Textword_93" HPOS="239" VPOS="892" HEIGHT="35" WIDTH="108" CONTENT="stark!" WC="0.91" />
          </TextLine>
        </TextBlock>
        <TextBlock ID="TextBlock_5" HPOS="342" VPOS="949" HEIGHT="44" WIDTH="262">
          <TextLine ID="TextLine_43" HPOS="342" VPOS="949" HEIGHT="19" WIDTH="262">
            <String ID="Textword_94" HPOS="342" VPOS="949" HEIGHT="17" WIDTH="16" CONTENT="+" WC="0.69" />
            <String ID="Textword_95" HPOS="428" VPOS="960" HEIGHT="4" WIDTH="8" CONTENT="=" WC="0.61" />
            <String ID="Textword_96" HPOS="587" VPOS="953" HEIGHT="15" WIDTH="17" CONTENT="*" WC="0.91" />
          </TextLine>
          <TextLine ID="TextLine_44" HPOS="463" VPOS="976" HEIGHT="17" WIDTH="27">
            <String ID="Textword_97" HPOS="463" VPOS="976" HEIGHT="17" WIDTH="27" CONTENT="*" WC="0.73" />
          </TextLine>
        </TextBlock>
        <TextBlock ID="TextBlock_6" HPOS="63" VPOS="1016" HEIGHT="2257" WIDTH="864">
          <TextLine ID="TextLine_45" HPOS="104" VPOS="1016" HEIGHT="42" WIDTH="823">
            <String ID="Textword_98" HPOS="104" VPOS="1016" HEIGHT="35" WIDTH="147" CONTENT="Arbon." WC="0.91" />
            <String ID="Textword_99" HPOS="284" VPOS="1016" HEIGHT="33" WIDTH="165" CONTENT="Nachdem" WC="0.91" />
            <String ID="Textword_100" HPOS="467" VPOS="1018" HEIGHT="33" WIDTH="52" CONTENT="die" WC="0.96" />
            <String ID="Textword_101" HPOS="537" VPOS="1019" HEIGHT="33" WIDTH="107" CONTENT="Firma" WC="0.93" />
            <String ID="Textword_102" HPOS="661" VPOS="1020" HEIGHT="33" WIDTH="105" CONTENT="Heine" WC="0.91" />
            <String ID="Textword_103" HPOS="783" VPOS="1021" HEIGHT="37" WIDTH="144" CONTENT="bekannt" WC="0.91" />
          </TextLine>
          <TextLine ID="TextLine_46" HPOS="106" VPOS="1068" HEIGHT="44" WIDTH="819">
            <String ID="Textword_104" HPOS="64" VPOS="1060" HEIGHT="51" WIDTH="119" CONTENT="eben," WC="0.43" />
            <String ID="Textword_105" HPOS="196" VPOS="1068" HEIGHT="40" WIDTH="101" CONTENT="hatte," WC="0.96" />
            <String ID="Textword_106" HPOS="322" VPOS="1070" HEIGHT="32" WIDTH="64" CONTENT="daß" WC="0.96" />
            <String ID="Textword_107" HPOS="410" VPOS="1081" HEIGHT="22" WIDTH="49" CONTENT="am" WC="0.96" />
            <String ID="Textword_108" HPOS="484" VPOS="1072" HEIGHT="40" WIDTH="135" CONTENT="Montag" WC="0.96" />
            <String ID="Textword_109" HPOS="645" VPOS="1073" HEIGHT="33" WIDTH="52" CONTENT="die" WC="0.93" />
            <String ID="Textword_110" HPOS="722" VPOS="1074" HEIGHT="36" WIDTH="203" CONTENT="Arbeitssäle" WC="0.85" />
          </TextLine>
          <TextLine ID="TextLine_47" HPOS="70" VPOS="1121" HEIGHT="45" WIDTH="854">
            <String ID="Textword_111" HPOS="70" VPOS="1123" HEIGHT="33" WIDTH="78" CONTENT="der" WC="0.47" />
            <String ID="Textword_112" HPOS="168" VPOS="1121" HEIGHT="39" WIDTH="141" CONTENT="geöffnet" WC="0.95" />
            <String ID="Textword_113" HPOS="331" VPOS="1122" HEIGHT="33" WIDTH="89" CONTENT="seien" WC="0.95" />
            <String ID="Textword_114" HPOS="442" VPOS="1124" HEIGHT="33" WIDTH="65" CONTENT="und" WC="0.96" />
            <String ID="Textword_115" HPOS="529" VPOS="1124" HEIGHT="33" WIDTH="64" CONTENT="daß" WC="0.96" />
            <String ID="Textword_116" HPOS="615" VPOS="1125" HEIGHT="33" WIDTH="63" CONTENT="alle" WC="0.96" />
            <String ID="Textword_117" HPOS="700" VPOS="1126" HEIGHT="40" WIDTH="161" CONTENT="Arbeiter," WC="0.96" />
            <String ID="Textword_118" HPOS="884" VPOS="1128" HEIGHT="36" WIDTH="40" CONTENT="ob" WC="0.96" />
          </TextLine>
          <TextLine ID="TextLine_48" HPOS="68" VPOS="1171" HEIGHT="50" WIDTH="859">
            <String ID="Textword_119" HPOS="68" VPOS="1171" HEIGHT="45" WIDTH="153" CONTENT="Banisiert" WC="0.52" />
            <String ID="Textword_120" HPOS="251" VPOS="1175" HEIGHT="32" WIDTH="78" CONTENT="oder" WC="0.95" />
            <String ID="Textword_121" HPOS="359" VPOS="1176" HEIGHT="33" WIDTH="90" CONTENT="nicht" WC="0.96" />
            <String ID="Textword_122" HPOS="478" VPOS="1178" HEIGHT="39" WIDTH="207" CONTENT="organisiert," WC="0.96" />
            <String ID="Textword_123" HPOS="717" VPOS="1179" HEIGHT="42" WIDTH="123" CONTENT="wieder" WC="0.95" />
            <String ID="Textword_124" HPOS="869" VPOS="1191" HEIGHT="22" WIDTH="58" CONTENT="zur" WC="0.95" />
          </TextLine>
          <TextLine ID="TextLine_49" HPOS="71" VPOS="1227" HEIGHT="42" WIDTH="853">
            <String ID="Textword_125" HPOS="71" VPOS="1227" HEIGHT="34" WIDTH="68" CONTENT="Deit" WC="0.00" />
            <String ID="Textword_126" HPOS="164" VPOS="1227" HEIGHT="33" WIDTH="188" CONTENT="erscheinen" WC="0.96" />
            <String ID="Textword_127" HPOS="376" VPOS="1228" HEIGHT="41" WIDTH="153" CONTENT="könnten," WC="0.96" />
            <String ID="Textword_128" HPOS="556" VPOS="1231" HEIGHT="32" WIDTH="65" CONTENT="daß" WC="0.96" />
            <String ID="Textword_129" HPOS="646" VPOS="1231" HEIGHT="38" WIDTH="158" CONTENT="keinerlei" WC="0.93" />
            <String ID="Textword_130" HPOS="827" VPOS="1233" HEIGHT="33" WIDTH="97" CONTENT="Maß-" WC="0.90" />
          </TextLine>
          <TextLine ID="TextLine_50" HPOS="106" VPOS="1280" HEIGHT="44" WIDTH="818">
            <String ID="Textword_131" HPOS="56" VPOS="1280" HEIGHT="1" WIDTH="5" CONTENT="=" WC="0.00" />
            <String ID="Textword_132" HPOS="67" VPOS="1290" HEIGHT="29" WIDTH="112" CONTENT="Bleung" WC="0.76" />
            <String ID="Textword_133" HPOS="202" VPOS="1280" HEIGHT="33" WIDTH="193" CONTENT="stattfinden" WC="0.95" />
            <String ID="Textword_134" HPOS="417" VPOS="1283" HEIGHT="39" WIDTH="121" CONTENT="würde," WC="0.96" />
            <String ID="Textword_135" HPOS="562" VPOS="1294" HEIGHT="22" WIDTH="36" CONTENT="so" WC="0.96" />
            <String ID="Textword_136" HPOS="621" VPOS="1285" HEIGHT="39" WIDTH="132" CONTENT="glaubte" WC="0.96" />
            <String ID="Textword_137" HPOS="775" VPOS="1288" HEIGHT="31" WIDTH="72" CONTENT="man" WC="0.92" />
            <String ID="Textword_138" HPOS="869" VPOS="1297" HEIGHT="22" WIDTH="55" CONTENT="an-" WC="0.92" />
          </TextLine>
          <TextLine ID="TextLine_51" HPOS="66" VPOS="1333" HEIGHT="43" WIDTH="857">
            <String ID="Textword_139" HPOS="66" VPOS="1343" HEIGHT="26" WIDTH="91" CONTENT="men" WC="0.50" />
            <String ID="Textword_140" HPOS="180" VPOS="1343" HEIGHT="22" WIDTH="39" CONTENT="zu" WC="0.96" />
            <String ID="Textword_141" HPOS="243" VPOS="1333" HEIGHT="43" WIDTH="123" CONTENT="dürfen," WC="0.96" />
            <String ID="Textword_142" HPOS="391" VPOS="1335" HEIGHT="41" WIDTH="243" CONTENT="insbesondere," WC="0.96" />
            <String ID="Textword_143" HPOS="659" VPOS="1348" HEIGHT="23" WIDTH="92" CONTENT="wenn" WC="0.96" />
            <String ID="Textword_144" HPOS="775" VPOS="1350" HEIGHT="22" WIDTH="72" CONTENT="man" WC="0.95" />
            <String ID="Textword_145" HPOS="872" VPOS="1340" HEIGHT="33" WIDTH="51" CONTENT="die" WC="0.96" />
          </TextLine>
          <TextLine ID="TextLine_52" HPOS="67" VPOS="1386" HEIGHT="44" WIDTH="856">
            <String ID="Textword_146" HPOS="67" VPOS="1386" HEIGHT="41" WIDTH="213" CONTENT="Jilderungen" WC="0.00" />
            <String ID="Textword_147" HPOS="307" VPOS="1388" HEIGHT="33" WIDTH="206" CONTENT="namenlosen" WC="0.92" />
            <String ID="Textword_148" HPOS="541" VPOS="1390" HEIGHT="40" WIDTH="132" CONTENT="Elends," WC="0.92" />
            <String ID="Textword_149" HPOS="702" VPOS="1392" HEIGHT="33" WIDTH="142" CONTENT="welches" WC="0.92" />
            <String ID="Textword_150" HPOS="872" VPOS="1393" HEIGHT="33" WIDTH="51" CONTENT="die" WC="0.96" />
          </TextLine>
          <TextLine ID="TextLine_53" HPOS="63" VPOS="1438" HEIGHT="44" WIDTH="860">
            <String ID="Textword_151" HPOS="63" VPOS="1438" HEIGHT="33" WIDTH="219" CONTENT="„Deiterschaft" WC="0.02" />
            <String ID="Textword_152" HPOS="298" VPOS="1439" HEIGHT="33" WIDTH="32" CONTENT="in" WC="0.96" />
            <String ID="Textword_153" HPOS="347" VPOS="1440" HEIGHT="32" WIDTH="61" CONTENT="den" WC="0.96" />
            <String ID="Textword_154" HPOS="424" VPOS="1441" HEIGHT="34" WIDTH="122" CONTENT="letzten" WC="0.96" />
            <String ID="Textword_155" HPOS="562" VPOS="1443" HEIGHT="33" WIDTH="146" CONTENT="Wochen" WC="0.96" />
            <String ID="Textword_156" HPOS="725" VPOS="1440" HEIGHT="37" WIDTH="39" CONTENT="zu" WC="0.96" />
            <String ID="Textword_157" HPOS="781" VPOS="1446" HEIGHT="36" WIDTH="142" CONTENT="erleiden" WC="0.96" />
          </TextLine>
          <TextLine ID="TextLine_54" HPOS="69" VPOS="1491" HEIGHT="47" WIDTH="854">
            <String ID="Textword_158" HPOS="69" VPOS="1491" HEIGHT="33" WIDTH="77" CONTENT="Mabt" WC="0.00" />
            <String ID="Textword_159" HPOS="162" VPOS="1491" HEIGHT="39" WIDTH="91" CONTENT="habe," WC="0.96" />
            <String ID="Textword_160" HPOS="271" VPOS="1492" HEIGHT="45" WIDTH="103" CONTENT="hörte," WC="0.96" />
            <String ID="Textword_161" HPOS="393" VPOS="1493" HEIGHT="33" WIDTH="64" CONTENT="daß" WC="0.96" />
            <String ID="Textword_162" HPOS="476" VPOS="1494" HEIGHT="33" WIDTH="53" CONTENT="die" WC="0.96" />
            <String ID="Textword_163" HPOS="547" VPOS="1495" HEIGHT="34" WIDTH="152" CONTENT="Arbeiter" WC="0.96" />
            <String ID="Textword_164" HPOS="714" VPOS="1497" HEIGHT="41" WIDTH="129" CONTENT="freudig" WC="0.96" />
            <String ID="Textword_165" HPOS="862" VPOS="1499" HEIGHT="32" WIDTH="61" CONTENT="den" WC="0.96" />
          </TextLine>
          <TextLine ID="TextLine_55" HPOS="69" VPOS="1542" HEIGHT="45" WIDTH="854">
            <String ID="Textword_166" HPOS="69" VPOS="1542" HEIGHT="43" WIDTH="54" CONTENT="en" WC="0.25" />
            <String ID="Textword_167" HPOS="139" VPOS="1543" HEIGHT="40" WIDTH="179" CONTENT="gebotenen" WC="0.96" />
            <String ID="Textword_168" HPOS="335" VPOS="1545" HEIGHT="34" WIDTH="140" CONTENT="Frieden" WC="0.95" />
            <String ID="Textword_169" HPOS="494" VPOS="1548" HEIGHT="34" WIDTH="176" CONTENT="annehmen" WC="0.96" />
            <String ID="Textword_170" HPOS="690" VPOS="1551" HEIGHT="32" WIDTH="142" CONTENT="würden." WC="0.96" />
            <String ID="Textword_171" HPOS="851" VPOS="1552" HEIGHT="35" WIDTH="72" CONTENT="Den" WC="0.96" />
          </TextLine>
          <TextLine ID="TextLine_56" HPOS="74" VPOS="1597" HEIGHT="43" WIDTH="849">
            <String ID="Textword_172" HPOS="74" VPOS="1597" HEIGHT="38" WIDTH="115" CONTENT="fleinten" WC="0.36" />
            <String ID="Textword_173" HPOS="212" VPOS="1598" HEIGHT="42" WIDTH="273" CONTENT="Anstrengungen" WC="0.96" />
            <String ID="Textword_174" HPOS="533" VPOS="1602" HEIGHT="32" WIDTH="58" CONTENT="der" WC="0.93" />
            <String ID="Textword_175" HPOS="637" VPOS="1603" HEIGHT="34" WIDTH="286" CONTENT="Gewerkschafts-" WC="0.92" />
          </TextLine>
          <TextLine ID="TextLine_57" HPOS="113" VPOS="1651" HEIGHT="46" WIDTH="810">
            <String ID="Textword_176" HPOS="113" VPOS="1651" HEIGHT="31" WIDTH="76" CONTENT="etäre" WC="0.92" />
            <String ID="Textword_177" HPOS="206" VPOS="1651" HEIGHT="32" WIDTH="63" CONTENT="und" WC="0.97" />
            <String ID="Textword_178" HPOS="286" VPOS="1653" HEIGHT="39" WIDTH="169" CONTENT="sonstigen" WC="0.96" />
            <String ID="Textword_179" HPOS="471" VPOS="1654" HEIGHT="34" WIDTH="125" CONTENT="Führer" WC="0.96" />
            <String ID="Textword_180" HPOS="611" VPOS="1656" HEIGHT="33" WIDTH="58" CONTENT="der" WC="0.96" />
            <String ID="Textword_181" HPOS="685" VPOS="1658" HEIGHT="39" WIDTH="238" CONTENT="organisierten" WC="0.96" />
          </TextLine>
          <TextLine ID="TextLine_58" HPOS="105" VPOS="1701" HEIGHT="46" WIDTH="817">
            <String ID="Textword_182" HPOS="105" VPOS="1701" HEIGHT="33" WIDTH="68" CONTENT="eiter" WC="0.91" />
            <String ID="Textword_183" HPOS="191" VPOS="1702" HEIGHT="34" WIDTH="44" CONTENT="ist" WC="0.94" />
            <String ID="Textword_184" HPOS="255" VPOS="1714" HEIGHT="23" WIDTH="37" CONTENT="es" WC="0.95" />
            <String ID="Textword_185" HPOS="312" VPOS="1704" HEIGHT="39" WIDTH="117" CONTENT="jedoch" WC="0.96" />
            <String ID="Textword_186" HPOS="452" VPOS="1707" HEIGHT="40" WIDTH="170" CONTENT="gelungen," WC="0.96" />
            <String ID="Textword_187" HPOS="645" VPOS="1709" HEIGHT="33" WIDTH="52" CONTENT="die" WC="0.93" />
            <String ID="Textword_188" HPOS="719" VPOS="1710" HEIGHT="34" WIDTH="203" CONTENT="Wiederauf-" WC="0.91" />
          </TextLine>
          <TextLine ID="TextLine_59" HPOS="68" VPOS="1755" HEIGHT="53" WIDTH="855">
            <String ID="Textword_189" HPOS="68" VPOS="1765" HEIGHT="36" WIDTH="68" CONTENT="{fime" WC="0.15" />
            <String ID="Textword_190" HPOS="154" VPOS="1755" HEIGHT="32" WIDTH="58" CONTENT="der" WC="0.93" />
            <String ID="Textword_191" HPOS="229" VPOS="1755" HEIGHT="35" WIDTH="115" CONTENT="Arbeit" WC="0.93" />
            <String ID="Textword_192" HPOS="363" VPOS="1768" HEIGHT="23" WIDTH="39" CONTENT="zu" WC="0.93" />
            <String ID="Textword_193" HPOS="411" VPOS="1758" HEIGHT="36" WIDTH="254" CONTENT="hintertreiben." WC="0.92" />
            <String ID="Textword_194" HPOS="688" VPOS="1762" HEIGHT="34" WIDTH="54" CONTENT="Sie" WC="0.93" />
            <String ID="Textword_195" HPOS="763" VPOS="1763" HEIGHT="45" WIDTH="160" CONTENT="benützen" WC="0.92" />
          </TextLine>
          <TextLine ID="TextLine_60" HPOS="72" VPOS="1803" HEIGHT="47" WIDTH="851">
            <String ID="Textword_196" HPOS="72" VPOS="1803" HEIGHT="36" WIDTH="51" CONTENT="Wei" WC="0.68" />
            <String ID="Textword_197" HPOS="140" VPOS="1807" HEIGHT="33" WIDTH="60" CONTENT="den" WC="0.93" />
            <String ID="Textword_198" HPOS="221" VPOS="1808" HEIGHT="42" WIDTH="171" CONTENT="Vorwand," WC="0.86" />
            <String ID="Textword_199" HPOS="398" VPOS="1808" HEIGHT="36" WIDTH="82" CONTENT="daß" WC="0.87" />
            <String ID="Textword_200" HPOS="498" VPOS="1806" HEIGHT="40" WIDTH="57" CONTENT="die" WC="0.96" />
            <String ID="Textword_201" HPOS="576" VPOS="1814" HEIGHT="33" WIDTH="109" CONTENT="Firma" WC="0.96" />
            <String ID="Textword_202" HPOS="706" VPOS="1815" HEIGHT="34" WIDTH="105" CONTENT="Heine" WC="0.96" />
            <String ID="Textword_203" HPOS="833" VPOS="1817" HEIGHT="33" WIDTH="90" CONTENT="nicht" WC="0.96" />
          </TextLine>
          <TextLine ID="TextLine_61" HPOS="72" VPOS="1857" HEIGHT="45" WIDTH="850">
            <String ID="Textword_204" HPOS="72" VPOS="1857" HEIGHT="2" WIDTH="2" CONTENT="[ch" WC="0.58" />
            <String ID="Textword_205" HPOS="150" VPOS="1860" HEIGHT="35" WIDTH="183" CONTENT="öffentliche" WC="0.96" />
            <String ID="Textword_206" HPOS="360" VPOS="1863" HEIGHT="35" WIDTH="149" CONTENT="Inserate" WC="0.95" />
            <String ID="Textword_207" HPOS="538" VPOS="1866" HEIGHT="33" WIDTH="52" CONTENT="die" WC="0.96" />
            <String ID="Textword_208" HPOS="617" VPOS="1866" HEIGHT="36" WIDTH="305" CONTENT="Wiederaufnahme" WC="0.96" />
          </TextLine>
          <TextLine ID="TextLine_62" HPOS="113" VPOS="1910" HEIGHT="49" WIDTH="808">
            <String ID="Textword_209" HPOS="113" VPOS="1912" HEIGHT="34" WIDTH="106" CONTENT="Arbeit" WC="0.96" />
            <String ID="Textword_210" HPOS="237" VPOS="1914" HEIGHT="35" WIDTH="99" CONTENT="hätte" WC="0.95" />
            <String ID="Textword_211" HPOS="364" VPOS="1910" HEIGHT="47" WIDTH="159" CONTENT="anzeigen" WC="0.96" />
            <String ID="Textword_212" HPOS="551" VPOS="1919" HEIGHT="40" WIDTH="124" CONTENT="dürfen," WC="0.96" />
            <String ID="Textword_213" HPOS="706" VPOS="1922" HEIGHT="32" WIDTH="139" CONTENT="sondern" WC="0.95" />
            <String ID="Textword_214" HPOS="874" VPOS="1923" HEIGHT="32" WIDTH="47" CONTENT="sie" WC="0.95" />
          </TextLine>
          <TextLine ID="TextLine_63" HPOS="73" VPOS="1965" HEIGHT="47" WIDTH="850">
            <String ID="Textword_215" HPOS="73" VPOS="1974" HEIGHT="28" WIDTH="43" CONTENT="fe" WC="0.54" />
            <String ID="Textword_216" HPOS="143" VPOS="1965" HEIGHT="32" WIDTH="66" CONTENT="sich" WC="0.96" />
            <String ID="Textword_217" HPOS="236" VPOS="1967" HEIGHT="33" WIDTH="57" CONTENT="mit" WC="0.96" />
            <String ID="Textword_218" HPOS="321" VPOS="1968" HEIGHT="32" WIDTH="62" CONTENT="den" WC="0.93" />
            <String ID="Textword_219" HPOS="410" VPOS="1970" HEIGHT="33" WIDTH="146" CONTENT="Führern" WC="0.91" />
            <String ID="Textword_220" HPOS="585" VPOS="1972" HEIGHT="33" WIDTH="63" CONTENT="der." WC="0.92" />
            <String ID="Textword_221" HPOS="670" VPOS="1973" HEIGHT="39" WIDTH="253" CONTENT="Gewerkschaft" WC="0.91" />
          </TextLine>
          <TextLine ID="TextLine_64" HPOS="71" VPOS="2017" HEIGHT="45" WIDTH="851">
            <String ID="Textword_222" HPOS="71" VPOS="2020" HEIGHT="29" WIDTH="63" CONTENT="fist" WC="0.73" />
            <String ID="Textword_223" HPOS="161" VPOS="2017" HEIGHT="33" WIDTH="30" CONTENT="in" WC="0.93" />
            <String ID="Textword_224" HPOS="220" VPOS="2019" HEIGHT="43" WIDTH="209" CONTENT="Verbindung" WC="0.94" />
            <String ID="Textword_225" HPOS="460" VPOS="2026" HEIGHT="31" WIDTH="113" CONTENT="setzen" WC="0.96" />
            <String ID="Textword_226" HPOS="601" VPOS="2026" HEIGHT="32" WIDTH="65" CONTENT="und" WC="0.95" />
            <String ID="Textword_227" HPOS="696" VPOS="2026" HEIGHT="35" WIDTH="145" CONTENT="dieselbe" WC="0.95" />
            <String ID="Textword_228" HPOS="871" VPOS="2039" HEIGHT="22" WIDTH="51" CONTENT="um" WC="0.95" />
          </TextLine>
          <TextLine ID="TextLine_65" HPOS="71" VPOS="2070" HEIGHT="45" WIDTH="852">
            <String ID="Textword_229" HPOS="71" VPOS="2076" HEIGHT="32" WIDTH="65" CONTENT="ige" WC="0.78" />
            <String ID="Textword_230" HPOS="155" VPOS="2070" HEIGHT="36" WIDTH="172" CONTENT="Erlaubnis" WC="0.96" />
            <String ID="Textword_231" HPOS="347" VPOS="2074" HEIGHT="40" WIDTH="115" CONTENT="fragen" WC="0.96" />
            <String ID="Textword_232" HPOS="483" VPOS="2077" HEIGHT="33" WIDTH="111" CONTENT="sollen." WC="0.94" />
            <String ID="Textword_233" HPOS="634" VPOS="2079" HEIGHT="31" WIDTH="38" CONTENT="In" WC="0.94" />
            <String ID="Textword_234" HPOS="691" VPOS="2079" HEIGHT="36" WIDTH="232" CONTENT="Wirklichkeit" WC="0.89" />
          </TextLine>
          <TextLine ID="TextLine_66" HPOS="103" VPOS="2121" HEIGHT="50" WIDTH="819">
            <String ID="Textword_235" HPOS="103" VPOS="2121" HEIGHT="34" WIDTH="65" CONTENT="hten" WC="0.92" />
            <String ID="Textword_236" HPOS="184" VPOS="2123" HEIGHT="35" WIDTH="90" CONTENT="diese" WC="0.96" />
            <String ID="Textword_237" HPOS="289" VPOS="2126" HEIGHT="34" WIDTH="126" CONTENT="Führer" WC="0.96" />
            <String ID="Textword_238" HPOS="429" VPOS="2139" HEIGHT="22" WIDTH="50" CONTENT="um" WC="0.95" />
            <String ID="Textword_239" HPOS="495" VPOS="2129" HEIGHT="36" WIDTH="69" CONTENT="ihre" WC="0.96" />
            <String ID="Textword_240" HPOS="579" VPOS="2130" HEIGHT="41" WIDTH="174" CONTENT="Autorität," WC="0.95" />
            <String ID="Textword_241" HPOS="771" VPOS="2133" HEIGHT="33" WIDTH="83" CONTENT="denn" WC="0.96" />
            <String ID="Textword_242" HPOS="870" VPOS="2133" HEIGHT="34" WIDTH="52" CONTENT="die" WC="0.96" />
          </TextLine>
          <TextLine ID="TextLine_67" HPOS="101" VPOS="2176" HEIGHT="46" WIDTH="821">
            <String ID="Textword_243" HPOS="101" VPOS="2176" HEIGHT="34" WIDTH="161" CONTENT="asweisten" WC="0.90" />
            <String ID="Textword_244" HPOS="289" VPOS="2179" HEIGHT="34" WIDTH="152" CONTENT="Arbeiter" WC="0.96" />
            <String ID="Textword_245" HPOS="467" VPOS="2181" HEIGHT="41" WIDTH="120" CONTENT="fangen" WC="0.96" />
            <String ID="Textword_246" HPOS="614" VPOS="2194" HEIGHT="22" WIDTH="64" CONTENT="nun" WC="0.95" />
            <String ID="Textword_247" HPOS="706" VPOS="2185" HEIGHT="34" WIDTH="148" CONTENT="wirklich" WC="0.94" />
            <String ID="Textword_248" HPOS="879" VPOS="2197" HEIGHT="24" WIDTH="43" CONTENT="an" WC="0.95" />
          </TextLine>
          <TextLine ID="TextLine_68" HPOS="74" VPOS="2228" HEIGHT="50" WIDTH="847">
            <String ID="Textword_249" HPOS="74" VPOS="2228" HEIGHT="40" WIDTH="151" CONTENT="Kuschen," WC="0.36" />
            <String ID="Textword_250" HPOS="252" VPOS="2231" HEIGHT="33" WIDTH="62" CONTENT="wie" WC="0.96" />
            <String ID="Textword_251" HPOS="343" VPOS="2236" HEIGHT="35" WIDTH="58" CONTENT="gut" WC="0.96" />
            <String ID="Textword_252" HPOS="428" VPOS="2243" HEIGHT="23" WIDTH="35" CONTENT="es" WC="0.96" />
            <String ID="Textword_253" HPOS="491" VPOS="2234" HEIGHT="34" WIDTH="53" CONTENT="die" WC="0.93" />
            <String ID="Textword_254" HPOS="571" VPOS="2235" HEIGHT="43" WIDTH="265" CONTENT="berufsmäßigen" WC="0.92" />
            <String ID="Textword_255" HPOS="862" VPOS="2240" HEIGHT="32" WIDTH="59" CONTENT="Ar-" WC="0.92" />
          </TextLine>
          <TextLine ID="TextLine_69" HPOS="115" VPOS="2282" HEIGHT="50" WIDTH="806">
            <String ID="Textword_256" HPOS="115" VPOS="2282" HEIGHT="34" WIDTH="182" CONTENT="rverhetzer" WC="0.92" />
            <String ID="Textword_257" HPOS="320" VPOS="2284" HEIGHT="34" WIDTH="57" CONTENT="mit" WC="0.96" />
            <String ID="Textword_258" HPOS="401" VPOS="2286" HEIGHT="33" WIDTH="62" CONTENT="den" WC="0.93" />
            <String ID="Textword_259" HPOS="486" VPOS="2288" HEIGHT="38" WIDTH="169" CONTENT=",,Batzen“" WC="0.85" />
            <String ID="Textword_260" HPOS="680" VPOS="2290" HEIGHT="33" WIDTH="57" CONTENT="der" WC="0.93" />
            <String ID="Textword_261" HPOS="761" VPOS="2292" HEIGHT="40" WIDTH="160" CONTENT="Arbeiter," WC="0.92" />
          </TextLine>
          <TextLine ID="TextLine_70" HPOS="105" VPOS="2332" HEIGHT="45" WIDTH="728">
            <String ID="Textword_262" HPOS="105" VPOS="2334" HEIGHT="29" WIDTH="11" CONTENT="t" WC="0.92" />
            <String ID="Textword_263" HPOS="132" VPOS="2332" HEIGHT="34" WIDTH="75" CONTENT="aber" WC="0.96" />
            <String ID="Textword_264" HPOS="225" VPOS="2336" HEIGHT="32" WIDTH="56" CONTENT="mit" WC="0.96" />
            <String ID="Textword_265" HPOS="300" VPOS="2337" HEIGHT="32" WIDTH="63" CONTENT="den" WC="0.93" />
            <String ID="Textword_266" HPOS="381" VPOS="2338" HEIGHT="35" WIDTH="173" CONTENT="Arbeitern" WC="0.91" />
            <String ID="Textword_267" HPOS="575" VPOS="2342" HEIGHT="34" WIDTH="105" CONTENT="selbst" WC="0.92" />
            <String ID="Textword_268" HPOS="699" VPOS="2344" HEIGHT="33" WIDTH="134" CONTENT="meinen." WC="0.92" />
          </TextLine>
          <TextLine ID="TextLine_71" HPOS="71" VPOS="2383" HEIGHT="48" WIDTH="850">
            <String ID="Textword_269" HPOS="71" VPOS="2383" HEIGHT="44" WIDTH="83" CONTENT="Der" WC="0.76" />
            <String ID="Textword_270" HPOS="180" VPOS="2386" HEIGHT="35" WIDTH="150" CONTENT="Konflikt" WC="0.96" />
            <String ID="Textword_271" HPOS="358" VPOS="2390" HEIGHT="34" WIDTH="106" CONTENT="selbst" WC="0.96" />
            <String ID="Textword_272" HPOS="490" VPOS="2393" HEIGHT="33" WIDTH="93" CONTENT="dürfe" WC="0.96" />
            <String ID="Textword_273" HPOS="611" VPOS="2396" HEIGHT="33" WIDTH="160" CONTENT="trotzdem" WC="0.96" />
            <String ID="Textword_274" HPOS="801" VPOS="2398" HEIGHT="33" WIDTH="120" CONTENT="seinem" WC="0.96" />
          </TextLine>
          <TextLine ID="TextLine_72" HPOS="70" VPOS="2435" HEIGHT="49" WIDTH="851">
            <String ID="Textword_275" HPOS="70" VPOS="2435" HEIGHT="32" WIDTH="48" CONTENT="We" WC="0.63" />
            <String ID="Textword_276" HPOS="137" VPOS="2441" HEIGHT="38" WIDTH="160" CONTENT="entgegen" WC="0.96" />
            <String ID="Textword_277" HPOS="319" VPOS="2442" HEIGHT="40" WIDTH="114" CONTENT="gehen," WC="0.96" />
            <String ID="Textword_278" HPOS="455" VPOS="2444" HEIGHT="33" WIDTH="42" CONTENT="da" WC="0.96" />
            <String ID="Textword_279" HPOS="519" VPOS="2445" HEIGHT="33" WIDTH="52" CONTENT="die" WC="0.96" />
            <String ID="Textword_280" HPOS="593" VPOS="2447" HEIGHT="35" WIDTH="167" CONTENT="Mehrzahl" WC="0.96" />
            <String ID="Textword_281" HPOS="783" VPOS="2450" HEIGHT="33" WIDTH="59" CONTENT="der" WC="0.93" />
            <String ID="Textword_282" HPOS="862" VPOS="2452" HEIGHT="32" WIDTH="59" CONTENT="Ar-" WC="0.92" />
          </TextLine>
          <TextLine ID="TextLine_73" HPOS="101" VPOS="2490" HEIGHT="47" WIDTH="820">
            <String ID="Textword_283" HPOS="101" VPOS="2498" HEIGHT="22" WIDTH="27" CONTENT="er" WC="0.96" />
            <String ID="Textword_284" HPOS="146" VPOS="2490" HEIGHT="33" WIDTH="69" CONTENT="froh" WC="0.96" />
            <String ID="Textword_285" HPOS="237" VPOS="2492" HEIGHT="40" WIDTH="54" CONTENT="ist," WC="0.95" />
            <String ID="Textword_286" HPOS="313" VPOS="2494" HEIGHT="34" WIDTH="122" CONTENT="wieder" WC="0.96" />
            <String ID="Textword_287" HPOS="457" VPOS="2497" HEIGHT="34" WIDTH="72" CONTENT="eine" WC="0.96" />
            <String ID="Textword_288" HPOS="551" VPOS="2500" HEIGHT="34" WIDTH="162" CONTENT="nützliche" WC="0.93" />
            <String ID="Textword_289" HPOS="736" VPOS="2502" HEIGHT="35" WIDTH="185" CONTENT="Beschäfti-" WC="0.92" />
          </TextLine>
          <TextLine ID="TextLine_74" HPOS="134" VPOS="2544" HEIGHT="46" WIDTH="742">
            <String ID="Textword_290" HPOS="134" VPOS="2544" HEIGHT="34" WIDTH="187" CONTENT="aufnehmen." WC="0.94" />
            <String ID="Textword_291" HPOS="345" VPOS="2558" HEIGHT="22" WIDTH="39" CONTENT="zu" WC="0.96" />
            <String ID="Textword_292" HPOS="407" VPOS="2548" HEIGHT="39" WIDTH="212" CONTENT="können." WC="0.50" />
            <String ID="Textword_293" HPOS="832" VPOS="2557" HEIGHT="33" WIDTH="44" CONTENT="M." WC="0.96" />
          </TextLine>
          <TextLine ID="TextLine_75" HPOS="337" VPOS="2608" HEIGHT="25" WIDTH="261">
            <String ID="Textword_294" HPOS="337" VPOS="2608" HEIGHT="20" WIDTH="31" CONTENT="x" WC="0.55" />
            <String ID="Textword_295" HPOS="583" VPOS="2616" HEIGHT="17" WIDTH="15" CONTENT="*" WC="0.84" />
          </TextLine>
          <TextLine ID="TextLine_76" HPOS="458" VPOS="2640" HEIGHT="16" WIDTH="17">
            <String ID="Textword_296" HPOS="458" VPOS="2640" HEIGHT="16" WIDTH="17" CONTENT="*" WC="0.85" />
          </TextLine>
          <TextLine ID="TextLine_77" HPOS="133" VPOS="2672" HEIGHT="49" WIDTH="788">
            <String ID="Textword_297" HPOS="133" VPOS="2672" HEIGHT="33" WIDTH="81" CONTENT="enf." WC="0.90" />
            <String ID="Textword_298" HPOS="272" VPOS="2674" HEIGHT="33" WIDTH="63" CONTENT="Die" WC="0.95" />
            <String ID="Textword_299" HPOS="367" VPOS="2676" HEIGHT="33" WIDTH="64" CONTENT="seit" WC="0.93" />
            <String ID="Textword_300" HPOS="455" VPOS="2681" HEIGHT="40" WIDTH="93" CONTENT="etwa" WC="0.92" />
            <String ID="Textword_301" HPOS="577" VPOS="2680" HEIGHT="33" WIDTH="96" CONTENT="sechs" WC="0.91" />
            <String ID="Textword_302" HPOS="704" VPOS="2682" HEIGHT="37" WIDTH="145" CONTENT="Wochen" WC="0.92" />
            <String ID="Textword_303" HPOS="881" VPOS="2683" HEIGHT="33" WIDTH="40" CONTENT="im" WC="0.97" />
          </TextLine>
          <TextLine ID="TextLine_78" HPOS="128" VPOS="2723" HEIGHT="47" WIDTH="792">
            <String ID="Textword_304" HPOS="128" VPOS="2723" HEIGHT="32" WIDTH="38" CONTENT="nd" WC="0.91" />
            <String ID="Textword_305" HPOS="187" VPOS="2724" HEIGHT="37" WIDTH="222" CONTENT="befindlichen" WC="0.91" />
            <String ID="Textword_306" HPOS="435" VPOS="2729" HEIGHT="37" WIDTH="228" CONTENT="Zimmerleute" WC="0.92" />
            <String ID="Textword_307" HPOS="689" VPOS="2733" HEIGHT="34" WIDTH="105" CONTENT="haben" WC="0.93" />
            <String ID="Textword_308" HPOS="821" VPOS="2736" HEIGHT="34" WIDTH="99" CONTENT="letzte" WC="0.90" />
          </TextLine>
          <TextLine ID="TextLine_79" HPOS="112" VPOS="2772" HEIGHT="57" WIDTH="808">
            <String ID="Textword_309" HPOS="112" VPOS="2772" HEIGHT="35" WIDTH="32" CONTENT="he" WC="0.93" />
            <String ID="Textword_310" HPOS="171" VPOS="2777" HEIGHT="33" WIDTH="50" CONTENT="die" WC="0.93" />
            <String ID="Textword_311" HPOS="247" VPOS="2779" HEIGHT="34" WIDTH="115" CONTENT="Arbeit" WC="0.93" />
            <String ID="Textword_312" HPOS="387" VPOS="2782" HEIGHT="40" WIDTH="171" CONTENT="allgemein" WC="0.92" />
            <String ID="Textword_313" HPOS="585" VPOS="2785" HEIGHT="35" WIDTH="123" CONTENT="wieder" WC="0.93" />
            <String ID="Textword_314" HPOS="733" VPOS="2788" HEIGHT="41" WIDTH="187" CONTENT="aufgenom-" WC="0.91" />
          </TextLine>
          <TextLine ID="TextLine_80" HPOS="107" VPOS="2826" HEIGHT="51" WIDTH="812">
            <String ID="Textword_315" HPOS="107" VPOS="2850" HEIGHT="6" WIDTH="5" CONTENT="." WC="0.89" />
            <String ID="Textword_316" HPOS="125" VPOS="2826" HEIGHT="35" WIDTH="56" CONTENT="Ein" WC="0.95" />
            <String ID="Textword_317" HPOS="202" VPOS="2831" HEIGHT="33" WIDTH="70" CONTENT="Teil" WC="0.95" />
            <String ID="Textword_318" HPOS="292" VPOS="2832" HEIGHT="34" WIDTH="86" CONTENT="ihrer" WC="0.96" />
            <String ID="Textword_319" HPOS="396" VPOS="2834" HEIGHT="43" WIDTH="232" CONTENT="Forderungen" WC="0.96" />
            <String ID="Textword_320" HPOS="648" VPOS="2840" HEIGHT="33" WIDTH="133" CONTENT="wurden" WC="0.96" />
            <String ID="Textword_321" HPOS="801" VPOS="2843" HEIGHT="33" WIDTH="118" CONTENT="erfüllt." WC="0.96" />
          </TextLine>
          <TextLine ID="TextLine_81" HPOS="336" VPOS="2895" HEIGHT="22" WIDTH="262">
            <String ID="Textword_322" HPOS="336" VPOS="2895" HEIGHT="18" WIDTH="16" CONTENT="*" WC="0.86" />
            <String ID="Textword_323" HPOS="581" VPOS="2900" HEIGHT="17" WIDTH="17" CONTENT="*" WC="0.90" />
          </TextLine>
          <TextLine ID="TextLine_82" HPOS="457" VPOS="2924" HEIGHT="22" WIDTH="262">
            <String ID="Textword_324" HPOS="457" VPOS="2924" HEIGHT="17" WIDTH="44" CONTENT="*" WC="0.48" />
            <String ID="Textword_325" HPOS="717" VPOS="2944" HEIGHT="2" WIDTH="2" CONTENT="x" WC="0.33" />
          </TextLine>
          <TextLine ID="TextLine_83" HPOS="131" VPOS="2957" HEIGHT="48" WIDTH="790">
            <String ID="Textword_326" HPOS="131" VPOS="2957" HEIGHT="40" WIDTH="262" CONTENT="berrieden." WC="0.88" />
            <String ID="Textword_327" HPOS="421" VPOS="2965" HEIGHT="35" WIDTH="112" CONTENT="Ueber" WC="0.96" />
            <String ID="Textword_328" HPOS="558" VPOS="2968" HEIGHT="33" WIDTH="52" CONTENT="die" WC="0.96" />
            <String ID="Textword_329" HPOS="637" VPOS="2969" HEIGHT="34" WIDTH="108" CONTENT="Firma" WC="0.96" />
            <String ID="Textword_330" HPOS="772" VPOS="2971" HEIGHT="33" WIDTH="96" CONTENT="Blind" WC="0.91" />
            <String ID="Textword_331" HPOS="895" VPOS="2973" HEIGHT="32" WIDTH="26" CONTENT="&amp;" WC="0.90" />
          </TextLine>
          <TextLine ID="TextLine_84" HPOS="75" VPOS="3013" HEIGHT="55" WIDTH="845">
            <String ID="Textword_332" HPOS="75" VPOS="3013" HEIGHT="33" WIDTH="129" CONTENT="{wurde" WC="0.38" />
            <String ID="Textword_333" HPOS="225" VPOS="3014" HEIGHT="34" WIDTH="51" CONTENT="die" WC="0.93" />
            <String ID="Textword_334" HPOS="298" VPOS="3016" HEIGHT="39" WIDTH="117" CONTENT="Sperre" WC="0.93" />
            <String ID="Textword_335" HPOS="435" VPOS="3020" HEIGHT="40" WIDTH="169" CONTENT="verhängt." WC="0.91" />
            <String ID="Textword_336" HPOS="625" VPOS="3022" HEIGHT="32" WIDTH="47" CONTENT="Es" WC="0.96" />
            <String ID="Textword_337" HPOS="694" VPOS="3023" HEIGHT="33" WIDTH="71" CONTENT="sind" WC="0.96" />
            <String ID="Textword_338" HPOS="787" VPOS="3024" HEIGHT="44" WIDTH="133" CONTENT="speziell" WC="0.91" />
          </TextLine>
          <TextLine ID="TextLine_85" HPOS="82" VPOS="3060" HEIGHT="51" WIDTH="838">
            <String ID="Textword_339" HPOS="82" VPOS="3060" HEIGHT="47" WIDTH="218" CONTENT="AiAnschläger," WC="0.15" />
            <String ID="Textword_340" HPOS="318" VPOS="3070" HEIGHT="34" WIDTH="124" CONTENT="welche" WC="0.96" />
            <String ID="Textword_341" HPOS="461" VPOS="3075" HEIGHT="30" WIDTH="84" CONTENT="trotz" WC="0.96" />
            <String ID="Textword_342" HPOS="563" VPOS="3074" HEIGHT="32" WIDTH="71" CONTENT="dem" WC="0.96" />
            <String ID="Textword_343" HPOS="653" VPOS="3076" HEIGHT="34" WIDTH="189" CONTENT="schlechten" WC="0.96" />
            <String ID="Textword_344" HPOS="856" VPOS="3078" HEIGHT="33" WIDTH="64" CONTENT="Ge-" WC="0.92" />
          </TextLine>
          <TextLine ID="TextLine_86" HPOS="77" VPOS="3117" HEIGHT="50" WIDTH="843">
            <String ID="Textword_345" HPOS="77" VPOS="3117" HEIGHT="49" WIDTH="177" CONTENT="flisgange" WC="0.00" />
            <String ID="Textword_346" HPOS="282" VPOS="3121" HEIGHT="41" WIDTH="148" CONTENT="glauben," WC="0.92" />
            <String ID="Textword_347" HPOS="459" VPOS="3124" HEIGHT="34" WIDTH="72" CONTENT="eine" WC="0.93" />
            <String ID="Textword_348" HPOS="559" VPOS="3127" HEIGHT="40" WIDTH="190" CONTENT="allgemeine" WC="0.91" />
            <String ID="Textword_349" HPOS="777" VPOS="3131" HEIGHT="33" WIDTH="143" CONTENT="Lohner-" WC="0.92" />
          </TextLine>
          <TextLine ID="TextLine_87" HPOS="132" VPOS="3171" HEIGHT="47" WIDTH="787">
            <String ID="Textword_350" HPOS="132" VPOS="3178" HEIGHT="29" WIDTH="17" CONTENT="g" WC="0.66" />
            <String ID="Textword_351" HPOS="173" VPOS="3171" HEIGHT="39" WIDTH="296" CONTENT="durchzudrücken." WC="0.92" />
            <String ID="Textword_352" HPOS="519" VPOS="3178" HEIGHT="36" WIDTH="198" CONTENT="Hoffentlich" WC="0.96" />
            <String ID="Textword_353" HPOS="742" VPOS="3182" HEIGHT="35" WIDTH="104" CONTENT="haben" WC="0.96" />
            <String ID="Textword_354" HPOS="873" VPOS="3185" HEIGHT="33" WIDTH="46" CONTENT="sie" WC="0.96" />
          </TextLine>
          <TextLine ID="TextLine_88" HPOS="79" VPOS="3216" HEIGHT="57" WIDTH="665">
            <String ID="Textword_355" HPOS="79" VPOS="3220" HEIGHT="29" WIDTH="5" CONTENT="i" WC="0.58" />
            <String ID="Textword_356" HPOS="112" VPOS="3216" HEIGHT="57" WIDTH="157" CONTENT="Rechnung" WC="0.95" />
            <String ID="Textword_357" HPOS="290" VPOS="3228" HEIGHT="34" WIDTH="81" CONTENT="ohne" WC="0.96" />
            <String ID="Textword_358" HPOS="394" VPOS="3230" HEIGHT="33" WIDTH="61" CONTENT="den" WC="0.96" />
            <String ID="Textword_359" HPOS="477" VPOS="3232" HEIGHT="34" WIDTH="86" CONTENT="Wirt" WC="0.96" />
            <String ID="Textword_360" HPOS="586" VPOS="3236" HEIGHT="36" WIDTH="158" CONTENT="gemacht." WC="0.96" />
          </TextLine>
        </TextBlock>
        <TextBlock ID="TextBlock_7" HPOS="119" VPOS="3279" HEIGHT="12" WIDTH="520">
          <TextLine ID="TextLine_89" HPOS="119" VPOS="3279" HEIGHT="12" WIDTH="520">
            <SP ID="Textword_33" HPOS="119" VPOS="3279" />
            <String ID="Textword_361" HPOS="119" VPOS="3279" HEIGHT="12" WIDTH="520" CONTENT=" " WC="0.95" />
          </TextLine>
        </TextBlock>
      </PrintSpace>
    </Page>
  </Layout>
</alto>
