<?xml version="1.0" encoding="UTF-8"?>
<alto xmlns="http://www.loc.gov/standards/alto/ns-v2#" xmlns:xsi="http://www.w3.org/2001/XMLSchema-instance" xsi:schemaLocation="http://www.loc.gov/standards/alto/ns-v2# http://www.loc.gov/standards/alto/alto.xsd">
  <Description>
    <MeasurementUnit>pixel</MeasurementUnit>
    <sourceImageInformation />
    <OCRProcessing ID="OCR_1">
      <preProcessingStep>
        <processingDateTime>2019-05-08T04:47:42</processingDateTime>
        <processingAgency>intranda GmbH, www.intranda.com</processingAgency>
        <processingSoftware>
          <softwareCreator>intranda GmbH, Germany</softwareCreator>
          <softwareName>intranda OCR Module for TaskManager</softwareName>
          <softwareVersion>1.0r42</softwareVersion>
        </processingSoftware>
      </preProcessingStep>
      <ocrProcessingStep>
        <processingSoftware>
          <softwareCreator>Tesseract contributors</softwareCreator>
          <softwareName>Tesseract Open Source OCR Engine</softwareName>
          <softwareVersion>4.0.0-beta.1-270-g5a56</softwareVersion>
        </processingSoftware>
      </ocrProcessingStep>
    </OCRProcessing>
  </Description>
  <Layout>
    <Page ID="PAGE_1" HEIGHT="4976" WIDTH="3392" PHYSICAL_IMG_NR="1">
      <PrintSpace ID="PrintSpace_1" HPOS="0" VPOS="0" HEIGHT="4976" WIDTH="3392">
        <TextBlock ID="TextBlock_1" HPOS="31" VPOS="80" HEIGHT="573" WIDTH="5">
          <TextLine ID="TextLine_1" HPOS="31" VPOS="80" HEIGHT="573" WIDTH="5">
            <SP ID="Textword_1" HPOS="31" VPOS="80" />
            <String ID="Textword_1" HPOS="31" VPOS="80" HEIGHT="573" WIDTH="5" CONTENT=" " WC="0.95" />
          </TextLine>
        </TextBlock>
        <TextBlock ID="TextBlock_2" HPOS="11" VPOS="83" HEIGHT="833" WIDTH="12">
          <TextLine ID="TextLine_2" HPOS="11" VPOS="83" HEIGHT="833" WIDTH="12">
            <SP ID="Textword_2" HPOS="11" VPOS="83" />
            <String ID="Textword_2" HPOS="11" VPOS="83" HEIGHT="833" WIDTH="12" CONTENT=" " WC="0.95" />
          </TextLine>
        </TextBlock>
        <TextBlock ID="TextBlock_3" HPOS="0" VPOS="183" HEIGHT="4793" WIDTH="93">
          <TextLine ID="TextLine_3" HPOS="0" VPOS="183" HEIGHT="4793" WIDTH="93">
            <SP ID="Textword_3" HPOS="0" VPOS="183" />
            <String ID="Textword_3" HPOS="0" VPOS="183" HEIGHT="4793" WIDTH="93" CONTENT=" " WC="0.95" />
          </TextLine>
        </TextBlock>
        <TextBlock ID="TextBlock_4" HPOS="371" VPOS="291" HEIGHT="37" WIDTH="1692">
          <TextLine ID="TextLine_4" HPOS="371" VPOS="291" HEIGHT="37" WIDTH="1692">
            <String ID="Textword_4" HPOS="371" VPOS="304" HEIGHT="24" WIDTH="15" CONTENT="8" WC="0.96" />
            <String ID="Textword_5" HPOS="1430" VPOS="298" HEIGHT="2" WIDTH="3" CONTENT="&gt;" WC="0.32" />
            <String ID="Textword_6" HPOS="1495" VPOS="293" HEIGHT="28" WIDTH="224" CONTENT="Schweizerische" WC="0.83" />
            <String ID="Textword_7" HPOS="1746" VPOS="291" HEIGHT="34" WIDTH="317" CONTENT="Arbeitgeber-Zeitung." WC="0.91" />
          </TextLine>
        </TextBlock>
        <TextBlock ID="TextBlock_5" HPOS="3083" VPOS="284" HEIGHT="27" WIDTH="99">
          <TextLine ID="TextLine_5" HPOS="3083" VPOS="284" HEIGHT="27" WIDTH="99">
            <String ID="Textword_8" HPOS="3083" VPOS="284" HEIGHT="27" WIDTH="47" CONTENT="Nr." WC="0.95" />
            <String ID="Textword_9" HPOS="3150" VPOS="284" HEIGHT="26" WIDTH="32" CONTENT="31" WC="0.95" />
          </TextLine>
        </TextBlock>
        <TextBlock ID="TextBlock_6" HPOS="370" VPOS="329" HEIGHT="21" WIDTH="2815">
          <TextLine ID="TextLine_6" HPOS="370" VPOS="329" HEIGHT="21" WIDTH="2815">
            <SP ID="Textword_4" HPOS="370" VPOS="329" />
            <String ID="Textword_10" HPOS="370" VPOS="329" HEIGHT="21" WIDTH="2815" CONTENT=" " WC="0.95" />
          </TextLine>
        </TextBlock>
        <TextBlock ID="TextBlock_7" HPOS="331" VPOS="372" HEIGHT="136" WIDTH="1761">
          <TextLine ID="TextLine_7" HPOS="331" VPOS="372" HEIGHT="136" WIDTH="1761">
            <String ID="Textword_11" HPOS="331" VPOS="426" HEIGHT="82" WIDTH="739" CONTENT="Rolladenfabrik" WC="0.91" />
            <String ID="Textword_12" HPOS="1131" VPOS="409" HEIGHT="89" WIDTH="333" CONTENT="Anton" WC="0.93" />
            <String ID="Textword_13" HPOS="1527" VPOS="372" HEIGHT="124" WIDTH="565" CONTENT="Griesserl|" WC="0.43" />
          </TextLine>
        </TextBlock>
        <TextBlock ID="TextBlock_8" HPOS="1375" VPOS="523" HEIGHT="61" WIDTH="562">
          <TextLine ID="TextLine_8" HPOS="1375" VPOS="523" HEIGHT="61" WIDTH="562">
            <String ID="Textword_14" HPOS="1375" VPOS="527" HEIGHT="38" WIDTH="263" CONTENT="Aandorf" WC="0.72" />
            <String ID="Textword_15" HPOS="1667" VPOS="523" HEIGHT="61" WIDTH="270" CONTENT="(Schweiz)" WC="0.94" />
          </TextLine>
        </TextBlock>
        <TextBlock ID="TextBlock_9" HPOS="1418" VPOS="603" HEIGHT="9" WIDTH="636">
          <TextLine ID="TextLine_9" HPOS="1418" VPOS="603" HEIGHT="9" WIDTH="636">
            <SP ID="Textword_5" HPOS="1418" VPOS="603" />
            <String ID="Textword_16" HPOS="1418" VPOS="603" HEIGHT="9" WIDTH="636" CONTENT=" " WC="0.95" />
          </TextLine>
        </TextBlock>
        <TextBlock ID="TextBlock_10" HPOS="1257" VPOS="613" HEIGHT="10" WIDTH="797">
          <TextLine ID="TextLine_10" HPOS="1257" VPOS="613" HEIGHT="10" WIDTH="797">
            <SP ID="Textword_6" HPOS="1257" VPOS="613" />
            <String ID="Textword_17" HPOS="1257" VPOS="613" HEIGHT="10" WIDTH="797" CONTENT=" " WC="0.95" />
          </TextLine>
        </TextBlock>
        <TextBlock ID="TextBlock_11" HPOS="1273" VPOS="641" HEIGHT="390" WIDTH="780">
          <TextLine ID="TextLine_11" HPOS="1407" VPOS="641" HEIGHT="34" WIDTH="497">
            <String ID="Textword_18" HPOS="1407" VPOS="641" HEIGHT="32" WIDTH="212" CONTENT="Stablrolladen" WC="0.71" />
            <String ID="Textword_19" HPOS="1640" VPOS="643" HEIGHT="28" WIDTH="26" CONTENT="in" WC="0.93" />
            <String ID="Textword_20" HPOS="1686" VPOS="644" HEIGHT="27" WIDTH="66" CONTENT="allen" WC="0.92" />
            <String ID="Textword_21" HPOS="1772" VPOS="642" HEIGHT="33" WIDTH="132" CONTENT="Systemen" WC="0.96" />
          </TextLine>
          <TextLine ID="TextLine_12" HPOS="1273" VPOS="686" HEIGHT="35" WIDTH="763">
            <String ID="Textword_22" HPOS="1273" VPOS="687" HEIGHT="32" WIDTH="202" CONTENT="Bolzrolladen" WC="0.26" />
            <String ID="Textword_23" HPOS="1500" VPOS="694" HEIGHT="21" WIDTH="47" CONTENT="aus" WC="0.96" />
            <String ID="Textword_24" HPOS="1566" VPOS="688" HEIGHT="33" WIDTH="81" CONTENT="prima" WC="0.93" />
            <String ID="Textword_25" HPOS="1667" VPOS="686" HEIGHT="33" WIDTH="189" CONTENT="shwedischem" WC="0.57" />
            <String ID="Textword_26" HPOS="1876" VPOS="686" HEIGHT="29" WIDTH="160" CONTENT="Kiefernholz" WC="0.78" />
          </TextLine>
          <TextLine ID="TextLine_13" HPOS="1389" VPOS="728" HEIGHT="37" WIDTH="530">
            <String ID="Textword_27" HPOS="1389" VPOS="731" HEIGHT="34" WIDTH="206" CONTENT="Zugjalousien" WC="0.87" />
            <String ID="Textword_28" HPOS="1614" VPOS="734" HEIGHT="22" WIDTH="19" CONTENT="«" WC="0.92" />
            <String ID="Textword_29" HPOS="1651" VPOS="728" HEIGHT="35" WIDTH="268" CONTENT="Rollschutzwände" WC="0.38" />
          </TextLine>
          <TextLine ID="TextLine_14" HPOS="1321" VPOS="773" HEIGHT="36" WIDTH="667">
            <String ID="Textword_30" HPOS="1321" VPOS="775" HEIGHT="34" WIDTH="207" CONTENT="Rolljalousien" WC="0.88" />
            <String ID="Textword_31" HPOS="1547" VPOS="777" HEIGHT="27" WIDTH="46" CONTENT="mit" WC="0.93" />
            <String ID="Textword_32" HPOS="1613" VPOS="779" HEIGHT="25" WIDTH="53" CONTENT="aut." WC="0.92" />
            <String ID="Textword_33" HPOS="1679" VPOS="775" HEIGHT="30" WIDTH="156" CONTENT="Federwalze" WC="0.87" />
            <String ID="Textword_34" HPOS="1853" VPOS="773" HEIGHT="36" WIDTH="36" CONTENT="qu" WC="0.11" />
            <String ID="Textword_35" HPOS="1906" VPOS="773" HEIGHT="29" WIDTH="82" CONTENT="23612" WC="0.94" />
          </TextLine>
          <TextLine ID="TextLine_15" HPOS="1477" VPOS="820" HEIGHT="35" WIDTH="355">
            <String ID="Textword_36" HPOS="1477" VPOS="820" HEIGHT="33" WIDTH="193" CONTENT="Ausstellung" WC="0.90" />
            <String ID="Textword_37" HPOS="1688" VPOS="820" HEIGHT="35" WIDTH="35" CONTENT="ça" WC="0.68" />
            <String ID="Textword_38" HPOS="1741" VPOS="820" HEIGHT="29" WIDTH="91" CONTENT="24082" WC="0.81" />
          </TextLine>
          <TextLine ID="TextLine_16" HPOS="1478" VPOS="864" HEIGHT="36" WIDTH="355">
            <String ID="Textword_39" HPOS="1478" VPOS="864" HEIGHT="33" WIDTH="184" CONTENT="Seilspanner" WC="0.91" />
            <String ID="Textword_40" HPOS="1684" VPOS="864" HEIGHT="36" WIDTH="36" CONTENT="ch" WC="0.66" />
            <String ID="Textword_41" HPOS="1743" VPOS="864" HEIGHT="29" WIDTH="90" CONTENT="29028" WC="0.76" />
          </TextLine>
          <TextLine ID="TextLine_17" HPOS="1290" VPOS="907" HEIGHT="36" WIDTH="729">
            <String ID="Textword_42" HPOS="1290" VPOS="910" HEIGHT="32" WIDTH="201" CONTENT="Bolzrolladen" WC="0.40" />
            <String ID="Textword_43" HPOS="1510" VPOS="911" HEIGHT="27" WIDTH="46" CONTENT="mit" WC="0.93" />
            <String ID="Textword_44" HPOS="1576" VPOS="910" HEIGHT="33" WIDTH="280" CONTENT="Charnierverbindung" WC="0.76" />
            <String ID="Textword_45" HPOS="1874" VPOS="907" HEIGHT="36" WIDTH="36" CONTENT="ça" WC="0.48" />
            <String ID="Textword_46" HPOS="1927" VPOS="907" HEIGHT="30" WIDTH="92" CONTENT="36020" WC="0.92" />
          </TextLine>
          <TextLine ID="TextLine_18" HPOS="1327" VPOS="952" HEIGHT="35" WIDTH="726">
            <String ID="Textword_47" HPOS="1327" VPOS="954" HEIGHT="31" WIDTH="231" CONTENT="Automatischer" WC="0.92" />
            <String ID="Textword_48" HPOS="1586" VPOS="952" HEIGHT="34" WIDTH="305" CONTENT="Rolladenverschluss" WC="0.88" />
            <String ID="Textword_49" HPOS="1914" VPOS="952" HEIGHT="35" WIDTH="36" CONTENT="&amp;" WC="0.22" />
            <String ID="Textword_50" HPOS="1972" VPOS="952" HEIGHT="29" WIDTH="81" CONTENT="36221" WC="0.95" />
          </TextLine>
          <TextLine ID="TextLine_19" HPOS="1416" VPOS="999" HEIGHT="32" WIDTH="476">
            <String ID="Textword_51" HPOS="1416" VPOS="1000" HEIGHT="28" WIDTH="39" CONTENT="für" WC="0.93" />
            <String ID="Textword_52" HPOS="1474" VPOS="1000" HEIGHT="29" WIDTH="149" CONTENT="Stablladen" WC="0.86" />
            <String ID="Textword_53" HPOS="1643" VPOS="1001" HEIGHT="26" WIDTH="53" CONTENT="und" WC="0.92" />
            <String ID="Textword_54" HPOS="1716" VPOS="999" HEIGHT="32" WIDTH="176" CONTENT="Bolzrolladen" WC="0.75" />
          </TextLine>
        </TextBlock>
        <TextBlock ID="TextBlock_12" HPOS="1259" VPOS="1047" HEIGHT="9" WIDTH="796">
          <TextLine ID="TextLine_20" HPOS="1259" VPOS="1047" HEIGHT="9" WIDTH="796">
            <SP ID="Textword_7" HPOS="1259" VPOS="1047" />
            <String ID="Textword_55" HPOS="1259" VPOS="1047" HEIGHT="9" WIDTH="796" CONTENT=" " WC="0.95" />
          </TextLine>
        </TextBlock>
        <TextBlock ID="TextBlock_13" HPOS="347" VPOS="557" HEIGHT="538" WIDTH="854">
          <TextLine ID="TextLine_21" HPOS="347" VPOS="557" HEIGHT="538" WIDTH="854">
            <SP ID="Textword_8" HPOS="347" VPOS="557" />
            <String ID="Textword_56" HPOS="347" VPOS="557" HEIGHT="538" WIDTH="854" CONTENT=" " WC="0.95" />
          </TextLine>
        </TextBlock>
        <TextBlock ID="TextBlock_14" HPOS="1310" VPOS="1085" HEIGHT="39" WIDTH="691">
          <TextLine ID="TextLine_22" HPOS="1310" VPOS="1085" HEIGHT="39" WIDTH="691">
            <String ID="Textword_57" HPOS="1310" VPOS="1087" HEIGHT="31" WIDTH="107" CONTENT="Muster," WC="0.96" />
            <String ID="Textword_58" HPOS="1440" VPOS="1086" HEIGHT="33" WIDTH="122" CONTENT="Kataloge" WC="0.91" />
            <String ID="Textword_59" HPOS="1581" VPOS="1086" HEIGHT="28" WIDTH="55" CONTENT="und" WC="0.96" />
            <String ID="Textword_60" HPOS="1654" VPOS="1086" HEIGHT="28" WIDTH="143" CONTENT="Preislisten" WC="0.96" />
            <String ID="Textword_61" HPOS="1816" VPOS="1092" HEIGHT="32" WIDTH="33" CONTENT="zu" WC="0.96" />
            <String ID="Textword_62" HPOS="1869" VPOS="1085" HEIGHT="28" WIDTH="132" CONTENT="Diensten." WC="0.86" />
          </TextLine>
        </TextBlock>
        <TextBlock ID="TextBlock_15" HPOS="796" VPOS="1197" HEIGHT="198" WIDTH="947">
          <TextLine ID="TextLine_23" HPOS="796" VPOS="1197" HEIGHT="198" WIDTH="947">
            <String ID="Textword_63" HPOS="796" VPOS="1234" HEIGHT="129" WIDTH="72" CONTENT="." WC="0.39" />
            <String ID="Textword_64" HPOS="899" VPOS="1197" HEIGHT="198" WIDTH="844" CONTENT="Rilegg-Perry" WC="0.61" />
          </TextLine>
        </TextBlock>
        <TextBlock ID="TextBlock_16" HPOS="331" VPOS="1407" HEIGHT="125" WIDTH="1723">
          <TextLine ID="TextLine_24" HPOS="331" VPOS="1407" HEIGHT="125" WIDTH="1723">
            <String ID="Textword_65" HPOS="331" VPOS="1407" HEIGHT="93" WIDTH="244" CONTENT="Zürich" WC="0.96" />
            <String ID="Textword_66" HPOS="531" VPOS="1412" HEIGHT="90" WIDTH="68" CONTENT="b," WC="0.58" />
            <String ID="Textword_67" HPOS="653" VPOS="1444" HEIGHT="58" WIDTH="429" CONTENT="Stauffacherstrasse_35." WC="0.87" />
            <String ID="Textword_68" HPOS="1230" VPOS="1438" HEIGHT="63" WIDTH="373" CONTENT="Bahnhofstrasse" WC="0.00" />
            <String ID="Textword_69" HPOS="1555" VPOS="1443" HEIGHT="45" WIDTH="47" CONTENT="17," WC="0.44" />
            <String ID="Textword_70" HPOS="1660" VPOS="1408" HEIGHT="87" WIDTH="96" CONTENT="St." WC="0.72" />
            <String ID="Textword_71" HPOS="1797" VPOS="1407" HEIGHT="125" WIDTH="257" CONTENT="Gallen." WC="0.87" />
          </TextLine>
        </TextBlock>
        <TextBlock ID="TextBlock_17" HPOS="650" VPOS="1536" HEIGHT="205" WIDTH="1097">
          <TextLine ID="TextLine_25" HPOS="650" VPOS="1536" HEIGHT="205" WIDTH="1097">
            <String ID="Textword_72" HPOS="650" VPOS="1537" HEIGHT="204" WIDTH="459" CONTENT="obezialtaus" WC="0.14" />
            <String ID="Textword_73" HPOS="1155" VPOS="1537" HEIGHT="170" WIDTH="111" CONTENT="Tür" WC="0.58" />
            <String ID="Textword_74" HPOS="1310" VPOS="1536" HEIGHT="202" WIDTH="437" CONTENT="Bodenbelag" WC="0.90" />
          </TextLine>
        </TextBlock>
        <TextBlock ID="TextBlock_18" HPOS="332" VPOS="1815" HEIGHT="137" WIDTH="1723">
          <TextLine ID="TextLine_26" HPOS="332" VPOS="1815" HEIGHT="87" WIDTH="1723">
            <String ID="Textword_75" HPOS="332" VPOS="1816" HEIGHT="65" WIDTH="46" CONTENT="in" WC="0.92" />
            <String ID="Textword_76" HPOS="426" VPOS="1817" HEIGHT="85" WIDTH="264" CONTENT="Linoleum," WC="0.92" />
            <String ID="Textword_77" HPOS="725" VPOS="1817" HEIGHT="71" WIDTH="102" CONTENT="Uni," WC="0.93" />
            <String ID="Textword_78" HPOS="879" VPOS="1816" HEIGHT="74" WIDTH="149" CONTENT="Kork," WC="0.93" />
            <String ID="Textword_79" HPOS="1073" VPOS="1815" HEIGHT="73" WIDTH="231" CONTENT="Granité," WC="0.92" />
            <String ID="Textword_80" HPOS="1340" VPOS="1815" HEIGHT="85" WIDTH="170" CONTENT="Inlaid," WC="0.91" />
            <String ID="Textword_81" HPOS="1543" VPOS="1815" HEIGHT="64" WIDTH="161" CONTENT="Moiré" WC="0.93" />
            <String ID="Textword_82" HPOS="1737" VPOS="1815" HEIGHT="64" WIDTH="97" CONTENT="und" WC="0.88" />
            <String ID="Textword_83" HPOS="1881" VPOS="1815" HEIGHT="83" WIDTH="174" CONTENT="Jaspé." WC="0.88" />
          </TextLine>
          <TextLine ID="TextLine_27" HPOS="464" VPOS="1902" HEIGHT="50" WIDTH="1275">
            <String ID="Textword_84" HPOS="464" VPOS="1934" HEIGHT="2" WIDTH="2" CONTENT=":" WC="0.74" />
            <String ID="Textword_85" HPOS="611" VPOS="1902" HEIGHT="1" WIDTH="5" CONTENT="“" WC="0.43" />
            <String ID="Textword_86" HPOS="647" VPOS="1913" HEIGHT="33" WIDTH="228" CONTENT="Uebernahme" WC="0.87" />
            <String ID="Textword_87" HPOS="907" VPOS="1912" HEIGHT="31" WIDTH="163" CONTENT="einzelner" WC="0.96" />
            <String ID="Textword_88" HPOS="1091" VPOS="1906" HEIGHT="44" WIDTH="140" CONTENT="Räume," WC="0.96" />
            <String ID="Textword_89" HPOS="1265" VPOS="1911" HEIGHT="32" WIDTH="101" CONTENT="sowie" WC="0.96" />
            <String ID="Textword_90" HPOS="1390" VPOS="1921" HEIGHT="31" WIDTH="121" CONTENT="ganzer" WC="0.96" />
            <String ID="Textword_91" HPOS="1533" VPOS="1911" HEIGHT="32" WIDTH="206" CONTENT="Neubauten." WC="0.96" />
          </TextLine>
        </TextBlock>
        <TextBlock ID="TextBlock_19" HPOS="649" VPOS="1963" HEIGHT="52" WIDTH="1091">
          <TextLine ID="TextLine_28" HPOS="649" VPOS="1963" HEIGHT="52" WIDTH="1091">
            <String ID="Textword_92" HPOS="649" VPOS="1975" HEIGHT="32" WIDTH="83" CONTENT="BE" WC="0.28" />
            <String ID="Textword_93" HPOS="767" VPOS="1974" HEIGHT="33" WIDTH="262" CONTENT="Garantie" WC="0.95" />
            <String ID="Textword_94" HPOS="1063" VPOS="1973" HEIGHT="32" WIDTH="76" CONTENT="für" WC="0.93" />
            <String ID="Textword_95" HPOS="1172" VPOS="1963" HEIGHT="42" WIDTH="235" CONTENT="tadelloses" WC="0.90" />
            <String ID="Textword_96" HPOS="1438" VPOS="1973" HEIGHT="42" WIDTH="175" CONTENT="Liegen." WC="0.95" />
            <String ID="Textword_97" HPOS="1637" VPOS="1972" HEIGHT="42" WIDTH="103" CONTENT="&quot;BE" WC="0.62" />
          </TextLine>
        </TextBlock>
        <TextBlock ID="TextBlock_20" HPOS="541" VPOS="2043" HEIGHT="95" WIDTH="1315">
          <TextLine ID="TextLine_29" HPOS="541" VPOS="2043" HEIGHT="43" WIDTH="1315">
            <String ID="Textword_98" HPOS="541" VPOS="2047" HEIGHT="32" WIDTH="255" CONTENT="Aeusserste" WC="0.92" />
            <String ID="Textword_99" HPOS="834" VPOS="2044" HEIGHT="41" WIDTH="312" CONTENT="Fabrikpreise" WC="0.92" />
            <String ID="Textword_100" HPOS="1183" VPOS="2044" HEIGHT="32" WIDTH="71" CONTENT="bei" WC="0.96" />
            <String ID="Textword_101" HPOS="1293" VPOS="2045" HEIGHT="41" WIDTH="229" CONTENT="grösseren" WC="0.93" />
            <String ID="Textword_102" HPOS="1559" VPOS="2043" HEIGHT="42" WIDTH="297" CONTENT="Quantitäten." WC="0.89" />
          </TextLine>
          <TextLine ID="TextLine_30" HPOS="722" VPOS="2098" HEIGHT="40" WIDTH="953">
            <String ID="Textword_103" HPOS="722" VPOS="2100" HEIGHT="32" WIDTH="72" CONTENT="Von" WC="0.92" />
            <String ID="Textword_104" HPOS="818" VPOS="2101" HEIGHT="30" WIDTH="179" CONTENT="couranten" WC="0.92" />
            <String ID="Textword_105" HPOS="1022" VPOS="2099" HEIGHT="32" WIDTH="117" CONTENT="Sorten" WC="0.96" />
            <String ID="Textword_106" HPOS="1164" VPOS="2098" HEIGHT="31" WIDTH="44" CONTENT="ist" WC="0.95" />
            <String ID="Textword_107" HPOS="1232" VPOS="2100" HEIGHT="29" WIDTH="85" CONTENT="stets" WC="0.95" />
            <String ID="Textword_108" HPOS="1342" VPOS="2098" HEIGHT="40" WIDTH="109" CONTENT="Lager" WC="0.96" />
            <String ID="Textword_109" HPOS="1474" VPOS="2098" HEIGHT="32" WIDTH="201" CONTENT="vorhanden." WC="0.96" />
          </TextLine>
        </TextBlock>
        <TextBlock ID="TextBlock_21" HPOS="331" VPOS="1144" HEIGHT="16" WIDTH="1726">
          <TextLine ID="TextLine_31" HPOS="331" VPOS="1144" HEIGHT="16" WIDTH="1726">
            <SP ID="Textword_9" HPOS="331" VPOS="1144" />
            <String ID="Textword_110" HPOS="331" VPOS="1144" HEIGHT="16" WIDTH="1726" CONTENT=" " WC="0.95" />
          </TextLine>
        </TextBlock>
        <TextBlock ID="TextBlock_22" HPOS="332" VPOS="2164" HEIGHT="14" WIDTH="1727">
          <TextLine ID="TextLine_32" HPOS="332" VPOS="2164" HEIGHT="14" WIDTH="1727">
            <SP ID="Textword_10" HPOS="332" VPOS="2164" />
            <String ID="Textword_111" HPOS="332" VPOS="2164" HEIGHT="14" WIDTH="1727" CONTENT=" " WC="0.95" />
          </TextLine>
        </TextBlock>
        <TextBlock ID="TextBlock_23" HPOS="1508" VPOS="2202" HEIGHT="20" WIDTH="555">
          <TextLine ID="TextLine_33" HPOS="1508" VPOS="2202" HEIGHT="20" WIDTH="555">
            <SP ID="Textword_11" HPOS="1508" VPOS="2202" />
            <String ID="Textword_112" HPOS="1508" VPOS="2202" HEIGHT="20" WIDTH="555" CONTENT=" " WC="0.95" />
          </TextLine>
        </TextBlock>
        <TextBlock ID="TextBlock_24" HPOS="1547" VPOS="2233" HEIGHT="67" WIDTH="490">
          <TextLine ID="TextLine_34" HPOS="1547" VPOS="2233" HEIGHT="67" WIDTH="490">
            <String ID="Textword_113" HPOS="1547" VPOS="2233" HEIGHT="67" WIDTH="490" CONTENT="Buchhaltung." WC="0.96" />
          </TextLine>
        </TextBlock>
        <TextBlock ID="TextBlock_25" HPOS="1508" VPOS="2310" HEIGHT="313" WIDTH="559">
          <TextLine ID="TextLine_35" HPOS="1508" VPOS="2310" HEIGHT="34" WIDTH="555">
            <String ID="Textword_114" HPOS="1508" VPOS="2313" HEIGHT="26" WIDTH="72" CONTENT="nach" WC="0.96" />
            <String ID="Textword_115" HPOS="1599" VPOS="2312" HEIGHT="27" WIDTH="72" CONTENT="allen" WC="0.95" />
            <String ID="Textword_116" HPOS="1683" VPOS="2311" HEIGHT="33" WIDTH="142" CONTENT="Systemen" WC="0.95" />
            <String ID="Textword_117" HPOS="1840" VPOS="2310" HEIGHT="27" WIDTH="56" CONTENT="und" WC="0.96" />
            <String ID="Textword_118" HPOS="1905" VPOS="2310" HEIGHT="34" WIDTH="93" CONTENT="jedem" WC="0.93" />
            <String ID="Textword_119" HPOS="2011" VPOS="2310" HEIGHT="27" WIDTH="52" CONTENT="Ge-" WC="0.93" />
          </TextLine>
          <TextLine ID="TextLine_36" HPOS="1509" VPOS="2346" HEIGHT="35" WIDTH="555">
            <String ID="Textword_120" HPOS="1509" VPOS="2347" HEIGHT="27" WIDTH="207" CONTENT="schäftsbetrieb" WC="0.92" />
            <String ID="Textword_121" HPOS="1771" VPOS="2348" HEIGHT="33" WIDTH="157" CONTENT="angepasst," WC="0.36" />
            <String ID="Textword_122" HPOS="1976" VPOS="2346" HEIGHT="26" WIDTH="88" CONTENT="Nach-" WC="0.77" />
          </TextLine>
          <TextLine ID="TextLine_37" HPOS="1509" VPOS="2381" HEIGHT="37" WIDTH="554">
            <String ID="Textword_123" HPOS="1509" VPOS="2386" HEIGHT="32" WIDTH="122" CONTENT="tragung" WC="0.88" />
            <String ID="Textword_124" HPOS="1672" VPOS="2391" HEIGHT="19" WIDTH="53" CONTENT="von." WC="0.94" />
            <String ID="Textword_125" HPOS="1766" VPOS="2382" HEIGHT="34" WIDTH="134" CONTENT="Büchern," WC="0.93" />
            <String ID="Textword_126" HPOS="1945" VPOS="2381" HEIGHT="27" WIDTH="118" CONTENT="Bücher-" WC="0.78" />
          </TextLine>
          <TextLine ID="TextLine_38" HPOS="1510" VPOS="2418" HEIGHT="33" WIDTH="554">
            <String ID="Textword_127" HPOS="1510" VPOS="2427" HEIGHT="18" WIDTH="33" CONTENT="ex" WC="0.93" />
            <String ID="Textword_128" HPOS="1564" VPOS="2420" HEIGHT="25" WIDTH="103" CONTENT="ertisen-" WC="0.92" />
            <String ID="Textword_129" HPOS="1708" VPOS="2418" HEIGHT="26" WIDTH="55" CONTENT="und" WC="0.92" />
            <String ID="Textword_130" HPOS="1806" VPOS="2418" HEIGHT="33" WIDTH="161" CONTENT="Erstellung" WC="0.45" />
            <String ID="Textword_131" HPOS="2009" VPOS="2425" HEIGHT="19" WIDTH="55" CONTENT="von" WC="0.95" />
          </TextLine>
          <TextLine ID="TextLine_39" HPOS="1510" VPOS="2453" HEIGHT="35" WIDTH="555">
            <String ID="Textword_132" HPOS="1510" VPOS="2454" HEIGHT="27" WIDTH="134" CONTENT="Bilanzen" WC="0.95" />
            <String ID="Textword_133" HPOS="1671" VPOS="2453" HEIGHT="35" WIDTH="110" CONTENT="besorgt" WC="0.96" />
            <String ID="Textword_134" HPOS="1808" VPOS="2453" HEIGHT="34" WIDTH="170" CONTENT="zuverlässig" WC="0.96" />
            <String ID="Textword_135" HPOS="2007" VPOS="2453" HEIGHT="26" WIDTH="58" CONTENT="und" WC="0.95" />
          </TextLine>
          <TextLine ID="TextLine_40" HPOS="1510" VPOS="2488" HEIGHT="41" WIDTH="555">
            <String ID="Textword_136" HPOS="1510" VPOS="2488" HEIGHT="41" WIDTH="429" CONTENT="diskretE.Muggli-Isler," WC="0.73" />
            <String ID="Textword_137" HPOS="1945" VPOS="2488" HEIGHT="26" WIDTH="120" CONTENT="Bücher-" WC="0.91" />
          </TextLine>
          <TextLine ID="TextLine_41" HPOS="1511" VPOS="2523" HEIGHT="35" WIDTH="555">
            <String ID="Textword_138" HPOS="1511" VPOS="2526" HEIGHT="32" WIDTH="111" CONTENT="experte" WC="0.92" />
            <String ID="Textword_139" HPOS="1630" VPOS="2525" HEIGHT="32" WIDTH="95" CONTENT="(ehem." WC="0.93" />
            <String ID="Textword_140" HPOS="1731" VPOS="2523" HEIGHT="26" WIDTH="145" CONTENT="Prokurist" WC="0.96" />
            <String ID="Textword_141" HPOS="1881" VPOS="2523" HEIGHT="26" WIDTH="48" CONTENT="der" WC="0.96" />
            <String ID="Textword_142" HPOS="1934" VPOS="2523" HEIGHT="27" WIDTH="132" CONTENT="Schweiz," WC="0.95" />
          </TextLine>
          <TextLine ID="TextLine_42" HPOS="1512" VPOS="2557" HEIGHT="36" WIDTH="422">
            <String ID="Textword_143" HPOS="1512" VPOS="2559" HEIGHT="34" WIDTH="171" CONTENT="Volksbänk)" WC="0.88" />
            <String ID="Textword_144" HPOS="1701" VPOS="2557" HEIGHT="29" WIDTH="146" CONTENT="Zürich" WC="0.96" />
            <String ID="Textword_145" HPOS="1865" VPOS="2557" HEIGHT="28" WIDTH="69" CONTENT="IV." WC="0.92" />
          </TextLine>
          <TextLine ID="TextLine_43" HPOS="1512" VPOS="2601" HEIGHT="22" WIDTH="555">
            <String ID="Textword_146" HPOS="1512" VPOS="2601" HEIGHT="22" WIDTH="555" CONTENT="HEINE" WC="0.43" />
          </TextLine>
        </TextBlock>
        <TextBlock ID="TextBlock_26" HPOS="1542" VPOS="2678" HEIGHT="86" WIDTH="492">
          <TextLine ID="TextLine_44" HPOS="1542" VPOS="2678" HEIGHT="86" WIDTH="492">
            <String ID="Textword_147" HPOS="1542" VPOS="2679" HEIGHT="85" WIDTH="228" CONTENT="Gegenstrom" WC="0.87" />
            <String ID="Textword_148" HPOS="1782" VPOS="2714" HEIGHT="12" WIDTH="18" CONTENT="-" WC="0.87" />
            <String ID="Textword_149" HPOS="1811" VPOS="2678" HEIGHT="73" WIDTH="223" CONTENT="Vorwärmer" WC="0.90" />
          </TextLine>
        </TextBlock>
        <TextBlock ID="TextBlock_27" HPOS="1575" VPOS="2763" HEIGHT="25" WIDTH="399">
          <TextLine ID="TextLine_45" HPOS="1575" VPOS="2763" HEIGHT="25" WIDTH="399">
            <String ID="Textword_150" HPOS="1575" VPOS="2766" HEIGHT="20" WIDTH="28" CONTENT="D." WC="0.82" />
            <String ID="Textword_151" HPOS="1614" VPOS="2765" HEIGHT="21" WIDTH="28" CONTENT="R." WC="0.82" />
            <String ID="Textword_152" HPOS="1654" VPOS="2765" HEIGHT="21" WIDTH="18" CONTENT="P" WC="0.89" />
            <String ID="Textword_153" HPOS="1696" VPOS="2764" HEIGHT="21" WIDTH="46" CONTENT="und" WC="0.93" />
            <String ID="Textword_154" HPOS="1756" VPOS="2764" HEIGHT="24" WIDTH="114" CONTENT="Schweiz." WC="0.92" />
            <String ID="Textword_155" HPOS="1880" VPOS="2763" HEIGHT="21" WIDTH="94" CONTENT="Patent." WC="0.96" />
          </TextLine>
        </TextBlock>
        <TextBlock ID="TextBlock_28" HPOS="426" VPOS="2481" HEIGHT="181" WIDTH="945">
          <TextLine ID="TextLine_46" HPOS="426" VPOS="2481" HEIGHT="181" WIDTH="945">
            <String ID="Textword_156" HPOS="426" VPOS="2481" HEIGHT="181" WIDTH="945" CONTENT="Diesel-Motoren" WC="0.92" />
          </TextLine>
        </TextBlock>
        <TextBlock ID="TextBlock_29" HPOS="677" VPOS="2720" HEIGHT="35" WIDTH="441">
          <TextLine ID="TextLine_47" HPOS="677" VPOS="2720" HEIGHT="35" WIDTH="441">
            <String ID="Textword_157" HPOS="677" VPOS="2721" HEIGHT="34" WIDTH="215" CONTENT="(Eingetragene" WC="0.91" />
            <String ID="Textword_158" HPOS="910" VPOS="2720" HEIGHT="33" WIDTH="208" CONTENT="Schutzmarke)" WC="0.92" />
          </TextLine>
        </TextBlock>
        <TextBlock ID="TextBlock_30" HPOS="637" VPOS="2781" HEIGHT="107" WIDTH="517">
          <TextLine ID="TextLine_48" HPOS="637" VPOS="2781" HEIGHT="36" WIDTH="517">
            <String ID="Textword_159" HPOS="637" VPOS="2783" HEIGHT="34" WIDTH="242" CONTENT="Wirtschaftlich" WC="0.89" />
            <String ID="Textword_160" HPOS="904" VPOS="2781" HEIGHT="35" WIDTH="250" CONTENT="vorteilhafteste" WC="0.91" />
          </TextLine>
          <TextLine ID="TextLine_49" HPOS="695" VPOS="2846" HEIGHT="42" WIDTH="382">
            <String ID="Textword_161" HPOS="695" VPOS="2846" HEIGHT="42" WIDTH="382" CONTENT="Verbrennungsmotoren" WC="0.90" />
          </TextLine>
        </TextBlock>
        <TextBlock ID="TextBlock_31" HPOS="1511" VPOS="2639" HEIGHT="9" WIDTH="557">
          <TextLine ID="TextLine_50" HPOS="1511" VPOS="2639" HEIGHT="9" WIDTH="557">
            <SP ID="Textword_12" HPOS="1511" VPOS="2639" />
            <String ID="Textword_162" HPOS="1511" VPOS="2639" HEIGHT="9" WIDTH="557" CONTENT=" " WC="0.95" />
          </TextLine>
        </TextBlock>
        <TextBlock ID="TextBlock_32" HPOS="743" VPOS="2917" HEIGHT="87" WIDTH="299">
          <TextLine ID="TextLine_51" HPOS="743" VPOS="2917" HEIGHT="31" WIDTH="299">
            <String ID="Textword_163" HPOS="743" VPOS="2942" HEIGHT="6" WIDTH="8" CONTENT="." WC="0.93" />
            <String ID="Textword_164" HPOS="768" VPOS="2926" HEIGHT="18" WIDTH="61" CONTENT="zum" WC="0.93" />
            <String ID="Textword_165" HPOS="848" VPOS="2917" HEIGHT="27" WIDTH="125" CONTENT="Betriebe" WC="0.90" />
            <String ID="Textword_166" HPOS="992" VPOS="2917" HEIGHT="26" WIDTH="50" CONTENT="mit" WC="0.96" />
          </TextLine>
          <TextLine ID="TextLine_52" HPOS="832" VPOS="2970" HEIGHT="34" WIDTH="145">
            <String ID="Textword_167" HPOS="832" VPOS="2970" HEIGHT="34" WIDTH="145" CONTENT="billigen" WC="0.90" />
          </TextLine>
        </TextBlock>
        <TextBlock ID="TextBlock_33" HPOS="1577" VPOS="3033" HEIGHT="30" WIDTH="102">
          <TextLine ID="TextLine_53" HPOS="1577" VPOS="3033" HEIGHT="30" WIDTH="102">
            <String ID="Textword_168" HPOS="1577" VPOS="3033" HEIGHT="30" WIDTH="102" CONTENT="einfachste" WC="0.94" />
          </TextLine>
        </TextBlock>
        <TextBlock ID="TextBlock_34" HPOS="1730" VPOS="2812" HEIGHT="544" WIDTH="130">
          <TextLine ID="TextLine_54" HPOS="1730" VPOS="2812" HEIGHT="544" WIDTH="130">
            <SP ID="Textword_13" HPOS="1730" VPOS="2812" />
            <String ID="Textword_169" HPOS="1730" VPOS="2812" HEIGHT="544" WIDTH="130" CONTENT=" " WC="0.95" />
          </TextLine>
        </TextBlock>
        <TextBlock ID="TextBlock_35" HPOS="468" VPOS="3023" HEIGHT="376" WIDTH="1531">
          <TextLine ID="TextLine_55" HPOS="727" VPOS="3023" HEIGHT="36" WIDTH="350">
            <String ID="Textword_170" HPOS="727" VPOS="3025" HEIGHT="34" WIDTH="131" CONTENT="flüssigen" WC="0.92" />
            <String ID="Textword_171" HPOS="877" VPOS="3023" HEIGHT="28" WIDTH="200" CONTENT="Brennstoffen." WC="0.91" />
          </TextLine>
          <TextLine ID="TextLine_56" HPOS="890" VPOS="3048" HEIGHT="63" WIDTH="1102">
            <String ID="Textword_172" HPOS="890" VPOS="3105" HEIGHT="6" WIDTH="27" CONTENT="i" WC="0.26" />
            <String ID="Textword_173" HPOS="1576" VPOS="3069" HEIGHT="29" WIDTH="36" CONTENT="und" WC="0.89" />
            <String ID="Textword_174" HPOS="1625" VPOS="3069" HEIGHT="30" WIDTH="53" CONTENT="beste" WC="0.62" />
            <String ID="Textword_175" HPOS="1918" VPOS="3048" HEIGHT="30" WIDTH="74" CONTENT="bios" WC="0.00" />
          </TextLine>
          <TextLine ID="TextLine_57" HPOS="824" VPOS="3093" HEIGHT="41" WIDTH="1175">
            <String ID="Textword_176" HPOS="824" VPOS="3109" HEIGHT="12" WIDTH="158" CONTENT="pren" WC="0.00" />
            <String ID="Textword_177" HPOS="1564" VPOS="3104" HEIGHT="30" WIDTH="131" CONTENT="Konstruktion" WC="0.87" />
            <String ID="Textword_178" HPOS="1913" VPOS="3093" HEIGHT="35" WIDTH="86" CONTENT="Leistung" WC="0.56" />
          </TextLine>
          <TextLine ID="TextLine_58" HPOS="587" VPOS="3184" HEIGHT="38" WIDTH="1330">
            <String ID="Textword_179" HPOS="587" VPOS="3187" HEIGHT="35" WIDTH="139" CONTENT="Alleinige" WC="0.92" />
            <String ID="Textword_180" HPOS="745" VPOS="3186" HEIGHT="27" WIDTH="184" CONTENT="Fabrikanten" WC="0.92" />
            <String ID="Textword_181" HPOS="948" VPOS="3185" HEIGHT="26" WIDTH="45" CONTENT="für" WC="0.96" />
            <String ID="Textword_182" HPOS="1012" VPOS="3185" HEIGHT="26" WIDTH="43" CONTENT="die" WC="0.96" />
            <String ID="Textword_183" HPOS="1073" VPOS="3184" HEIGHT="26" WIDTH="134" CONTENT="Schweiz:" WC="0.96" />
            <String ID="Textword_184" HPOS="1880" VPOS="3207" HEIGHT="14" WIDTH="37" CONTENT="ner" WC="0.36" />
          </TextLine>
          <TextLine ID="TextLine_59" HPOS="1809" VPOS="3222" HEIGHT="28" WIDTH="128">
            <String ID="Textword_185" HPOS="1809" VPOS="3220" HEIGHT="30" WIDTH="44" CONTENT="DRE" WC="0.10" />
            <String ID="Textword_186" HPOS="0" VPOS="0" HEIGHT="4976" WIDTH="3392" CONTENT="AUS" WC="0.33" />
            <String ID="Textword_187" HPOS="1857" VPOS="3222" HEIGHT="28" WIDTH="80" CONTENT="TETE" WC="0.00" />
          </TextLine>
          <TextLine ID="TextLine_60" HPOS="468" VPOS="3256" HEIGHT="135" WIDTH="702">
            <String ID="Textword_188" HPOS="468" VPOS="3260" HEIGHT="131" WIDTH="55" CONTENT="G" WC="0.85" />
            <String ID="Textword_189" HPOS="600" VPOS="3260" HEIGHT="129" WIDTH="51" CONTENT="O" WC="0.50" />
            <String ID="Textword_190" HPOS="726" VPOS="3265" HEIGHT="22" WIDTH="44" CONTENT="U" WC="0.55" />
            <String ID="Textword_191" HPOS="786" VPOS="3259" HEIGHT="129" WIDTH="51" CONTENT="d" WC="0.91" />
            <String ID="Textword_192" HPOS="1012" VPOS="3256" HEIGHT="131" WIDTH="55" CONTENT="$" WC="0.89" />
            <String ID="Textword_193" HPOS="1144" VPOS="3257" HEIGHT="127" WIDTH="26" CONTENT="|" WC="0.91" />
          </TextLine>
          <TextLine ID="TextLine_61" HPOS="541" VPOS="3289" HEIGHT="110" WIDTH="1329">
            <String ID="Textword_194" HPOS="541" VPOS="3294" HEIGHT="96" WIDTH="47" CONTENT="e" WC="0.92" />
            <String ID="Textword_195" HPOS="667" VPOS="3295" HEIGHT="92" WIDTH="42" CONTENT="{" WC="0.53" />
            <String ID="Textword_196" HPOS="721" VPOS="3296" HEIGHT="92" WIDTH="51" CONTENT="U" WC="0.47" />
            <String ID="Textword_197" HPOS="851" VPOS="3292" HEIGHT="96" WIDTH="46" CONTENT="e" WC="0.80" />
            <String ID="Textword_198" HPOS="911" VPOS="3293" HEIGHT="92" WIDTH="43" CONTENT="i" WC="0.48" />
            <String ID="Textword_199" HPOS="1080" VPOS="3292" HEIGHT="93" WIDTH="51" CONTENT="Ul" WC="0.44" />
            <String ID="Textword_200" HPOS="1182" VPOS="3292" HEIGHT="92" WIDTH="57" CONTENT="L" WC="0.81" />
            <String ID="Textword_201" HPOS="1254" VPOS="3289" HEIGHT="96" WIDTH="46" CONTENT="6" WC="0.78" />
            <String ID="Textword_202" HPOS="1314" VPOS="3290" HEIGHT="93" WIDTH="43" CONTENT="f" WC="0.74" />
            <String ID="Textword_203" HPOS="1709" VPOS="3371" HEIGHT="27" WIDTH="128" CONTENT="Vertreter" WC="0.91" />
            <String ID="Textword_204" HPOS="1838" VPOS="3381" HEIGHT="18" WIDTH="32" CONTENT=":" WC="0.93" />
          </TextLine>
        </TextBlock>
        <TextBlock ID="TextBlock_36" HPOS="739" VPOS="3415" HEIGHT="54" WIDTH="1248">
          <TextLine ID="TextLine_62" HPOS="739" VPOS="3415" HEIGHT="54" WIDTH="1248">
            <String ID="Textword_205" HPOS="739" VPOS="3415" HEIGHT="37" WIDTH="327" CONTENT="WINTERTHUR." WC="0.90" />
            <String ID="Textword_206" HPOS="1597" VPOS="3418" HEIGHT="48" WIDTH="188" CONTENT="$chmassmann" WC="0.54" />
            <String ID="Textword_207" HPOS="1799" VPOS="3420" HEIGHT="41" WIDTH="19" CONTENT="&amp;" WC="0.93" />
            <String ID="Textword_208" HPOS="1832" VPOS="3417" HEIGHT="52" WIDTH="44" CONTENT="Co.," WC="0.64" />
            <String ID="Textword_209" HPOS="1891" VPOS="3417" HEIGHT="45" WIDTH="96" CONTENT="Zürich," WC="0.76" />
          </TextLine>
        </TextBlock>
        <TextBlock ID="TextBlock_37" HPOS="1558" VPOS="3470" HEIGHT="83" WIDTH="519">
          <TextLine ID="TextLine_63" HPOS="1558" VPOS="3470" HEIGHT="54" WIDTH="449">
            <String ID="Textword_210" HPOS="1558" VPOS="3472" HEIGHT="44" WIDTH="32" CONTENT="F." WC="0.93" />
            <String ID="Textword_211" HPOS="1608" VPOS="3470" HEIGHT="51" WIDTH="143" CONTENT="Mattick," WC="0.84" />
            <String ID="Textword_212" HPOS="1764" VPOS="3479" HEIGHT="39" WIDTH="104" CONTENT="Pulsuits" WC="0.43" />
            <String ID="Textword_213" HPOS="1879" VPOS="3480" HEIGHT="44" WIDTH="37" CONTENT="21," WC="0.94" />
            <String ID="Textword_214" HPOS="1929" VPOS="3481" HEIGHT="37" WIDTH="78" CONTENT="Sachs." WC="0.95" />
          </TextLine>
          <TextLine ID="TextLine_64" HPOS="1668" VPOS="3532" HEIGHT="21" WIDTH="409">
            <String ID="Textword_215" HPOS="1668" VPOS="3532" HEIGHT="21" WIDTH="409" CONTENT="PES" WC="0.10" />
          </TextLine>
        </TextBlock>
        <TextBlock ID="TextBlock_38" HPOS="538" VPOS="3548" HEIGHT="82" WIDTH="748">
          <TextLine ID="TextLine_65" HPOS="538" VPOS="3548" HEIGHT="33" WIDTH="748">
            <String ID="Textword_216" HPOS="538" VPOS="3554" HEIGHT="27" WIDTH="52" CONTENT="Die" WC="0.93" />
            <String ID="Textword_217" HPOS="602" VPOS="3554" HEIGHT="27" WIDTH="125" CONTENT="Motoren" WC="0.91" />
            <String ID="Textword_218" HPOS="746" VPOS="3553" HEIGHT="26" WIDTH="108" CONTENT="werden" WC="0.96" />
            <String ID="Textword_219" HPOS="872" VPOS="3552" HEIGHT="27" WIDTH="29" CONTENT="in" WC="0.93" />
            <String ID="Textword_220" HPOS="914" VPOS="3551" HEIGHT="27" WIDTH="118" CONTENT="Grässen" WC="0.92" />
            <String ID="Textword_221" HPOS="1050" VPOS="3558" HEIGHT="19" WIDTH="54" CONTENT="von" WC="0.96" />
            <String ID="Textword_222" HPOS="1123" VPOS="3549" HEIGHT="26" WIDTH="34" CONTENT="20" WC="0.92" />
            <String ID="Textword_223" HPOS="1170" VPOS="3548" HEIGHT="28" WIDTH="68" CONTENT="P.S." WC="0.89" />
            <String ID="Textword_224" HPOS="1252" VPOS="3556" HEIGHT="19" WIDTH="34" CONTENT="an" WC="0.96" />
          </TextLine>
          <TextLine ID="TextLine_66" HPOS="752" VPOS="3595" HEIGHT="35" WIDTH="322">
            <String ID="Textword_225" HPOS="752" VPOS="3597" HEIGHT="27" WIDTH="132" CONTENT="aufwärts" WC="0.92" />
            <String ID="Textword_226" HPOS="903" VPOS="3595" HEIGHT="35" WIDTH="171" CONTENT="ausgeführt." WC="0.92" />
          </TextLine>
        </TextBlock>
        <TextBlock ID="TextBlock_39" HPOS="1522" VPOS="3569" HEIGHT="10" WIDTH="557">
          <TextLine ID="TextLine_67" HPOS="1522" VPOS="3569" HEIGHT="10" WIDTH="557">
            <SP ID="Textword_14" HPOS="1522" VPOS="3569" />
            <String ID="Textword_227" HPOS="1522" VPOS="3569" HEIGHT="10" WIDTH="557" CONTENT=" " WC="0.95" />
          </TextLine>
        </TextBlock>
        <TextBlock ID="TextBlock_40" HPOS="1565" VPOS="3605" HEIGHT="49" WIDTH="462">
          <TextLine ID="TextLine_68" HPOS="1565" VPOS="3605" HEIGHT="45" WIDTH="462">
            <String ID="Textword_228" HPOS="1561" VPOS="3601" HEIGHT="42" WIDTH="201" CONTENT="HE" WC="0.49" />
            <String ID="Textword_229" HPOS="1764" VPOS="3605" HEIGHT="45" WIDTH="263" CONTENT="EEE" WC="0.34" />
          </TextLine>
          <TextLine ID="TextLine_69" HPOS="1637" VPOS="3628" HEIGHT="26" WIDTH="323">
            <String ID="Textword_230" HPOS="1637" VPOS="3628" HEIGHT="26" WIDTH="49" CONTENT="ZZ" WC="0.70" />
            <String ID="Textword_231" HPOS="1955" VPOS="3648" HEIGHT="3" WIDTH="5" CONTENT="i" WC="0.30" />
          </TextLine>
        </TextBlock>
        <TextBlock ID="TextBlock_41" HPOS="1620" VPOS="3726" HEIGHT="78" WIDTH="346">
          <TextLine ID="TextLine_70" HPOS="1620" VPOS="3726" HEIGHT="78" WIDTH="346">
            <String ID="Textword_232" HPOS="1620" VPOS="3726" HEIGHT="70" WIDTH="137" CONTENT="Hans" WC="0.65" />
            <String ID="Textword_233" HPOS="1768" VPOS="3716" HEIGHT="88" WIDTH="198" CONTENT="Stickelber" WC="0.90" />
          </TextLine>
        </TextBlock>
        <TextBlock ID="TextBlock_42" HPOS="1662" VPOS="3785" HEIGHT="39" WIDTH="366">
          <TextLine ID="TextLine_71" HPOS="1662" VPOS="3785" HEIGHT="39" WIDTH="366">
            <String ID="Textword_234" HPOS="1662" VPOS="3785" HEIGHT="39" WIDTH="173" CONTENT="(BASEL" WC="0.29" />
            <String ID="Textword_235" HPOS="1844" VPOS="3801" HEIGHT="21" WIDTH="184" CONTENT="Leonhardstr34" WC="0.41" />
          </TextLine>
        </TextBlock>
        <TextBlock ID="TextBlock_43" HPOS="1930" VPOS="3718" HEIGHT="77" WIDTH="97">
          <TextLine ID="TextLine_72" HPOS="1930" VPOS="3718" HEIGHT="77" WIDTH="97">
            <String ID="Textword_236" HPOS="1930" VPOS="3718" HEIGHT="77" WIDTH="97" CONTENT="erger" WC="0.91" />
          </TextLine>
        </TextBlock>
        <TextBlock ID="TextBlock_44" HPOS="1524" VPOS="3842" HEIGHT="9" WIDTH="558">
          <TextLine ID="TextLine_73" HPOS="1524" VPOS="3842" HEIGHT="9" WIDTH="558">
            <SP ID="Textword_15" HPOS="1524" VPOS="3842" />
            <String ID="Textword_237" HPOS="1524" VPOS="3842" HEIGHT="9" WIDTH="558" CONTENT=" " WC="0.95" />
          </TextLine>
        </TextBlock>
        <TextBlock ID="TextBlock_45" HPOS="316" VPOS="2198" HEIGHT="1716" WIDTH="1182">
          <TextLine ID="TextLine_74" HPOS="316" VPOS="2198" HEIGHT="1716" WIDTH="1182">
            <SP ID="Textword_16" HPOS="316" VPOS="2198" />
            <String ID="Textword_238" HPOS="316" VPOS="2198" HEIGHT="1716" WIDTH="1182" CONTENT=" " WC="0.95" />
          </TextLine>
        </TextBlock>
        <TextBlock ID="TextBlock_46" HPOS="348" VPOS="3932" HEIGHT="13" WIDTH="1144">
          <TextLine ID="TextLine_75" HPOS="348" VPOS="3932" HEIGHT="13" WIDTH="1144">
            <SP ID="Textword_17" HPOS="348" VPOS="3932" />
            <String ID="Textword_239" HPOS="348" VPOS="3932" HEIGHT="13" WIDTH="1144" CONTENT=" " WC="0.95" />
          </TextLine>
        </TextBlock>
        <TextBlock ID="TextBlock_47" HPOS="758" VPOS="3979" HEIGHT="42" WIDTH="331">
          <TextLine ID="TextLine_76" HPOS="758" VPOS="3979" HEIGHT="42" WIDTH="331">
            <String ID="Textword_240" HPOS="758" VPOS="3982" HEIGHT="39" WIDTH="61" CONTENT="Zu" WC="0.96" />
            <String ID="Textword_241" HPOS="847" VPOS="3979" HEIGHT="42" WIDTH="242" CONTENT="verkaufen" WC="0.96" />
          </TextLine>
        </TextBlock>
        <TextBlock ID="TextBlock_48" HPOS="492" VPOS="4047" HEIGHT="95" WIDTH="859">
          <TextLine ID="TextLine_77" HPOS="492" VPOS="4047" HEIGHT="95" WIDTH="859">
            <String ID="Textword_242" HPOS="492" VPOS="4047" HEIGHT="128" WIDTH="194" CONTENT="ein" WC="0.96" />
            <String ID="Textword_243" HPOS="757" VPOS="4047" HEIGHT="92" WIDTH="594" CONTENT="Anwesen" WC="0.96" />
          </TextLine>
        </TextBlock>
        <TextBlock ID="TextBlock_49" HPOS="1523" VPOS="3986" HEIGHT="133" WIDTH="558">
          <TextLine ID="TextLine_78" HPOS="1523" VPOS="3986" HEIGHT="133" WIDTH="558">
            <String ID="Textword_244" HPOS="1523" VPOS="3988" HEIGHT="131" WIDTH="308" CONTENT="Emaillierte" WC="0.71" />
            <String ID="Textword_245" HPOS="1846" VPOS="3986" HEIGHT="133" WIDTH="235" CONTENT="Schilder" WC="0.91" />
          </TextLine>
        </TextBlock>
        <TextBlock ID="TextBlock_50" HPOS="350" VPOS="4145" HEIGHT="168" WIDTH="1689">
          <TextLine ID="TextLine_79" HPOS="811" VPOS="4145" HEIGHT="48" WIDTH="1228">
            <String ID="Textword_246" HPOS="811" VPOS="4166" HEIGHT="27" WIDTH="150" CONTENT="bestehend" WC="0.96" />
            <String ID="Textword_247" HPOS="981" VPOS="4174" HEIGHT="19" WIDTH="49" CONTENT="aus" WC="0.92" />
            <String ID="Textword_248" HPOS="1042" VPOS="4176" HEIGHT="16" WIDTH="5" CONTENT=":" WC="0.91" />
            <String ID="Textword_249" HPOS="1602" VPOS="4145" HEIGHT="43" WIDTH="437" CONTENT="Reklame-Schilder" WC="0.91" />
          </TextLine>
          <TextLine ID="TextLine_80" HPOS="350" VPOS="4210" HEIGHT="36" WIDTH="1143">
            <String ID="Textword_250" HPOS="350" VPOS="4213" HEIGHT="30" WIDTH="234" CONTENT="Wohnhaus," WC="0.95" />
            <String ID="Textword_251" HPOS="624" VPOS="4221" HEIGHT="18" WIDTH="34" CONTENT="an" WC="0.96" />
            <String ID="Textword_252" HPOS="683" VPOS="4213" HEIGHT="26" WIDTH="46" CONTENT="der" WC="0.96" />
            <String ID="Textword_253" HPOS="748" VPOS="4212" HEIGHT="34" WIDTH="153" CONTENT="Kreuzung" WC="0.95" />
            <String ID="Textword_254" HPOS="926" VPOS="4211" HEIGHT="26" WIDTH="99" CONTENT="zweier" WC="0.93" />
            <String ID="Textword_255" HPOS="1043" VPOS="4211" HEIGHT="32" WIDTH="217" CONTENT="Hauptstrassen" WC="0.90" />
            <String ID="Textword_256" HPOS="1299" VPOS="4210" HEIGHT="34" WIDTH="108" CONTENT="gelegen," WC="0.93" />
            <String ID="Textword_257" HPOS="1427" VPOS="4210" HEIGHT="26" WIDTH="66" CONTENT="Par-" WC="0.92" />
          </TextLine>
          <TextLine ID="TextLine_81" HPOS="421" VPOS="4208" HEIGHT="74" WIDTH="1525">
            <String ID="Textword_258" HPOS="421" VPOS="4253" HEIGHT="25" WIDTH="73" CONTENT="terre" WC="0.96" />
            <String ID="Textword_259" HPOS="513" VPOS="4249" HEIGHT="27" WIDTH="57" CONTENT="und" WC="0.96" />
            <String ID="Textword_260" HPOS="588" VPOS="4231" HEIGHT="44" WIDTH="67" CONTENT="zwei" WC="0.86" />
            <String ID="Textword_261" HPOS="674" VPOS="4248" HEIGHT="34" WIDTH="186" CONTENT="Stockwerke," WC="0.96" />
            <String ID="Textword_262" HPOS="887" VPOS="4246" HEIGHT="27" WIDTH="51" CONTENT="mit" WC="0.96" />
            <String ID="Textword_263" HPOS="957" VPOS="4246" HEIGHT="26" WIDTH="34" CONTENT="20" WC="0.96" />
            <String ID="Textword_264" HPOS="1011" VPOS="4247" HEIGHT="25" WIDTH="135" CONTENT="Zimmern" WC="0.96" />
            <String ID="Textword_265" HPOS="1166" VPOS="4246" HEIGHT="26" WIDTH="54" CONTENT="und" WC="0.96" />
            <String ID="Textword_266" HPOS="1240" VPOS="4219" HEIGHT="53" WIDTH="127" CONTENT="era" WC="0.14" />
            <String ID="Textword_267" HPOS="1386" VPOS="4246" HEIGHT="27" WIDTH="106" CONTENT="Neben-" WC="0.92" />
            <String ID="Textword_268" HPOS="1604" VPOS="4208" HEIGHT="42" WIDTH="342" CONTENT="Strassentafeln" WC="0.90" />
          </TextLine>
          <TextLine ID="TextLine_82" HPOS="421" VPOS="4272" HEIGHT="41" WIDTH="1537">
            <String ID="Textword_269" HPOS="421" VPOS="4288" HEIGHT="25" WIDTH="122" CONTENT="räumen." WC="0.95" />
            <String ID="Textword_270" HPOS="1602" VPOS="4272" HEIGHT="41" WIDTH="356" CONTENT="Hausnummern" WC="0.96" />
          </TextLine>
        </TextBlock>
        <TextBlock ID="TextBlock_51" HPOS="351" VPOS="4316" HEIGHT="210" WIDTH="1144">
          <TextLine ID="TextLine_83" HPOS="352" VPOS="4316" HEIGHT="39" WIDTH="1141">
            <String ID="Textword_271" HPOS="352" VPOS="4318" HEIGHT="37" WIDTH="333" CONTENT="Gartengebäude" WC="0.91" />
            <String ID="Textword_272" HPOS="721" VPOS="4318" HEIGHT="26" WIDTH="50" CONTENT="mit" WC="0.93" />
            <String ID="Textword_273" HPOS="807" VPOS="4317" HEIGHT="27" WIDTH="356" CONTENT="Parterreräumlichkeiten" WC="0.91" />
            <String ID="Textword_274" HPOS="1200" VPOS="4316" HEIGHT="27" WIDTH="54" CONTENT="und" WC="0.92" />
            <String ID="Textword_275" HPOS="1295" VPOS="4317" HEIGHT="34" WIDTH="198" CONTENT="prachtvollem" WC="0.76" />
          </TextLine>
          <TextLine ID="TextLine_84" HPOS="423" VPOS="4351" HEIGHT="37" WIDTH="925">
            <String ID="Textword_276" HPOS="423" VPOS="4357" HEIGHT="28" WIDTH="110" CONTENT="Obst-" WC="0.91" />
            <String ID="Textword_277" HPOS="552" VPOS="4355" HEIGHT="28" WIDTH="82" CONTENT="und" WC="0.93" />
            <String ID="Textword_278" HPOS="652" VPOS="4354" HEIGHT="34" WIDTH="237" CONTENT="Ziergarten" WC="0.91" />
            <String ID="Textword_279" HPOS="907" VPOS="4361" HEIGHT="19" WIDTH="53" CONTENT="von" WC="0.96" />
            <String ID="Textword_280" HPOS="980" VPOS="4353" HEIGHT="26" WIDTH="69" CONTENT="3473" WC="0.96" />
            <String ID="Textword_281" HPOS="1068" VPOS="4353" HEIGHT="26" WIDTH="37" CONTENT="m?" WC="0.93" />
            <String ID="Textword_282" HPOS="1126" VPOS="4351" HEIGHT="28" WIDTH="222" CONTENT="Flächeninhalt." WC="0.92" />
          </TextLine>
          <TextLine ID="TextLine_85" HPOS="458" VPOS="4387" HEIGHT="39" WIDTH="1036">
            <String ID="Textword_283" HPOS="458" VPOS="4393" HEIGHT="26" WIDTH="57" CONTENT="Das" WC="0.93" />
            <String ID="Textword_284" HPOS="542" VPOS="4391" HEIGHT="35" WIDTH="193" CONTENT="guterhaltene" WC="0.91" />
            <String ID="Textword_285" HPOS="754" VPOS="4390" HEIGHT="26" WIDTH="151" CONTENT="Besitztum" WC="0.90" />
            <String ID="Textword_286" HPOS="932" VPOS="4389" HEIGHT="33" WIDTH="69" CONTENT="liegt" WC="0.96" />
            <String ID="Textword_287" HPOS="1028" VPOS="4389" HEIGHT="25" WIDTH="29" CONTENT="in" WC="0.96" />
            <String ID="Textword_288" HPOS="1085" VPOS="4387" HEIGHT="34" WIDTH="203" CONTENT="hervorragend" WC="0.95" />
            <String ID="Textword_289" HPOS="1309" VPOS="4388" HEIGHT="26" WIDTH="114" CONTENT="schöner" WC="0.93" />
            <String ID="Textword_290" HPOS="1443" VPOS="4388" HEIGHT="26" WIDTH="51" CONTENT="Ge-" WC="0.92" />
          </TextLine>
          <TextLine ID="TextLine_86" HPOS="351" VPOS="4422" HEIGHT="41" WIDTH="1144">
            <String ID="Textword_291" HPOS="351" VPOS="4428" HEIGHT="35" WIDTH="84" CONTENT="gend," WC="0.95" />
            <String ID="Textword_292" HPOS="453" VPOS="4428" HEIGHT="25" WIDTH="15" CONTENT="5" WC="0.96" />
            <String ID="Textword_293" HPOS="487" VPOS="4427" HEIGHT="27" WIDTH="125" CONTENT="Minuten" WC="0.96" />
            <String ID="Textword_294" HPOS="630" VPOS="4434" HEIGHT="19" WIDTH="55" CONTENT="von" WC="0.96" />
            <String ID="Textword_295" HPOS="703" VPOS="4425" HEIGHT="40" WIDTH="222" CONTENT="Konstanz," WC="0.91" />
            <String ID="Textword_296" HPOS="946" VPOS="4422" HEIGHT="29" WIDTH="75" CONTENT="auf" WC="0.92" />
            <String ID="Textword_297" HPOS="1036" VPOS="4422" HEIGHT="34" WIDTH="336" CONTENT="Schweizerseite," WC="0.90" />
            <String ID="Textword_298" HPOS="1394" VPOS="4432" HEIGHT="18" WIDTH="34" CONTENT="an" WC="0.97" />
            <String ID="Textword_299" HPOS="1448" VPOS="4424" HEIGHT="25" WIDTH="47" CONTENT="der" WC="0.97" />
          </TextLine>
          <TextLine ID="TextLine_87" HPOS="352" VPOS="4459" HEIGHT="35" WIDTH="1142">
            <String ID="Textword_300" HPOS="352" VPOS="4463" HEIGHT="28" WIDTH="146" CONTENT="Bahnlinie" WC="0.90" />
            <String ID="Textword_301" HPOS="516" VPOS="4461" HEIGHT="33" WIDTH="364" CONTENT="Konstanz-Schaffhausen," WC="0.92" />
            <String ID="Textword_302" HPOS="899" VPOS="4460" HEIGHT="26" WIDTH="28" CONTENT="in" WC="0.93" />
            <String ID="Textword_303" HPOS="946" VPOS="4459" HEIGHT="27" WIDTH="207" CONTENT="unmittelbarer" WC="0.91" />
            <String ID="Textword_304" HPOS="1173" VPOS="4459" HEIGHT="26" WIDTH="76" CONTENT="Nähe" WC="0.92" />
            <String ID="Textword_305" HPOS="1269" VPOS="4459" HEIGHT="26" WIDTH="47" CONTENT="des" WC="0.93" />
            <String ID="Textword_306" HPOS="1329" VPOS="4459" HEIGHT="26" WIDTH="165" CONTENT="Bahnhofes." WC="0.91" />
          </TextLine>
          <TextLine ID="TextLine_88" HPOS="353" VPOS="4494" HEIGHT="32" WIDTH="735">
            <String ID="Textword_307" HPOS="353" VPOS="4500" HEIGHT="26" WIDTH="93" CONTENT="Durch" WC="0.91" />
            <String ID="Textword_308" HPOS="465" VPOS="4499" HEIGHT="26" WIDTH="93" CONTENT="diesen" WC="0.92" />
            <String ID="Textword_309" HPOS="577" VPOS="4497" HEIGHT="27" WIDTH="135" CONTENT="Umstand" WC="0.91" />
            <String ID="Textword_310" HPOS="730" VPOS="4499" HEIGHT="24" WIDTH="72" CONTENT="wäre" WC="0.90" />
            <String ID="Textword_311" HPOS="822" VPOS="4496" HEIGHT="27" WIDTH="48" CONTENT="das" WC="0.93" />
            <String ID="Textword_312" HPOS="889" VPOS="4495" HEIGHT="27" WIDTH="136" CONTENT="Anwesen" WC="0.91" />
            <String ID="Textword_313" HPOS="1043" VPOS="4494" HEIGHT="27" WIDTH="45" CONTENT="für" WC="0.96" />
          </TextLine>
        </TextBlock>
        <TextBlock ID="TextBlock_52" HPOS="354" VPOS="4540" HEIGHT="133" WIDTH="1089">
          <TextLine ID="TextLine_89" HPOS="566" VPOS="4540" HEIGHT="36" WIDTH="728">
            <String ID="Textword_314" HPOS="566" VPOS="4542" HEIGHT="34" WIDTH="195" CONTENT="Handels" WC="0.96" />
            <String ID="Textword_315" HPOS="783" VPOS="4541" HEIGHT="33" WIDTH="92" CONTENT="und" WC="0.93" />
            <String ID="Textword_316" HPOS="897" VPOS="4540" HEIGHT="33" WIDTH="397" CONTENT="Industriezwecke" WC="0.87" />
          </TextLine>
          <TextLine ID="TextLine_90" HPOS="354" VPOS="4591" HEIGHT="42" WIDTH="1089">
            <String ID="Textword_317" HPOS="354" VPOS="4606" HEIGHT="27" WIDTH="72" CONTENT="ganz" WC="0.96" />
            <String ID="Textword_318" HPOS="444" VPOS="4596" HEIGHT="28" WIDTH="148" CONTENT="besonders" WC="0.96" />
            <String ID="Textword_319" HPOS="610" VPOS="4596" HEIGHT="34" WIDTH="136" CONTENT="geeignet." WC="0.93" />
            <String ID="Textword_320" HPOS="767" VPOS="4594" HEIGHT="27" WIDTH="67" CONTENT="Gefl." WC="0.90" />
            <String ID="Textword_321" HPOS="848" VPOS="4593" HEIGHT="35" WIDTH="143" CONTENT="Anfragen" WC="0.96" />
            <String ID="Textword_322" HPOS="1009" VPOS="4595" HEIGHT="25" WIDTH="81" CONTENT="unter" WC="0.96" />
            <String ID="Textword_323" HPOS="1109" VPOS="4592" HEIGHT="28" WIDTH="103" CONTENT="Chiffre" WC="0.96" />
            <String ID="Textword_324" HPOS="1232" VPOS="4592" HEIGHT="27" WIDTH="41" CONTENT="Ac" WC="0.92" />
            <String ID="Textword_325" HPOS="1288" VPOS="4591" HEIGHT="28" WIDTH="101" CONTENT="2561G" WC="0.89" />
            <String ID="Textword_326" HPOS="1409" VPOS="4600" HEIGHT="18" WIDTH="34" CONTENT="an" WC="0.96" />
          </TextLine>
          <TextLine ID="TextLine_91" HPOS="586" VPOS="4636" HEIGHT="37" WIDTH="675">
            <String ID="Textword_327" HPOS="586" VPOS="4638" HEIGHT="29" WIDTH="270" CONTENT="Haasenstein" WC="0.91" />
            <String ID="Textword_328" HPOS="875" VPOS="4638" HEIGHT="28" WIDTH="35" CONTENT="&amp;" WC="0.90" />
            <String ID="Textword_329" HPOS="930" VPOS="4637" HEIGHT="36" WIDTH="157" CONTENT="Vogler," WC="0.96" />
            <String ID="Textword_330" HPOS="1106" VPOS="4636" HEIGHT="29" WIDTH="155" CONTENT="Zürich." WC="0.95" />
          </TextLine>
        </TextBlock>
        <TextBlock ID="TextBlock_53" HPOS="1519" VPOS="4332" HEIGHT="135" WIDTH="560">
          <TextLine ID="TextLine_92" HPOS="1519" VPOS="4332" HEIGHT="36" WIDTH="559">
            <String ID="Textword_331" HPOS="1519" VPOS="4333" HEIGHT="34" WIDTH="78" CONTENT="jeder" WC="0.96" />
            <String ID="Textword_332" HPOS="1612" VPOS="4332" HEIGHT="27" WIDTH="54" CONTENT="Art" WC="0.96" />
            <String ID="Textword_333" HPOS="1682" VPOS="4333" HEIGHT="28" WIDTH="57" CONTENT="und" WC="0.96" />
            <String ID="Textword_334" HPOS="1752" VPOS="4332" HEIGHT="27" WIDTH="100" CONTENT="Grösse" WC="0.96" />
            <String ID="Textword_335" HPOS="1865" VPOS="4333" HEIGHT="34" WIDTH="147" CONTENT="empfiehlt," WC="0.93" />
            <String ID="Textword_336" HPOS="2031" VPOS="4341" HEIGHT="27" WIDTH="47" CONTENT="ge-" WC="0.91" />
          </TextLine>
          <TextLine ID="TextLine_93" HPOS="1522" VPOS="4368" HEIGHT="35" WIDTH="557">
            <String ID="Textword_337" HPOS="1522" VPOS="4370" HEIGHT="25" WIDTH="88" CONTENT="stützt" WC="0.86" />
            <String ID="Textword_338" HPOS="1638" VPOS="4369" HEIGHT="27" WIDTH="51" CONTENT="auf" WC="0.95" />
            <String ID="Textword_339" HPOS="1714" VPOS="4368" HEIGHT="34" WIDTH="174" CONTENT="langjährige" WC="0.96" />
            <String ID="Textword_340" HPOS="1911" VPOS="4369" HEIGHT="34" WIDTH="168" CONTENT="Erfahrung," WC="0.96" />
          </TextLine>
          <TextLine ID="TextLine_94" HPOS="1522" VPOS="4404" HEIGHT="35" WIDTH="556">
            <String ID="Textword_341" HPOS="1522" VPOS="4405" HEIGHT="26" WIDTH="29" CONTENT="in" WC="0.93" />
            <String ID="Textword_342" HPOS="1569" VPOS="4404" HEIGHT="27" WIDTH="146" CONTENT="tadelloser" WC="0.91" />
            <String ID="Textword_343" HPOS="1734" VPOS="4404" HEIGHT="35" WIDTH="180" CONTENT="Ausführung" WC="0.96" />
            <String ID="Textword_344" HPOS="1933" VPOS="4413" HEIGHT="18" WIDTH="34" CONTENT="zu" WC="0.93" />
            <String ID="Textword_345" HPOS="1987" VPOS="4405" HEIGHT="34" WIDTH="91" CONTENT="billig-" WC="0.91" />
          </TextLine>
          <TextLine ID="TextLine_95" HPOS="1523" VPOS="4440" HEIGHT="27" WIDTH="199">
            <String ID="Textword_346" HPOS="1523" VPOS="4442" HEIGHT="25" WIDTH="61" CONTENT="sten" WC="0.95" />
            <String ID="Textword_347" HPOS="1603" VPOS="4440" HEIGHT="27" WIDTH="119" CONTENT="Preisen." WC="0.95" />
          </TextLine>
        </TextBlock>
        <TextBlock ID="TextBlock_54" HPOS="1618" VPOS="4484" HEIGHT="52" WIDTH="461">
          <TextLine ID="TextLine_96" HPOS="1618" VPOS="4484" HEIGHT="52" WIDTH="461">
            <String ID="Textword_348" HPOS="1618" VPOS="4484" HEIGHT="42" WIDTH="358" CONTENT="Metallwarenfabrik" WC="0.90" />
            <String ID="Textword_349" HPOS="1995" VPOS="4485" HEIGHT="51" WIDTH="84" CONTENT="Zug." WC="0.95" />
          </TextLine>
        </TextBlock>
        <TextBlock ID="TextBlock_55" HPOS="1498" VPOS="2207" HEIGHT="2453" WIDTH="22">
          <TextLine ID="TextLine_97" HPOS="1498" VPOS="2207" HEIGHT="2453" WIDTH="22">
            <SP ID="Textword_18" HPOS="1498" VPOS="2207" />
            <String ID="Textword_350" HPOS="1498" VPOS="2207" HEIGHT="2453" WIDTH="22" CONTENT=" " WC="0.95" />
          </TextLine>
        </TextBlock>
        <TextBlock ID="TextBlock_56" HPOS="2083" VPOS="389" HEIGHT="15" WIDTH="1124">
          <TextLine ID="TextLine_98" HPOS="2083" VPOS="389" HEIGHT="15" WIDTH="1124">
            <SP ID="Textword_19" HPOS="2083" VPOS="389" />
            <String ID="Textword_351" HPOS="2083" VPOS="389" HEIGHT="15" WIDTH="1124" CONTENT=" " WC="0.95" />
          </TextLine>
        </TextBlock>
        <TextBlock ID="TextBlock_57" HPOS="2164" VPOS="433" HEIGHT="103" WIDTH="958">
          <TextLine ID="TextLine_99" HPOS="2164" VPOS="433" HEIGHT="103" WIDTH="958">
            <String ID="Textword_352" HPOS="2164" VPOS="439" HEIGHT="97" WIDTH="502" CONTENT="Schweizerische" WC="0.87" />
            <String ID="Textword_353" HPOS="2712" VPOS="433" HEIGHT="91" WIDTH="410" CONTENT="Kreditanstalt" WC="0.91" />
          </TextLine>
        </TextBlock>
        <TextBlock ID="TextBlock_58" HPOS="2109" VPOS="554" HEIGHT="199" WIDTH="1065">
          <TextLine ID="TextLine_100" HPOS="2164" VPOS="554" HEIGHT="43" WIDTH="963">
            <String ID="Textword_354" HPOS="2164" VPOS="555" HEIGHT="42" WIDTH="161" CONTENT="Zürich" WC="0.93" />
            <String ID="Textword_355" HPOS="2352" VPOS="579" HEIGHT="4" WIDTH="53" CONTENT="—" WC="0.92" />
            <String ID="Textword_356" HPOS="2433" VPOS="555" HEIGHT="41" WIDTH="130" CONTENT="Basel" WC="0.92" />
            <String ID="Textword_357" HPOS="2592" VPOS="578" HEIGHT="4" WIDTH="51" CONTENT="—" WC="0.92" />
            <String ID="Textword_358" HPOS="2673" VPOS="554" HEIGHT="41" WIDTH="119" CONTENT="Genf" WC="0.92" />
            <String ID="Textword_359" HPOS="2805" VPOS="579" HEIGHT="3" WIDTH="51" CONTENT="—" WC="0.91" />
            <String ID="Textword_360" HPOS="2877" VPOS="554" HEIGHT="42" WIDTH="59" CONTENT="St." WC="0.92" />
            <String ID="Textword_361" HPOS="2950" VPOS="554" HEIGHT="42" WIDTH="177" CONTENT="Gallen." WC="0.91" />
          </TextLine>
          <TextLine ID="TextLine_101" HPOS="2430" VPOS="609" HEIGHT="36" WIDTH="444">
            <String ID="Textword_362" HPOS="2430" VPOS="609" HEIGHT="36" WIDTH="308" CONTENT="GEGRÜNDET" WC="0.95" />
            <String ID="Textword_363" HPOS="2763" VPOS="615" HEIGHT="28" WIDTH="111" CONTENT="1856." WC="0.95" />
          </TextLine>
          <TextLine ID="TextLine_102" HPOS="2109" VPOS="661" HEIGHT="40" WIDTH="1065">
            <String ID="Textword_364" HPOS="2109" VPOS="662" HEIGHT="32" WIDTH="277" CONTENT="Einbezahltes" WC="0.92" />
            <String ID="Textword_365" HPOS="2411" VPOS="661" HEIGHT="40" WIDTH="301" CONTENT="Aktienkapital" WC="0.96" />
            <String ID="Textword_366" HPOS="2832" VPOS="661" HEIGHT="33" WIDTH="59" CONTENT="Fr." WC="0.92" />
            <String ID="Textword_367" HPOS="2910" VPOS="661" HEIGHT="39" WIDTH="264" CONTENT="65,000,000." WC="0.88" />
          </TextLine>
          <TextLine ID="TextLine_103" HPOS="2111" VPOS="714" HEIGHT="39" WIDTH="1062">
            <String ID="Textword_368" HPOS="2111" VPOS="716" HEIGHT="31" WIDTH="197" CONTENT="Reserven" WC="0.96" />
            <String ID="Textword_369" HPOS="2826" VPOS="714" HEIGHT="33" WIDTH="61" CONTENT="Fr." WC="0.93" />
            <String ID="Textword_370" HPOS="2905" VPOS="715" HEIGHT="38" WIDTH="268" CONTENT="20,000,000." WC="0.89" />
          </TextLine>
        </TextBlock>
        <TextBlock ID="TextBlock_59" HPOS="2217" VPOS="831" HEIGHT="34" WIDTH="647">
          <TextLine ID="TextLine_104" HPOS="2217" VPOS="831" HEIGHT="34" WIDTH="647">
            <String ID="Textword_371" HPOS="2217" VPOS="831" HEIGHT="27" WIDTH="62" CONTENT="Wir" WC="0.95" />
            <String ID="Textword_372" HPOS="2298" VPOS="832" HEIGHT="26" WIDTH="114" CONTENT="nehmen" WC="0.96" />
            <String ID="Textword_373" HPOS="2433" VPOS="831" HEIGHT="27" WIDTH="98" CONTENT="Gelder" WC="0.92" />
            <String ID="Textword_374" HPOS="2551" VPOS="839" HEIGHT="19" WIDTH="34" CONTENT="an" WC="0.96" />
            <String ID="Textword_375" HPOS="2604" VPOS="839" HEIGHT="26" WIDTH="91" CONTENT="gegen" WC="0.96" />
            <String ID="Textword_376" HPOS="2714" VPOS="838" HEIGHT="19" WIDTH="97" CONTENT="unsere" WC="0.96" />
            <String ID="Textword_377" HPOS="2829" VPOS="839" HEIGHT="18" WIDTH="35" CONTENT="zu" WC="0.96" />
          </TextLine>
        </TextBlock>
        <TextBlock ID="TextBlock_60" HPOS="2112" VPOS="876" HEIGHT="99" WIDTH="605">
          <TextLine ID="TextLine_105" HPOS="2598" VPOS="876" HEIGHT="53" WIDTH="84">
            <String ID="Textword_378" HPOS="2598" VPOS="877" HEIGHT="52" WIDTH="45" CONTENT="4" WC="0.96" />
            <String ID="Textword_379" HPOS="2663" VPOS="876" HEIGHT="25" WIDTH="19" CONTENT="©" WC="0.42" />
          </TextLine>
          <TextLine ID="TextLine_106" HPOS="2696" VPOS="912" HEIGHT="25" WIDTH="21">
            <String ID="Textword_380" HPOS="2696" VPOS="912" HEIGHT="25" WIDTH="21" CONTENT="oO" WC="0.56" />
          </TextLine>
          <TextLine ID="TextLine_107" HPOS="2112" VPOS="947" HEIGHT="28" WIDTH="200">
            <String ID="Textword_381" HPOS="2112" VPOS="947" HEIGHT="28" WIDTH="200" CONTENT="verzinslichen" WC="0.92" />
          </TextLine>
        </TextBlock>
        <TextBlock ID="TextBlock_61" HPOS="2194" VPOS="992" HEIGHT="122" WIDTH="910">
          <TextLine ID="TextLine_108" HPOS="2194" VPOS="992" HEIGHT="122" WIDTH="910">
            <String ID="Textword_382" HPOS="2194" VPOS="992" HEIGHT="122" WIDTH="910" CONTENT="Kassa-Obligationen" WC="0.91" />
          </TextLine>
        </TextBlock>
        <TextBlock ID="TextBlock_62" HPOS="2114" VPOS="1124" HEIGHT="63" WIDTH="1062">
          <TextLine ID="TextLine_109" HPOS="2114" VPOS="1124" HEIGHT="55" WIDTH="1062">
            <String ID="Textword_383" HPOS="2114" VPOS="1125" HEIGHT="26" WIDTH="49" CONTENT="auf" WC="0.93" />
            <String ID="Textword_384" HPOS="2181" VPOS="1125" HEIGHT="27" WIDTH="58" CONTENT="drei" WC="0.92" />
            <String ID="Textword_385" HPOS="2258" VPOS="1125" HEIGHT="27" WIDTH="84" CONTENT="Jahre" WC="0.92" />
            <String ID="Textword_386" HPOS="2361" VPOS="1125" HEIGHT="34" WIDTH="64" CONTENT="fest," WC="0.90" />
            <String ID="Textword_387" HPOS="2443" VPOS="1125" HEIGHT="27" WIDTH="121" CONTENT="nachher" WC="0.90" />
            <String ID="Textword_388" HPOS="2582" VPOS="1125" HEIGHT="34" WIDTH="176" CONTENT="gegenseitig" WC="0.89" />
            <String ID="Textword_389" HPOS="2776" VPOS="1124" HEIGHT="27" WIDTH="50" CONTENT="auf" WC="0.93" />
            <String ID="Textword_390" HPOS="2843" VPOS="1124" HEIGHT="27" WIDTH="56" CONTENT="drei" WC="0.93" />
            <String ID="Textword_391" HPOS="2913" VPOS="1125" HEIGHT="54" WIDTH="111" CONTENT="Monate" WC="0.92" />
            <String ID="Textword_392" HPOS="3042" VPOS="1125" HEIGHT="33" WIDTH="134" CONTENT="kiindbar," WC="0.90" />
          </TextLine>
          <TextLine ID="TextLine_110" HPOS="2492" VPOS="1160" HEIGHT="27" WIDTH="305">
            <String ID="Textword_393" HPOS="2492" VPOS="1161" HEIGHT="26" WIDTH="57" CONTENT="und" WC="0.93" />
            <String ID="Textword_394" HPOS="2567" VPOS="1169" HEIGHT="18" WIDTH="73" CONTENT="zwar" WC="0.91" />
            <String ID="Textword_395" HPOS="2659" VPOS="1160" HEIGHT="27" WIDTH="138" CONTENT="entweder" WC="0.91" />
          </TextLine>
        </TextBlock>
        <TextBlock ID="TextBlock_63" HPOS="2113" VPOS="1205" HEIGHT="220" WIDTH="1066">
          <TextLine ID="TextLine_111" HPOS="2392" VPOS="1205" HEIGHT="42" WIDTH="519">
            <String ID="Textword_396" HPOS="2392" VPOS="1205" HEIGHT="42" WIDTH="519" CONTENT="Inhaber-Obligationen" WC="0.90" />
          </TextLine>
          <TextLine ID="TextLine_112" HPOS="2127" VPOS="1257" HEIGHT="35" WIDTH="1024">
            <String ID="Textword_397" HPOS="2127" VPOS="1266" HEIGHT="26" WIDTH="45" CONTENT="‘zu" WC="0.63" />
            <String ID="Textword_398" HPOS="2191" VPOS="1258" HEIGHT="27" WIDTH="45" CONTENT="Fr." WC="0.96" />
            <String ID="Textword_399" HPOS="2251" VPOS="1258" HEIGHT="26" WIDTH="68" CONTENT="1000" WC="0.96" />
            <String ID="Textword_400" HPOS="2338" VPOS="1258" HEIGHT="27" WIDTH="56" CONTENT="und" WC="0.96" />
            <String ID="Textword_401" HPOS="2412" VPOS="1258" HEIGHT="26" WIDTH="43" CONTENT="Fr." WC="0.96" />
            <String ID="Textword_402" HPOS="2470" VPOS="1257" HEIGHT="35" WIDTH="78" CONTENT="5000," WC="0.96" />
            <String ID="Textword_403" HPOS="2567" VPOS="1259" HEIGHT="25" WIDTH="50" CONTENT="mit" WC="0.93" />
            <String ID="Textword_404" HPOS="2635" VPOS="1258" HEIGHT="34" WIDTH="218" CONTENT="halbjährlichen" WC="0.91" />
            <String ID="Textword_405" HPOS="2872" VPOS="1258" HEIGHT="33" WIDTH="194" CONTENT="Zinscoupons," WC="0.91" />
            <String ID="Textword_406" HPOS="3086" VPOS="1258" HEIGHT="27" WIDTH="65" CONTENT="oder" WC="0.96" />
          </TextLine>
          <TextLine ID="TextLine_113" HPOS="2403" VPOS="1303" HEIGHT="42" WIDTH="488">
            <String ID="Textword_407" HPOS="2403" VPOS="1303" HEIGHT="42" WIDTH="488" CONTENT="Namen-Obligationen" WC="0.89" />
          </TextLine>
          <TextLine ID="TextLine_114" HPOS="2113" VPOS="1355" HEIGHT="35" WIDTH="1066">
            <String ID="Textword_408" HPOS="2113" VPOS="1356" HEIGHT="26" WIDTH="28" CONTENT="in" WC="0.92" />
            <String ID="Textword_409" HPOS="2160" VPOS="1355" HEIGHT="35" WIDTH="163" CONTENT="beliebigen," WC="0.94" />
            <String ID="Textword_410" HPOS="2352" VPOS="1355" HEIGHT="27" WIDTH="88" CONTENT="durch" WC="0.96" />
            <String ID="Textword_411" HPOS="2469" VPOS="1355" HEIGHT="26" WIDTH="50" CONTENT="100" WC="0.93" />
            <String ID="Textword_412" HPOS="2547" VPOS="1355" HEIGHT="27" WIDTH="135" CONTENT="teilbaren" WC="0.91" />
            <String ID="Textword_413" HPOS="2700" VPOS="1356" HEIGHT="34" WIDTH="138" CONTENT="Beträgen" WC="0.64" />
            <String ID="Textword_414" HPOS="2855" VPOS="1364" HEIGHT="19" WIDTH="55" CONTENT="von" WC="0.96" />
            <String ID="Textword_415" HPOS="2929" VPOS="1356" HEIGHT="26" WIDTH="44" CONTENT="Fr." WC="0.96" />
            <String ID="Textword_416" HPOS="2987" VPOS="1356" HEIGHT="26" WIDTH="51" CONTENT="500" WC="0.95" />
            <String ID="Textword_417" HPOS="3058" VPOS="1364" HEIGHT="25" WIDTH="44" CONTENT="an," WC="0.96" />
            <String ID="Textword_418" HPOS="3128" VPOS="1356" HEIGHT="26" WIDTH="51" CONTENT="mit" WC="0.96" />
          </TextLine>
          <TextLine ID="TextLine_115" HPOS="2467" VPOS="1391" HEIGHT="34" WIDTH="356">
            <String ID="Textword_419" HPOS="2467" VPOS="1391" HEIGHT="34" WIDTH="201" CONTENT="ganzjährigen" WC="0.91" />
            <String ID="Textword_420" HPOS="2688" VPOS="1391" HEIGHT="33" WIDTH="135" CONTENT="Coupons." WC="0.96" />
          </TextLine>
        </TextBlock>
        <TextBlock ID="TextBlock_64" HPOS="2727" VPOS="1446" HEIGHT="32" WIDTH="344">
          <TextLine ID="TextLine_116" HPOS="2727" VPOS="1446" HEIGHT="32" WIDTH="344">
            <String ID="Textword_421" HPOS="2727" VPOS="1446" HEIGHT="31" WIDTH="84" CONTENT="Die" WC="0.93" />
            <String ID="Textword_422" HPOS="2833" VPOS="1446" HEIGHT="32" WIDTH="238" CONTENT="Direktion." WC="0.88" />
          </TextLine>
        </TextBlock>
        <TextBlock ID="TextBlock_65" HPOS="2085" VPOS="465" HEIGHT="1066" WIDTH="12">
          <TextLine ID="TextLine_117" HPOS="2085" VPOS="465" HEIGHT="1066" WIDTH="12">
            <SP ID="Textword_20" HPOS="2085" VPOS="465" />
            <String ID="Textword_423" HPOS="2085" VPOS="465" HEIGHT="1066" WIDTH="12" CONTENT=" " WC="0.95" />
          </TextLine>
        </TextBlock>
        <TextBlock ID="TextBlock_66" HPOS="2081" VPOS="1564" HEIGHT="14" WIDTH="1146">
          <TextLine ID="TextLine_118" HPOS="2081" VPOS="1564" HEIGHT="14" WIDTH="1146">
            <SP ID="Textword_21" HPOS="2081" VPOS="1564" />
            <String ID="Textword_424" HPOS="2081" VPOS="1564" HEIGHT="14" WIDTH="1146" CONTENT=" " WC="0.95" />
          </TextLine>
        </TextBlock>
        <TextBlock ID="TextBlock_67" HPOS="1524" VPOS="3534" HEIGHT="381" WIDTH="558">
          <TextLine ID="TextLine_119" HPOS="1524" VPOS="3534" HEIGHT="381" WIDTH="558">
            <SP ID="Textword_22" HPOS="1524" VPOS="3534" />
            <String ID="Textword_425" HPOS="1524" VPOS="3534" HEIGHT="381" WIDTH="558" CONTENT=" " WC="0.95" />
          </TextLine>
        </TextBlock>
        <TextBlock ID="TextBlock_68" HPOS="2591" VPOS="1642" HEIGHT="30" WIDTH="96">
          <TextLine ID="TextLine_120" HPOS="2591" VPOS="1642" HEIGHT="30" WIDTH="96">
            <String ID="Textword_426" HPOS="2591" VPOS="1642" HEIGHT="30" WIDTH="96" CONTENT="Das" WC="0.96" />
          </TextLine>
        </TextBlock>
        <TextBlock ID="TextBlock_69" HPOS="2112" VPOS="1685" HEIGHT="157" WIDTH="1048">
          <TextLine ID="TextLine_121" HPOS="2112" VPOS="1685" HEIGHT="157" WIDTH="1048">
            <String ID="Textword_427" HPOS="2112" VPOS="1686" HEIGHT="156" WIDTH="439" CONTENT="Polyaranhische" WC="0.14" />
            <String ID="Textword_428" HPOS="2569" VPOS="1686" HEIGHT="130" WIDTH="204" CONTENT="Institut" WC="0.85" />
            <String ID="Textword_429" HPOS="2805" VPOS="1685" HEIGHT="132" WIDTH="129" CONTENT="K-0," WC="0.36" />
            <String ID="Textword_430" HPOS="2967" VPOS="1686" HEIGHT="131" WIDTH="193" CONTENT="Zürich" WC="0.96" />
          </TextLine>
        </TextBlock>
        <TextBlock ID="TextBlock_70" HPOS="2272" VPOS="1843" HEIGHT="35" WIDTH="747">
          <TextLine ID="TextLine_122" HPOS="2272" VPOS="1843" HEIGHT="35" WIDTH="747">
            <String ID="Textword_431" HPOS="2272" VPOS="1843" HEIGHT="26" WIDTH="93" CONTENT="liefert" WC="0.94" />
            <String ID="Textword_432" HPOS="2383" VPOS="1845" HEIGHT="32" WIDTH="107" CONTENT="prompt" WC="0.84" />
            <String ID="Textword_433" HPOS="2508" VPOS="1843" HEIGHT="26" WIDTH="57" CONTENT="und" WC="0.88" />
            <String ID="Textword_434" HPOS="2583" VPOS="1845" HEIGHT="24" WIDTH="81" CONTENT="unter" WC="0.92" />
            <String ID="Textword_435" HPOS="2684" VPOS="1843" HEIGHT="35" WIDTH="134" CONTENT="billigster" WC="0.91" />
            <String ID="Textword_436" HPOS="2836" VPOS="1844" HEIGHT="33" WIDTH="183" CONTENT="Berechnung" WC="0.96" />
          </TextLine>
        </TextBlock>
        <TextBlock ID="TextBlock_71" HPOS="2149" VPOS="1885" HEIGHT="203" WIDTH="991">
          <TextLine ID="TextLine_123" HPOS="2149" VPOS="1885" HEIGHT="203" WIDTH="991">
            <String ID="Textword_437" HPOS="2142" VPOS="1885" HEIGHT="221" WIDTH="300" CONTENT="Kupler-" WC="0.85" />
            <String ID="Textword_438" HPOS="2501" VPOS="1905" HEIGHT="150" WIDTH="57" CONTENT="&amp;" WC="0.85" />
            <String ID="Textword_439" HPOS="2589" VPOS="1886" HEIGHT="168" WIDTH="202" CONTENT="Zink" WC="0.74" />
            <String ID="Textword_440" HPOS="2814" VPOS="1885" HEIGHT="171" WIDTH="326" CONTENT="-Gliches" WC="0.74" />
          </TextLine>
        </TextBlock>
        <TextBlock ID="TextBlock_72" HPOS="2443" VPOS="2089" HEIGHT="29" WIDTH="413">
          <TextLine ID="TextLine_124" HPOS="2443" VPOS="2089" HEIGHT="29" WIDTH="413">
            <String ID="Textword_441" HPOS="2443" VPOS="2090" HEIGHT="27" WIDTH="24" CONTENT="in" WC="0.92" />
            <String ID="Textword_442" HPOS="2488" VPOS="2090" HEIGHT="27" WIDTH="79" CONTENT="Auto-" WC="0.92" />
            <String ID="Textword_443" HPOS="2588" VPOS="2091" HEIGHT="27" WIDTH="51" CONTENT="und" WC="0.93" />
            <String ID="Textword_444" HPOS="2659" VPOS="2089" HEIGHT="39" WIDTH="197" CONTENT="Strichmanier" WC="0.91" />
          </TextLine>
        </TextBlock>
        <TextBlock ID="TextBlock_73" HPOS="2142" VPOS="2100" HEIGHT="90" WIDTH="1011">
          <TextLine ID="TextLine_125" HPOS="2142" VPOS="2100" HEIGHT="90" WIDTH="1011">
            <String ID="Textword_445" HPOS="2142" VPOS="2109" HEIGHT="81" WIDTH="566" CONTENT=" Holzschnitte," WC="0.36" />
            <String ID="Textword_446" HPOS="2747" VPOS="2100" HEIGHT="82" WIDTH="406" CONTENT="Galvanos" WC="0.53" />
          </TextLine>
        </TextBlock>
        <TextBlock ID="TextBlock_74" HPOS="2152" VPOS="2168" HEIGHT="62" WIDTH="1008">
          <TextLine ID="TextLine_126" HPOS="2152" VPOS="2168" HEIGHT="62" WIDTH="1008">
            <String ID="Textword_447" HPOS="2152" VPOS="2198" HEIGHT="27" WIDTH="43" CONTENT="für" WC="0.93" />
            <String ID="Textword_448" HPOS="2215" VPOS="2198" HEIGHT="27" WIDTH="122" CONTENT="Inserate" WC="0.92" />
            <String ID="Textword_449" HPOS="2359" VPOS="2197" HEIGHT="27" WIDTH="50" CONTENT="und" WC="0.92" />
            <String ID="Textword_450" HPOS="2430" VPOS="2196" HEIGHT="28" WIDTH="105" CONTENT="Reklame" WC="0.87" />
            <String ID="Textword_451" HPOS="2539" VPOS="2204" HEIGHT="20" WIDTH="30" CONTENT="-" WC="0.87" />
            <String ID="Textword_452" HPOS="2578" VPOS="2168" HEIGHT="62" WIDTH="270" CONTENT="Buchdrucksachen," WC="0.78" />
            <String ID="Textword_453" HPOS="2869" VPOS="2197" HEIGHT="28" WIDTH="217" CONTENT="Schutzmarken" WC="0.91" />
            <String ID="Textword_454" HPOS="3106" VPOS="2200" HEIGHT="26" WIDTH="54" CONTENT="etc." WC="0.95" />
          </TextLine>
        </TextBlock>
        <TextBlock ID="TextBlock_75" HPOS="2890" VPOS="2245" HEIGHT="320" WIDTH="265">
          <TextLine ID="TextLine_127" HPOS="2915" VPOS="2245" HEIGHT="67" WIDTH="202">
            <String ID="Textword_455" HPOS="2915" VPOS="2245" HEIGHT="67" WIDTH="202" CONTENT="Herstellung" WC="0.52" />
          </TextLine>
          <TextLine ID="TextLine_128" HPOS="3003" VPOS="2330" HEIGHT="14" WIDTH="45">
            <String ID="Textword_456" HPOS="3003" VPOS="2330" HEIGHT="14" WIDTH="45" CONTENT="von" WC="0.95" />
          </TextLine>
          <TextLine ID="TextLine_129" HPOS="2890" VPOS="2358" HEIGHT="35" WIDTH="265">
            <String ID="Textword_457" HPOS="2890" VPOS="2358" HEIGHT="35" WIDTH="139" CONTENT="Plakaten," WC="0.96" />
            <String ID="Textword_458" HPOS="3057" VPOS="2360" HEIGHT="27" WIDTH="98" CONTENT="Plänen" WC="0.96" />
          </TextLine>
          <TextLine ID="TextLine_130" HPOS="2944" VPOS="2404" HEIGHT="34" WIDTH="148">
            <String ID="Textword_459" HPOS="2944" VPOS="2404" HEIGHT="34" WIDTH="148" CONTENT="Katalogen" WC="0.96" />
          </TextLine>
          <TextLine ID="TextLine_131" HPOS="2920" VPOS="2449" HEIGHT="34" WIDTH="206">
            <String ID="Textword_460" HPOS="2920" VPOS="2449" HEIGHT="34" WIDTH="206" CONTENT="Wertpapieren" WC="0.96" />
          </TextLine>
          <TextLine ID="TextLine_132" HPOS="2939" VPOS="2493" HEIGHT="34" WIDTH="171">
            <String ID="Textword_461" HPOS="2939" VPOS="2493" HEIGHT="34" WIDTH="171" CONTENT="Briefköpfen" WC="0.91" />
          </TextLine>
          <TextLine ID="TextLine_133" HPOS="2954" VPOS="2537" HEIGHT="28" WIDTH="130">
            <String ID="Textword_462" HPOS="2954" VPOS="2537" HEIGHT="27" WIDTH="55" CONTENT="ete." WC="0.91" />
            <String ID="Textword_463" HPOS="3029" VPOS="2537" HEIGHT="28" WIDTH="55" CONTENT="etc." WC="0.95" />
          </TextLine>
        </TextBlock>
        <TextBlock ID="TextBlock_76" HPOS="2890" VPOS="2591" HEIGHT="77" WIDTH="267">
          <TextLine ID="TextLine_134" HPOS="2890" VPOS="2591" HEIGHT="21" WIDTH="267">
            <String ID="Textword_464" HPOS="2890" VPOS="2598" HEIGHT="14" WIDTH="45" CONTENT="von" WC="0.92" />
            <String ID="Textword_465" HPOS="2975" VPOS="2592" HEIGHT="19" WIDTH="114" CONTENT="_einfacher" WC="0.88" />
            <String ID="Textword_466" HPOS="3122" VPOS="2591" HEIGHT="19" WIDTH="35" CONTENT="bis" WC="0.91" />
          </TextLine>
          <TextLine ID="TextLine_135" HPOS="2890" VPOS="2618" HEIGHT="20" WIDTH="267">
            <String ID="Textword_467" HPOS="2890" VPOS="2618" HEIGHT="20" WIDTH="152" CONTENT="künstlerisch" WC="0.92" />
            <String ID="Textword_468" HPOS="3073" VPOS="2618" HEIGHT="19" WIDTH="84" CONTENT="vollen-" WC="0.70" />
          </TextLine>
          <TextLine ID="TextLine_136" HPOS="2891" VPOS="2645" HEIGHT="23" WIDTH="229">
            <String ID="Textword_469" HPOS="2891" VPOS="2646" HEIGHT="18" WIDTH="64" CONTENT="deter" WC="0.92" />
            <String ID="Textword_470" HPOS="2968" VPOS="2645" HEIGHT="23" WIDTH="152" CONTENT="Ausführung," WC="0.83" />
          </TextLine>
        </TextBlock>
        <TextBlock ID="TextBlock_77" HPOS="2157" VPOS="2689" HEIGHT="167" WIDTH="989">
          <TextLine ID="TextLine_137" HPOS="2157" VPOS="2689" HEIGHT="167" WIDTH="989">
            <String ID="Textword_471" HPOS="2157" VPOS="2694" HEIGHT="162" WIDTH="514" CONTENT="Polygraphisches" WC="0.88" />
            <String ID="Textword_472" HPOS="2717" VPOS="2693" HEIGHT="83" WIDTH="225" CONTENT="Institut" WC="0.85" />
            <String ID="Textword_473" HPOS="3059" VPOS="2689" HEIGHT="85" WIDTH="87" CONTENT="A.-G." WC="0.43" />
          </TextLine>
        </TextBlock>
        <TextBlock ID="TextBlock_78" HPOS="2341" VPOS="2798" HEIGHT="178" WIDTH="809">
          <TextLine ID="TextLine_138" HPOS="2341" VPOS="2798" HEIGHT="65" WIDTH="620">
            <String ID="Textword_474" HPOS="2341" VPOS="2800" HEIGHT="62" WIDTH="147" CONTENT="Zürich" WC="0.96" />
            <String ID="Textword_475" HPOS="2516" VPOS="2798" HEIGHT="65" WIDTH="64" CONTENT="IV," WC="0.92" />
            <String ID="Textword_476" HPOS="2620" VPOS="2808" HEIGHT="43" WIDTH="277" CONTENT="Glausiusstrasse" WC="0.86" />
            <String ID="Textword_477" HPOS="2926" VPOS="2806" HEIGHT="43" WIDTH="35" CONTENT="21" WC="0.96" />
          </TextLine>
          <TextLine ID="TextLine_139" HPOS="2345" VPOS="2870" HEIGHT="43" WIDTH="618">
            <String ID="Textword_478" HPOS="2345" VPOS="2871" HEIGHT="42" WIDTH="271" CONTENT="Graphische" WC="0.93" />
            <String ID="Textword_479" HPOS="2647" VPOS="2870" HEIGHT="33" WIDTH="316" CONTENT="Kunstanstalt" WC="0.92" />
          </TextLine>
          <TextLine ID="TextLine_140" HPOS="2773" VPOS="2911" HEIGHT="29" WIDTH="300">
            <String ID="Textword_480" HPOS="2773" VPOS="2913" HEIGHT="27" WIDTH="101" CONTENT="1900" WC="0.96" />
            <String ID="Textword_481" HPOS="2894" VPOS="2913" HEIGHT="27" WIDTH="45" CONTENT="in" WC="0.96" />
            <String ID="Textword_482" HPOS="2957" VPOS="2911" HEIGHT="29" WIDTH="116" CONTENT="Paris" WC="0.96" />
          </TextLine>
          <TextLine ID="TextLine_141" HPOS="2773" VPOS="2945" HEIGHT="31" WIDTH="377">
            <String ID="Textword_483" HPOS="2773" VPOS="2948" HEIGHT="28" WIDTH="100" CONTENT="1906" WC="0.96" />
            <String ID="Textword_484" HPOS="2902" VPOS="2948" HEIGHT="27" WIDTH="45" CONTENT="in" WC="0.96" />
            <String ID="Textword_485" HPOS="2972" VPOS="2945" HEIGHT="29" WIDTH="178" CONTENT="Mailand" WC="0.96" />
          </TextLine>
        </TextBlock>
        <TextBlock ID="TextBlock_79" HPOS="2160" VPOS="2917" HEIGHT="63" WIDTH="575">
          <TextLine ID="TextLine_142" HPOS="2160" VPOS="2917" HEIGHT="63" WIDTH="575">
            <String ID="Textword_486" HPOS="2160" VPOS="2917" HEIGHT="63" WIDTH="163" CONTENT="Hors" WC="0.93" />
            <String ID="Textword_487" HPOS="2365" VPOS="2924" HEIGHT="46" WIDTH="370" CONTENT="Concours:" WC="0.77" />
          </TextLine>
        </TextBlock>
        <TextBlock ID="TextBlock_80" HPOS="2179" VPOS="2268" HEIGHT="54" WIDTH="203">
          <TextLine ID="TextLine_143" HPOS="2179" VPOS="2268" HEIGHT="54" WIDTH="203">
            <String ID="Textword_488" HPOS="2179" VPOS="2268" HEIGHT="54" WIDTH="203" CONTENT="Anfertigung" WC="0.92" />
          </TextLine>
        </TextBlock>
        <TextBlock ID="TextBlock_81" HPOS="2148" VPOS="2339" HEIGHT="245" WIDTH="255">
          <TextLine ID="TextLine_144" HPOS="2242" VPOS="2339" HEIGHT="34" WIDTH="81">
            <String ID="Textword_489" HPOS="2242" VPOS="2339" HEIGHT="34" WIDTH="81" CONTENT="aller" WC="0.96" />
          </TextLine>
          <TextLine ID="TextLine_145" HPOS="2157" VPOS="2383" HEIGHT="34" WIDTH="246">
            <String ID="Textword_490" HPOS="2157" VPOS="2383" HEIGHT="34" WIDTH="246" CONTENT="Druckarbeiten" WC="0.92" />
          </TextLine>
          <TextLine ID="TextLine_146" HPOS="2260" VPOS="2438" HEIGHT="26" WIDTH="29">
            <String ID="Textword_491" HPOS="2260" VPOS="2438" HEIGHT="26" WIDTH="29" CONTENT="in" WC="0.96" />
          </TextLine>
          <TextLine ID="TextLine_147" HPOS="2148" VPOS="2483" HEIGHT="39" WIDTH="211">
            <String ID="Textword_492" HPOS="2148" VPOS="2483" HEIGHT="39" WIDTH="211" CONTENT="Buchdruck" WC="0.79" />
          </TextLine>
          <TextLine ID="TextLine_148" HPOS="2149" VPOS="2543" HEIGHT="41" WIDTH="209">
            <String ID="Textword_493" HPOS="2149" VPOS="2543" HEIGHT="41" WIDTH="209" CONTENT="Lichtdruck" WC="0.92" />
          </TextLine>
        </TextBlock>
        <TextBlock ID="TextBlock_82" HPOS="2149" VPOS="2605" HEIGHT="52" WIDTH="248">
          <TextLine ID="TextLine_149" HPOS="2149" VPOS="2605" HEIGHT="52" WIDTH="248">
            <String ID="Textword_494" HPOS="2149" VPOS="2605" HEIGHT="52" WIDTH="248" CONTENT="Lithographie" WC="0.96" />
          </TextLine>
        </TextBlock>
        <TextBlock ID="TextBlock_83" HPOS="2076" VPOS="1490" HEIGHT="1571" WIDTH="1173">
          <TextLine ID="TextLine_150" HPOS="2076" VPOS="1490" HEIGHT="1571" WIDTH="1173">
            <SP ID="Textword_23" HPOS="2076" VPOS="1490" />
            <String ID="Textword_495" HPOS="2076" VPOS="1490" HEIGHT="1571" WIDTH="1173" CONTENT=" " WC="0.95" />
          </TextLine>
        </TextBlock>
        <TextBlock ID="TextBlock_84" HPOS="2098" VPOS="3080" HEIGHT="11" WIDTH="1141">
          <TextLine ID="TextLine_151" HPOS="2098" VPOS="3080" HEIGHT="11" WIDTH="1141">
            <SP ID="Textword_24" HPOS="2098" VPOS="3080" />
            <String ID="Textword_496" HPOS="2098" VPOS="3080" HEIGHT="11" WIDTH="1141" CONTENT=" " WC="0.95" />
          </TextLine>
        </TextBlock>
        <TextBlock ID="TextBlock_85" HPOS="2241" VPOS="3182" HEIGHT="159" WIDTH="848">
          <TextLine ID="TextLine_152" HPOS="2241" VPOS="3182" HEIGHT="159" WIDTH="848">
            <String ID="Textword_497" HPOS="2241" VPOS="3183" HEIGHT="132" WIDTH="483" CONTENT="Maschinenfabrik" WC="0.63" />
            <String ID="Textword_498" HPOS="2796" VPOS="3174" HEIGHT="167" WIDTH="293" CONTENT="Landquar" WC="0.83" />
          </TextLine>
        </TextBlock>
        <TextBlock ID="TextBlock_86" HPOS="2243" VPOS="3340" HEIGHT="168" WIDTH="849">
          <TextLine ID="TextLine_153" HPOS="2243" VPOS="3340" HEIGHT="36" WIDTH="849">
            <String ID="Textword_499" HPOS="2243" VPOS="3361" HEIGHT="7" WIDTH="160" CONTENT="——" WC="0.44" />
            <String ID="Textword_500" HPOS="2412" VPOS="3342" HEIGHT="33" WIDTH="127" CONTENT="Gebr." WC="0.87" />
            <String ID="Textword_501" HPOS="2566" VPOS="3341" HEIGHT="35" WIDTH="184" CONTENT="Wiilchli" WC="0.82" />
            <String ID="Textword_502" HPOS="2773" VPOS="3340" HEIGHT="33" WIDTH="40" CONTENT="&amp;" WC="0.92" />
            <String ID="Textword_503" HPOS="2837" VPOS="3341" HEIGHT="33" WIDTH="86" CONTENT="Cie." WC="0.91" />
            <String ID="Textword_504" HPOS="0" VPOS="0" HEIGHT="4976" WIDTH="3392" CONTENT="—" WC="0.49" />
            <String ID="Textword_505" HPOS="0" VPOS="0" HEIGHT="4976" WIDTH="3392" CONTENT="——" WC="0.49" />
            <String ID="Textword_506" HPOS="2932" VPOS="3358" HEIGHT="8" WIDTH="160" CONTENT="—" WC="0.70" />
          </TextLine>
          <TextLine ID="TextLine_154" HPOS="2246" VPOS="3394" HEIGHT="114" WIDTH="844">
            <String ID="Textword_507" HPOS="2246" VPOS="3396" HEIGHT="112" WIDTH="186" CONTENT="Sügerei" WC="0.42" />
            <String ID="Textword_508" HPOS="2427" VPOS="3412" HEIGHT="40" WIDTH="37" CONTENT="u." WC="0.93" />
            <String ID="Textword_509" HPOS="2476" VPOS="3394" HEIGHT="69" WIDTH="614" CONTENT="Holzbearbeitungsmaschinen" WC="0.91" />
          </TextLine>
        </TextBlock>
        <TextBlock ID="TextBlock_87" HPOS="2720" VPOS="3544" HEIGHT="159" WIDTH="476">
          <TextLine ID="TextLine_155" HPOS="2720" VPOS="3544" HEIGHT="36" WIDTH="476">
            <String ID="Textword_510" HPOS="2720" VPOS="3544" HEIGHT="34" WIDTH="179" CONTENT="Modernste" WC="0.96" />
            <String ID="Textword_511" HPOS="2939" VPOS="3536" HEIGHT="44" WIDTH="257" CONTENT="Konstruktionen" WC="0.96" />
          </TextLine>
          <TextLine ID="TextLine_156" HPOS="2766" VPOS="3606" HEIGHT="35" WIDTH="281">
            <String ID="Textword_512" HPOS="2766" VPOS="3606" HEIGHT="35" WIDTH="281" CONTENT="Hobelmaschinen" WC="0.91" />
          </TextLine>
          <TextLine ID="TextLine_157" HPOS="2766" VPOS="3661" HEIGHT="42" WIDTH="311">
            <String ID="Textword_513" HPOS="2766" VPOS="3661" HEIGHT="42" WIDTH="311" CONTENT="Abrichtmaschinen" WC="0.92" />
          </TextLine>
        </TextBlock>
        <TextBlock ID="TextBlock_88" HPOS="2767" VPOS="3732" HEIGHT="88" WIDTH="415">
          <TextLine ID="TextLine_158" HPOS="2767" VPOS="3732" HEIGHT="42" WIDTH="272">
            <String ID="Textword_514" HPOS="2767" VPOS="3732" HEIGHT="42" WIDTH="187" CONTENT="Bandsägen" WC="0.91" />
            <String ID="Textword_515" HPOS="2980" VPOS="3734" HEIGHT="31" WIDTH="59" CONTENT="etc." WC="0.96" />
          </TextLine>
          <TextLine ID="TextLine_159" HPOS="2823" VPOS="3786" HEIGHT="34" WIDTH="359">
            <String ID="Textword_516" HPOS="2823" VPOS="3786" HEIGHT="27" WIDTH="50" CONTENT="mit" WC="0.93" />
            <String ID="Textword_517" HPOS="2892" VPOS="3786" HEIGHT="34" WIDTH="290" CONTENT="Ringschmierlagern" WC="0.91" />
          </TextLine>
        </TextBlock>
        <TextBlock ID="TextBlock_89" HPOS="2761" VPOS="3946" HEIGHT="230" WIDTH="403">
          <TextLine ID="TextLine_160" HPOS="2761" VPOS="3946" HEIGHT="54" WIDTH="400">
            <String ID="Textword_518" HPOS="2761" VPOS="3946" HEIGHT="54" WIDTH="184" CONTENT="Errichtung" WC="0.92" />
            <String ID="Textword_519" HPOS="2989" VPOS="3946" HEIGHT="52" WIDTH="172" CONTENT="kompleter" WC="0.75" />
          </TextLine>
          <TextLine ID="TextLine_161" HPOS="2763" VPOS="4016" HEIGHT="65" WIDTH="400">
            <String ID="Textword_520" HPOS="2763" VPOS="4017" HEIGHT="64" WIDTH="276" CONTENT="Schreinerei-" WC="0.89" />
            <String ID="Textword_521" HPOS="3083" VPOS="4016" HEIGHT="57" WIDTH="80" CONTENT="und" WC="0.96" />
          </TextLine>
          <TextLine ID="TextLine_162" HPOS="2765" VPOS="4104" HEIGHT="72" WIDTH="399">
            <String ID="Textword_522" HPOS="2765" VPOS="4106" HEIGHT="70" WIDTH="162" CONTENT="Sägerei" WC="0.82" />
            <String ID="Textword_523" HPOS="2947" VPOS="4134" HEIGHT="13" WIDTH="22" CONTENT="-" WC="0.92" />
            <String ID="Textword_524" HPOS="2988" VPOS="4104" HEIGHT="71" WIDTH="176" CONTENT="Anlagen" WC="0.93" />
          </TextLine>
        </TextBlock>
        <TextBlock ID="TextBlock_90" HPOS="2563" VPOS="4212" HEIGHT="117" WIDTH="634">
          <TextLine ID="TextLine_163" HPOS="2852" VPOS="4212" HEIGHT="42" WIDTH="244">
            <String ID="Textword_525" HPOS="2852" VPOS="4212" HEIGHT="42" WIDTH="244" CONTENT="Vollgatter" WC="0.90" />
          </TextLine>
          <TextLine ID="TextLine_164" HPOS="2563" VPOS="4247" HEIGHT="82" WIDTH="634">
            <String ID="Textword_526" HPOS="2563" VPOS="4247" HEIGHT="82" WIDTH="141" CONTENT="=" WC="0.48" />
            <String ID="Textword_527" HPOS="2720" VPOS="4266" HEIGHT="33" WIDTH="91" CONTENT="und" WC="0.96" />
            <String ID="Textword_528" HPOS="2827" VPOS="4265" HEIGHT="33" WIDTH="201" CONTENT="einfache" WC="0.93" />
            <String ID="Textword_529" HPOS="3043" VPOS="4265" HEIGHT="34" WIDTH="154" CONTENT="Gatter" WC="0.92" />
          </TextLine>
        </TextBlock>
        <TextBlock ID="TextBlock_91" HPOS="2200" VPOS="3471" HEIGHT="831" WIDTH="427">
          <TextLine ID="TextLine_165" HPOS="2200" VPOS="3471" HEIGHT="831" WIDTH="427">
            <SP ID="Textword_25" HPOS="2200" VPOS="3471" />
            <String ID="Textword_530" HPOS="2200" VPOS="3471" HEIGHT="831" WIDTH="427" CONTENT="  " WC="0.95" />
          </TextLine>
        </TextBlock>
        <TextBlock ID="TextBlock_92" HPOS="2303" VPOS="4307" HEIGHT="41" WIDTH="303">
          <TextLine ID="TextLine_166" HPOS="2303" VPOS="4307" HEIGHT="41" WIDTH="303">
            <SP ID="Textword_26" HPOS="2303" VPOS="4307" />
            <String ID="Textword_531" HPOS="2303" VPOS="4307" HEIGHT="41" WIDTH="303" CONTENT=" " WC="0.95" />
          </TextLine>
        </TextBlock>
        <TextBlock ID="TextBlock_93" HPOS="2250" VPOS="4348" HEIGHT="68" WIDTH="844">
          <TextLine ID="TextLine_167" HPOS="2250" VPOS="4348" HEIGHT="68" WIDTH="844">
            <String ID="Textword_532" HPOS="2250" VPOS="4374" HEIGHT="42" WIDTH="151" CONTENT="Kataloge" WC="0.96" />
            <String ID="Textword_533" HPOS="2425" VPOS="4350" HEIGHT="66" WIDTH="108" CONTENT="gratis." WC="0.95" />
            <String ID="Textword_534" HPOS="2580" VPOS="4348" HEIGHT="67" WIDTH="290" CONTENT="Ingenieurbesuch," WC="0.89" />
            <String ID="Textword_535" HPOS="2925" VPOS="4371" HEIGHT="44" WIDTH="169" CONTENT="Telephon." WC="0.91" />
          </TextLine>
        </TextBlock>
        <TextBlock ID="TextBlock_94" HPOS="2109" VPOS="4512" HEIGHT="14" WIDTH="1141">
          <TextLine ID="TextLine_168" HPOS="2109" VPOS="4512" HEIGHT="14" WIDTH="1141">
            <SP ID="Textword_27" HPOS="2109" VPOS="4512" />
            <String ID="Textword_536" HPOS="2109" VPOS="4512" HEIGHT="14" WIDTH="1141" CONTENT=" " WC="0.95" />
          </TextLine>
        </TextBlock>
        <TextBlock ID="TextBlock_95" HPOS="2550" VPOS="4597" HEIGHT="28" WIDTH="698">
          <TextLine ID="TextLine_169" HPOS="2550" VPOS="4597" HEIGHT="28" WIDTH="698">
            <String ID="Textword_537" HPOS="2550" VPOS="4598" HEIGHT="25" WIDTH="54" CONTENT="die" WC="0.93" />
            <String ID="Textword_538" HPOS="2622" VPOS="4598" HEIGHT="26" WIDTH="199" CONTENT="Inserenten" WC="0.90" />
            <String ID="Textword_539" HPOS="2844" VPOS="4600" HEIGHT="24" WIDTH="61" CONTENT="der" WC="0.96" />
            <String ID="Textword_540" HPOS="2930" VPOS="4598" HEIGHT="26" WIDTH="161" CONTENT="Schweiz." WC="0.93" />
            <String ID="Textword_541" HPOS="3110" VPOS="4597" HEIGHT="28" WIDTH="138" CONTENT="Arbeit-" WC="0.92" />
          </TextLine>
        </TextBlock>
        <TextBlock ID="TextBlock_96" HPOS="2090" VPOS="3385" HEIGHT="1275" WIDTH="12">
          <TextLine ID="TextLine_170" HPOS="2090" VPOS="3385" HEIGHT="1275" WIDTH="12">
            <SP ID="Textword_28" HPOS="2090" VPOS="3385" />
            <String ID="Textword_542" HPOS="2090" VPOS="3385" HEIGHT="1275" WIDTH="12" CONTENT=" " WC="0.95" />
          </TextLine>
        </TextBlock>
        <TextBlock ID="TextBlock_97" HPOS="2110" VPOS="4561" HEIGHT="107" WIDTH="1135">
          <TextLine ID="TextLine_171" HPOS="2110" VPOS="4561" HEIGHT="107" WIDTH="1135">
            <String ID="Textword_543" HPOS="2110" VPOS="4564" HEIGHT="104" WIDTH="402" CONTENT="Arbeifgeher!" WC="0.56" />
            <String ID="Textword_544" HPOS="2549" VPOS="4561" HEIGHT="32" WIDTH="272" CONTENT="35tésenis" WC="0.00" />
            <String ID="Textword_545" HPOS="2838" VPOS="4563" HEIGHT="26" WIDTH="192" CONTENT="vies" WC="0.00" />
            <String ID="Textword_546" HPOS="3052" VPOS="4562" HEIGHT="27" WIDTH="193" CONTENT="2eme" WC="0.25" />
          </TextLine>
        </TextBlock>
        <TextBlock ID="TextBlock_98" HPOS="2549" VPOS="4633" HEIGHT="31" WIDTH="269">
          <TextLine ID="TextLine_172" HPOS="2549" VPOS="4633" HEIGHT="31" WIDTH="269">
            <String ID="Textword_547" HPOS="2549" VPOS="4633" HEIGHT="31" WIDTH="269" CONTENT="geber-Zeitung." WC="0.90" />
          </TextLine>
        </TextBlock>
        <TextBlock ID="TextBlock_99" HPOS="356" VPOS="4674" HEIGHT="19" WIDTH="2883">
          <TextLine ID="TextLine_173" HPOS="356" VPOS="4674" HEIGHT="19" WIDTH="2883">
            <SP ID="Textword_29" HPOS="356" VPOS="4674" />
            <String ID="Textword_548" HPOS="356" VPOS="4674" HEIGHT="19" WIDTH="2883" CONTENT=" " WC="0.95" />
          </TextLine>
        </TextBlock>
        <TextBlock ID="TextBlock_100" HPOS="1241" VPOS="4697" HEIGHT="36" WIDTH="1133">
          <TextLine ID="TextLine_174" HPOS="1241" VPOS="4697" HEIGHT="36" WIDTH="1133">
            <String ID="Textword_549" HPOS="1241" VPOS="4700" HEIGHT="27" WIDTH="94" CONTENT="Druck" WC="0.96" />
            <String ID="Textword_550" HPOS="1353" VPOS="4699" HEIGHT="27" WIDTH="56" CONTENT="und" WC="0.96" />
            <String ID="Textword_551" HPOS="1427" VPOS="4699" HEIGHT="33" WIDTH="166" CONTENT="Expedition" WC="0.96" />
            <String ID="Textword_552" HPOS="1611" VPOS="4706" HEIGHT="20" WIDTH="54" CONTENT="von" WC="0.96" />
            <String ID="Textword_553" HPOS="1684" VPOS="4698" HEIGHT="35" WIDTH="107" CONTENT="Müller," WC="0.96" />
            <String ID="Textword_554" HPOS="1809" VPOS="4698" HEIGHT="28" WIDTH="116" CONTENT="Werder" WC="0.93" />
            <String ID="Textword_555" HPOS="1944" VPOS="4698" HEIGHT="26" WIDTH="24" CONTENT="&amp;" WC="0.93" />
            <String ID="Textword_556" HPOS="1988" VPOS="4698" HEIGHT="34" WIDTH="67" CONTENT="Cie," WC="0.46" />
            <String ID="Textword_557" HPOS="2076" VPOS="4697" HEIGHT="34" WIDTH="109" CONTENT="Schipfe" WC="0.92" />
            <String ID="Textword_558" HPOS="2203" VPOS="4697" HEIGHT="34" WIDTH="43" CONTENT="33," WC="0.92" />
            <String ID="Textword_559" HPOS="2265" VPOS="4697" HEIGHT="27" WIDTH="109" CONTENT="Zürich." WC="0.96" />
          </TextLine>
        </TextBlock>
        <TextBlock ID="TextBlock_101" HPOS="3245" VPOS="0" HEIGHT="4976" WIDTH="147">
          <TextLine ID="TextLine_175" HPOS="3245" VPOS="0" HEIGHT="4976" WIDTH="147">
            <SP ID="Textword_30" HPOS="3245" VPOS="0" />
            <String ID="Textword_560" HPOS="3245" VPOS="0" HEIGHT="4976" WIDTH="147" CONTENT=" " WC="0.95" />
          </TextLine>
        </TextBlock>
      </PrintSpace>
    </Page>
  </Layout>
</alto>
