<?xml version="1.0" encoding="UTF-8"?>
<alto xmlns="http://www.loc.gov/standards/alto/ns-v2#" xmlns:xsi="http://www.w3.org/2001/XMLSchema-instance" xsi:schemaLocation="http://www.loc.gov/standards/alto/ns-v2# http://www.loc.gov/standards/alto/alto.xsd">
  <Description>
    <MeasurementUnit>pixel</MeasurementUnit>
    <sourceImageInformation />
    <OCRProcessing ID="OCR_1">
      <preProcessingStep>
        <processingDateTime>2019-05-09T02:54:45</processingDateTime>
        <processingAgency>intranda GmbH, www.intranda.com</processingAgency>
        <processingSoftware>
          <softwareCreator>intranda GmbH, Germany</softwareCreator>
          <softwareName>intranda OCR Module for TaskManager</softwareName>
          <softwareVersion>1.0r42</softwareVersion>
        </processingSoftware>
      </preProcessingStep>
      <ocrProcessingStep>
        <processingSoftware>
          <softwareCreator>Tesseract contributors</softwareCreator>
          <softwareName>Tesseract Open Source OCR Engine</softwareName>
          <softwareVersion>4.0.0-beta.1-270-g5a56</softwareVersion>
        </processingSoftware>
      </ocrProcessingStep>
    </OCRProcessing>
  </Description>
  <Layout>
    <Page ID="PAGE_1" HEIGHT="4980" WIDTH="3448" PHYSICAL_IMG_NR="1">
      <PrintSpace ID="PrintSpace_1" HPOS="0" VPOS="0" HEIGHT="4980" WIDTH="3448">
        <TextBlock ID="TextBlock_1" HPOS="0" VPOS="438" HEIGHT="2988" WIDTH="73">
          <TextLine ID="TextLine_1" HPOS="0" VPOS="438" HEIGHT="2988" WIDTH="73">
            <SP ID="Textword_1" HPOS="0" VPOS="438" />
            <String ID="Textword_1" HPOS="0" VPOS="438" HEIGHT="2988" WIDTH="73" CONTENT=" " WC="0.95" />
          </TextLine>
        </TextBlock>
        <TextBlock ID="TextBlock_2" HPOS="4" VPOS="3437" HEIGHT="85" WIDTH="15">
          <TextLine ID="TextLine_2" HPOS="4" VPOS="3437" HEIGHT="8" WIDTH="15">
            <String ID="Textword_2" HPOS="4" VPOS="3437" HEIGHT="8" WIDTH="15" CONTENT="Di" WC="0.36" />
          </TextLine>
          <TextLine ID="TextLine_3" HPOS="4" VPOS="3464" HEIGHT="19" WIDTH="9">
            <String ID="Textword_3" HPOS="4" VPOS="3464" HEIGHT="19" WIDTH="9" CONTENT="ë" WC="0.38" />
          </TextLine>
          <TextLine ID="TextLine_4" HPOS="4" VPOS="3484" HEIGHT="13" WIDTH="10">
            <String ID="Textword_4" HPOS="4" VPOS="3484" HEIGHT="13" WIDTH="10" CONTENT="N" WC="0.43" />
          </TextLine>
          <TextLine ID="TextLine_5" HPOS="8" VPOS="3503" HEIGHT="19" WIDTH="6">
            <String ID="Textword_5" HPOS="8" VPOS="3503" HEIGHT="19" WIDTH="6" CONTENT="ji" WC="0.14" />
          </TextLine>
        </TextBlock>
        <TextBlock ID="TextBlock_3" HPOS="373" VPOS="0" HEIGHT="8" WIDTH="213">
          <TextLine ID="TextLine_6" HPOS="373" VPOS="0" HEIGHT="8" WIDTH="213">
            <String ID="Textword_6" HPOS="373" VPOS="0" HEIGHT="6" WIDTH="32" CONTENT="da" WC="0.30" />
            <String ID="Textword_7" HPOS="412" VPOS="0" HEIGHT="8" WIDTH="54" CONTENT="i" WC="0.15" />
            <String ID="Textword_8" HPOS="471" VPOS="0" HEIGHT="5" WIDTH="38" CONTENT="n" WC="0.20" />
            <String ID="Textword_9" HPOS="526" VPOS="0" HEIGHT="2" WIDTH="13" CONTENT="A" WC="0.37" />
            <String ID="Textword_10" HPOS="541" VPOS="0" HEIGHT="8" WIDTH="45" CONTENT="A" WC="0.47" />
          </TextLine>
        </TextBlock>
        <TextBlock ID="TextBlock_4" HPOS="1065" VPOS="1650" HEIGHT="68" WIDTH="14">
          <TextLine ID="TextLine_7" HPOS="1065" VPOS="1650" HEIGHT="68" WIDTH="14">
            <String ID="Textword_11" HPOS="1065" VPOS="1650" HEIGHT="68" WIDTH="14" CONTENT="cons" WC="0.13" />
          </TextLine>
        </TextBlock>
        <TextBlock ID="TextBlock_5" HPOS="1479" VPOS="291" HEIGHT="34" WIDTH="569">
          <TextLine ID="TextLine_8" HPOS="1479" VPOS="291" HEIGHT="34" WIDTH="569">
            <String ID="Textword_12" HPOS="1479" VPOS="292" HEIGHT="26" WIDTH="225" CONTENT="Schweizerische" WC="0.92" />
            <String ID="Textword_13" HPOS="1731" VPOS="291" HEIGHT="34" WIDTH="317" CONTENT="Arbeitgeber-Zeitung." WC="0.88" />
          </TextLine>
        </TextBlock>
        <TextBlock ID="TextBlock_6" HPOS="1955" VPOS="620" HEIGHT="71" WIDTH="16">
          <TextLine ID="TextLine_9" HPOS="1955" VPOS="620" HEIGHT="71" WIDTH="16">
            <String ID="Textword_14" HPOS="1955" VPOS="620" HEIGHT="71" WIDTH="16" CONTENT="scene" WC="0.28" />
          </TextLine>
        </TextBlock>
        <TextBlock ID="TextBlock_7" HPOS="2058" VPOS="709" HEIGHT="78" WIDTH="21">
          <TextLine ID="TextLine_10" HPOS="2058" VPOS="709" HEIGHT="78" WIDTH="21">
            <String ID="Textword_15" HPOS="2058" VPOS="709" HEIGHT="78" WIDTH="21" CONTENT="{fm" WC="0.16" />
          </TextLine>
        </TextBlock>
        <TextBlock ID="TextBlock_8" HPOS="1618" VPOS="759" HEIGHT="45" WIDTH="16">
          <TextLine ID="TextLine_11" HPOS="1618" VPOS="759" HEIGHT="45" WIDTH="16">
            <String ID="Textword_16" HPOS="1618" VPOS="759" HEIGHT="45" WIDTH="16" CONTENT="nf" WC="0.28" />
          </TextLine>
        </TextBlock>
        <TextBlock ID="TextBlock_9" HPOS="1477" VPOS="1996" HEIGHT="87" WIDTH="14">
          <TextLine ID="TextLine_12" HPOS="1477" VPOS="1996" HEIGHT="87" WIDTH="14">
            <String ID="Textword_17" HPOS="1477" VPOS="1996" HEIGHT="87" WIDTH="14" CONTENT="mes" WC="0.16" />
          </TextLine>
        </TextBlock>
        <TextBlock ID="TextBlock_10" HPOS="608" VPOS="2382" HEIGHT="113" WIDTH="1751">
          <TextLine ID="TextLine_13" HPOS="608" VPOS="2382" HEIGHT="113" WIDTH="1751">
            <String ID="Textword_18" HPOS="608" VPOS="2392" HEIGHT="103" WIDTH="710" CONTENT="ALLEINVERKAUF" WC="0.90" />
            <String ID="Textword_19" HPOS="1378" VPOS="2390" HEIGHT="69" WIDTH="169" CONTENT="UND" WC="0.96" />
            <String ID="Textword_20" HPOS="1611" VPOS="2382" HEIGHT="76" WIDTH="748" CONTENT="GENERALDEPOT" WC="0.90" />
          </TextLine>
        </TextBlock>
        <TextBlock ID="TextBlock_11" HPOS="521" VPOS="398" HEIGHT="1950" WIDTH="1879">
          <TextLine ID="TextLine_14" HPOS="521" VPOS="398" HEIGHT="1950" WIDTH="1879">
            <SP ID="Textword_2" HPOS="521" VPOS="398" />
            <String ID="Textword_21" HPOS="521" VPOS="398" HEIGHT="1950" WIDTH="1879" CONTENT=" " WC="0.95" />
          </TextLine>
        </TextBlock>
        <TextBlock ID="TextBlock_12" HPOS="1162" VPOS="2506" HEIGHT="68" WIDTH="605">
          <TextLine ID="TextLine_15" HPOS="1162" VPOS="2506" HEIGHT="68" WIDTH="605">
            <String ID="Textword_22" HPOS="1159" VPOS="2507" HEIGHT="75" WIDTH="100" CONTENT="für" WC="0.89" />
            <String ID="Textword_23" HPOS="1307" VPOS="2508" HEIGHT="64" WIDTH="96" CONTENT="die" WC="0.96" />
            <String ID="Textword_24" HPOS="1453" VPOS="2495" HEIGHT="79" WIDTH="314" CONTENT="Schweiz:" WC="0.79" />
          </TextLine>
        </TextBlock>
        <TextBlock ID="TextBlock_13" HPOS="564" VPOS="2574" HEIGHT="176" WIDTH="1874">
          <TextLine ID="TextLine_16" HPOS="564" VPOS="2574" HEIGHT="176" WIDTH="1874">
            <String ID="Textword_25" HPOS="564" VPOS="2621" HEIGHT="98" WIDTH="256" CONTENT="ROB." WC="0.89" />
            <String ID="Textword_26" HPOS="883" VPOS="2620" HEIGHT="119" WIDTH="365" CONTENT="JACOB" WC="0.92" />
            <String ID="Textword_27" HPOS="1318" VPOS="2627" HEIGHT="89" WIDTH="69" CONTENT="&amp;" WC="0.89" />
            <String ID="Textword_28" HPOS="1459" VPOS="2620" HEIGHT="119" WIDTH="122" CONTENT="C," WC="0.89" />
            <String ID="Textword_29" HPOS="1656" VPOS="2574" HEIGHT="176" WIDTH="782" CONTENT="WINTERTHUR" WC="0.74" />
          </TextLine>
        </TextBlock>
        <TextBlock ID="TextBlock_14" HPOS="3070" VPOS="285" HEIGHT="27" WIDTH="99">
          <TextLine ID="TextLine_17" HPOS="3070" VPOS="285" HEIGHT="27" WIDTH="99">
            <String ID="Textword_30" HPOS="3070" VPOS="286" HEIGHT="26" WIDTH="47" CONTENT="Nr." WC="0.95" />
            <String ID="Textword_31" HPOS="3136" VPOS="285" HEIGHT="26" WIDTH="33" CONTENT="47" WC="0.94" />
          </TextLine>
        </TextBlock>
        <TextBlock ID="TextBlock_15" HPOS="2713" VPOS="398" HEIGHT="82" WIDTH="443">
          <TextLine ID="TextLine_18" HPOS="2713" VPOS="398" HEIGHT="82" WIDTH="443">
            <String ID="Textword_32" HPOS="2713" VPOS="398" HEIGHT="82" WIDTH="443" CONTENT="Kopierbureau" WC="0.91" />
          </TextLine>
        </TextBlock>
        <TextBlock ID="TextBlock_16" HPOS="2654" VPOS="483" HEIGHT="134" WIDTH="560">
          <TextLine ID="TextLine_19" HPOS="2655" VPOS="483" HEIGHT="36" WIDTH="559">
            <String ID="Textword_33" HPOS="2655" VPOS="484" HEIGHT="28" WIDTH="239" CONTENT="Steinmann" WC="0.89" />
            <String ID="Textword_34" HPOS="2924" VPOS="484" HEIGHT="27" WIDTH="36" CONTENT="&amp;" WC="0.91" />
            <String ID="Textword_35" HPOS="2985" VPOS="483" HEIGHT="34" WIDTH="112" CONTENT="Erni," WC="0.91" />
            <String ID="Textword_36" HPOS="3133" VPOS="493" HEIGHT="26" WIDTH="81" CONTENT="gegr." WC="0.88" />
          </TextLine>
          <TextLine ID="TextLine_20" HPOS="2656" VPOS="518" HEIGHT="35" WIDTH="558">
            <String ID="Textword_37" HPOS="2656" VPOS="520" HEIGHT="31" WIDTH="77" CONTENT="1892," WC="0.93" />
            <String ID="Textword_38" HPOS="2749" VPOS="521" HEIGHT="26" WIDTH="206" CONTENT="Börsenstrasse" WC="0.91" />
            <String ID="Textword_39" HPOS="2967" VPOS="520" HEIGHT="33" WIDTH="41" CONTENT="10," WC="0.96" />
            <String ID="Textword_40" HPOS="3021" VPOS="518" HEIGHT="30" WIDTH="148" CONTENT="Zürich" WC="0.96" />
            <String ID="Textword_41" HPOS="3180" VPOS="520" HEIGHT="28" WIDTH="34" CONTENT="I." WC="0.93" />
          </TextLine>
          <TextLine ID="TextLine_21" HPOS="2654" VPOS="539" HEIGHT="44" WIDTH="559">
            <String ID="Textword_42" HPOS="2654" VPOS="539" HEIGHT="44" WIDTH="330" CONTENT="Schreibmaschinenarb." WC="0.69" />
            <String ID="Textword_43" HPOS="3040" VPOS="555" HEIGHT="28" WIDTH="173" CONTENT="Vervielfält." WC="0.90" />
          </TextLine>
          <TextLine ID="TextLine_22" HPOS="2655" VPOS="592" HEIGHT="25" WIDTH="106">
            <String ID="Textword_44" HPOS="2655" VPOS="592" HEIGHT="25" WIDTH="106" CONTENT="Diktat." WC="0.90" />
          </TextLine>
        </TextBlock>
        <TextBlock ID="TextBlock_17" HPOS="2688" VPOS="660" HEIGHT="111" WIDTH="505">
          <TextLine ID="TextLine_23" HPOS="2688" VPOS="660" HEIGHT="111" WIDTH="505">
            <String ID="Textword_45" HPOS="2688" VPOS="660" HEIGHT="111" WIDTH="505" CONTENT="Buchführung." WC="0.91" />
          </TextLine>
        </TextBlock>
        <TextBlock ID="TextBlock_18" HPOS="2654" VPOS="778" HEIGHT="397" WIDTH="560">
          <TextLine ID="TextLine_24" HPOS="2690" VPOS="778" HEIGHT="35" WIDTH="523">
            <String ID="Textword_46" HPOS="2690" VPOS="779" HEIGHT="34" WIDTH="169" CONTENT="Neuanlage," WC="0.91" />
            <String ID="Textword_47" HPOS="2896" VPOS="778" HEIGHT="33" WIDTH="137" CONTENT="Revision," WC="0.75" />
            <String ID="Textword_48" HPOS="3078" VPOS="779" HEIGHT="26" WIDTH="135" CONTENT=" Nachtra-" WC="0.25" />
          </TextLine>
          <TextLine ID="TextLine_25" HPOS="2654" VPOS="814" HEIGHT="35" WIDTH="559">
            <String ID="Textword_49" HPOS="2654" VPOS="823" HEIGHT="26" WIDTH="86" CONTENT="gung," WC="0.91" />
            <String ID="Textword_50" HPOS="2769" VPOS="814" HEIGHT="27" WIDTH="109" CONTENT="Ordnen" WC="0.92" />
            <String ID="Textword_51" HPOS="2906" VPOS="814" HEIGHT="26" WIDTH="55" CONTENT="und" WC="0.93" />
            <String ID="Textword_52" HPOS="2979" VPOS="814" HEIGHT="27" WIDTH="152" CONTENT="Abschluss" WC="0.90" />
            <String ID="Textword_53" HPOS="3160" VPOS="822" HEIGHT="19" WIDTH="53" CONTENT="von" WC="0.96" />
          </TextLine>
          <TextLine ID="TextLine_26" HPOS="2655" VPOS="850" HEIGHT="30" WIDTH="559">
            <String ID="Textword_54" HPOS="2655" VPOS="850" HEIGHT="30" WIDTH="279" CONTENT="Geschäftsbüchern;" WC="0.51" />
            <String ID="Textword_55" HPOS="2961" VPOS="850" HEIGHT="26" WIDTH="127" CONTENT="Gewinn-" WC="0.92" />
            <String ID="Textword_56" HPOS="3108" VPOS="858" HEIGHT="18" WIDTH="25" CONTENT="u." WC="0.91" />
            <String ID="Textword_57" HPOS="3148" VPOS="850" HEIGHT="26" WIDTH="66" CONTENT="Ver-" WC="0.91" />
          </TextLine>
          <TextLine ID="TextLine_27" HPOS="2655" VPOS="885" HEIGHT="34" WIDTH="559">
            <String ID="Textword_58" HPOS="2655" VPOS="886" HEIGHT="33" WIDTH="240" CONTENT="lustrechnungen," WC="0.89" />
            <String ID="Textword_59" HPOS="2921" VPOS="885" HEIGHT="26" WIDTH="131" CONTENT="Bilanzen" WC="0.92" />
            <String ID="Textword_60" HPOS="3072" VPOS="886" HEIGHT="25" WIDTH="55" CONTENT="und" WC="0.93" />
            <String ID="Textword_61" HPOS="3147" VPOS="886" HEIGHT="26" WIDTH="67" CONTENT="Gut-" WC="0.92" />
          </TextLine>
          <TextLine ID="TextLine_28" HPOS="2655" VPOS="921" HEIGHT="33" WIDTH="557">
            <String ID="Textword_62" HPOS="2655" VPOS="922" HEIGHT="25" WIDTH="96" CONTENT="achten" WC="0.91" />
            <String ID="Textword_63" HPOS="2776" VPOS="922" HEIGHT="25" WIDTH="46" CONTENT="für" WC="0.93" />
            <String ID="Textword_64" HPOS="2842" VPOS="921" HEIGHT="33" WIDTH="138" CONTENT="Gewerbe," WC="0.92" />
            <String ID="Textword_65" HPOS="3001" VPOS="921" HEIGHT="33" WIDTH="105" CONTENT="Hotels," WC="0.90" />
            <String ID="Textword_66" HPOS="3137" VPOS="922" HEIGHT="25" WIDTH="75" CONTENT="Han-" WC="0.92" />
          </TextLine>
          <TextLine ID="TextLine_29" HPOS="2654" VPOS="956" HEIGHT="34" WIDTH="558">
            <String ID="Textword_67" HPOS="2654" VPOS="957" HEIGHT="25" WIDTH="56" CONTENT="del-" WC="0.91" />
            <String ID="Textword_68" HPOS="2738" VPOS="958" HEIGHT="25" WIDTH="55" CONTENT="uvd" WC="0.82" />
            <String ID="Textword_69" HPOS="2823" VPOS="956" HEIGHT="34" WIDTH="254" CONTENT="Fabrikgeschäfte," WC="0.90" />
            <String ID="Textword_70" HPOS="3111" VPOS="956" HEIGHT="27" WIDTH="101" CONTENT="Gesell-" WC="0.90" />
          </TextLine>
          <TextLine ID="TextLine_30" HPOS="2655" VPOS="992" HEIGHT="34" WIDTH="559">
            <String ID="Textword_71" HPOS="2655" VPOS="992" HEIGHT="27" WIDTH="123" CONTENT="schaften" WC="0.92" />
            <String ID="Textword_72" HPOS="2807" VPOS="992" HEIGHT="34" WIDTH="78" CONTENT="jeder" WC="0.92" />
            <String ID="Textword_73" HPOS="2916" VPOS="993" HEIGHT="25" WIDTH="58" CONTENT="Art." WC="0.93" />
            <String ID="Textword_74" HPOS="3012" VPOS="992" HEIGHT="26" WIDTH="114" CONTENT="Diskret" WC="0.91" />
            <String ID="Textword_75" HPOS="3156" VPOS="992" HEIGHT="26" WIDTH="58" CONTENT="und" WC="0.96" />
          </TextLine>
          <TextLine ID="TextLine_31" HPOS="2654" VPOS="1028" HEIGHT="33" WIDTH="204">
            <String ID="Textword_76" HPOS="2654" VPOS="1028" HEIGHT="33" WIDTH="204" CONTENT="gewissenhaft." WC="0.96" />
          </TextLine>
          <TextLine ID="TextLine_32" HPOS="2712" VPOS="1063" HEIGHT="33" WIDTH="448">
            <String ID="Textword_77" HPOS="2712" VPOS="1064" HEIGHT="32" WIDTH="42" CONTENT="C." WC="0.83" />
            <String ID="Textword_78" HPOS="2771" VPOS="1064" HEIGHT="31" WIDTH="49" CONTENT="A." WC="0.91" />
            <String ID="Textword_79" HPOS="2838" VPOS="1063" HEIGHT="33" WIDTH="47" CONTENT="O0." WC="0.41" />
            <String ID="Textword_80" HPOS="2905" VPOS="1063" HEIGHT="33" WIDTH="255" CONTENT="Gademann" WC="0.91" />
          </TextLine>
          <TextLine ID="TextLine_33" HPOS="2829" VPOS="1108" HEIGHT="25" WIDTH="211">
            <String ID="Textword_81" HPOS="2829" VPOS="1108" HEIGHT="25" WIDTH="211" CONTENT="Bücherrevisor" WC="0.92" />
          </TextLine>
          <TextLine ID="TextLine_34" HPOS="2699" VPOS="1141" HEIGHT="34" WIDTH="469">
            <String ID="Textword_82" HPOS="2699" VPOS="1141" HEIGHT="28" WIDTH="145" CONTENT="Zürich" WC="0.95" />
            <String ID="Textword_83" HPOS="2866" VPOS="1142" HEIGHT="33" WIDTH="31" CONTENT="X," WC="0.85" />
            <String ID="Textword_84" HPOS="2918" VPOS="1143" HEIGHT="26" WIDTH="189" CONTENT="Gessnerallee" WC="0.90" />
            <String ID="Textword_85" HPOS="3126" VPOS="1142" HEIGHT="26" WIDTH="42" CONTENT="50." WC="0.96" />
          </TextLine>
        </TextBlock>
        <TextBlock ID="TextBlock_19" HPOS="2693" VPOS="1217" HEIGHT="66" WIDTH="494">
          <TextLine ID="TextLine_35" HPOS="2693" VPOS="1217" HEIGHT="66" WIDTH="494">
            <String ID="Textword_86" HPOS="2693" VPOS="1217" HEIGHT="66" WIDTH="494" CONTENT="Buchhaltung." WC="0.96" />
          </TextLine>
        </TextBlock>
        <TextBlock ID="TextBlock_20" HPOS="2445" VPOS="1285" HEIGHT="280" WIDTH="771">
          <TextLine ID="TextLine_36" HPOS="2656" VPOS="1285" HEIGHT="34" WIDTH="558">
            <String ID="Textword_87" HPOS="2656" VPOS="1287" HEIGHT="25" WIDTH="70" CONTENT="nach" WC="0.96" />
            <String ID="Textword_88" HPOS="2746" VPOS="1287" HEIGHT="25" WIDTH="69" CONTENT="allen" WC="0.95" />
            <String ID="Textword_89" HPOS="2831" VPOS="1287" HEIGHT="32" WIDTH="140" CONTENT="Systemen" WC="0.95" />
            <String ID="Textword_90" HPOS="2990" VPOS="1285" HEIGHT="27" WIDTH="55" CONTENT="und" WC="0.95" />
            <String ID="Textword_91" HPOS="3055" VPOS="1285" HEIGHT="34" WIDTH="92" CONTENT="jedem" WC="0.93" />
            <String ID="Textword_92" HPOS="3161" VPOS="1285" HEIGHT="26" WIDTH="53" CONTENT="Ge-" WC="0.92" />
          </TextLine>
          <TextLine ID="TextLine_37" HPOS="2656" VPOS="1321" HEIGHT="33" WIDTH="558">
            <String ID="Textword_93" HPOS="2656" VPOS="1322" HEIGHT="26" WIDTH="207" CONTENT="schäftsbetrieb" WC="0.91" />
            <String ID="Textword_94" HPOS="2921" VPOS="1321" HEIGHT="33" WIDTH="156" CONTENT="angepasst," WC="0.85" />
            <String ID="Textword_95" HPOS="3128" VPOS="1321" HEIGHT="26" WIDTH="86" CONTENT="Nach-" WC="0.45" />
          </TextLine>
          <TextLine ID="TextLine_38" HPOS="2656" VPOS="1356" HEIGHT="35" WIDTH="558">
            <String ID="Textword_96" HPOS="2656" VPOS="1362" HEIGHT="29" WIDTH="119" CONTENT="tragung" WC="0.91" />
            <String ID="Textword_97" HPOS="2815" VPOS="1365" HEIGHT="19" WIDTH="53" CONTENT="von" WC="0.95" />
            <String ID="Textword_98" HPOS="2913" VPOS="1357" HEIGHT="33" WIDTH="130" CONTENT="Büchern," WC="0.91" />
            <String ID="Textword_99" HPOS="3092" VPOS="1356" HEIGHT="27" WIDTH="122" CONTENT="Bücher-" WC="0.84" />
          </TextLine>
          <TextLine ID="TextLine_39" HPOS="2655" VPOS="1393" HEIGHT="32" WIDTH="555">
            <String ID="Textword_100" HPOS="2655" VPOS="1400" HEIGHT="18" WIDTH="32" CONTENT="ex" WC="0.93" />
            <String ID="Textword_101" HPOS="2708" VPOS="1397" HEIGHT="21" WIDTH="100" CONTENT="ertisen" WC="0.92" />
            <String ID="Textword_102" HPOS="2854" VPOS="1393" HEIGHT="25" WIDTH="53" CONTENT="und" WC="0.91" />
            <String ID="Textword_103" HPOS="2952" VPOS="1393" HEIGHT="32" WIDTH="160" CONTENT="Erstellunz" WC="0.68" />
            <String ID="Textword_104" HPOS="3156" VPOS="1400" HEIGHT="18" WIDTH="54" CONTENT="von" WC="0.96" />
          </TextLine>
          <TextLine ID="TextLine_40" HPOS="2445" VPOS="1427" HEIGHT="35" WIDTH="769">
            <String ID="Textword_105" HPOS="2445" VPOS="1434" HEIGHT="5" WIDTH="9" CONTENT="7" WC="0.50" />
            <String ID="Textword_106" HPOS="2656" VPOS="1427" HEIGHT="27" WIDTH="131" CONTENT="Bilanzen" WC="0.96" />
            <String ID="Textword_107" HPOS="2816" VPOS="1427" HEIGHT="34" WIDTH="111" CONTENT="besorgt" WC="0.96" />
            <String ID="Textword_108" HPOS="2955" VPOS="1427" HEIGHT="35" WIDTH="171" CONTENT="zuverlässig" WC="0.96" />
            <String ID="Textword_109" HPOS="3157" VPOS="1428" HEIGHT="26" WIDTH="57" CONTENT="und" WC="0.96" />
          </TextLine>
          <TextLine ID="TextLine_41" HPOS="2655" VPOS="1462" HEIGHT="35" WIDTH="559">
            <String ID="Textword_110" HPOS="2655" VPOS="1462" HEIGHT="35" WIDTH="432" CONTENT="diskretE.Muggli-Asler," WC="0.66" />
            <String ID="Textword_111" HPOS="3095" VPOS="1463" HEIGHT="26" WIDTH="119" CONTENT="Bücher-" WC="0.92" />
          </TextLine>
          <TextLine ID="TextLine_42" HPOS="2656" VPOS="1498" HEIGHT="33" WIDTH="560">
            <String ID="Textword_112" HPOS="2656" VPOS="1501" HEIGHT="30" WIDTH="109" CONTENT="experte" WC="0.91" />
            <String ID="Textword_113" HPOS="2779" VPOS="1499" HEIGHT="32" WIDTH="91" CONTENT="‚ehem." WC="0.93" />
            <String ID="Textword_114" HPOS="2879" VPOS="1499" HEIGHT="26" WIDTH="143" CONTENT="Prokurist" WC="0.91" />
            <String ID="Textword_115" HPOS="3029" VPOS="1499" HEIGHT="25" WIDTH="47" CONTENT="der" WC="0.95" />
            <String ID="Textword_116" HPOS="3082" VPOS="1498" HEIGHT="27" WIDTH="134" CONTENT="Schweiz." WC="0.67" />
          </TextLine>
          <TextLine ID="TextLine_43" HPOS="2659" VPOS="1532" HEIGHT="33" WIDTH="422">
            <String ID="Textword_117" HPOS="2659" VPOS="1535" HEIGHT="30" WIDTH="169" CONTENT="Volksoank)" WC="0.88" />
            <String ID="Textword_118" HPOS="2848" VPOS="1532" HEIGHT="28" WIDTH="143" CONTENT="Zürich" WC="0.96" />
            <String ID="Textword_119" HPOS="3015" VPOS="1533" HEIGHT="28" WIDTH="66" CONTENT="IV." WC="0.93" />
          </TextLine>
        </TextBlock>
        <TextBlock ID="TextBlock_21" HPOS="2731" VPOS="1611" HEIGHT="132" WIDTH="428">
          <TextLine ID="TextLine_44" HPOS="2731" VPOS="1611" HEIGHT="132" WIDTH="428">
            <String ID="Textword_120" HPOS="2731" VPOS="1611" HEIGHT="132" WIDTH="428" CONTENT="Modelle" WC="0.85" />
          </TextLine>
        </TextBlock>
        <TextBlock ID="TextBlock_22" HPOS="2657" VPOS="1764" HEIGHT="281" WIDTH="558">
          <TextLine ID="TextLine_45" HPOS="2658" VPOS="1764" HEIGHT="34" WIDTH="556">
            <String ID="Textword_121" HPOS="2658" VPOS="1766" HEIGHT="32" WIDTH="83" CONTENT="B3S" WC="0.08" />
            <String ID="Textword_122" HPOS="2762" VPOS="1765" HEIGHT="27" WIDTH="45" CONTENT="für" WC="0.93" />
            <String ID="Textword_123" HPOS="2826" VPOS="1765" HEIGHT="27" WIDTH="170" CONTENT="Giessereien" WC="0.91" />
            <String ID="Textword_124" HPOS="3021" VPOS="1765" HEIGHT="26" WIDTH="57" CONTENT="und" WC="0.93" />
            <String ID="Textword_125" HPOS="3100" VPOS="1764" HEIGHT="26" WIDTH="114" CONTENT="Maschi-" WC="0.92" />
          </TextLine>
          <TextLine ID="TextLine_46" HPOS="2657" VPOS="1799" HEIGHT="36" WIDTH="558">
            <String ID="Textword_126" HPOS="2657" VPOS="1801" HEIGHT="34" WIDTH="188" CONTENT="nenfabriken," WC="0.91" />
            <String ID="Textword_127" HPOS="2864" VPOS="1801" HEIGHT="26" WIDTH="82" CONTENT="sowie" WC="0.96" />
            <String ID="Textword_128" HPOS="2966" VPOS="1801" HEIGHT="26" WIDTH="45" CONTENT="für" WC="0.93" />
            <String ID="Textword_129" HPOS="3031" VPOS="1800" HEIGHT="27" WIDTH="96" CONTENT="Schul-" WC="0.91" />
            <String ID="Textword_130" HPOS="3155" VPOS="1799" HEIGHT="27" WIDTH="60" CONTENT="und" WC="0.96" />
          </TextLine>
          <TextLine ID="TextLine_47" HPOS="2657" VPOS="1836" HEIGHT="33" WIDTH="556">
            <String ID="Textword_131" HPOS="2657" VPOS="1837" HEIGHT="26" WIDTH="209" CONTENT="Patentzwecke" WC="0.91" />
            <String ID="Textword_132" HPOS="2894" VPOS="1836" HEIGHT="33" WIDTH="146" CONTENT="verfertigt" WC="0.90" />
            <String ID="Textword_133" HPOS="3068" VPOS="1836" HEIGHT="25" WIDTH="69" CONTENT="nach" WC="0.92" />
            <String ID="Textword_134" HPOS="3157" VPOS="1836" HEIGHT="25" WIDTH="56" CONTENT="ein-" WC="0.92" />
          </TextLine>
          <TextLine ID="TextLine_48" HPOS="2657" VPOS="1871" HEIGHT="35" WIDTH="557">
            <String ID="Textword_135" HPOS="2657" VPOS="1873" HEIGHT="33" WIDTH="146" CONTENT="gesandter" WC="0.92" />
            <String ID="Textword_136" HPOS="2829" VPOS="1872" HEIGHT="33" WIDTH="158" CONTENT="Zeichnung" WC="0.94" />
            <String ID="Textword_137" HPOS="3016" VPOS="1872" HEIGHT="26" WIDTH="66" CONTENT="oder" WC="0.93" />
            <String ID="Textword_138" HPOS="3111" VPOS="1871" HEIGHT="26" WIDTH="103" CONTENT="Muster" WC="0.77" />
          </TextLine>
          <TextLine ID="TextLine_49" HPOS="2659" VPOS="1906" HEIGHT="34" WIDTH="554">
            <String ID="Textword_139" HPOS="2659" VPOS="1908" HEIGHT="26" WIDTH="39" CONTENT="bei" WC="0.96" />
            <String ID="Textword_140" HPOS="2729" VPOS="1907" HEIGHT="33" WIDTH="140" CONTENT="billigsten" WC="0.96" />
            <String ID="Textword_141" HPOS="2898" VPOS="1908" HEIGHT="25" WIDTH="112" CONTENT="Preisen" WC="0.96" />
            <String ID="Textword_142" HPOS="3042" VPOS="1906" HEIGHT="27" WIDTH="57" CONTENT="und" WC="0.91" />
            <String ID="Textword_143" HPOS="3127" VPOS="1906" HEIGHT="26" WIDTH="86" CONTENT="tadel-" WC="0.91" />
          </TextLine>
          <TextLine ID="TextLine_50" HPOS="2657" VPOS="1942" HEIGHT="35" WIDTH="275">
            <String ID="Textword_144" HPOS="2657" VPOS="1944" HEIGHT="25" WIDTH="69" CONTENT="loser" WC="0.95" />
            <String ID="Textword_145" HPOS="2746" VPOS="1942" HEIGHT="35" WIDTH="186" CONTENT="Ausführung" WC="0.96" />
          </TextLine>
          <TextLine ID="TextLine_51" HPOS="2760" VPOS="1976" HEIGHT="33" WIDTH="295">
            <String ID="Textword_146" HPOS="2760" VPOS="2001" HEIGHT="2" WIDTH="5" CONTENT="i" WC="0.53" />
            <String ID="Textword_147" HPOS="2833" VPOS="1976" HEIGHT="33" WIDTH="222" CONTENT="A.Locher," WC="0.91" />
          </TextLine>
          <TextLine ID="TextLine_52" HPOS="2740" VPOS="2012" HEIGHT="33" WIDTH="474">
            <String ID="Textword_148" HPOS="2740" VPOS="2013" HEIGHT="26" WIDTH="85" CONTENT="mech." WC="0.92" />
            <String ID="Textword_149" HPOS="2840" VPOS="2012" HEIGHT="33" WIDTH="275" CONTENT="Modellschreinerei," WC="0.91" />
            <String ID="Textword_150" HPOS="3135" VPOS="2012" HEIGHT="26" WIDTH="79" CONTENT="Bern." WC="0.96" />
          </TextLine>
        </TextBlock>
        <TextBlock ID="TextBlock_23" HPOS="2722" VPOS="2087" HEIGHT="191" WIDTH="444">
          <TextLine ID="TextLine_53" HPOS="2722" VPOS="2087" HEIGHT="104" WIDTH="438">
            <String ID="Textword_151" HPOS="2722" VPOS="2087" HEIGHT="104" WIDTH="438" CONTENT="SUN" WC="0.26" />
          </TextLine>
          <TextLine ID="TextLine_54" HPOS="2723" VPOS="2184" HEIGHT="94" WIDTH="443">
            <String ID="Textword_152" HPOS="2723" VPOS="2184" HEIGHT="94" WIDTH="76" CONTENT="=" WC="0.85" />
            <String ID="Textword_153" HPOS="2791" VPOS="2182" HEIGHT="61" WIDTH="375" CONTENT="‘PFISTER:C:" WC="0.67" />
          </TextLine>
        </TextBlock>
        <TextBlock ID="TextBlock_24" HPOS="2792" VPOS="2245" HEIGHT="36" WIDTH="327">
          <TextLine ID="TextLine_55" HPOS="2792" VPOS="2245" HEIGHT="36" WIDTH="327">
            <String ID="Textword_154" HPOS="2769" VPOS="2243" HEIGHT="38" WIDTH="130" CONTENT="Ne" WC="0.21" />
            <String ID="Textword_155" HPOS="2904" VPOS="2237" HEIGHT="44" WIDTH="215" CONTENT="ee" WC="0.34" />
          </TextLine>
        </TextBlock>
        <TextBlock ID="TextBlock_25" HPOS="2724" VPOS="2285" HEIGHT="86" WIDTH="446">
          <TextLine ID="TextLine_56" HPOS="2852" VPOS="2285" HEIGHT="52" WIDTH="225">
            <String ID="Textword_156" HPOS="2852" VPOS="2278" HEIGHT="59" WIDTH="225" CONTENT="‘WRICH1" WC="0.00" />
          </TextLine>
          <TextLine ID="TextLine_57" HPOS="2724" VPOS="2335" HEIGHT="36" WIDTH="446">
            <String ID="Textword_157" HPOS="2723" VPOS="2326" HEIGHT="45" WIDTH="43" CONTENT="(ME" WC="0.25" />
            <String ID="Textword_158" HPOS="2760" VPOS="2316" HEIGHT="54" WIDTH="410" CONTENT="TALUGIESSEREISGRAVIÉRANSTALT" WC="0.25" />
          </TextLine>
        </TextBlock>
        <TextBlock ID="TextBlock_26" HPOS="2655" VPOS="635" HEIGHT="8" WIDTH="559">
          <TextLine ID="TextLine_58" HPOS="2655" VPOS="635" HEIGHT="8" WIDTH="559">
            <SP ID="Textword_3" HPOS="2655" VPOS="635" />
            <String ID="Textword_159" HPOS="2655" VPOS="635" HEIGHT="8" WIDTH="559" CONTENT=" " WC="0.95" />
          </TextLine>
        </TextBlock>
        <TextBlock ID="TextBlock_27" HPOS="2364" VPOS="737" HEIGHT="54" WIDTH="13">
          <TextLine ID="TextLine_59" HPOS="2364" VPOS="737" HEIGHT="54" WIDTH="13">
            <String ID="Textword_160" HPOS="2364" VPOS="737" HEIGHT="54" WIDTH="13" CONTENT="m" WC="0.09" />
          </TextLine>
        </TextBlock>
        <TextBlock ID="TextBlock_28" HPOS="2215" VPOS="761" HEIGHT="31" WIDTH="13">
          <TextLine ID="TextLine_60" HPOS="2215" VPOS="761" HEIGHT="31" WIDTH="13">
            <String ID="Textword_161" HPOS="2215" VPOS="761" HEIGHT="31" WIDTH="13" CONTENT="Wie" WC="0.44" />
          </TextLine>
        </TextBlock>
        <TextBlock ID="TextBlock_29" HPOS="2654" VPOS="1186" HEIGHT="9" WIDTH="561">
          <TextLine ID="TextLine_61" HPOS="2654" VPOS="1186" HEIGHT="9" WIDTH="561">
            <SP ID="Textword_4" HPOS="2654" VPOS="1186" />
            <String ID="Textword_162" HPOS="2654" VPOS="1186" HEIGHT="9" WIDTH="561" CONTENT=" " WC="0.95" />
          </TextLine>
        </TextBlock>
        <TextBlock ID="TextBlock_30" HPOS="2654" VPOS="1577" HEIGHT="9" WIDTH="562">
          <TextLine ID="TextLine_62" HPOS="2654" VPOS="1577" HEIGHT="9" WIDTH="562">
            <SP ID="Textword_5" HPOS="2654" VPOS="1577" />
            <String ID="Textword_163" HPOS="2654" VPOS="1577" HEIGHT="9" WIDTH="562" CONTENT=" " WC="0.95" />
          </TextLine>
        </TextBlock>
        <TextBlock ID="TextBlock_31" HPOS="2657" VPOS="2063" HEIGHT="10" WIDTH="559">
          <TextLine ID="TextLine_63" HPOS="2657" VPOS="2063" HEIGHT="10" WIDTH="559">
            <SP ID="Textword_6" HPOS="2657" VPOS="2063" />
            <String ID="Textword_164" HPOS="2657" VPOS="2063" HEIGHT="10" WIDTH="559" CONTENT=" " WC="0.95" />
          </TextLine>
        </TextBlock>
        <TextBlock ID="TextBlock_32" HPOS="2699" VPOS="2097" HEIGHT="8" WIDTH="500">
          <TextLine ID="TextLine_64" HPOS="2699" VPOS="2097" HEIGHT="8" WIDTH="500">
            <SP ID="Textword_7" HPOS="2699" VPOS="2097" />
            <String ID="Textword_165" HPOS="2699" VPOS="2097" HEIGHT="8" WIDTH="500" CONTENT=" " WC="0.95" />
          </TextLine>
        </TextBlock>
        <TextBlock ID="TextBlock_33" HPOS="2696" VPOS="2101" HEIGHT="190" WIDTH="524">
          <TextLine ID="TextLine_65" HPOS="3157" VPOS="2101" HEIGHT="64" WIDTH="62">
            <SP ID="Textword_8" HPOS="3157" VPOS="2101" />
            <String ID="Textword_166" HPOS="3157" VPOS="2101" HEIGHT="64" WIDTH="62" CONTENT=" " WC="0.95" />
          </TextLine>
          <TextLine ID="TextLine_66" HPOS="2696" VPOS="2101" HEIGHT="190" WIDTH="524">
            <SP ID="Textword_9" HPOS="2696" VPOS="2101" />
            <String ID="Textword_167" HPOS="2696" VPOS="2101" HEIGHT="190" WIDTH="129" CONTENT="   " WC="0.95" />
            <SP ID="Textword_10" HPOS="3178" VPOS="2165" />
            <String ID="Textword_168" HPOS="3178" VPOS="2165" HEIGHT="116" WIDTH="42" CONTENT="    " WC="0.95" />
          </TextLine>
        </TextBlock>
        <TextBlock ID="TextBlock_34" HPOS="2696" VPOS="2261" HEIGHT="20" WIDTH="109">
          <TextLine ID="TextLine_67" HPOS="2696" VPOS="2261" HEIGHT="12" WIDTH="109">
            <SP ID="Textword_11" HPOS="2696" VPOS="2261" />
            <String ID="Textword_169" HPOS="2696" VPOS="2261" HEIGHT="12" WIDTH="109" CONTENT=" " WC="0.95" />
          </TextLine>
          <TextLine ID="TextLine_68" HPOS="2696" VPOS="2273" HEIGHT="8" WIDTH="109">
            <SP ID="Textword_12" HPOS="2696" VPOS="2273" />
            <String ID="Textword_170" HPOS="2696" VPOS="2273" HEIGHT="8" WIDTH="27" CONTENT=" " WC="0.95" />
            <SP ID="Textword_13" HPOS="2793" VPOS="2273" />
            <String ID="Textword_171" HPOS="2793" VPOS="2273" HEIGHT="8" WIDTH="12" CONTENT=" " WC="0.95" />
          </TextLine>
        </TextBlock>
        <TextBlock ID="TextBlock_35" HPOS="2697" VPOS="2291" HEIGHT="95" WIDTH="523">
          <TextLine ID="TextLine_69" HPOS="2697" VPOS="2291" HEIGHT="95" WIDTH="523">
            <SP ID="Textword_14" HPOS="2697" VPOS="2344" />
            <String ID="Textword_172" HPOS="2697" VPOS="2344" HEIGHT="42" WIDTH="36" CONTENT=" " WC="0.95" />
            <SP ID="Textword_15" HPOS="3178" VPOS="2291" />
            <String ID="Textword_173" HPOS="3178" VPOS="2291" HEIGHT="53" WIDTH="42" CONTENT=" " WC="0.95" />
          </TextLine>
        </TextBlock>
        <TextBlock ID="TextBlock_36" HPOS="2697" VPOS="2291" HEIGHT="119" WIDTH="523">
          <TextLine ID="TextLine_70" HPOS="2697" VPOS="2291" HEIGHT="53" WIDTH="168">
            <SP ID="Textword_16" HPOS="2697" VPOS="2291" />
            <String ID="Textword_174" HPOS="2697" VPOS="2291" HEIGHT="53" WIDTH="168" CONTENT="  " WC="0.95" />
          </TextLine>
          <TextLine ID="TextLine_71" HPOS="2697" VPOS="2344" HEIGHT="66" WIDTH="523">
            <SP ID="Textword_17" HPOS="2697" VPOS="2344" />
            <String ID="Textword_175" HPOS="2697" VPOS="2344" HEIGHT="66" WIDTH="523" CONTENT="  " WC="0.95" />
          </TextLine>
        </TextBlock>
        <TextBlock ID="TextBlock_37" HPOS="2658" VPOS="2429" HEIGHT="8" WIDTH="559">
          <TextLine ID="TextLine_72" HPOS="2658" VPOS="2429" HEIGHT="8" WIDTH="559">
            <SP ID="Textword_18" HPOS="2658" VPOS="2429" />
            <String ID="Textword_176" HPOS="2658" VPOS="2429" HEIGHT="8" WIDTH="559" CONTENT=" " WC="0.95" />
          </TextLine>
        </TextBlock>
        <TextBlock ID="TextBlock_38" HPOS="2660" VPOS="2465" HEIGHT="99" WIDTH="540">
          <TextLine ID="TextLine_73" HPOS="2660" VPOS="2465" HEIGHT="99" WIDTH="540">
            <String ID="Textword_177" HPOS="2660" VPOS="2469" HEIGHT="95" WIDTH="238" CONTENT="Clichés" WC="0.71" />
            <String ID="Textword_178" HPOS="2921" VPOS="2465" HEIGHT="84" WIDTH="279" CONTENT="moizsennite" WC="0.37" />
          </TextLine>
        </TextBlock>
        <TextBlock ID="TextBlock_39" HPOS="2659" VPOS="2561" HEIGHT="115" WIDTH="532">
          <TextLine ID="TextLine_74" HPOS="2659" VPOS="2561" HEIGHT="42" WIDTH="503">
            <String ID="Textword_179" HPOS="2659" VPOS="2589" HEIGHT="16" WIDTH="240" CONTENT="——" WC="0.44" />
            <String ID="Textword_180" HPOS="2959" VPOS="2561" HEIGHT="42" WIDTH="203" CONTENT=" Zinkätzung." WC="0.64" />
          </TextLine>
          <TextLine ID="TextLine_75" HPOS="2687" VPOS="2623" HEIGHT="53" WIDTH="504">
            <String ID="Textword_181" HPOS="2687" VPOS="2625" HEIGHT="43" WIDTH="79" CONTENT="Heh." WC="0.89" />
            <String ID="Textword_182" HPOS="2785" VPOS="2625" HEIGHT="51" WIDTH="225" CONTENT="Baumgartner," WC="0.82" />
            <String ID="Textword_183" HPOS="3039" VPOS="2623" HEIGHT="43" WIDTH="107" CONTENT="Zürich" WC="0.88" />
            <String ID="Textword_184" HPOS="3142" VPOS="2624" HEIGHT="42" WIDTH="49" CONTENT="LI" WC="0.74" />
          </TextLine>
        </TextBlock>
        <TextBlock ID="TextBlock_40" HPOS="2746" VPOS="2676" HEIGHT="25" WIDTH="384">
          <TextLine ID="TextLine_76" HPOS="2746" VPOS="2676" HEIGHT="25" WIDTH="384">
            <String ID="Textword_185" HPOS="2746" VPOS="2687" HEIGHT="6" WIDTH="53" CONTENT="—" WC="0.68" />
            <String ID="Textword_186" HPOS="2813" VPOS="2677" HEIGHT="24" WIDTH="118" CONTENT="Telephon" WC="0.91" />
            <String ID="Textword_187" HPOS="2946" VPOS="2677" HEIGHT="20" WIDTH="39" CONTENT="Nr." WC="0.96" />
            <String ID="Textword_188" HPOS="3001" VPOS="2676" HEIGHT="21" WIDTH="62" CONTENT="7508," WC="0.91" />
            <String ID="Textword_189" HPOS="3077" VPOS="2686" HEIGHT="6" WIDTH="53" CONTENT="——" WC="0.27" />
          </TextLine>
        </TextBlock>
        <TextBlock ID="TextBlock_41" HPOS="2659" VPOS="2729" HEIGHT="10" WIDTH="560">
          <TextLine ID="TextLine_77" HPOS="2659" VPOS="2729" HEIGHT="10" WIDTH="560">
            <SP ID="Textword_19" HPOS="2659" VPOS="2729" />
            <String ID="Textword_190" HPOS="2659" VPOS="2729" HEIGHT="10" WIDTH="560" CONTENT=" " WC="0.95" />
          </TextLine>
        </TextBlock>
        <TextBlock ID="TextBlock_42" HPOS="318" VPOS="2747" HEIGHT="29" WIDTH="2314">
          <TextLine ID="TextLine_78" HPOS="318" VPOS="2747" HEIGHT="29" WIDTH="2314">
            <SP ID="Textword_20" HPOS="318" VPOS="2747" />
            <String ID="Textword_191" HPOS="318" VPOS="2747" HEIGHT="29" WIDTH="2314" CONTENT=" " WC="0.95" />
          </TextLine>
        </TextBlock>
        <TextBlock ID="TextBlock_43" HPOS="312" VPOS="2780" HEIGHT="964" WIDTH="1159">
          <TextLine ID="TextLine_79" HPOS="312" VPOS="2780" HEIGHT="537" WIDTH="1094">
            <SP ID="Textword_21" HPOS="312" VPOS="2780" />
            <String ID="Textword_192" HPOS="312" VPOS="2780" HEIGHT="537" WIDTH="1094" CONTENT="  " WC="0.95" />
          </TextLine>
          <TextLine ID="TextLine_80" HPOS="312" VPOS="3317" HEIGHT="427" WIDTH="1159">
            <SP ID="Textword_22" HPOS="312" VPOS="3317" />
            <String ID="Textword_193" HPOS="312" VPOS="3317" HEIGHT="427" WIDTH="1159" CONTENT="    " WC="0.95" />
          </TextLine>
        </TextBlock>
        <TextBlock ID="TextBlock_44" HPOS="663" VPOS="3297" HEIGHT="36" WIDTH="440">
          <TextLine ID="TextLine_81" HPOS="663" VPOS="3297" HEIGHT="36" WIDTH="440">
            <String ID="Textword_194" HPOS="663" VPOS="3299" HEIGHT="34" WIDTH="215" CONTENT="(Eingetragene" WC="0.91" />
            <String ID="Textword_195" HPOS="898" VPOS="3297" HEIGHT="33" WIDTH="205" CONTENT="Schutzmarke)" WC="0.92" />
          </TextLine>
        </TextBlock>
        <TextBlock ID="TextBlock_45" HPOS="623" VPOS="3358" HEIGHT="107" WIDTH="518">
          <TextLine ID="TextLine_82" HPOS="623" VPOS="3358" HEIGHT="37" WIDTH="518">
            <String ID="Textword_196" HPOS="623" VPOS="3360" HEIGHT="35" WIDTH="242" CONTENT="Wirtschaftlich" WC="0.90" />
            <String ID="Textword_197" HPOS="890" VPOS="3358" HEIGHT="36" WIDTH="251" CONTENT="vorteilhafteste" WC="0.92" />
          </TextLine>
          <TextLine ID="TextLine_83" HPOS="681" VPOS="3423" HEIGHT="42" WIDTH="382">
            <String ID="Textword_198" HPOS="681" VPOS="3423" HEIGHT="42" WIDTH="382" CONTENT="Verbrennungsmotoren" WC="0.91" />
          </TextLine>
        </TextBlock>
        <TextBlock ID="TextBlock_46" HPOS="712" VPOS="3494" HEIGHT="143" WIDTH="351">
          <TextLine ID="TextLine_84" HPOS="753" VPOS="3494" HEIGHT="27" WIDTH="275">
            <String ID="Textword_199" HPOS="753" VPOS="3503" HEIGHT="18" WIDTH="61" CONTENT="zum" WC="0.92" />
            <String ID="Textword_200" HPOS="833" VPOS="3494" HEIGHT="27" WIDTH="125" CONTENT="Betriebe" WC="0.91" />
            <String ID="Textword_201" HPOS="977" VPOS="3494" HEIGHT="26" WIDTH="51" CONTENT="mit" WC="0.96" />
          </TextLine>
          <TextLine ID="TextLine_85" HPOS="816" VPOS="3547" HEIGHT="35" WIDTH="146">
            <String ID="Textword_202" HPOS="816" VPOS="3547" HEIGHT="35" WIDTH="146" CONTENT="billigen" WC="0.92" />
          </TextLine>
          <TextLine ID="TextLine_86" HPOS="712" VPOS="3600" HEIGHT="37" WIDTH="351">
            <String ID="Textword_203" HPOS="712" VPOS="3603" HEIGHT="34" WIDTH="130" CONTENT="flüssigen" WC="0.82" />
            <String ID="Textword_204" HPOS="861" VPOS="3600" HEIGHT="28" WIDTH="202" CONTENT="Brennstoffen." WC="0.91" />
          </TextLine>
        </TextBlock>
        <TextBlock ID="TextBlock_47" HPOS="807" VPOS="3682" HEIGHT="17" WIDTH="159">
          <TextLine ID="TextLine_87" HPOS="807" VPOS="3682" HEIGHT="17" WIDTH="159">
            <String ID="Textword_205" HPOS="807" VPOS="3682" HEIGHT="17" WIDTH="72" CONTENT="——" WC="0.35" />
            <String ID="Textword_206" HPOS="881" VPOS="3687" HEIGHT="6" WIDTH="4" CONTENT="4" WC="0.00" />
            <String ID="Textword_207" HPOS="884" VPOS="3682" HEIGHT="16" WIDTH="17" CONTENT="—" WC="0.00" />
            <String ID="Textword_208" HPOS="899" VPOS="3687" HEIGHT="7" WIDTH="67" CONTENT="—" WC="0.53" />
          </TextLine>
        </TextBlock>
        <TextBlock ID="TextBlock_48" HPOS="572" VPOS="3763" HEIGHT="41" WIDTH="620">
          <TextLine ID="TextLine_88" HPOS="572" VPOS="3763" HEIGHT="41" WIDTH="620">
            <String ID="Textword_209" HPOS="572" VPOS="3769" HEIGHT="35" WIDTH="139" CONTENT="Alleinige" WC="0.90" />
            <String ID="Textword_210" HPOS="730" VPOS="3768" HEIGHT="27" WIDTH="184" CONTENT="Fabrikanten" WC="0.91" />
            <String ID="Textword_211" HPOS="932" VPOS="3765" HEIGHT="27" WIDTH="46" CONTENT="für" WC="0.96" />
            <String ID="Textword_212" HPOS="997" VPOS="3765" HEIGHT="26" WIDTH="43" CONTENT="die" WC="0.96" />
            <String ID="Textword_213" HPOS="1059" VPOS="3763" HEIGHT="27" WIDTH="133" CONTENT="Schweiz:" WC="0.96" />
          </TextLine>
        </TextBlock>
        <TextBlock ID="TextBlock_49" HPOS="452" VPOS="3835" HEIGHT="138" WIDTH="890">
          <TextLine ID="TextLine_89" HPOS="452" VPOS="3835" HEIGHT="138" WIDTH="890">
            <String ID="Textword_214" HPOS="452" VPOS="3840" HEIGHT="133" WIDTH="487" CONTENT="Gebrüder" WC="0.95" />
            <String ID="Textword_215" HPOS="997" VPOS="3835" HEIGHT="131" WIDTH="345" CONTENT="Sulzer" WC="0.95" />
          </TextLine>
        </TextBlock>
        <TextBlock ID="TextBlock_50" HPOS="725" VPOS="3995" HEIGHT="37" WIDTH="326">
          <TextLine ID="TextLine_90" HPOS="725" VPOS="3995" HEIGHT="37" WIDTH="326">
            <String ID="Textword_216" HPOS="725" VPOS="3995" HEIGHT="37" WIDTH="326" CONTENT="WINTERTHUR." WC="0.96" />
          </TextLine>
        </TextBlock>
        <TextBlock ID="TextBlock_51" HPOS="315" VPOS="3744" HEIGHT="482" WIDTH="1161">
          <TextLine ID="TextLine_91" HPOS="315" VPOS="3744" HEIGHT="298" WIDTH="1159">
            <SP ID="Textword_23" HPOS="315" VPOS="3824" />
            <String ID="Textword_217" HPOS="315" VPOS="3824" HEIGHT="218" WIDTH="67" CONTENT=" " WC="0.95" />
            <SP ID="Textword_24" HPOS="1410" VPOS="3744" />
            <String ID="Textword_218" HPOS="1410" VPOS="3744" HEIGHT="298" WIDTH="64" CONTENT="  " WC="0.95" />
          </TextLine>
          <TextLine ID="TextLine_92" HPOS="317" VPOS="4042" HEIGHT="68" WIDTH="1158">
            <SP ID="Textword_25" HPOS="317" VPOS="4042" />
            <String ID="Textword_219" HPOS="317" VPOS="4042" HEIGHT="68" WIDTH="1158" CONTENT="   " WC="0.95" />
          </TextLine>
          <TextLine ID="TextLine_93" HPOS="321" VPOS="4110" HEIGHT="116" WIDTH="1155">
            <SP ID="Textword_26" HPOS="321" VPOS="4110" />
            <String ID="Textword_220" HPOS="321" VPOS="4110" HEIGHT="116" WIDTH="416" CONTENT="  " WC="0.95" />
            <SP ID="Textword_27" HPOS="1272" VPOS="4110" />
            <String ID="Textword_221" HPOS="1272" VPOS="4110" HEIGHT="69" WIDTH="204" CONTENT=" " WC="0.95" />
          </TextLine>
        </TextBlock>
        <TextBlock ID="TextBlock_52" HPOS="522" VPOS="4127" HEIGHT="82" WIDTH="750">
          <TextLine ID="TextLine_94" HPOS="522" VPOS="4127" HEIGHT="35" WIDTH="750">
            <String ID="Textword_222" HPOS="522" VPOS="4136" HEIGHT="26" WIDTH="52" CONTENT="Die" WC="0.96" />
            <String ID="Textword_223" HPOS="593" VPOS="4134" HEIGHT="28" WIDTH="125" CONTENT="Motoren" WC="0.96" />
            <String ID="Textword_224" HPOS="731" VPOS="4132" HEIGHT="27" WIDTH="106" CONTENT="werden" WC="0.95" />
            <String ID="Textword_225" HPOS="855" VPOS="4131" HEIGHT="27" WIDTH="29" CONTENT="in" WC="0.95" />
            <String ID="Textword_226" HPOS="898" VPOS="4131" HEIGHT="27" WIDTH="118" CONTENT="Grössen" WC="0.95" />
            <String ID="Textword_227" HPOS="1035" VPOS="4137" HEIGHT="19" WIDTH="55" CONTENT="von" WC="0.96" />
            <String ID="Textword_228" HPOS="1107" VPOS="4128" HEIGHT="26" WIDTH="34" CONTENT="20" WC="0.93" />
            <String ID="Textword_229" HPOS="1154" VPOS="4127" HEIGHT="28" WIDTH="69" CONTENT="P.S." WC="0.89" />
            <String ID="Textword_230" HPOS="1237" VPOS="4134" HEIGHT="20" WIDTH="35" CONTENT="an" WC="0.96" />
          </TextLine>
          <TextLine ID="TextLine_95" HPOS="737" VPOS="4174" HEIGHT="35" WIDTH="322">
            <String ID="Textword_231" HPOS="737" VPOS="4177" HEIGHT="27" WIDTH="131" CONTENT="aufwärts" WC="0.96" />
            <String ID="Textword_232" HPOS="887" VPOS="4174" HEIGHT="35" WIDTH="172" CONTENT="ausgeführt." WC="0.95" />
          </TextLine>
        </TextBlock>
        <TextBlock ID="TextBlock_53" HPOS="322" VPOS="4179" HEIGHT="315" WIDTH="1155">
          <TextLine ID="TextLine_96" HPOS="322" VPOS="4179" HEIGHT="315" WIDTH="1155">
            <SP ID="Textword_28" HPOS="322" VPOS="4179" />
            <String ID="Textword_233" HPOS="322" VPOS="4179" HEIGHT="315" WIDTH="1155" CONTENT="  " WC="0.95" />
          </TextLine>
        </TextBlock>
        <TextBlock ID="TextBlock_54" HPOS="412" VPOS="3085" HEIGHT="155" WIDTH="945">
          <TextLine ID="TextLine_97" HPOS="412" VPOS="3085" HEIGHT="155" WIDTH="945">
            <String ID="Textword_234" HPOS="412" VPOS="3013" HEIGHT="288" WIDTH="945" CONTENT="Diesel-Motoren" WC="0.91" />
          </TextLine>
        </TextBlock>
        <TextBlock ID="TextBlock_55" HPOS="1479" VPOS="2772" HEIGHT="1700" WIDTH="76">
          <TextLine ID="TextLine_98" HPOS="1479" VPOS="2772" HEIGHT="1700" WIDTH="76">
            <SP ID="Textword_29" HPOS="1479" VPOS="2772" />
            <String ID="Textword_235" HPOS="1479" VPOS="2772" HEIGHT="1700" WIDTH="76" CONTENT="   " WC="0.95" />
          </TextLine>
        </TextBlock>
        <TextBlock ID="TextBlock_56" HPOS="1548" VPOS="2830" HEIGHT="18" WIDTH="1021">
          <TextLine ID="TextLine_99" HPOS="1548" VPOS="2830" HEIGHT="18" WIDTH="1021">
            <SP ID="Textword_30" HPOS="1548" VPOS="2830" />
            <String ID="Textword_236" HPOS="1548" VPOS="2830" HEIGHT="18" WIDTH="1021" CONTENT=" " WC="0.95" />
          </TextLine>
        </TextBlock>
        <TextBlock ID="TextBlock_57" HPOS="1611" VPOS="2895" HEIGHT="12" WIDTH="893">
          <TextLine ID="TextLine_100" HPOS="1611" VPOS="2895" HEIGHT="12" WIDTH="893">
            <SP ID="Textword_31" HPOS="1611" VPOS="2895" />
            <String ID="Textword_237" HPOS="1611" VPOS="2895" HEIGHT="12" WIDTH="893" CONTENT=" " WC="0.95" />
          </TextLine>
        </TextBlock>
        <TextBlock ID="TextBlock_58" HPOS="1639" VPOS="3093" HEIGHT="12" WIDTH="849">
          <TextLine ID="TextLine_101" HPOS="1639" VPOS="3093" HEIGHT="12" WIDTH="849">
            <SP ID="Textword_32" HPOS="1639" VPOS="3093" />
            <String ID="Textword_238" HPOS="1639" VPOS="3093" HEIGHT="12" WIDTH="849" CONTENT=" " WC="0.95" />
          </TextLine>
        </TextBlock>
        <TextBlock ID="TextBlock_59" HPOS="1683" VPOS="3646" HEIGHT="53" WIDTH="369">
          <TextLine ID="TextLine_102" HPOS="1683" VPOS="3646" HEIGHT="53" WIDTH="369">
            <String ID="Textword_239" HPOS="1683" VPOS="3646" HEIGHT="53" WIDTH="369" CONTENT="LICHTDRUCK" WC="0.90" />
          </TextLine>
        </TextBlock>
        <TextBlock ID="TextBlock_60" HPOS="1649" VPOS="3994" HEIGHT="46" WIDTH="264">
          <TextLine ID="TextLine_103" HPOS="1649" VPOS="3994" HEIGHT="46" WIDTH="264">
            <String ID="Textword_240" HPOS="1649" VPOS="3994" HEIGHT="46" WIDTH="187" CONTENT="ZÜRICH" WC="0.96" />
            <String ID="Textword_241" HPOS="1866" VPOS="3998" HEIGHT="38" WIDTH="47" CONTENT="IV" WC="0.96" />
          </TextLine>
        </TextBlock>
        <TextBlock ID="TextBlock_61" HPOS="1612" VPOS="2901" HEIGHT="1186" WIDTH="19">
          <TextLine ID="TextLine_104" HPOS="1612" VPOS="2901" HEIGHT="1186" WIDTH="19">
            <SP ID="Textword_33" HPOS="1612" VPOS="2901" />
            <String ID="Textword_242" HPOS="1612" VPOS="2901" HEIGHT="1186" WIDTH="19" CONTENT=" " WC="0.95" />
          </TextLine>
        </TextBlock>
        <TextBlock ID="TextBlock_62" HPOS="1837" VPOS="3482" HEIGHT="64" WIDTH="461">
          <TextLine ID="TextLine_105" HPOS="1838" VPOS="3482" HEIGHT="28" WIDTH="458">
            <String ID="Textword_243" HPOS="1838" VPOS="3484" HEIGHT="26" WIDTH="123" CONTENT="SOWIE" WC="0.92" />
            <String ID="Textword_244" HPOS="1982" VPOS="3483" HEIGHT="26" WIDTH="130" CONTENT="ALLEN" WC="0.90" />
            <String ID="Textword_245" HPOS="2133" VPOS="3482" HEIGHT="26" WIDTH="163" CONTENT="ANDERN" WC="0.91" />
          </TextLine>
          <TextLine ID="TextLine_106" HPOS="1837" VPOS="3517" HEIGHT="29" WIDTH="461">
            <String ID="Textword_246" HPOS="1837" VPOS="3518" HEIGHT="28" WIDTH="391" CONTENT="DRUCKARBEITEN" WC="0.90" />
            <String ID="Textword_247" HPOS="2257" VPOS="3517" HEIGHT="26" WIDTH="41" CONTENT="IN" WC="0.96" />
          </TextLine>
        </TextBlock>
        <TextBlock ID="TextBlock_63" HPOS="1840" VPOS="3575" HEIGHT="52" WIDTH="454">
          <TextLine ID="TextLine_107" HPOS="1840" VPOS="3575" HEIGHT="52" WIDTH="454">
            <String ID="Textword_248" HPOS="1840" VPOS="3575" HEIGHT="52" WIDTH="454" CONTENT="LITHOGRAPHIE" WC="0.91" />
          </TextLine>
        </TextBlock>
        <TextBlock ID="TextBlock_64" HPOS="1733" VPOS="3727" HEIGHT="103" WIDTH="1203">
          <TextLine ID="TextLine_108" HPOS="1733" VPOS="3727" HEIGHT="32" WIDTH="678">
            <String ID="Textword_249" HPOS="1733" VPOS="3732" HEIGHT="27" WIDTH="291" CONTENT="INDUSTRIELLE" WC="0.96" />
            <String ID="Textword_250" HPOS="2045" VPOS="3731" HEIGHT="26" WIDTH="126" CONTENT="ALLER" WC="0.93" />
            <String ID="Textword_251" HPOS="2193" VPOS="3727" HEIGHT="28" WIDTH="218" CONTENT="BRANCHEN" WC="0.89" />
            <String ID="Textword_252" HPOS="2923" VPOS="3740" HEIGHT="26" WIDTH="11" CONTENT="i" WC="0.77" />
          </TextLine>
          <TextLine ID="TextLine_109" HPOS="1881" VPOS="3765" HEIGHT="37" WIDTH="1055">
            <String ID="Textword_253" HPOS="1881" VPOS="3768" HEIGHT="26" WIDTH="166" CONTENT="WERDEN" WC="0.92" />
            <String ID="Textword_254" HPOS="2073" VPOS="3765" HEIGHT="27" WIDTH="181" CONTENT="GEBETEN" WC="0.92" />
            <String ID="Textword_255" HPOS="2922" VPOS="3768" HEIGHT="34" WIDTH="23" CONTENT="i" WC="0.37" />
          </TextLine>
          <TextLine ID="TextLine_110" HPOS="1854" VPOS="3799" HEIGHT="31" WIDTH="1075">
            <String ID="Textword_256" HPOS="1854" VPOS="3803" HEIGHT="27" WIDTH="90" CONTENT="SICH" WC="0.95" />
            <String ID="Textword_257" HPOS="1967" VPOS="3803" HEIGHT="26" WIDTH="52" CONTENT="ZU" WC="0.93" />
            <String ID="Textword_258" HPOS="2043" VPOS="3800" HEIGHT="28" WIDTH="170" CONTENT="WENDEN" WC="0.92" />
            <String ID="Textword_259" HPOS="2237" VPOS="3799" HEIGHT="25" WIDTH="55" CONTENT="AN" WC="0.96" />
          </TextLine>
        </TextBlock>
        <TextBlock ID="TextBlock_65" HPOS="1647" VPOS="3871" HEIGHT="106" WIDTH="849">
          <TextLine ID="TextLine_111" HPOS="1647" VPOS="3871" HEIGHT="106" WIDTH="849">
            <String ID="Textword_260" HPOS="1647" VPOS="3872" HEIGHT="105" WIDTH="440" CONTENT="POLVERAPAISCHES" WC="0.13" />
            <String ID="Textword_261" HPOS="2133" VPOS="3871" HEIGHT="102" WIDTH="221" CONTENT="INSTITUT" WC="0.21" />
            <String ID="Textword_262" HPOS="2405" VPOS="3871" HEIGHT="101" WIDTH="91" CONTENT="A6," WC="0.60" />
            <String ID="Textword_263" HPOS="0" VPOS="0" HEIGHT="4980" WIDTH="3448" CONTENT="BI" WC="0.33" />
            <String ID="Textword_264" HPOS="2708" VPOS="3838" HEIGHT="180" WIDTH="282" CONTENT="==&quot;" WC="0.59" />
          </TextLine>
        </TextBlock>
        <TextBlock ID="TextBlock_66" HPOS="2064" VPOS="3992" HEIGHT="44" WIDTH="766">
          <TextLine ID="TextLine_112" HPOS="2064" VPOS="3992" HEIGHT="44" WIDTH="766">
            <String ID="Textword_265" HPOS="2064" VPOS="3996" HEIGHT="40" WIDTH="350" CONTENT="CLAUSIUSSTR." WC="0.90" />
            <String ID="Textword_266" HPOS="2446" VPOS="3996" HEIGHT="38" WIDTH="46" CONTENT="21" WC="0.94" />
            <String ID="Textword_267" HPOS="2730" VPOS="3992" HEIGHT="29" WIDTH="36" CONTENT="und" WC="0.81" />
            <String ID="Textword_268" HPOS="2778" VPOS="3992" HEIGHT="29" WIDTH="52" CONTENT="desto" WC="0.63" />
          </TextLine>
        </TextBlock>
        <TextBlock ID="TextBlock_67" HPOS="1646" VPOS="2795" HEIGHT="658" WIDTH="1534">
          <TextLine ID="TextLine_113" HPOS="2559" VPOS="2795" HEIGHT="100" WIDTH="583">
            <String ID="Textword_269" HPOS="2559" VPOS="2832" HEIGHT="36" WIDTH="10" CONTENT="I" WC="0.57" />
            <String ID="Textword_270" HPOS="2723" VPOS="2805" HEIGHT="65" WIDTH="122" CONTENT="=" WC="0.37" />
            <String ID="Textword_271" HPOS="2848" VPOS="2807" HEIGHT="53" WIDTH="88" CONTENT="LOI" WC="0.27" />
            <String ID="Textword_272" HPOS="2923" VPOS="2795" HEIGHT="100" WIDTH="219" CONTENT="Lt" WC="0.00" />
          </TextLine>
          <TextLine ID="TextLine_114" HPOS="2856" VPOS="2851" HEIGHT="52" WIDTH="283">
            <String ID="Textword_273" HPOS="2856" VPOS="2852" HEIGHT="51" WIDTH="99" CONTENT="zZün" WC="0.35" />
            <String ID="Textword_274" HPOS="2960" VPOS="2851" HEIGHT="43" WIDTH="179" CONTENT="dE" WC="0.21" />
          </TextLine>
          <TextLine ID="TextLine_115" HPOS="2709" VPOS="2901" HEIGHT="52" WIDTH="439">
            <String ID="Textword_275" HPOS="2709" VPOS="2905" HEIGHT="40" WIDTH="125" CONTENT="LOUE" WC="0.17" />
            <String ID="Textword_276" HPOS="2839" VPOS="2910" HEIGHT="29" WIDTH="55" CONTENT="SICH." WC="0.61" />
            <String ID="Textword_277" HPOS="2901" VPOS="2901" HEIGHT="31" WIDTH="47" CONTENT="FÜR" WC="0.89" />
            <String ID="Textword_278" HPOS="2954" VPOS="2905" HEIGHT="26" WIDTH="123" CONTENT="VL" WC="0.20" />
            <String ID="Textword_279" HPOS="3086" VPOS="2907" HEIGHT="46" WIDTH="62" CONTENT="LL" WC="0.51" />
          </TextLine>
          <TextLine ID="TextLine_116" HPOS="1646" VPOS="2932" HEIGHT="128" WIDTH="1394">
            <String ID="Textword_280" HPOS="1646" VPOS="2938" HEIGHT="122" WIDTH="74" CONTENT="E" WC="0.93" />
            <String ID="Textword_281" HPOS="1740" VPOS="2938" HEIGHT="120" WIDTH="20" CONTENT="|" WC="0.75" />
            <String ID="Textword_282" HPOS="1783" VPOS="2937" HEIGHT="121" WIDTH="77" CONTENT="N" WC="0.96" />
            <String ID="Textword_283" HPOS="1887" VPOS="2935" HEIGHT="123" WIDTH="165" CONTENT="LA" WC="0.96" />
            <String ID="Textword_284" HPOS="2076" VPOS="2935" HEIGHT="125" WIDTH="82" CONTENT="D" WC="0.93" />
            <String ID="Textword_285" HPOS="2179" VPOS="2935" HEIGHT="122" WIDTH="81" CONTENT="U" WC="0.71" />
            <String ID="Textword_286" HPOS="2287" VPOS="2935" HEIGHT="120" WIDTH="77" CONTENT="N" WC="0.95" />
            <String ID="Textword_287" HPOS="2388" VPOS="2932" HEIGHT="125" WIDTH="91" CONTENT="G" WC="0.91" />
            <String ID="Textword_288" HPOS="2826" VPOS="3001" HEIGHT="49" WIDTH="214" CONTENT="Maschinenguss." WC="0.85" />
          </TextLine>
          <TextLine ID="TextLine_117" HPOS="2871" VPOS="3054" HEIGHT="64" WIDTH="121">
            <String ID="Textword_289" HPOS="2871" VPOS="3054" HEIGHT="64" WIDTH="121" CONTENT="Bauguss," WC="0.82" />
          </TextLine>
          <TextLine ID="TextLine_118" HPOS="1651" VPOS="3108" HEIGHT="67" WIDTH="1323">
            <String ID="Textword_290" HPOS="1651" VPOS="3149" HEIGHT="26" WIDTH="66" CONTENT="DIE" WC="0.92" />
            <String ID="Textword_291" HPOS="1736" VPOS="3147" HEIGHT="27" WIDTH="358" CONTENT="UNTERZEICHNETE" WC="0.91" />
            <String ID="Textword_292" HPOS="2115" VPOS="3130" HEIGHT="42" WIDTH="362" CONTENT="KUNSTANSTALT" WC="0.91" />
            <String ID="Textword_293" HPOS="2887" VPOS="3108" HEIGHT="45" WIDTH="87" CONTENT="Säulen" WC="0.94" />
          </TextLine>
          <TextLine ID="TextLine_119" HPOS="1649" VPOS="3162" HEIGHT="50" WIDTH="1365">
            <String ID="Textword_294" HPOS="1649" VPOS="3183" HEIGHT="27" WIDTH="226" CONTENT="EMPFIEHLT" WC="0.96" />
            <String ID="Textword_295" HPOS="1890" VPOS="3182" HEIGHT="26" WIDTH="90" CONTENT="SICH" WC="0.96" />
            <String ID="Textword_296" HPOS="1994" VPOS="3182" HEIGHT="27" WIDTH="79" CONTENT="ZUR" WC="0.96" />
            <String ID="Textword_297" HPOS="2086" VPOS="3180" HEIGHT="28" WIDTH="293" CONTENT="ANFERTIGUNG" WC="0.96" />
            <String ID="Textword_298" HPOS="2393" VPOS="3179" HEIGHT="27" WIDTH="84" CONTENT="VON" WC="0.96" />
            <String ID="Textword_299" HPOS="2850" VPOS="3162" HEIGHT="50" WIDTH="164" CONTENT="Handelsguss" WC="0.78" />
          </TextLine>
          <TextLine ID="TextLine_120" HPOS="1770" VPOS="3215" HEIGHT="81" WIDTH="1251">
            <String ID="Textword_300" HPOS="1770" VPOS="3243" HEIGHT="53" WIDTH="559" CONTENT="REKLAMEPLAKATEN" WC="0.92" />
            <String ID="Textword_301" HPOS="2832" VPOS="3215" HEIGHT="81" WIDTH="189" CONTENT="Kochherdguss" WC="0.69" />
          </TextLine>
          <TextLine ID="TextLine_121" HPOS="1774" VPOS="3297" HEIGHT="42" WIDTH="556">
            <String ID="Textword_302" HPOS="1774" VPOS="3297" HEIGHT="42" WIDTH="556" CONTENT="GESCHAFTSKARTEN" WC="0.91" />
          </TextLine>
          <TextLine ID="TextLine_122" HPOS="1769" VPOS="3350" HEIGHT="44" WIDTH="1251">
            <String ID="Textword_303" HPOS="1769" VPOS="3351" HEIGHT="39" WIDTH="214" CONTENT="ILLUSTR." WC="0.90" />
            <String ID="Textword_304" HPOS="2015" VPOS="3350" HEIGHT="44" WIDTH="316" CONTENT="KATALOGEN" WC="0.91" />
            <String ID="Textword_305" HPOS="3016" VPOS="3372" HEIGHT="10" WIDTH="80" CONTENT="CE" WC="0.16" />
          </TextLine>
          <TextLine ID="TextLine_123" HPOS="1906" VPOS="3403" HEIGHT="50" WIDTH="1274">
            <String ID="Textword_306" HPOS="1906" VPOS="3403" HEIGHT="40" WIDTH="310" CONTENT="KALENDERN" WC="0.90" />
            <String ID="Textword_307" HPOS="2725" VPOS="3407" HEIGHT="46" WIDTH="455" CONTENT="TA" WC="0.34" />
          </TextLine>
        </TextBlock>
        <TextBlock ID="TextBlock_68" HPOS="2814" VPOS="3470" HEIGHT="28" WIDTH="268">
          <TextLine ID="TextLine_124" HPOS="2814" VPOS="3470" HEIGHT="28" WIDTH="268">
            <String ID="Textword_308" HPOS="2814" VPOS="3470" HEIGHT="28" WIDTH="268" CONTENT="LTE" WC="0.06" />
          </TextLine>
        </TextBlock>
        <TextBlock ID="TextBlock_69" HPOS="2674" VPOS="2770" HEIGHT="760" WIDTH="532">
          <TextLine ID="TextLine_125" HPOS="2674" VPOS="2770" HEIGHT="760" WIDTH="532">
            <SP ID="Textword_34" HPOS="2674" VPOS="2770" />
            <String ID="Textword_309" HPOS="2674" VPOS="2770" HEIGHT="760" WIDTH="532" CONTENT=" " WC="0.95" />
          </TextLine>
        </TextBlock>
        <TextBlock ID="TextBlock_70" HPOS="2665" VPOS="3551" HEIGHT="11" WIDTH="558">
          <TextLine ID="TextLine_126" HPOS="2665" VPOS="3551" HEIGHT="11" WIDTH="558">
            <SP ID="Textword_35" HPOS="2665" VPOS="3551" />
            <String ID="Textword_310" HPOS="2665" VPOS="3551" HEIGHT="11" WIDTH="558" CONTENT=" " WC="0.95" />
          </TextLine>
        </TextBlock>
        <TextBlock ID="TextBlock_71" HPOS="2696" VPOS="3600" HEIGHT="86" WIDTH="495">
          <TextLine ID="TextLine_127" HPOS="2696" VPOS="3600" HEIGHT="86" WIDTH="495">
            <String ID="Textword_311" HPOS="2696" VPOS="3602" HEIGHT="84" WIDTH="231" CONTENT="Gegenstrom" WC="0.69" />
            <String ID="Textword_312" HPOS="2940" VPOS="3637" HEIGHT="12" WIDTH="16" CONTENT="-" WC="0.69" />
            <String ID="Textword_313" HPOS="2968" VPOS="3600" HEIGHT="74" WIDTH="223" CONTENT="Vorwärmer" WC="0.89" />
          </TextLine>
        </TextBlock>
        <TextBlock ID="TextBlock_72" HPOS="2730" VPOS="3687" HEIGHT="50" WIDTH="403">
          <TextLine ID="TextLine_128" HPOS="2730" VPOS="3687" HEIGHT="50" WIDTH="403">
            <String ID="Textword_314" HPOS="2730" VPOS="3688" HEIGHT="20" WIDTH="28" CONTENT="D." WC="0.92" />
            <String ID="Textword_315" HPOS="2770" VPOS="3688" HEIGHT="20" WIDTH="27" CONTENT="BR." WC="0.72" />
            <String ID="Textword_316" HPOS="2809" VPOS="3688" HEIGHT="19" WIDTH="17" CONTENT="P" WC="0.84" />
            <String ID="Textword_317" HPOS="2852" VPOS="3688" HEIGHT="20" WIDTH="47" CONTENT="und" WC="0.96" />
            <String ID="Textword_318" HPOS="2914" VPOS="3688" HEIGHT="49" WIDTH="114" CONTENT="Schweiz:" WC="0.88" />
            <String ID="Textword_319" HPOS="3039" VPOS="3687" HEIGHT="21" WIDTH="94" CONTENT="Patent," WC="0.88" />
          </TextLine>
        </TextBlock>
        <TextBlock ID="TextBlock_73" HPOS="2106" VPOS="3646" HEIGHT="51" WIDTH="352">
          <TextLine ID="TextLine_129" HPOS="2106" VPOS="3646" HEIGHT="51" WIDTH="352">
            <String ID="Textword_320" HPOS="2106" VPOS="3646" HEIGHT="51" WIDTH="352" CONTENT="BUCHDRUCK" WC="0.91" />
          </TextLine>
        </TextBlock>
        <TextBlock ID="TextBlock_74" HPOS="2937" VPOS="3730" HEIGHT="88" WIDTH="27">
          <TextLine ID="TextLine_130" HPOS="2937" VPOS="3746" HEIGHT="72" WIDTH="14">
            <String ID="Textword_321" HPOS="2948" VPOS="3817" HEIGHT="1" WIDTH="3" CONTENT="|" WC="0.34" />
            <String ID="Textword_322" HPOS="2931" VPOS="3733" HEIGHT="65" WIDTH="18" CONTENT="=&gt;)" WC="0.40" />
          </TextLine>
          <TextLine ID="TextLine_131" HPOS="2952" VPOS="3730" HEIGHT="69" WIDTH="12">
            <String ID="Textword_323" HPOS="2952" VPOS="3730" HEIGHT="69" WIDTH="12" CONTENT="AUSTRITT" WC="0.94" />
          </TextLine>
        </TextBlock>
        <TextBlock ID="TextBlock_75" HPOS="3078" VPOS="3972" HEIGHT="29" WIDTH="73">
          <TextLine ID="TextLine_132" HPOS="3078" VPOS="3972" HEIGHT="29" WIDTH="73">
            <String ID="Textword_324" HPOS="3078" VPOS="3972" HEIGHT="29" WIDTH="73" CONTENT="höchste" WC="0.57" />
          </TextLine>
        </TextBlock>
        <TextBlock ID="TextBlock_76" HPOS="2497" VPOS="2897" HEIGHT="1184" WIDTH="22">
          <TextLine ID="TextLine_133" HPOS="2497" VPOS="2897" HEIGHT="1184" WIDTH="22">
            <SP ID="Textword_36" HPOS="2497" VPOS="2897" />
            <String ID="Textword_325" HPOS="2497" VPOS="2897" HEIGHT="1184" WIDTH="22" CONTENT=" " WC="0.95" />
          </TextLine>
        </TextBlock>
        <TextBlock ID="TextBlock_77" HPOS="2719" VPOS="4027" HEIGHT="30" WIDTH="128">
          <TextLine ID="TextLine_134" HPOS="2719" VPOS="4027" HEIGHT="30" WIDTH="128">
            <String ID="Textword_326" HPOS="2719" VPOS="4027" HEIGHT="30" WIDTH="128" CONTENT="Konstraktion" WC="0.74" />
          </TextLine>
        </TextBlock>
        <TextBlock ID="TextBlock_78" HPOS="1623" VPOS="4073" HEIGHT="14" WIDTH="894">
          <TextLine ID="TextLine_135" HPOS="1623" VPOS="4073" HEIGHT="14" WIDTH="894">
            <SP ID="Textword_37" HPOS="1623" VPOS="4073" />
            <String ID="Textword_327" HPOS="1623" VPOS="4073" HEIGHT="14" WIDTH="894" CONTENT=" " WC="0.95" />
          </TextLine>
        </TextBlock>
        <TextBlock ID="TextBlock_79" HPOS="1547" VPOS="2839" HEIGHT="1309" WIDTH="25">
          <TextLine ID="TextLine_136" HPOS="1547" VPOS="2839" HEIGHT="1309" WIDTH="25">
            <SP ID="Textword_38" HPOS="1547" VPOS="2839" />
            <String ID="Textword_328" HPOS="1547" VPOS="2839" HEIGHT="1309" WIDTH="25" CONTENT=" " WC="0.95" />
          </TextLine>
        </TextBlock>
        <TextBlock ID="TextBlock_80" HPOS="1560" VPOS="4133" HEIGHT="18" WIDTH="1010">
          <TextLine ID="TextLine_137" HPOS="1560" VPOS="4133" HEIGHT="18" WIDTH="1010">
            <SP ID="Textword_39" HPOS="1560" VPOS="4133" />
            <String ID="Textword_329" HPOS="1560" VPOS="4133" HEIGHT="18" WIDTH="1010" CONTENT=" " WC="0.95" />
          </TextLine>
        </TextBlock>
        <TextBlock ID="TextBlock_81" HPOS="2884" VPOS="3812" HEIGHT="472" WIDTH="193">
          <TextLine ID="TextLine_138" HPOS="2884" VPOS="3812" HEIGHT="472" WIDTH="193">
            <SP ID="Textword_40" HPOS="2884" VPOS="3812" />
            <String ID="Textword_330" HPOS="2884" VPOS="3812" HEIGHT="472" WIDTH="193" CONTENT=" " WC="0.95" />
          </TextLine>
        </TextBlock>
        <TextBlock ID="TextBlock_82" HPOS="1499" VPOS="4249" HEIGHT="16" WIDTH="1142">
          <TextLine ID="TextLine_139" HPOS="1499" VPOS="4249" HEIGHT="16" WIDTH="1142">
            <SP ID="Textword_41" HPOS="1499" VPOS="4249" />
            <String ID="Textword_331" HPOS="1499" VPOS="4249" HEIGHT="16" WIDTH="1142" CONTENT=" " WC="0.95" />
          </TextLine>
        </TextBlock>
        <TextBlock ID="TextBlock_83" HPOS="2040" VPOS="4306" HEIGHT="166" WIDTH="21">
          <TextLine ID="TextLine_140" HPOS="2040" VPOS="4306" HEIGHT="166" WIDTH="21">
            <SP ID="Textword_42" HPOS="2040" VPOS="4306" />
            <String ID="Textword_332" HPOS="2040" VPOS="4306" HEIGHT="166" WIDTH="21" CONTENT="  " WC="0.95" />
          </TextLine>
        </TextBlock>
        <TextBlock ID="TextBlock_84" HPOS="1483" VPOS="4382" HEIGHT="104" WIDTH="25">
          <TextLine ID="TextLine_141" HPOS="1483" VPOS="4382" HEIGHT="104" WIDTH="25">
            <String ID="Textword_333" HPOS="1483" VPOS="4382" HEIGHT="104" WIDTH="25" CONTENT="|" WC="0.92" />
          </TextLine>
        </TextBlock>
        <TextBlock ID="TextBlock_85" HPOS="1483" VPOS="4273" HEIGHT="192" WIDTH="1119">
          <TextLine ID="TextLine_142" HPOS="1483" VPOS="4273" HEIGHT="189" WIDTH="1113">
            <String ID="Textword_334" HPOS="1483" VPOS="4273" HEIGHT="189" WIDTH="532" CONTENT="1777275" WC="0.25" />
            <String ID="Textword_335" HPOS="2048" VPOS="4324" HEIGHT="84" WIDTH="257" CONTENT="TAN" WC="0.11" />
            <String ID="Textword_336" HPOS="2308" VPOS="4309" HEIGHT="93" WIDTH="288" CONTENT="LIU" WC="0.16" />
          </TextLine>
          <TextLine ID="TextLine_143" HPOS="2011" VPOS="4411" HEIGHT="54" WIDTH="591">
            <String ID="Textword_337" HPOS="2011" VPOS="4417" HEIGHT="30" WIDTH="71" CONTENT="Uni." WC="0.65" />
            <String ID="Textword_338" HPOS="2095" VPOS="4415" HEIGHT="50" WIDTH="218" CONTENT="Mülilesteg" WC="0.00" />
            <String ID="Textword_339" HPOS="2319" VPOS="4419" HEIGHT="28" WIDTH="30" CONTENT="&amp;." WC="0.77" />
            <String ID="Textword_340" HPOS="2358" VPOS="4411" HEIGHT="46" WIDTH="160" CONTENT="Télephon" WC="0.77" />
            <String ID="Textword_341" HPOS="2527" VPOS="4417" HEIGHT="33" WIDTH="75" CONTENT="1908." WC="0.93" />
          </TextLine>
        </TextBlock>
        <TextBlock ID="TextBlock_86" HPOS="2854" VPOS="4300" HEIGHT="28" WIDTH="168">
          <TextLine ID="TextLine_144" HPOS="2854" VPOS="4300" HEIGHT="28" WIDTH="168">
            <String ID="Textword_342" HPOS="2854" VPOS="4300" HEIGHT="28" WIDTH="134" CONTENT="Vertreter" WC="0.92" />
            <String ID="Textword_343" HPOS="2990" VPOS="4310" HEIGHT="18" WIDTH="32" CONTENT=":" WC="0.93" />
          </TextLine>
        </TextBlock>
        <TextBlock ID="TextBlock_87" HPOS="2710" VPOS="4346" HEIGHT="106" WIDTH="449">
          <TextLine ID="TextLine_145" HPOS="2749" VPOS="4346" HEIGHT="52" WIDTH="391">
            <String ID="Textword_344" HPOS="2749" VPOS="4346" HEIGHT="45" WIDTH="190" CONTENT="$chmassmann" WC="0.70" />
            <String ID="Textword_345" HPOS="2952" VPOS="4349" HEIGHT="42" WIDTH="18" CONTENT="&amp;" WC="0.92" />
            <String ID="Textword_346" HPOS="2984" VPOS="4347" HEIGHT="51" WIDTH="45" CONTENT="Go." WC="0.00" />
            <String ID="Textword_347" HPOS="3044" VPOS="4346" HEIGHT="45" WIDTH="96" CONTENT="Zürich." WC="0.93" />
          </TextLine>
          <TextLine ID="TextLine_146" HPOS="2710" VPOS="4399" HEIGHT="53" WIDTH="449">
            <String ID="Textword_348" HPOS="2710" VPOS="4400" HEIGHT="43" WIDTH="32" CONTENT="F." WC="0.93" />
            <String ID="Textword_349" HPOS="2760" VPOS="4399" HEIGHT="50" WIDTH="144" CONTENT="Mattick," WC="0.87" />
            <String ID="Textword_350" HPOS="2918" VPOS="4409" HEIGHT="37" WIDTH="108" CONTENT="Puisnit" WC="0.84" />
            <String ID="Textword_351" HPOS="3032" VPOS="4410" HEIGHT="42" WIDTH="36" CONTENT="21," WC="0.95" />
            <String ID="Textword_352" HPOS="3082" VPOS="4409" HEIGHT="39" WIDTH="77" CONTENT="Sachs," WC="0.92" />
          </TextLine>
        </TextBlock>
        <TextBlock ID="TextBlock_88" HPOS="2596" VPOS="4306" HEIGHT="166" WIDTH="20">
          <TextLine ID="TextLine_147" HPOS="2596" VPOS="4306" HEIGHT="166" WIDTH="20">
            <SP ID="Textword_43" HPOS="2596" VPOS="4306" />
            <String ID="Textword_353" HPOS="2596" VPOS="4306" HEIGHT="166" WIDTH="20" CONTENT="   " WC="0.95" />
          </TextLine>
        </TextBlock>
        <TextBlock ID="TextBlock_89" HPOS="2635" VPOS="399" HEIGHT="4075" WIDTH="35">
          <TextLine ID="TextLine_148" HPOS="2635" VPOS="399" HEIGHT="4075" WIDTH="35">
            <SP ID="Textword_44" HPOS="2635" VPOS="399" />
            <String ID="Textword_354" HPOS="2635" VPOS="399" HEIGHT="4075" WIDTH="35" CONTENT=" " WC="0.95" />
          </TextLine>
        </TextBlock>
        <TextBlock ID="TextBlock_90" HPOS="331" VPOS="4493" HEIGHT="24" WIDTH="2897">
          <TextLine ID="TextLine_149" HPOS="331" VPOS="4493" HEIGHT="24" WIDTH="2897">
            <SP ID="Textword_45" HPOS="331" VPOS="4493" />
            <String ID="Textword_355" HPOS="331" VPOS="4493" HEIGHT="24" WIDTH="2897" CONTENT=" " WC="0.95" />
          </TextLine>
        </TextBlock>
        <TextBlock ID="TextBlock_91" HPOS="336" VPOS="4530" HEIGHT="254" WIDTH="1463">
          <TextLine ID="TextLine_150" HPOS="336" VPOS="4530" HEIGHT="254" WIDTH="1463">
            <String ID="Textword_356" HPOS="336" VPOS="4534" HEIGHT="147" WIDTH="540" CONTENT="Kistentabrik" WC="0.75" />
            <String ID="Textword_357" HPOS="922" VPOS="4533" HEIGHT="189" WIDTH="165" CONTENT="Zug" WC="0.85" />
            <String ID="Textword_358" HPOS="1136" VPOS="4530" HEIGHT="117" WIDTH="220" CONTENT="A.-G." WC="0.53" />
            <String ID="Textword_359" HPOS="1411" VPOS="4533" HEIGHT="113" WIDTH="69" CONTENT="im" WC="0.75" />
            <String ID="Textword_360" HPOS="1529" VPOS="4532" HEIGHT="252" WIDTH="270" CONTENT="a" WC="0.04" />
          </TextLine>
        </TextBlock>
        <TextBlock ID="TextBlock_92" HPOS="1793" VPOS="4568" HEIGHT="14" WIDTH="1435">
          <TextLine ID="TextLine_151" HPOS="1793" VPOS="4568" HEIGHT="14" WIDTH="1435">
            <SP ID="Textword_46" HPOS="1793" VPOS="4568" />
            <String ID="Textword_361" HPOS="1793" VPOS="4568" HEIGHT="14" WIDTH="1435" CONTENT=" " WC="0.95" />
          </TextLine>
        </TextBlock>
        <TextBlock ID="TextBlock_93" HPOS="1795" VPOS="4631" HEIGHT="13" WIDTH="1434">
          <TextLine ID="TextLine_152" HPOS="1795" VPOS="4631" HEIGHT="13" WIDTH="1434">
            <SP ID="Textword_47" HPOS="1795" VPOS="4631" />
            <String ID="Textword_362" HPOS="1795" VPOS="4631" HEIGHT="13" WIDTH="1434" CONTENT=" " WC="0.95" />
          </TextLine>
        </TextBlock>
        <TextBlock ID="TextBlock_94" HPOS="1792" VPOS="4527" HEIGHT="159" WIDTH="1437">
          <TextLine ID="TextLine_153" HPOS="1793" VPOS="4527" HEIGHT="42" WIDTH="1436">
            <String ID="Textword_363" HPOS="1793" VPOS="4531" HEIGHT="32" WIDTH="137" CONTENT="Grösste" WC="0.93" />
            <String ID="Textword_364" HPOS="1948" VPOS="4531" HEIGHT="30" WIDTH="73" CONTENT="und" WC="0.96" />
            <String ID="Textword_365" HPOS="2048" VPOS="4530" HEIGHT="31" WIDTH="94" CONTENT="beste" WC="0.96" />
            <String ID="Textword_366" HPOS="2166" VPOS="4530" HEIGHT="39" WIDTH="240" CONTENT="Bezugsquelle" WC="0.96" />
            <String ID="Textword_367" HPOS="2439" VPOS="4530" HEIGHT="31" WIDTH="107" CONTENT="dieser" WC="0.96" />
            <String ID="Textword_368" HPOS="2578" VPOS="4528" HEIGHT="31" WIDTH="160" CONTENT="Branche." WC="0.93" />
            <String ID="Textword_369" HPOS="2771" VPOS="4547" HEIGHT="4" WIDTH="41" CONTENT="—" WC="0.92" />
            <String ID="Textword_370" HPOS="2843" VPOS="4529" HEIGHT="31" WIDTH="144" CONTENT="Neueste" WC="0.90" />
            <String ID="Textword_371" HPOS="3021" VPOS="4527" HEIGHT="32" WIDTH="208" CONTENT="Maschinen-" WC="0.91" />
          </TextLine>
          <TextLine ID="TextLine_154" HPOS="1792" VPOS="4589" HEIGHT="43" WIDTH="1434">
            <String ID="Textword_372" HPOS="1792" VPOS="4593" HEIGHT="38" WIDTH="272" CONTENT="Einrichtungen." WC="0.92" />
            <String ID="Textword_373" HPOS="2104" VPOS="4611" HEIGHT="3" WIDTH="41" CONTENT="—" WC="0.92" />
            <String ID="Textword_374" HPOS="2186" VPOS="4592" HEIGHT="32" WIDTH="91" CONTENT="Ganz" WC="0.96" />
            <String ID="Textword_375" HPOS="2319" VPOS="4601" HEIGHT="31" WIDTH="114" CONTENT="grosse" WC="0.93" />
            <String ID="Textword_376" HPOS="2465" VPOS="4592" HEIGHT="38" WIDTH="231" CONTENT="Lagerräume." WC="0.90" />
            <String ID="Textword_377" HPOS="2737" VPOS="4609" HEIGHT="4" WIDTH="40" CONTENT="—" WC="0.91" />
            <String ID="Textword_378" HPOS="2817" VPOS="4591" HEIGHT="39" WIDTH="144" CONTENT="Eigenes" WC="0.82" />
            <String ID="Textword_379" HPOS="2996" VPOS="4589" HEIGHT="40" WIDTH="230" CONTENT="Bahngeleise." WC="0.90" />
          </TextLine>
          <TextLine ID="TextLine_155" HPOS="1933" VPOS="4651" HEIGHT="35" WIDTH="1190">
            <String ID="Textword_380" HPOS="1933" VPOS="4654" HEIGHT="32" WIDTH="199" CONTENT="Telephonruf:" WC="0.91" />
            <String ID="Textword_381" HPOS="2152" VPOS="4653" HEIGHT="27" WIDTH="242" CONTENT="Kistenfabrik" WC="0.91" />
            <String ID="Textword_382" HPOS="2411" VPOS="4652" HEIGHT="33" WIDTH="82" CONTENT="Zug." WC="0.96" />
            <String ID="Textword_383" HPOS="3070" VPOS="4651" HEIGHT="26" WIDTH="53" CONTENT="214" WC="0.96" />
          </TextLine>
        </TextBlock>
        <TextBlock ID="TextBlock_95" HPOS="348" VPOS="4689" HEIGHT="21" WIDTH="2880">
          <TextLine ID="TextLine_156" HPOS="348" VPOS="4689" HEIGHT="21" WIDTH="2880">
            <SP ID="Textword_48" HPOS="348" VPOS="4689" />
            <String ID="Textword_384" HPOS="348" VPOS="4689" HEIGHT="21" WIDTH="2880" CONTENT=" " WC="0.95" />
          </TextLine>
        </TextBlock>
        <TextBlock ID="TextBlock_96" HPOS="1220" VPOS="4715" HEIGHT="35" WIDTH="1132">
          <TextLine ID="TextLine_157" HPOS="1220" VPOS="4715" HEIGHT="35" WIDTH="1132">
            <String ID="Textword_385" HPOS="1220" VPOS="4717" HEIGHT="27" WIDTH="92" CONTENT="Druck" WC="0.92" />
            <String ID="Textword_386" HPOS="1331" VPOS="4717" HEIGHT="27" WIDTH="56" CONTENT="und" WC="0.93" />
            <String ID="Textword_387" HPOS="1405" VPOS="4717" HEIGHT="33" WIDTH="166" CONTENT="Expedition" WC="0.91" />
            <String ID="Textword_388" HPOS="1591" VPOS="4724" HEIGHT="19" WIDTH="52" CONTENT="von" WC="0.96" />
            <String ID="Textword_389" HPOS="1662" VPOS="4716" HEIGHT="34" WIDTH="108" CONTENT="Müller," WC="0.95" />
            <String ID="Textword_390" HPOS="1789" VPOS="4716" HEIGHT="26" WIDTH="115" CONTENT="Werder" WC="0.92" />
            <String ID="Textword_391" HPOS="1924" VPOS="4716" HEIGHT="26" WIDTH="25" CONTENT="&amp;" WC="0.92" />
            <String ID="Textword_392" HPOS="1969" VPOS="4715" HEIGHT="33" WIDTH="64" CONTENT="Cie," WC="0.12" />
            <String ID="Textword_393" HPOS="2054" VPOS="4715" HEIGHT="34" WIDTH="108" CONTENT="Schipfe" WC="0.92" />
            <String ID="Textword_394" HPOS="2181" VPOS="4715" HEIGHT="33" WIDTH="42" CONTENT="33," WC="0.96" />
            <String ID="Textword_395" HPOS="2243" VPOS="4716" HEIGHT="33" WIDTH="109" CONTENT="Zürich," WC="0.96" />
          </TextLine>
        </TextBlock>
        <TextBlock ID="TextBlock_97" HPOS="600" VPOS="0" HEIGHT="276" WIDTH="2848">
          <TextLine ID="TextLine_158" HPOS="600" VPOS="0" HEIGHT="276" WIDTH="2848">
            <SP ID="Textword_49" HPOS="600" VPOS="0" />
            <String ID="Textword_396" HPOS="600" VPOS="0" HEIGHT="276" WIDTH="2848" CONTENT=" " WC="0.95" />
          </TextLine>
        </TextBlock>
        <TextBlock ID="TextBlock_98" HPOS="3314" VPOS="412" HEIGHT="4356" WIDTH="27">
          <TextLine ID="TextLine_159" HPOS="3314" VPOS="412" HEIGHT="4356" WIDTH="27">
            <SP ID="Textword_50" HPOS="3314" VPOS="412" />
            <String ID="Textword_397" HPOS="3314" VPOS="412" HEIGHT="4356" WIDTH="27" CONTENT=" " WC="0.95" />
          </TextLine>
        </TextBlock>
        <TextBlock ID="TextBlock_99" HPOS="3253" VPOS="4753" HEIGHT="227" WIDTH="195">
          <TextLine ID="TextLine_160" HPOS="3253" VPOS="4753" HEIGHT="227" WIDTH="195">
            <SP ID="Textword_51" HPOS="3253" VPOS="4753" />
            <String ID="Textword_398" HPOS="3253" VPOS="4753" HEIGHT="227" WIDTH="195" CONTENT=" " WC="0.95" />
          </TextLine>
        </TextBlock>
      </PrintSpace>
    </Page>
  </Layout>
</alto>
