<?xml version="1.0" encoding="UTF-8"?>
<alto xmlns="http://www.loc.gov/standards/alto/ns-v2#" xmlns:xsi="http://www.w3.org/2001/XMLSchema-instance" xsi:schemaLocation="http://www.loc.gov/standards/alto/ns-v2# http://www.loc.gov/standards/alto/alto.xsd">
  <Description>
    <MeasurementUnit>pixel</MeasurementUnit>
    <sourceImageInformation />
    <OCRProcessing ID="OCR_1">
      <preProcessingStep>
        <processingDateTime>2019-05-08T04:28:17</processingDateTime>
        <processingAgency>intranda GmbH, www.intranda.com</processingAgency>
        <processingSoftware>
          <softwareCreator>intranda GmbH, Germany</softwareCreator>
          <softwareName>intranda OCR Module for TaskManager</softwareName>
          <softwareVersion>1.0r42</softwareVersion>
        </processingSoftware>
      </preProcessingStep>
      <ocrProcessingStep>
        <processingSoftware>
          <softwareCreator>Tesseract contributors</softwareCreator>
          <softwareName>Tesseract Open Source OCR Engine</softwareName>
          <softwareVersion>4.0.0-beta.1-270-g5a56</softwareVersion>
        </processingSoftware>
      </ocrProcessingStep>
    </OCRProcessing>
  </Description>
  <Layout>
    <Page ID="PAGE_1" HEIGHT="4975" WIDTH="3313" PHYSICAL_IMG_NR="1">
      <PrintSpace ID="PrintSpace_1" HPOS="0" VPOS="0" HEIGHT="4975" WIDTH="3313">
        <TextBlock ID="TextBlock_1" HPOS="0" VPOS="2" HEIGHT="4971" WIDTH="41">
          <TextLine ID="TextLine_1" HPOS="0" VPOS="2" HEIGHT="4971" WIDTH="41">
            <SP ID="Textword_1" HPOS="0" VPOS="2" />
            <String ID="Textword_1" HPOS="0" VPOS="2" HEIGHT="4971" WIDTH="41" CONTENT=" " WC="0.95" />
          </TextLine>
        </TextBlock>
        <TextBlock ID="TextBlock_2" HPOS="1387" VPOS="281" HEIGHT="33" WIDTH="567">
          <TextLine ID="TextLine_2" HPOS="1387" VPOS="281" HEIGHT="33" WIDTH="567">
            <String ID="Textword_2" HPOS="1387" VPOS="282" HEIGHT="27" WIDTH="224" CONTENT="Schweizerische" WC="0.91" />
            <String ID="Textword_3" HPOS="1639" VPOS="281" HEIGHT="33" WIDTH="315" CONTENT="Arbeitgeber-Zeitung." WC="0.92" />
          </TextLine>
        </TextBlock>
        <TextBlock ID="TextBlock_3" HPOS="3200" VPOS="0" HEIGHT="283" WIDTH="113">
          <TextLine ID="TextLine_3" HPOS="3200" VPOS="0" HEIGHT="283" WIDTH="113">
            <SP ID="Textword_2" HPOS="3200" VPOS="0" />
            <String ID="Textword_4" HPOS="3200" VPOS="0" HEIGHT="283" WIDTH="113" CONTENT=" " WC="0.95" />
          </TextLine>
        </TextBlock>
        <TextBlock ID="TextBlock_4" HPOS="3067" VPOS="272" HEIGHT="26" WIDTH="102">
          <TextLine ID="TextLine_4" HPOS="3067" VPOS="272" HEIGHT="26" WIDTH="102">
            <String ID="Textword_5" HPOS="3067" VPOS="273" HEIGHT="25" WIDTH="46" CONTENT="Nr." WC="0.96" />
            <String ID="Textword_6" HPOS="3137" VPOS="272" HEIGHT="26" WIDTH="32" CONTENT="37" WC="0.95" />
          </TextLine>
        </TextBlock>
        <TextBlock ID="TextBlock_5" HPOS="351" VPOS="314" HEIGHT="27" WIDTH="2816">
          <TextLine ID="TextLine_5" HPOS="351" VPOS="314" HEIGHT="27" WIDTH="2816">
            <SP ID="Textword_3" HPOS="351" VPOS="314" />
            <String ID="Textword_7" HPOS="351" VPOS="314" HEIGHT="27" WIDTH="2816" CONTENT=" " WC="0.95" />
          </TextLine>
        </TextBlock>
        <TextBlock ID="TextBlock_6" HPOS="1659" VPOS="1216" HEIGHT="10" WIDTH="263">
          <TextLine ID="TextLine_6" HPOS="1659" VPOS="1216" HEIGHT="10" WIDTH="263">
            <SP ID="Textword_4" HPOS="1659" VPOS="1216" />
            <String ID="Textword_8" HPOS="1659" VPOS="1216" HEIGHT="10" WIDTH="263" CONTENT=" " WC="0.95" />
          </TextLine>
        </TextBlock>
        <TextBlock ID="TextBlock_7" HPOS="1660" VPOS="1243" HEIGHT="10" WIDTH="263">
          <TextLine ID="TextLine_7" HPOS="1660" VPOS="1243" HEIGHT="10" WIDTH="263">
            <SP ID="Textword_5" HPOS="1660" VPOS="1243" />
            <String ID="Textword_9" HPOS="1660" VPOS="1243" HEIGHT="10" WIDTH="263" CONTENT=" " WC="0.95" />
          </TextLine>
        </TextBlock>
        <TextBlock ID="TextBlock_8" HPOS="482" VPOS="1330" HEIGHT="17" WIDTH="1405">
          <TextLine ID="TextLine_8" HPOS="482" VPOS="1330" HEIGHT="17" WIDTH="1405">
            <SP ID="Textword_6" HPOS="482" VPOS="1330" />
            <String ID="Textword_10" HPOS="482" VPOS="1330" HEIGHT="17" WIDTH="1405" CONTENT=" " WC="0.95" />
          </TextLine>
        </TextBlock>
        <TextBlock ID="TextBlock_9" HPOS="1224" VPOS="1331" HEIGHT="14" WIDTH="663">
          <TextLine ID="TextLine_9" HPOS="1224" VPOS="1331" HEIGHT="14" WIDTH="663">
            <SP ID="Textword_7" HPOS="1224" VPOS="1331" />
            <String ID="Textword_11" HPOS="1224" VPOS="1331" HEIGHT="14" WIDTH="663" CONTENT=" " WC="0.95" />
          </TextLine>
        </TextBlock>
        <TextBlock ID="TextBlock_10" HPOS="494" VPOS="1358" HEIGHT="15" WIDTH="1394">
          <TextLine ID="TextLine_10" HPOS="494" VPOS="1358" HEIGHT="15" WIDTH="1394">
            <SP ID="Textword_8" HPOS="494" VPOS="1358" />
            <String ID="Textword_12" HPOS="494" VPOS="1358" HEIGHT="15" WIDTH="1394" CONTENT=" " WC="0.95" />
          </TextLine>
        </TextBlock>
        <TextBlock ID="TextBlock_11" HPOS="1225" VPOS="1358" HEIGHT="14" WIDTH="663">
          <TextLine ID="TextLine_11" HPOS="1225" VPOS="1358" HEIGHT="14" WIDTH="663">
            <SP ID="Textword_9" HPOS="1225" VPOS="1358" />
            <String ID="Textword_13" HPOS="1225" VPOS="1358" HEIGHT="14" WIDTH="663" CONTENT=" " WC="0.95" />
          </TextLine>
        </TextBlock>
        <TextBlock ID="TextBlock_12" HPOS="857" VPOS="1415" HEIGHT="244" WIDTH="599">
          <TextLine ID="TextLine_12" HPOS="857" VPOS="1415" HEIGHT="165" WIDTH="599">
            <SP ID="Textword_10" HPOS="857" VPOS="1415" />
            <String ID="Textword_14" HPOS="857" VPOS="1415" HEIGHT="165" WIDTH="458" CONTENT="   " WC="0.95" />
            <SP ID="Textword_11" HPOS="1430" VPOS="1415" />
            <String ID="Textword_15" HPOS="1430" VPOS="1415" HEIGHT="113" WIDTH="26" CONTENT="  " WC="0.95" />
          </TextLine>
          <TextLine ID="TextLine_13" HPOS="861" VPOS="1580" HEIGHT="79" WIDTH="547">
            <SP ID="Textword_12" HPOS="861" VPOS="1580" />
            <String ID="Textword_16" HPOS="861" VPOS="1580" HEIGHT="79" WIDTH="547" CONTENT="    " WC="0.95" />
          </TextLine>
        </TextBlock>
        <TextBlock ID="TextBlock_13" HPOS="897" VPOS="1535" HEIGHT="170" WIDTH="614">
          <TextLine ID="TextLine_14" HPOS="1474" VPOS="1535" HEIGHT="42" WIDTH="37">
            <SP ID="Textword_13" HPOS="1474" VPOS="1535" />
            <String ID="Textword_17" HPOS="1474" VPOS="1535" HEIGHT="42" WIDTH="37" CONTENT="  " WC="0.95" />
          </TextLine>
          <TextLine ID="TextLine_15" HPOS="1495" VPOS="1577" HEIGHT="38" WIDTH="11">
            <SP ID="Textword_14" HPOS="1495" VPOS="1577" />
            <String ID="Textword_18" HPOS="1495" VPOS="1577" HEIGHT="38" WIDTH="11" CONTENT="  " WC="0.95" />
          </TextLine>
          <TextLine ID="TextLine_16" HPOS="1495" VPOS="1615" HEIGHT="44" WIDTH="14">
            <SP ID="Textword_15" HPOS="1495" VPOS="1615" />
            <String ID="Textword_19" HPOS="1495" VPOS="1615" HEIGHT="44" WIDTH="14" CONTENT="   " WC="0.95" />
          </TextLine>
          <TextLine ID="TextLine_17" HPOS="897" VPOS="1659" HEIGHT="46" WIDTH="612">
            <SP ID="Textword_16" HPOS="897" VPOS="1659" />
            <String ID="Textword_20" HPOS="897" VPOS="1659" HEIGHT="46" WIDTH="525" CONTENT="  " WC="0.95" />
            <SP ID="Textword_17" HPOS="1495" VPOS="1659" />
            <String ID="Textword_21" HPOS="1495" VPOS="1659" HEIGHT="46" WIDTH="14" CONTENT="  " WC="0.95" />
          </TextLine>
        </TextBlock>
        <TextBlock ID="TextBlock_14" HPOS="309" VPOS="506" HEIGHT="1132" WIDTH="1610">
          <TextLine ID="TextLine_18" HPOS="309" VPOS="506" HEIGHT="107" WIDTH="87">
            <String ID="Textword_22" HPOS="309" VPOS="506" HEIGHT="107" WIDTH="87" CONTENT="À" WC="0.60" />
          </TextLine>
          <TextLine ID="TextLine_19" HPOS="474" VPOS="550" HEIGHT="191" WIDTH="1396">
            <String ID="Textword_23" HPOS="474" VPOS="557" HEIGHT="184" WIDTH="426" CONTENT="Adolph" WC="0.88" />
            <String ID="Textword_24" HPOS="973" VPOS="554" HEIGHT="177" WIDTH="451" CONTENT="Saurer," WC="0.92" />
            <String ID="Textword_25" HPOS="1504" VPOS="550" HEIGHT="151" WIDTH="366" CONTENT="Arbon" WC="0.92" />
          </TextLine>
          <TextLine ID="TextLine_20" HPOS="614" VPOS="746" HEIGHT="84" WIDTH="1123">
            <String ID="Textword_26" HPOS="614" VPOS="750" HEIGHT="69" WIDTH="500" CONTENT="Maschinenfabrik" WC="0.91" />
            <String ID="Textword_27" HPOS="1152" VPOS="749" HEIGHT="63" WIDTH="115" CONTENT="und" WC="0.93" />
            <String ID="Textword_28" HPOS="1303" VPOS="746" HEIGHT="84" WIDTH="434" CONTENT="Eisengiesserei" WC="0.91" />
          </TextLine>
          <TextLine ID="TextLine_21" HPOS="860" VPOS="862" HEIGHT="114" WIDTH="634">
            <String ID="Textword_29" HPOS="860" VPOS="900" HEIGHT="35" WIDTH="200" CONTENT="Abteilung:" WC="0.89" />
            <String ID="Textword_30" HPOS="1063" VPOS="862" HEIGHT="114" WIDTH="431" CONTENT="MOTORBAU" WC="0.91" />
          </TextLine>
          <TextLine ID="TextLine_22" HPOS="438" VPOS="1013" HEIGHT="130" WIDTH="1481">
            <String ID="Textword_31" HPOS="438" VPOS="1020" HEIGHT="112" WIDTH="348" CONTENT="Petrol-," WC="0.92" />
            <String ID="Textword_32" HPOS="835" VPOS="1017" HEIGHT="126" WIDTH="355" CONTENT="Benzin-" WC="0.92" />
            <String ID="Textword_33" HPOS="1229" VPOS="1046" HEIGHT="67" WIDTH="79" CONTENT="u." WC="0.93" />
            <String ID="Textword_34" HPOS="1344" VPOS="1013" HEIGHT="98" WIDTH="575" CONTENT="Gasmotoren" WC="0.90" />
          </TextLine>
          <TextLine ID="TextLine_23" HPOS="317" VPOS="1148" HEIGHT="267" WIDTH="1288">
            <String ID="Textword_35" HPOS="317" VPOS="1148" HEIGHT="267" WIDTH="88" CONTENT=")" WC="0.60" />
            <String ID="Textword_36" HPOS="439" VPOS="1196" HEIGHT="66" WIDTH="265" CONTENT="—" WC="0.60" />
            <String ID="Textword_37" HPOS="771" VPOS="1157" HEIGHT="124" WIDTH="834" CONTENT="Sauggas-Anlagen" WC="0.90" />
          </TextLine>
          <TextLine ID="TextLine_24" HPOS="1257" VPOS="1634" HEIGHT="4" WIDTH="71">
            <String ID="Textword_38" HPOS="1257" VPOS="1612" HEIGHT="88" WIDTH="245" CONTENT="4)" WC="0.65" />
          </TextLine>
        </TextBlock>
        <TextBlock ID="TextBlock_15" HPOS="486" VPOS="1744" HEIGHT="18" WIDTH="1409">
          <TextLine ID="TextLine_25" HPOS="486" VPOS="1744" HEIGHT="18" WIDTH="1409">
            <SP ID="Textword_18" HPOS="486" VPOS="1744" />
            <String ID="Textword_39" HPOS="486" VPOS="1744" HEIGHT="18" WIDTH="1409" CONTENT=" " WC="0.95" />
          </TextLine>
        </TextBlock>
        <TextBlock ID="TextBlock_16" HPOS="486" VPOS="1772" HEIGHT="17" WIDTH="1392">
          <TextLine ID="TextLine_26" HPOS="486" VPOS="1772" HEIGHT="17" WIDTH="1392">
            <SP ID="Textword_19" HPOS="486" VPOS="1772" />
            <String ID="Textword_40" HPOS="486" VPOS="1772" HEIGHT="17" WIDTH="1392" CONTENT=" " WC="0.95" />
          </TextLine>
        </TextBlock>
        <TextBlock ID="TextBlock_17" HPOS="1229" VPOS="1772" HEIGHT="11" WIDTH="649">
          <TextLine ID="TextLine_27" HPOS="1229" VPOS="1772" HEIGHT="11" WIDTH="649">
            <SP ID="Textword_20" HPOS="1229" VPOS="1772" />
            <String ID="Textword_41" HPOS="1229" VPOS="1772" HEIGHT="11" WIDTH="649" CONTENT=" " WC="0.95" />
          </TextLine>
        </TextBlock>
        <TextBlock ID="TextBlock_18" HPOS="794" VPOS="1872" HEIGHT="48" WIDTH="798">
          <TextLine ID="TextLine_28" HPOS="794" VPOS="1872" HEIGHT="48" WIDTH="798">
            <String ID="Textword_42" HPOS="794" VPOS="1877" HEIGHT="43" WIDTH="251" CONTENT="Abteilung:" WC="0.88" />
            <String ID="Textword_43" HPOS="1080" VPOS="1872" HEIGHT="38" WIDTH="512" CONTENT="AUTOMOBILBAU" WC="0.87" />
          </TextLine>
        </TextBlock>
        <TextBlock ID="TextBlock_19" HPOS="501" VPOS="1972" HEIGHT="161" WIDTH="1369">
          <TextLine ID="TextLine_29" HPOS="501" VPOS="1972" HEIGHT="161" WIDTH="1369">
            <String ID="Textword_44" HPOS="501" VPOS="1980" HEIGHT="153" WIDTH="310" CONTENT="Lastwagen" WC="0.47" />
            <String ID="Textword_45" HPOS="1017" VPOS="1974" HEIGHT="131" WIDTH="311" CONTENT="Ommibusse" WC="0.47" />
            <String ID="Textword_46" HPOS="1512" VPOS="1972" HEIGHT="153" WIDTH="358" CONTENT=" LuxusWagen" WC="0.45" />
          </TextLine>
        </TextBlock>
        <TextBlock ID="TextBlock_20" HPOS="503" VPOS="2136" HEIGHT="43" WIDTH="1359">
          <TextLine ID="TextLine_30" HPOS="503" VPOS="2136" HEIGHT="43" WIDTH="1359">
            <String ID="Textword_47" HPOS="503" VPOS="2145" HEIGHT="34" WIDTH="117" CONTENT="1—31/2" WC="0.66" />
            <String ID="Textword_48" HPOS="653" VPOS="2146" HEIGHT="26" WIDTH="120" CONTENT="Tonnen" WC="0.92" />
            <String ID="Textword_49" HPOS="1020" VPOS="2141" HEIGHT="27" WIDTH="102" CONTENT="10—24" WC="0.90" />
            <String ID="Textword_50" HPOS="1159" VPOS="2141" HEIGHT="26" WIDTH="152" CONTENT="Personen" WC="0.96" />
            <String ID="Textword_51" HPOS="1513" VPOS="2138" HEIGHT="33" WIDTH="45" CONTENT="15," WC="0.95" />
            <String ID="Textword_52" HPOS="1588" VPOS="2138" HEIGHT="26" WIDTH="34" CONTENT="30" WC="0.96" />
            <String ID="Textword_53" HPOS="1652" VPOS="2137" HEIGHT="26" WIDTH="59" CONTENT="und" WC="0.96" />
            <String ID="Textword_54" HPOS="1743" VPOS="2136" HEIGHT="26" WIDTH="36" CONTENT="50" WC="0.96" />
            <String ID="Textword_55" HPOS="1810" VPOS="2136" HEIGHT="25" WIDTH="52" CONTENT="PH" WC="0.96" />
          </TextLine>
        </TextBlock>
        <TextBlock ID="TextBlock_21" HPOS="493" VPOS="2243" HEIGHT="112" WIDTH="680">
          <TextLine ID="TextLine_31" HPOS="493" VPOS="2243" HEIGHT="112" WIDTH="680">
            <String ID="Textword_56" HPOS="493" VPOS="2243" HEIGHT="112" WIDTH="680" CONTENT="Motoryachten" WC="0.91" />
          </TextLine>
        </TextBlock>
        <TextBlock ID="TextBlock_22" HPOS="664" VPOS="2415" HEIGHT="51" WIDTH="562">
          <TextLine ID="TextLine_32" HPOS="664" VPOS="2415" HEIGHT="51" WIDTH="562">
            <String ID="Textword_57" HPOS="664" VPOS="2417" HEIGHT="49" WIDTH="313" CONTENT="Erstklassiges" WC="0.90" />
            <String ID="Textword_58" HPOS="1006" VPOS="2415" HEIGHT="41" WIDTH="220" CONTENT="Fabrikat." WC="0.91" />
          </TextLine>
        </TextBlock>
        <TextBlock ID="TextBlock_23" HPOS="437" VPOS="2617" HEIGHT="17" WIDTH="3">
          <TextLine ID="TextLine_33" HPOS="437" VPOS="2617" HEIGHT="17" WIDTH="3">
            <String ID="Textword_59" HPOS="437" VPOS="2617" HEIGHT="17" WIDTH="3" CONTENT="|" WC="0.61" />
          </TextLine>
        </TextBlock>
        <TextBlock ID="TextBlock_24" HPOS="332" VPOS="2659" HEIGHT="22" WIDTH="960">
          <TextLine ID="TextLine_34" HPOS="332" VPOS="2659" HEIGHT="22" WIDTH="960">
            <SP ID="Textword_21" HPOS="332" VPOS="2659" />
            <String ID="Textword_60" HPOS="332" VPOS="2659" HEIGHT="22" WIDTH="960" CONTENT=" " WC="0.95" />
          </TextLine>
        </TextBlock>
        <TextBlock ID="TextBlock_25" HPOS="1484" VPOS="3123" HEIGHT="53" WIDTH="354">
          <TextLine ID="TextLine_35" HPOS="1484" VPOS="3123" HEIGHT="53" WIDTH="354">
            <String ID="Textword_61" HPOS="1484" VPOS="3123" HEIGHT="53" WIDTH="184" CONTENT="Seilspanner" WC="0.46" />
            <String ID="Textword_62" HPOS="1690" VPOS="3141" HEIGHT="35" WIDTH="35" CONTENT="ca" WC="0.50" />
            <String ID="Textword_63" HPOS="1749" VPOS="3143" HEIGHT="28" WIDTH="89" CONTENT="29028" WC="0.95" />
          </TextLine>
        </TextBlock>
        <TextBlock ID="TextBlock_26" HPOS="1422" VPOS="3277" HEIGHT="31" WIDTH="475">
          <TextLine ID="TextLine_36" HPOS="1422" VPOS="3277" HEIGHT="31" WIDTH="475">
            <String ID="Textword_64" HPOS="1422" VPOS="3280" HEIGHT="27" WIDTH="38" CONTENT="für" WC="0.93" />
            <String ID="Textword_65" HPOS="1480" VPOS="3279" HEIGHT="29" WIDTH="148" CONTENT="Stablladen" WC="0.91" />
            <String ID="Textword_66" HPOS="1648" VPOS="3278" HEIGHT="27" WIDTH="54" CONTENT="und" WC="0.93" />
            <String ID="Textword_67" HPOS="1721" VPOS="3277" HEIGHT="31" WIDTH="176" CONTENT="Polzrolladen" WC="0.53" />
          </TextLine>
        </TextBlock>
        <TextBlock ID="TextBlock_27" HPOS="1316" VPOS="3363" HEIGHT="35" WIDTH="691">
          <TextLine ID="TextLine_37" HPOS="1316" VPOS="3363" HEIGHT="35" WIDTH="691">
            <String ID="Textword_68" HPOS="1316" VPOS="3368" HEIGHT="29" WIDTH="106" CONTENT="Muster," WC="0.91" />
            <String ID="Textword_69" HPOS="1447" VPOS="3366" HEIGHT="32" WIDTH="121" CONTENT="Kataloge" WC="0.92" />
            <String ID="Textword_70" HPOS="1588" VPOS="3365" HEIGHT="27" WIDTH="53" CONTENT="und" WC="0.93" />
            <String ID="Textword_71" HPOS="1660" VPOS="3364" HEIGHT="27" WIDTH="143" CONTENT="Preislisten" WC="0.92" />
            <String ID="Textword_72" HPOS="1823" VPOS="3370" HEIGHT="21" WIDTH="32" CONTENT="zu" WC="0.93" />
            <String ID="Textword_73" HPOS="1876" VPOS="3363" HEIGHT="28" WIDTH="131" CONTENT="Diensten." WC="0.90" />
          </TextLine>
        </TextBlock>
        <TextBlock ID="TextBlock_28" HPOS="1838" VPOS="3086" HEIGHT="110" WIDTH="436">
          <TextLine ID="TextLine_38" HPOS="1838" VPOS="3086" HEIGHT="35" WIDTH="436">
            <SP ID="Textword_22" HPOS="1838" VPOS="3086" />
            <String ID="Textword_74" HPOS="1838" VPOS="3086" HEIGHT="35" WIDTH="436" CONTENT=" " WC="0.95" />
          </TextLine>
          <TextLine ID="TextLine_39" HPOS="1838" VPOS="3121" HEIGHT="46" WIDTH="335">
            <SP ID="Textword_23" HPOS="1838" VPOS="3121" />
            <String ID="Textword_75" HPOS="1838" VPOS="3121" HEIGHT="46" WIDTH="335" CONTENT=" " WC="0.95" />
          </TextLine>
          <TextLine ID="TextLine_40" HPOS="2024" VPOS="3167" HEIGHT="29" WIDTH="149">
            <SP ID="Textword_24" HPOS="2024" VPOS="3167" />
            <String ID="Textword_76" HPOS="2024" VPOS="3167" HEIGHT="29" WIDTH="149" CONTENT=" " WC="0.95" />
          </TextLine>
        </TextBlock>
        <TextBlock ID="TextBlock_29" HPOS="1297" VPOS="3185" HEIGHT="80" WIDTH="762">
          <TextLine ID="TextLine_41" HPOS="1297" VPOS="3185" HEIGHT="37" WIDTH="727">
            <String ID="Textword_77" HPOS="1297" VPOS="3189" HEIGHT="33" WIDTH="200" CONTENT="Folzrolladen" WC="0.33" />
            <String ID="Textword_78" HPOS="1516" VPOS="3190" HEIGHT="27" WIDTH="46" CONTENT="mit" WC="0.93" />
            <String ID="Textword_79" HPOS="1583" VPOS="3188" HEIGHT="33" WIDTH="278" CONTENT="Charnierverbindung" WC="0.81" />
            <String ID="Textword_80" HPOS="1880" VPOS="3185" HEIGHT="36" WIDTH="35" CONTENT="un" WC="0.63" />
            <String ID="Textword_81" HPOS="1934" VPOS="3185" HEIGHT="29" WIDTH="90" CONTENT="30029" WC="0.90" />
          </TextLine>
          <TextLine ID="TextLine_42" HPOS="1333" VPOS="3229" HEIGHT="36" WIDTH="726">
            <String ID="Textword_82" HPOS="1333" VPOS="3233" HEIGHT="32" WIDTH="231" CONTENT="Automatischer" WC="0.92" />
            <String ID="Textword_83" HPOS="1592" VPOS="3231" HEIGHT="33" WIDTH="306" CONTENT="Rolladenversehluss" WC="0.30" />
            <String ID="Textword_84" HPOS="1922" VPOS="3229" HEIGHT="35" WIDTH="35" CONTENT="qu" WC="0.46" />
            <String ID="Textword_85" HPOS="1979" VPOS="3229" HEIGHT="29" WIDTH="80" CONTENT="36221" WC="0.95" />
          </TextLine>
        </TextBlock>
        <TextBlock ID="TextBlock_30" HPOS="2073" VPOS="387" HEIGHT="21" WIDTH="1163">
          <TextLine ID="TextLine_43" HPOS="2073" VPOS="387" HEIGHT="21" WIDTH="1163">
            <SP ID="Textword_25" HPOS="2073" VPOS="387" />
            <String ID="Textword_86" HPOS="2073" VPOS="387" HEIGHT="21" WIDTH="1163" CONTENT=" " WC="0.95" />
          </TextLine>
        </TextBlock>
        <TextBlock ID="TextBlock_31" HPOS="1935" VPOS="391" HEIGHT="46" WIDTH="4">
          <TextLine ID="TextLine_44" HPOS="1935" VPOS="391" HEIGHT="46" WIDTH="4">
            <String ID="Textword_87" HPOS="1935" VPOS="391" HEIGHT="46" WIDTH="4" CONTENT="|" WC="0.93" />
          </TextLine>
        </TextBlock>
        <TextBlock ID="TextBlock_32" HPOS="2153" VPOS="406" HEIGHT="145" WIDTH="1000">
          <TextLine ID="TextLine_45" HPOS="2153" VPOS="406" HEIGHT="63" WIDTH="1000">
            <String ID="Textword_88" HPOS="2153" VPOS="421" HEIGHT="48" WIDTH="347" CONTENT="FENSTER" WC="0.93" />
            <String ID="Textword_89" HPOS="2547" VPOS="428" HEIGHT="37" WIDTH="35" CONTENT="zx" WC="0.75" />
            <String ID="Textword_90" HPOS="2606" VPOS="406" HEIGHT="58" WIDTH="547" CONTENT="TURENFABRIK" WC="0.91" />
          </TextLine>
          <TextLine ID="TextLine_46" HPOS="2519" VPOS="496" HEIGHT="55" WIDTH="430">
            <String ID="Textword_91" HPOS="2519" VPOS="496" HEIGHT="55" WIDTH="101" CONTENT="Re" WC="0.36" />
          </TextLine>
        </TextBlock>
        <TextBlock ID="TextBlock_33" HPOS="2159" VPOS="504" HEIGHT="14" WIDTH="129">
          <TextLine ID="TextLine_47" HPOS="2159" VPOS="504" HEIGHT="14" WIDTH="129">
            <SP ID="Textword_26" HPOS="2159" VPOS="504" />
            <String ID="Textword_92" HPOS="2159" VPOS="504" HEIGHT="14" WIDTH="129" CONTENT=" " WC="0.95" />
          </TextLine>
        </TextBlock>
        <TextBlock ID="TextBlock_34" HPOS="2148" VPOS="503" HEIGHT="79" WIDTH="147">
          <TextLine ID="TextLine_48" HPOS="2148" VPOS="503" HEIGHT="79" WIDTH="147">
            <SP ID="Textword_27" HPOS="2148" VPOS="503" />
            <String ID="Textword_93" HPOS="2148" VPOS="503" HEIGHT="79" WIDTH="147" CONTENT="  " WC="0.95" />
          </TextLine>
        </TextBlock>
        <TextBlock ID="TextBlock_35" HPOS="2544" VPOS="496" HEIGHT="126" WIDTH="7">
          <TextLine ID="TextLine_49" HPOS="2544" VPOS="496" HEIGHT="126" WIDTH="7">
            <SP ID="Textword_28" HPOS="2544" VPOS="496" />
            <String ID="Textword_94" HPOS="2544" VPOS="496" HEIGHT="126" WIDTH="7" CONTENT=" " WC="0.95" />
          </TextLine>
        </TextBlock>
        <TextBlock ID="TextBlock_36" HPOS="2517" VPOS="601" HEIGHT="111" WIDTH="4">
          <TextLine ID="TextLine_50" HPOS="2517" VPOS="601" HEIGHT="111" WIDTH="4">
            <SP ID="Textword_29" HPOS="2517" VPOS="601" />
            <String ID="Textword_95" HPOS="2517" VPOS="601" HEIGHT="111" WIDTH="4" CONTENT=" " WC="0.95" />
          </TextLine>
        </TextBlock>
        <TextBlock ID="TextBlock_37" HPOS="2415" VPOS="709" HEIGHT="5" WIDTH="106">
          <TextLine ID="TextLine_51" HPOS="2415" VPOS="709" HEIGHT="5" WIDTH="106">
            <SP ID="Textword_30" HPOS="2415" VPOS="709" />
            <String ID="Textword_96" HPOS="2415" VPOS="709" HEIGHT="5" WIDTH="106" CONTENT=" " WC="0.95" />
          </TextLine>
        </TextBlock>
        <TextBlock ID="TextBlock_38" HPOS="2137" VPOS="489" HEIGHT="280" WIDTH="9">
          <TextLine ID="TextLine_52" HPOS="2137" VPOS="489" HEIGHT="280" WIDTH="9">
            <SP ID="Textword_31" HPOS="2137" VPOS="489" />
            <String ID="Textword_97" HPOS="2137" VPOS="489" HEIGHT="280" WIDTH="9" CONTENT=" " WC="0.95" />
          </TextLine>
        </TextBlock>
        <TextBlock ID="TextBlock_39" HPOS="2414" VPOS="616" HEIGHT="118" WIDTH="8">
          <TextLine ID="TextLine_53" HPOS="2414" VPOS="616" HEIGHT="118" WIDTH="8">
            <SP ID="Textword_32" HPOS="2414" VPOS="616" />
            <String ID="Textword_98" HPOS="2414" VPOS="616" HEIGHT="118" WIDTH="8" CONTENT=" " WC="0.95" />
          </TextLine>
        </TextBlock>
        <TextBlock ID="TextBlock_40" HPOS="2304" VPOS="612" HEIGHT="154" WIDTH="8">
          <TextLine ID="TextLine_54" HPOS="2304" VPOS="612" HEIGHT="154" WIDTH="8">
            <SP ID="Textword_33" HPOS="2304" VPOS="612" />
            <String ID="Textword_99" HPOS="2304" VPOS="612" HEIGHT="154" WIDTH="8" CONTENT=" " WC="0.95" />
          </TextLine>
        </TextBlock>
        <TextBlock ID="TextBlock_41" HPOS="2306" VPOS="727" HEIGHT="8" WIDTH="117">
          <TextLine ID="TextLine_55" HPOS="2306" VPOS="727" HEIGHT="8" WIDTH="117">
            <SP ID="Textword_34" HPOS="2306" VPOS="727" />
            <String ID="Textword_100" HPOS="2306" VPOS="727" HEIGHT="8" WIDTH="117" CONTENT=" " WC="0.95" />
          </TextLine>
        </TextBlock>
        <TextBlock ID="TextBlock_42" HPOS="2140" VPOS="760" HEIGHT="8" WIDTH="173">
          <TextLine ID="TextLine_56" HPOS="2140" VPOS="760" HEIGHT="8" WIDTH="173">
            <SP ID="Textword_35" HPOS="2140" VPOS="760" />
            <String ID="Textword_101" HPOS="2140" VPOS="760" HEIGHT="8" WIDTH="173" CONTENT=" " WC="0.95" />
          </TextLine>
        </TextBlock>
        <TextBlock ID="TextBlock_43" HPOS="2764" VPOS="852" HEIGHT="35" WIDTH="405">
          <TextLine ID="TextLine_57" HPOS="2764" VPOS="852" HEIGHT="35" WIDTH="405">
            <SP ID="Textword_36" HPOS="2764" VPOS="852" />
            <String ID="Textword_102" HPOS="2764" VPOS="852" HEIGHT="35" WIDTH="405" CONTENT=" " WC="0.95" />
          </TextLine>
        </TextBlock>
        <TextBlock ID="TextBlock_44" HPOS="2131" VPOS="754" HEIGHT="181" WIDTH="394">
          <TextLine ID="TextLine_58" HPOS="2131" VPOS="754" HEIGHT="181" WIDTH="394">
            <String ID="Textword_103" HPOS="2131" VPOS="754" HEIGHT="181" WIDTH="394" CONTENT="ZA" WC="0.24" />
          </TextLine>
        </TextBlock>
        <TextBlock ID="TextBlock_45" HPOS="2176" VPOS="908" HEIGHT="86" WIDTH="972">
          <TextLine ID="TextLine_59" HPOS="2176" VPOS="908" HEIGHT="86" WIDTH="972">
            <String ID="Textword_104" HPOS="2176" VPOS="930" HEIGHT="64" WIDTH="466" CONTENT="THALWIL" WC="0.80" />
            <String ID="Textword_105" HPOS="2664" VPOS="908" HEIGHT="78" WIDTH="484" CONTENT="=2URICH" WC="0.63" />
          </TextLine>
        </TextBlock>
        <TextBlock ID="TextBlock_46" HPOS="3230" VPOS="390" HEIGHT="613" WIDTH="18">
          <TextLine ID="TextLine_60" HPOS="3230" VPOS="390" HEIGHT="613" WIDTH="18">
            <SP ID="Textword_37" HPOS="3230" VPOS="390" />
            <String ID="Textword_106" HPOS="3230" VPOS="390" HEIGHT="613" WIDTH="18" CONTENT=" " WC="0.95" />
          </TextLine>
        </TextBlock>
        <TextBlock ID="TextBlock_47" HPOS="2074" VPOS="401" HEIGHT="614" WIDTH="20">
          <TextLine ID="TextLine_61" HPOS="2074" VPOS="401" HEIGHT="614" WIDTH="20">
            <SP ID="Textword_38" HPOS="2074" VPOS="401" />
            <String ID="Textword_107" HPOS="2074" VPOS="401" HEIGHT="614" WIDTH="20" CONTENT=" " WC="0.95" />
          </TextLine>
        </TextBlock>
        <TextBlock ID="TextBlock_48" HPOS="2085" VPOS="993" HEIGHT="21" WIDTH="1161">
          <TextLine ID="TextLine_62" HPOS="2085" VPOS="993" HEIGHT="21" WIDTH="1161">
            <SP ID="Textword_39" HPOS="2085" VPOS="993" />
            <String ID="Textword_108" HPOS="2085" VPOS="993" HEIGHT="21" WIDTH="1161" CONTENT=" " WC="0.95" />
          </TextLine>
        </TextBlock>
        <TextBlock ID="TextBlock_49" HPOS="2079" VPOS="1037" HEIGHT="16" WIDTH="1147">
          <TextLine ID="TextLine_63" HPOS="2079" VPOS="1037" HEIGHT="16" WIDTH="1147">
            <SP ID="Textword_40" HPOS="2079" VPOS="1037" />
            <String ID="Textword_109" HPOS="2079" VPOS="1037" HEIGHT="16" WIDTH="1147" CONTENT=" " WC="0.95" />
          </TextLine>
        </TextBlock>
        <TextBlock ID="TextBlock_50" HPOS="2124" VPOS="1074" HEIGHT="68" WIDTH="1056">
          <TextLine ID="TextLine_64" HPOS="2124" VPOS="1074" HEIGHT="68" WIDTH="1056">
            <String ID="Textword_110" HPOS="2124" VPOS="1076" HEIGHT="66" WIDTH="495" CONTENT="Handelsauskunft-" WC="0.90" />
            <String ID="Textword_111" HPOS="2669" VPOS="1074" HEIGHT="65" WIDTH="48" CONTENT="&amp;" WC="0.91" />
            <String ID="Textword_112" HPOS="2765" VPOS="1074" HEIGHT="64" WIDTH="415" CONTENT="Incassobureau" WC="0.91" />
          </TextLine>
        </TextBlock>
        <TextBlock ID="TextBlock_51" HPOS="2201" VPOS="1160" HEIGHT="132" WIDTH="908">
          <TextLine ID="TextLine_65" HPOS="2201" VPOS="1160" HEIGHT="132" WIDTH="908">
            <String ID="Textword_113" HPOS="2201" VPOS="1167" HEIGHT="125" WIDTH="88" CONTENT="F." WC="0.75" />
            <String ID="Textword_114" HPOS="2333" VPOS="1165" HEIGHT="127" WIDTH="91" CONTENT="X." WC="0.88" />
            <String ID="Textword_115" HPOS="2464" VPOS="1160" HEIGHT="132" WIDTH="645" CONTENT="MOESCHLIN" WC="0.76" />
          </TextLine>
        </TextBlock>
        <TextBlock ID="TextBlock_52" HPOS="2293" VPOS="1320" HEIGHT="49" WIDTH="719">
          <TextLine ID="TextLine_66" HPOS="2293" VPOS="1320" HEIGHT="49" WIDTH="719">
            <String ID="Textword_116" HPOS="2293" VPOS="1325" HEIGHT="38" WIDTH="39" CONTENT="Jd." WC="0.45" />
            <String ID="Textword_117" HPOS="2360" VPOS="1324" HEIGHT="39" WIDTH="46" CONTENT="A." WC="0.90" />
            <String ID="Textword_118" HPOS="2439" VPOS="1322" HEIGHT="41" WIDTH="277" CONTENT="Tritschler's" WC="0.83" />
            <String ID="Textword_119" HPOS="2746" VPOS="1320" HEIGHT="49" WIDTH="266" CONTENT="Nachfolger" WC="0.92" />
          </TextLine>
        </TextBlock>
        <TextBlock ID="TextBlock_53" HPOS="2118" VPOS="1372" HEIGHT="54" WIDTH="985">
          <TextLine ID="TextLine_67" HPOS="2118" VPOS="1372" HEIGHT="54" WIDTH="985">
            <String ID="Textword_120" HPOS="2118" VPOS="1377" HEIGHT="49" WIDTH="150" CONTENT="Basel" WC="0.88" />
            <String ID="Textword_121" HPOS="2505" VPOS="1393" HEIGHT="33" WIDTH="152" CONTENT="Gegründet" WC="0.96" />
            <String ID="Textword_122" HPOS="2672" VPOS="1393" HEIGHT="26" WIDTH="64" CONTENT="1869" WC="0.96" />
            <String ID="Textword_123" HPOS="2847" VPOS="1373" HEIGHT="50" WIDTH="192" CONTENT="Zürich" WC="0.95" />
            <String ID="Textword_124" HPOS="3073" VPOS="1372" HEIGHT="49" WIDTH="30" CONTENT="I" WC="0.92" />
          </TextLine>
        </TextBlock>
        <TextBlock ID="TextBlock_54" HPOS="2103" VPOS="1435" HEIGHT="81" WIDTH="1098">
          <TextLine ID="TextLine_68" HPOS="2103" VPOS="1435" HEIGHT="44" WIDTH="1098">
            <String ID="Textword_125" HPOS="2103" VPOS="1440" HEIGHT="37" WIDTH="164" CONTENT="Falkenstrasse" WC="0.92" />
            <String ID="Textword_126" HPOS="2282" VPOS="1438" HEIGHT="36" WIDTH="34" CONTENT="711" WC="0.72" />
            <String ID="Textword_127" HPOS="2782" VPOS="1436" HEIGHT="37" WIDTH="244" CONTENT="Fraumünsterstrasse" WC="0.91" />
            <String ID="Textword_128" HPOS="3040" VPOS="1437" HEIGHT="35" WIDTH="27" CONTENT="14" WC="0.96" />
            <String ID="Textword_129" HPOS="3079" VPOS="1435" HEIGHT="44" WIDTH="122" CONTENT="(Metropol)" WC="0.96" />
          </TextLine>
          <TextLine ID="TextLine_69" HPOS="2298" VPOS="1481" HEIGHT="35" WIDTH="694">
            <String ID="Textword_130" HPOS="2298" VPOS="1484" HEIGHT="26" WIDTH="152" CONTENT="Besonders" WC="0.91" />
            <String ID="Textword_131" HPOS="2472" VPOS="1482" HEIGHT="34" WIDTH="124" CONTENT="günstige" WC="0.90" />
            <String ID="Textword_132" HPOS="2616" VPOS="1481" HEIGHT="33" WIDTH="348" CONTENT="Abonnementsbedingung" WC="0.80" />
            <String ID="Textword_133" HPOS="2971" VPOS="1489" HEIGHT="18" WIDTH="21" CONTENT=":" WC="0.56" />
          </TextLine>
        </TextBlock>
        <TextBlock ID="TextBlock_55" HPOS="2113" VPOS="1515" HEIGHT="38" WIDTH="1075">
          <TextLine ID="TextLine_70" HPOS="2113" VPOS="1515" HEIGHT="38" WIDTH="1075">
            <String ID="Textword_134" HPOS="2113" VPOS="1520" HEIGHT="33" WIDTH="100" CONTENT="Ueber" WC="0.87" />
            <String ID="Textword_135" HPOS="2238" VPOS="1519" HEIGHT="32" WIDTH="119" CONTENT="20.000" WC="0.93" />
            <String ID="Textword_136" HPOS="2383" VPOS="1517" HEIGHT="34" WIDTH="278" CONTENT="Berichterstatter" WC="0.91" />
            <String ID="Textword_137" HPOS="2685" VPOS="1517" HEIGHT="32" WIDTH="28" CONTENT="in" WC="0.92" />
            <String ID="Textword_138" HPOS="2738" VPOS="1516" HEIGHT="34" WIDTH="84" CONTENT="allen" WC="0.92" />
            <String ID="Textword_139" HPOS="2848" VPOS="1516" HEIGHT="33" WIDTH="142" CONTENT="Ländern" WC="0.93" />
            <String ID="Textword_140" HPOS="3016" VPOS="1516" HEIGHT="33" WIDTH="55" CONTENT="der" WC="0.93" />
            <String ID="Textword_141" HPOS="3096" VPOS="1515" HEIGHT="34" WIDTH="92" CONTENT="Erde." WC="0.92" />
          </TextLine>
        </TextBlock>
        <TextBlock ID="TextBlock_56" HPOS="2086" VPOS="1576" HEIGHT="15" WIDTH="1143">
          <TextLine ID="TextLine_71" HPOS="2086" VPOS="1576" HEIGHT="15" WIDTH="1143">
            <SP ID="Textword_41" HPOS="2086" VPOS="1576" />
            <String ID="Textword_142" HPOS="2086" VPOS="1576" HEIGHT="15" WIDTH="1143" CONTENT=" " WC="0.95" />
          </TextLine>
        </TextBlock>
        <TextBlock ID="TextBlock_57" HPOS="2374" VPOS="1617" HEIGHT="181" WIDTH="852">
          <TextLine ID="TextLine_72" HPOS="2374" VPOS="1617" HEIGHT="75" WIDTH="850">
            <String ID="Textword_143" HPOS="2374" VPOS="1617" HEIGHT="75" WIDTH="850" CONTENT="Maschinen,Transmissionen" WC="0.90" />
          </TextLine>
          <TextLine ID="TextLine_73" HPOS="2412" VPOS="1724" HEIGHT="74" WIDTH="814">
            <String ID="Textword_144" HPOS="2412" VPOS="1727" HEIGHT="71" WIDTH="160" CONTENT="Guss," WC="0.91" />
            <String ID="Textword_145" HPOS="2621" VPOS="1727" HEIGHT="61" WIDTH="165" CONTENT="Eisen" WC="0.92" />
            <String ID="Textword_146" HPOS="2837" VPOS="1724" HEIGHT="62" WIDTH="114" CONTENT="und" WC="0.92" />
            <String ID="Textword_147" HPOS="3000" VPOS="1725" HEIGHT="61" WIDTH="226" CONTENT="Metalle" WC="0.92" />
          </TextLine>
        </TextBlock>
        <TextBlock ID="TextBlock_58" HPOS="2374" VPOS="1846" HEIGHT="28" WIDTH="645">
          <TextLine ID="TextLine_74" HPOS="2374" VPOS="1846" HEIGHT="28" WIDTH="645">
            <String ID="Textword_148" HPOS="2374" VPOS="1848" HEIGHT="26" WIDTH="97" CONTENT="kaufen" WC="0.96" />
            <String ID="Textword_149" HPOS="2492" VPOS="1847" HEIGHT="27" WIDTH="185" CONTENT="fortwährend" WC="0.96" />
            <String ID="Textword_150" HPOS="2697" VPOS="1855" HEIGHT="18" WIDTH="34" CONTENT="zu" WC="0.96" />
            <String ID="Textword_151" HPOS="2752" VPOS="1846" HEIGHT="28" WIDTH="132" CONTENT="höchsten" WC="0.96" />
            <String ID="Textword_152" HPOS="2904" VPOS="1847" HEIGHT="25" WIDTH="115" CONTENT="Preisen" WC="0.96" />
          </TextLine>
        </TextBlock>
        <TextBlock ID="TextBlock_59" HPOS="2377" VPOS="1698" HEIGHT="18" WIDTH="851">
          <TextLine ID="TextLine_75" HPOS="2377" VPOS="1698" HEIGHT="18" WIDTH="851">
            <SP ID="Textword_42" HPOS="2377" VPOS="1698" />
            <String ID="Textword_153" HPOS="2377" VPOS="1698" HEIGHT="18" WIDTH="851" CONTENT=" " WC="0.95" />
          </TextLine>
        </TextBlock>
        <TextBlock ID="TextBlock_60" HPOS="2373" VPOS="1804" HEIGHT="18" WIDTH="852">
          <TextLine ID="TextLine_76" HPOS="2373" VPOS="1804" HEIGHT="18" WIDTH="852">
            <SP ID="Textword_43" HPOS="2373" VPOS="1804" />
            <String ID="Textword_154" HPOS="2373" VPOS="1804" HEIGHT="18" WIDTH="852" CONTENT=" " WC="0.95" />
          </TextLine>
        </TextBlock>
        <TextBlock ID="TextBlock_61" HPOS="2083" VPOS="1909" HEIGHT="99" WIDTH="1142">
          <TextLine ID="TextLine_77" HPOS="2084" VPOS="1909" HEIGHT="43" WIDTH="1141">
            <String ID="Textword_155" HPOS="2084" VPOS="1913" HEIGHT="32" WIDTH="126" CONTENT="Gebr." WC="0.93" />
            <String ID="Textword_156" HPOS="2235" VPOS="1911" HEIGHT="41" WIDTH="312" CONTENT="Bertschinger" WC="0.91" />
            <String ID="Textword_157" HPOS="2582" VPOS="1910" HEIGHT="32" WIDTH="37" CONTENT="&amp;" WC="0.89" />
            <String ID="Textword_158" HPOS="2657" VPOS="1910" HEIGHT="40" WIDTH="98" CONTENT="Cie.," WC="0.90" />
            <String ID="Textword_159" HPOS="2791" VPOS="1909" HEIGHT="32" WIDTH="189" CONTENT="Wallisellen" WC="0.96" />
            <String ID="Textword_160" HPOS="3014" VPOS="1910" HEIGHT="31" WIDTH="53" CONTENT="bei" WC="0.96" />
            <String ID="Textword_161" HPOS="3095" VPOS="1910" HEIGHT="31" WIDTH="130" CONTENT="Zürich," WC="0.94" />
          </TextLine>
          <TextLine ID="TextLine_78" HPOS="2083" VPOS="1972" HEIGHT="36" WIDTH="423">
            <String ID="Textword_162" HPOS="2083" VPOS="1974" HEIGHT="34" WIDTH="146" CONTENT="Telephon:" WC="0.91" />
            <String ID="Textword_163" HPOS="2250" VPOS="1974" HEIGHT="25" WIDTH="44" CONTENT="Nr." WC="0.96" />
            <String ID="Textword_164" HPOS="2308" VPOS="1974" HEIGHT="31" WIDTH="73" CONTENT="29/4," WC="0.88" />
            <String ID="Textword_165" HPOS="2402" VPOS="1972" HEIGHT="27" WIDTH="104" CONTENT="Zürich." WC="0.93" />
          </TextLine>
        </TextBlock>
        <TextBlock ID="TextBlock_62" HPOS="332" VPOS="1900" HEIGHT="1306" WIDTH="2751">
          <TextLine ID="TextLine_79" HPOS="1962" VPOS="1900" HEIGHT="73" WIDTH="84">
            <SP ID="Textword_44" HPOS="1962" VPOS="1900" />
            <String ID="Textword_166" HPOS="1962" VPOS="1900" HEIGHT="73" WIDTH="84" CONTENT=" " WC="0.95" />
          </TextLine>
          <TextLine ID="TextLine_80" HPOS="1962" VPOS="1973" HEIGHT="93" WIDTH="490">
            <SP ID="Textword_45" HPOS="1962" VPOS="1973" />
            <String ID="Textword_167" HPOS="1962" VPOS="1973" HEIGHT="93" WIDTH="490" CONTENT="  " WC="0.95" />
          </TextLine>
          <TextLine ID="TextLine_81" HPOS="1964" VPOS="2066" HEIGHT="115" WIDTH="217">
            <SP ID="Textword_46" HPOS="1964" VPOS="2066" />
            <String ID="Textword_168" HPOS="1964" VPOS="2066" HEIGHT="115" WIDTH="217" CONTENT="  " WC="0.95" />
          </TextLine>
          <TextLine ID="TextLine_82" HPOS="1360" VPOS="2181" HEIGHT="65" WIDTH="821">
            <SP ID="Textword_47" HPOS="1360" VPOS="2181" />
            <String ID="Textword_169" HPOS="1360" VPOS="2181" HEIGHT="65" WIDTH="821" CONTENT="  " WC="0.95" />
          </TextLine>
          <TextLine ID="TextLine_83" HPOS="1290" VPOS="2246" HEIGHT="140" WIDTH="968">
            <SP ID="Textword_48" HPOS="1290" VPOS="2246" />
            <String ID="Textword_170" HPOS="1290" VPOS="2246" HEIGHT="140" WIDTH="968" CONTENT=" " WC="0.95" />
          </TextLine>
          <TextLine ID="TextLine_84" HPOS="1226" VPOS="2386" HEIGHT="105" WIDTH="1857">
            <SP ID="Textword_49" HPOS="1226" VPOS="2386" />
            <String ID="Textword_171" HPOS="1226" VPOS="2386" HEIGHT="105" WIDTH="1857" CONTENT="  " WC="0.95" />
          </TextLine>
          <TextLine ID="TextLine_85" HPOS="332" VPOS="2491" HEIGHT="151" WIDTH="2751">
            <SP ID="Textword_50" HPOS="332" VPOS="2609" />
            <String ID="Textword_172" HPOS="332" VPOS="2609" HEIGHT="33" WIDTH="105" CONTENT=" " WC="0.95" />
            <SP ID="Textword_51" HPOS="440" VPOS="2491" />
            <String ID="Textword_173" HPOS="440" VPOS="2491" HEIGHT="151" WIDTH="2643" CONTENT="  " WC="0.95" />
          </TextLine>
          <TextLine ID="TextLine_86" HPOS="332" VPOS="2642" HEIGHT="373" WIDTH="2751">
            <SP ID="Textword_52" HPOS="332" VPOS="2642" />
            <String ID="Textword_174" HPOS="332" VPOS="2642" HEIGHT="373" WIDTH="2751" CONTENT="  " WC="0.95" />
          </TextLine>
          <TextLine ID="TextLine_87" HPOS="332" VPOS="3015" HEIGHT="71" WIDTH="1942">
            <SP ID="Textword_53" HPOS="332" VPOS="3015" />
            <String ID="Textword_175" HPOS="332" VPOS="3015" HEIGHT="71" WIDTH="1942" CONTENT=" " WC="0.95" />
          </TextLine>
          <TextLine ID="TextLine_88" HPOS="332" VPOS="3086" HEIGHT="120" WIDTH="1152">
            <SP ID="Textword_54" HPOS="332" VPOS="3086" />
            <String ID="Textword_176" HPOS="332" VPOS="3086" HEIGHT="120" WIDTH="1152" CONTENT="  " WC="0.95" />
          </TextLine>
        </TextBlock>
        <TextBlock ID="TextBlock_63" HPOS="2765" VPOS="1970" HEIGHT="35" WIDTH="462">
          <TextLine ID="TextLine_89" HPOS="2765" VPOS="1970" HEIGHT="35" WIDTH="462">
            <String ID="Textword_177" HPOS="2765" VPOS="1971" HEIGHT="34" WIDTH="203" CONTENT="Telegr.-Adr.:" WC="0.90" />
            <String ID="Textword_178" HPOS="2990" VPOS="1970" HEIGHT="33" WIDTH="237" CONTENT="Gebertschinger." WC="0.87" />
          </TextLine>
        </TextBlock>
        <TextBlock ID="TextBlock_64" HPOS="2083" VPOS="2028" HEIGHT="18" WIDTH="1145">
          <TextLine ID="TextLine_90" HPOS="2083" VPOS="2028" HEIGHT="18" WIDTH="1145">
            <SP ID="Textword_55" HPOS="2083" VPOS="2028" />
            <String ID="Textword_179" HPOS="2083" VPOS="2028" HEIGHT="18" WIDTH="1145" CONTENT=" " WC="0.95" />
          </TextLine>
        </TextBlock>
        <TextBlock ID="TextBlock_65" HPOS="2083" VPOS="2059" HEIGHT="21" WIDTH="1144">
          <TextLine ID="TextLine_91" HPOS="2083" VPOS="2059" HEIGHT="21" WIDTH="1144">
            <SP ID="Textword_56" HPOS="2083" VPOS="2059" />
            <String ID="Textword_180" HPOS="2083" VPOS="2059" HEIGHT="21" WIDTH="1144" CONTENT=" " WC="0.95" />
          </TextLine>
        </TextBlock>
        <TextBlock ID="TextBlock_66" HPOS="2054" VPOS="412" HEIGHT="1752" WIDTH="20">
          <TextLine ID="TextLine_92" HPOS="2054" VPOS="412" HEIGHT="1752" WIDTH="20">
            <SP ID="Textword_57" HPOS="2054" VPOS="412" />
            <String ID="Textword_181" HPOS="2054" VPOS="412" HEIGHT="1752" WIDTH="20" CONTENT=" " WC="0.95" />
          </TextLine>
        </TextBlock>
        <TextBlock ID="TextBlock_67" HPOS="2181" VPOS="2111" HEIGHT="90" WIDTH="952">
          <TextLine ID="TextLine_93" HPOS="2181" VPOS="2111" HEIGHT="90" WIDTH="952">
            <String ID="Textword_182" HPOS="2181" VPOS="2111" HEIGHT="90" WIDTH="952" CONTENT="Gasmotoren-Fabrik" WC="0.90" />
          </TextLine>
        </TextBlock>
        <TextBlock ID="TextBlock_68" HPOS="2258" VPOS="2224" HEIGHT="108" WIDTH="821">
          <TextLine ID="TextLine_94" HPOS="2258" VPOS="2224" HEIGHT="108" WIDTH="821">
            <String ID="Textword_183" HPOS="2258" VPOS="2224" HEIGHT="108" WIDTH="548" CONTENT="DEUTZ“" WC="0.43" />
            <String ID="Textword_184" HPOS="2848" VPOS="2257" HEIGHT="67" WIDTH="231" CONTENT="A.-o." WC="0.00" />
          </TextLine>
        </TextBlock>
        <TextBlock ID="TextBlock_69" HPOS="2767" VPOS="2665" HEIGHT="70" WIDTH="196">
          <TextLine ID="TextLine_95" HPOS="2767" VPOS="2665" HEIGHT="23" WIDTH="184">
            <String ID="Textword_185" HPOS="2767" VPOS="2665" HEIGHT="23" WIDTH="184" CONTENT="EZ" WC="0.34" />
          </TextLine>
          <TextLine ID="TextLine_96" HPOS="2790" VPOS="2692" HEIGHT="20" WIDTH="173">
            <String ID="Textword_186" HPOS="2790" VPOS="2692" HEIGHT="20" WIDTH="173" CONTENT="Gasmotoren=Fabr" WC="0.66" />
          </TextLine>
          <TextLine ID="TextLine_97" HPOS="2884" VPOS="2718" HEIGHT="17" WIDTH="27">
            <String ID="Textword_187" HPOS="2884" VPOS="2718" HEIGHT="17" WIDTH="27" CONTENT="UT" WC="0.95" />
          </TextLine>
        </TextBlock>
        <TextBlock ID="TextBlock_70" HPOS="3196" VPOS="2056" HEIGHT="959" WIDTH="40">
          <TextLine ID="TextLine_98" HPOS="3196" VPOS="2056" HEIGHT="959" WIDTH="40">
            <SP ID="Textword_58" HPOS="3196" VPOS="2056" />
            <String ID="Textword_188" HPOS="3196" VPOS="2056" HEIGHT="959" WIDTH="40" CONTENT="  " WC="0.95" />
          </TextLine>
        </TextBlock>
        <TextBlock ID="TextBlock_71" HPOS="2884" VPOS="2745" HEIGHT="1" WIDTH="46">
          <TextLine ID="TextLine_99" HPOS="2884" VPOS="2745" HEIGHT="1" WIDTH="46">
            <SP ID="Textword_59" HPOS="2884" VPOS="2745" />
            <String ID="Textword_189" HPOS="2884" VPOS="2745" HEIGHT="1" WIDTH="46" CONTENT=" " WC="0.95" />
          </TextLine>
        </TextBlock>
        <TextBlock ID="TextBlock_72" HPOS="2900" VPOS="2749" HEIGHT="1" WIDTH="50">
          <TextLine ID="TextLine_100" HPOS="2900" VPOS="2749" HEIGHT="1" WIDTH="50">
            <SP ID="Textword_60" HPOS="2900" VPOS="2749" />
            <String ID="Textword_190" HPOS="2900" VPOS="2749" HEIGHT="1" WIDTH="50" CONTENT=" " WC="0.95" />
          </TextLine>
        </TextBlock>
        <TextBlock ID="TextBlock_73" HPOS="2269" VPOS="2836" HEIGHT="110" WIDTH="919">
          <TextLine ID="TextLine_101" HPOS="2269" VPOS="2836" HEIGHT="110" WIDTH="919">
            <String ID="Textword_191" HPOS="2269" VPOS="2842" HEIGHT="81" WIDTH="171" CONTENT="tzer" WC="0.89" />
            <String ID="Textword_192" HPOS="2494" VPOS="2836" HEIGHT="110" WIDTH="694" CONTENT="Sauggas-Motoren" WC="0.89" />
          </TextLine>
        </TextBlock>
        <TextBlock ID="TextBlock_74" HPOS="2429" VPOS="2972" HEIGHT="34" WIDTH="458">
          <TextLine ID="TextLine_102" HPOS="2429" VPOS="2972" HEIGHT="34" WIDTH="458">
            <String ID="Textword_193" HPOS="2429" VPOS="2973" HEIGHT="26" WIDTH="69" CONTENT="auch" WC="0.96" />
            <String ID="Textword_194" HPOS="2518" VPOS="2973" HEIGHT="25" WIDTH="27" CONTENT="in" WC="0.93" />
            <String ID="Textword_195" HPOS="2560" VPOS="2972" HEIGHT="34" WIDTH="180" CONTENT="Verbindung" WC="0.92" />
            <String ID="Textword_196" HPOS="2759" VPOS="2973" HEIGHT="25" WIDTH="50" CONTENT="mit" WC="0.96" />
            <String ID="Textword_197" HPOS="2829" VPOS="2973" HEIGHT="25" WIDTH="58" CONTENT="dem" WC="0.96" />
          </TextLine>
        </TextBlock>
        <TextBlock ID="TextBlock_75" HPOS="2296" VPOS="3025" HEIGHT="41" WIDTH="724">
          <TextLine ID="TextLine_103" HPOS="2296" VPOS="3025" HEIGHT="41" WIDTH="724">
            <String ID="Textword_198" HPOS="2296" VPOS="3027" HEIGHT="39" WIDTH="189" CONTENT="Deutzer" WC="0.90" />
            <String ID="Textword_199" HPOS="2513" VPOS="3025" HEIGHT="40" WIDTH="507" CONTENT="Abwärme-Verwerter" WC="0.85" />
          </TextLine>
        </TextBlock>
        <TextBlock ID="TextBlock_76" HPOS="2327" VPOS="3095" HEIGHT="33" WIDTH="663">
          <TextLine ID="TextLine_104" HPOS="2327" VPOS="3095" HEIGHT="33" WIDTH="663">
            <String ID="Textword_200" HPOS="2327" VPOS="3097" HEIGHT="27" WIDTH="91" CONTENT="bieten" WC="0.96" />
            <String ID="Textword_201" HPOS="2438" VPOS="3097" HEIGHT="25" WIDTH="28" CONTENT="in" WC="0.96" />
            <String ID="Textword_202" HPOS="2486" VPOS="3096" HEIGHT="25" WIDTH="51" CONTENT="den" WC="0.96" />
            <String ID="Textword_203" HPOS="2556" VPOS="3103" HEIGHT="18" WIDTH="88" CONTENT="neuen" WC="0.96" />
            <String ID="Textword_204" HPOS="2664" VPOS="3095" HEIGHT="33" WIDTH="216" CONTENT="Ausführungen" WC="0.96" />
            <String ID="Textword_205" HPOS="2899" VPOS="3095" HEIGHT="26" WIDTH="91" CONTENT="bisher" WC="0.96" />
          </TextLine>
        </TextBlock>
        <TextBlock ID="TextBlock_77" HPOS="2173" VPOS="3151" HEIGHT="60" WIDTH="978">
          <TextLine ID="TextLine_105" HPOS="2173" VPOS="3151" HEIGHT="60" WIDTH="978">
            <String ID="Textword_206" HPOS="2173" VPOS="3153" HEIGHT="49" WIDTH="524" CONTENT="unerreichte" WC="0.92" />
            <String ID="Textword_207" HPOS="2736" VPOS="3151" HEIGHT="60" WIDTH="415" CONTENT="Vorzüge." WC="0.95" />
          </TextLine>
        </TextBlock>
        <TextBlock ID="TextBlock_78" HPOS="2161" VPOS="3237" HEIGHT="83" WIDTH="1005">
          <TextLine ID="TextLine_106" HPOS="2161" VPOS="3237" HEIGHT="83" WIDTH="1005">
            <String ID="Textword_208" HPOS="2161" VPOS="3241" HEIGHT="73" WIDTH="139" CONTENT="Deutzer" WC="0.89" />
            <String ID="Textword_209" HPOS="2331" VPOS="3239" HEIGHT="81" WIDTH="127" CONTENT="Rohöl-," WC="0.85" />
            <String ID="Textword_210" HPOS="2493" VPOS="3238" HEIGHT="82" WIDTH="88" CONTENT="Gas-," WC="0.88" />
            <String ID="Textword_211" HPOS="2615" VPOS="3238" HEIGHT="73" WIDTH="135" CONTENT="Benzin-" WC="0.92" />
            <String ID="Textword_212" HPOS="2781" VPOS="3237" HEIGHT="72" WIDTH="65" CONTENT="und" WC="0.77" />
            <String ID="Textword_213" HPOS="2878" VPOS="3237" HEIGHT="73" WIDTH="288" CONTENT="Petrol-Motoren." WC="0.53" />
          </TextLine>
        </TextBlock>
        <TextBlock ID="TextBlock_79" HPOS="337" VPOS="3411" HEIGHT="29" WIDTH="1723">
          <TextLine ID="TextLine_107" HPOS="337" VPOS="3411" HEIGHT="29" WIDTH="1723">
            <SP ID="Textword_61" HPOS="337" VPOS="3411" />
            <String ID="Textword_214" HPOS="337" VPOS="3411" HEIGHT="29" WIDTH="1723" CONTENT=" " WC="0.95" />
          </TextLine>
        </TextBlock>
        <TextBlock ID="TextBlock_80" HPOS="337" VPOS="3455" HEIGHT="43" WIDTH="1134">
          <TextLine ID="TextLine_108" HPOS="337" VPOS="3455" HEIGHT="43" WIDTH="1134">
            <SP ID="Textword_62" HPOS="337" VPOS="3455" />
            <String ID="Textword_215" HPOS="337" VPOS="3455" HEIGHT="43" WIDTH="1134" CONTENT=" " WC="0.95" />
          </TextLine>
        </TextBlock>
        <TextBlock ID="TextBlock_81" HPOS="381" VPOS="3576" HEIGHT="169" WIDTH="1059">
          <TextLine ID="TextLine_109" HPOS="381" VPOS="3576" HEIGHT="169" WIDTH="1059">
            <String ID="Textword_216" HPOS="381" VPOS="3576" HEIGHT="169" WIDTH="1059" CONTENT="Nussbaumholz" WC="0.87" />
          </TextLine>
        </TextBlock>
        <TextBlock ID="TextBlock_82" HPOS="462" VPOS="3785" HEIGHT="66" WIDTH="904">
          <TextLine ID="TextLine_110" HPOS="462" VPOS="3785" HEIGHT="66" WIDTH="904">
            <String ID="Textword_217" HPOS="462" VPOS="3798" HEIGHT="53" WIDTH="91" CONTENT="40" WC="0.96" />
            <String ID="Textword_218" HPOS="591" VPOS="3796" HEIGHT="53" WIDTH="285" CONTENT="Stämme" WC="0.93" />
            <String ID="Textword_219" HPOS="914" VPOS="3792" HEIGHT="52" WIDTH="73" CONTENT="Ia" WC="0.88" />
            <String ID="Textword_220" HPOS="1024" VPOS="3789" HEIGHT="53" WIDTH="131" CONTENT="ind." WC="0.96" />
            <String ID="Textword_221" HPOS="1196" VPOS="3785" HEIGHT="55" WIDTH="170" CONTENT="rund" WC="0.96" />
          </TextLine>
        </TextBlock>
        <TextBlock ID="TextBlock_83" HPOS="338" VPOS="3874" HEIGHT="141" WIDTH="1138">
          <TextLine ID="TextLine_111" HPOS="339" VPOS="3874" HEIGHT="48" WIDTH="1137">
            <String ID="Textword_222" HPOS="339" VPOS="3889" HEIGHT="33" WIDTH="118" CONTENT="treffen" WC="0.89" />
            <String ID="Textword_223" HPOS="481" VPOS="3888" HEIGHT="31" WIDTH="178" CONTENT="nächstens" WC="0.89" />
            <String ID="Textword_224" HPOS="682" VPOS="3885" HEIGHT="31" WIDTH="34" CONTENT="in" WC="0.96" />
            <String ID="Textword_225" HPOS="740" VPOS="3883" HEIGHT="32" WIDTH="101" CONTENT="Basel" WC="0.96" />
            <String ID="Textword_226" HPOS="865" VPOS="3881" HEIGHT="32" WIDTH="51" CONTENT="ein" WC="0.95" />
            <String ID="Textword_227" HPOS="940" VPOS="3881" HEIGHT="30" WIDTH="67" CONTENT="und" WC="0.96" />
            <String ID="Textword_228" HPOS="1032" VPOS="3879" HEIGHT="31" WIDTH="131" CONTENT="werden" WC="0.96" />
            <String ID="Textword_229" HPOS="1187" VPOS="3876" HEIGHT="31" WIDTH="126" CONTENT="zwecks" WC="0.96" />
            <String ID="Textword_230" HPOS="1342" VPOS="3874" HEIGHT="48" WIDTH="134" CONTENT="rascher" WC="0.96" />
          </TextLine>
          <TextLine ID="TextLine_112" HPOS="338" VPOS="3919" HEIGHT="52" WIDTH="1138">
            <String ID="Textword_231" HPOS="338" VPOS="3934" HEIGHT="37" WIDTH="209" CONTENT="Einführung" WC="0.96" />
            <String ID="Textword_232" HPOS="587" VPOS="3930" HEIGHT="31" WIDTH="126" CONTENT="einzeln" WC="0.96" />
            <String ID="Textword_233" HPOS="753" VPOS="3938" HEIGHT="21" WIDTH="41" CONTENT="an" WC="0.94" />
            <String ID="Textword_234" HPOS="834" VPOS="3927" HEIGHT="31" WIDTH="248" CONTENT="Interessenten" WC="0.94" />
            <String ID="Textword_235" HPOS="1122" VPOS="3921" HEIGHT="40" WIDTH="201" CONTENT="abgegeben." WC="0.95" />
            <String ID="Textword_236" HPOS="1384" VPOS="3919" HEIGHT="30" WIDTH="92" CONTENT="Preis" WC="0.96" />
          </TextLine>
          <TextLine ID="TextLine_113" HPOS="341" VPOS="3970" HEIGHT="45" WIDTH="616">
            <String ID="Textword_237" HPOS="341" VPOS="3978" HEIGHT="33" WIDTH="47" CONTENT="Fr." WC="0.92" />
            <String ID="Textword_238" HPOS="420" VPOS="3977" HEIGHT="33" WIDTH="112" CONTENT="145.—" WC="0.89" />
            <String ID="Textword_239" HPOS="557" VPOS="3984" HEIGHT="31" WIDTH="59" CONTENT="per" WC="0.93" />
            <String ID="Textword_240" HPOS="641" VPOS="3974" HEIGHT="31" WIDTH="43" CONTENT="m*" WC="0.86" />
            <String ID="Textword_241" HPOS="708" VPOS="3972" HEIGHT="32" WIDTH="117" CONTENT="franko" WC="0.91" />
            <String ID="Textword_242" HPOS="850" VPOS="3970" HEIGHT="32" WIDTH="107" CONTENT="Basel." WC="0.96" />
          </TextLine>
        </TextBlock>
        <TextBlock ID="TextBlock_84" HPOS="1587" VPOS="3664" HEIGHT="95" WIDTH="355">
          <TextLine ID="TextLine_114" HPOS="1588" VPOS="3664" HEIGHT="43" WIDTH="342">
            <String ID="Textword_243" HPOS="1588" VPOS="3664" HEIGHT="43" WIDTH="342" CONTENT="Strassentafeln" WC="0.89" />
          </TextLine>
          <TextLine ID="TextLine_115" HPOS="1587" VPOS="3720" HEIGHT="39" WIDTH="355">
            <String ID="Textword_244" HPOS="1587" VPOS="3720" HEIGHT="39" WIDTH="355" CONTENT="Hausnummern" WC="0.95" />
          </TextLine>
        </TextBlock>
        <TextBlock ID="TextBlock_85" HPOS="1507" VPOS="3889" HEIGHT="25" WIDTH="199">
          <TextLine ID="TextLine_116" HPOS="1507" VPOS="3889" HEIGHT="25" WIDTH="199">
            <String ID="Textword_245" HPOS="1507" VPOS="3892" HEIGHT="22" WIDTH="62" CONTENT="sten" WC="0.92" />
            <String ID="Textword_246" HPOS="1589" VPOS="3889" HEIGHT="25" WIDTH="117" CONTENT="Preisen." WC="0.92" />
          </TextLine>
        </TextBlock>
        <TextBlock ID="TextBlock_86" HPOS="1506" VPOS="3432" HEIGHT="153" WIDTH="599">
          <TextLine ID="TextLine_117" HPOS="1506" VPOS="3432" HEIGHT="153" WIDTH="599">
            <String ID="Textword_247" HPOS="1506" VPOS="3454" HEIGHT="131" WIDTH="306" CONTENT="Emailierte" WC="0.48" />
            <String ID="Textword_248" HPOS="1827" VPOS="3432" HEIGHT="152" WIDTH="278" CONTENT="Schilder‘;" WC="0.54" />
          </TextLine>
        </TextBlock>
        <TextBlock ID="TextBlock_87" HPOS="1586" VPOS="3610" HEIGHT="44" WIDTH="435">
          <TextLine ID="TextLine_118" HPOS="1586" VPOS="3610" HEIGHT="44" WIDTH="435">
            <String ID="Textword_249" HPOS="1586" VPOS="3610" HEIGHT="44" WIDTH="435" CONTENT="Reklame-Schilder" WC="0.92" />
          </TextLine>
        </TextBlock>
        <TextBlock ID="TextBlock_88" HPOS="1505" VPOS="3779" HEIGHT="106" WIDTH="558">
          <TextLine ID="TextLine_119" HPOS="1505" VPOS="3779" HEIGHT="37" WIDTH="557">
            <String ID="Textword_250" HPOS="1505" VPOS="3782" HEIGHT="34" WIDTH="77" CONTENT="jeder" WC="0.96" />
            <String ID="Textword_251" HPOS="1598" VPOS="3782" HEIGHT="25" WIDTH="50" CONTENT="Art" WC="0.96" />
            <String ID="Textword_252" HPOS="1667" VPOS="3781" HEIGHT="26" WIDTH="54" CONTENT="und" WC="0.96" />
            <String ID="Textword_253" HPOS="1738" VPOS="3780" HEIGHT="26" WIDTH="98" CONTENT="Grösse" WC="0.96" />
            <String ID="Textword_254" HPOS="1850" VPOS="3779" HEIGHT="34" WIDTH="146" CONTENT="empfiehlt," WC="0.88" />
            <String ID="Textword_255" HPOS="2015" VPOS="3785" HEIGHT="27" WIDTH="47" CONTENT="ge-" WC="0.91" />
          </TextLine>
          <TextLine ID="TextLine_120" HPOS="1507" VPOS="3814" HEIGHT="35" WIDTH="556">
            <String ID="Textword_256" HPOS="1507" VPOS="3819" HEIGHT="25" WIDTH="88" CONTENT="stützt" WC="0.95" />
            <String ID="Textword_257" HPOS="1624" VPOS="3817" HEIGHT="26" WIDTH="49" CONTENT="auf" WC="0.63" />
            <String ID="Textword_258" HPOS="1701" VPOS="3816" HEIGHT="33" WIDTH="171" CONTENT="langjährige" WC="0.96" />
            <String ID="Textword_259" HPOS="1897" VPOS="3814" HEIGHT="32" WIDTH="166" CONTENT="Erfahrung," WC="0.96" />
          </TextLine>
          <TextLine ID="TextLine_121" HPOS="1507" VPOS="3849" HEIGHT="36" WIDTH="555">
            <String ID="Textword_260" HPOS="1507" VPOS="3853" HEIGHT="26" WIDTH="28" CONTENT="in" WC="0.93" />
            <String ID="Textword_261" HPOS="1555" VPOS="3853" HEIGHT="26" WIDTH="144" CONTENT="tadelloser" WC="0.92" />
            <String ID="Textword_262" HPOS="1721" VPOS="3851" HEIGHT="34" WIDTH="177" CONTENT="Ausführung" WC="0.96" />
            <String ID="Textword_263" HPOS="1918" VPOS="3858" HEIGHT="18" WIDTH="34" CONTENT="zu" WC="0.93" />
            <String ID="Textword_264" HPOS="1972" VPOS="3849" HEIGHT="33" WIDTH="90" CONTENT="billig-" WC="0.92" />
          </TextLine>
        </TextBlock>
        <TextBlock ID="TextBlock_89" HPOS="1604" VPOS="3928" HEIGHT="50" WIDTH="459">
          <TextLine ID="TextLine_122" HPOS="1604" VPOS="3928" HEIGHT="50" WIDTH="459">
            <String ID="Textword_265" HPOS="1604" VPOS="3929" HEIGHT="43" WIDTH="356" CONTENT="Metallwarenfabrik" WC="0.91" />
            <String ID="Textword_266" HPOS="1979" VPOS="3928" HEIGHT="50" WIDTH="84" CONTENT="Zug." WC="0.95" />
          </TextLine>
        </TextBlock>
        <TextBlock ID="TextBlock_90" HPOS="3084" VPOS="3015" HEIGHT="669" WIDTH="152">
          <TextLine ID="TextLine_123" HPOS="3084" VPOS="3015" HEIGHT="669" WIDTH="152">
            <SP ID="Textword_63" HPOS="3084" VPOS="3015" />
            <String ID="Textword_267" HPOS="3084" VPOS="3015" HEIGHT="669" WIDTH="152" CONTENT="  " WC="0.95" />
          </TextLine>
        </TextBlock>
        <TextBlock ID="TextBlock_91" HPOS="2187" VPOS="3388" HEIGHT="47" WIDTH="948">
          <TextLine ID="TextLine_124" HPOS="2187" VPOS="3388" HEIGHT="47" WIDTH="948">
            <String ID="Textword_268" HPOS="2187" VPOS="3392" HEIGHT="43" WIDTH="171" CONTENT="Prospekte" WC="0.96" />
            <String ID="Textword_269" HPOS="2384" VPOS="3391" HEIGHT="33" WIDTH="58" CONTENT="und" WC="0.93" />
            <String ID="Textword_270" HPOS="2469" VPOS="3389" HEIGHT="42" WIDTH="312" CONTENT="Kostenberechnung" WC="0.92" />
            <String ID="Textword_271" HPOS="2807" VPOS="3389" HEIGHT="42" WIDTH="97" CONTENT="gratis" WC="0.96" />
            <String ID="Textword_272" HPOS="2930" VPOS="3389" HEIGHT="32" WIDTH="58" CONTENT="und" WC="0.92" />
            <String ID="Textword_273" HPOS="3014" VPOS="3388" HEIGHT="33" WIDTH="121" CONTENT="franko." WC="0.89" />
          </TextLine>
        </TextBlock>
        <TextBlock ID="TextBlock_92" HPOS="2090" VPOS="3440" HEIGHT="34" WIDTH="5">
          <TextLine ID="TextLine_125" HPOS="2090" VPOS="3440" HEIGHT="34" WIDTH="5">
            <SP ID="Textword_64" HPOS="2090" VPOS="3440" />
            <String ID="Textword_274" HPOS="2090" VPOS="3440" HEIGHT="34" WIDTH="5" CONTENT=" " WC="0.95" />
          </TextLine>
        </TextBlock>
        <TextBlock ID="TextBlock_93" HPOS="2091" VPOS="3476" HEIGHT="14" WIDTH="1142">
          <TextLine ID="TextLine_126" HPOS="2091" VPOS="3476" HEIGHT="14" WIDTH="1142">
            <SP ID="Textword_65" HPOS="2091" VPOS="3476" />
            <String ID="Textword_275" HPOS="2091" VPOS="3476" HEIGHT="14" WIDTH="1142" CONTENT=" " WC="0.95" />
          </TextLine>
        </TextBlock>
        <TextBlock ID="TextBlock_94" HPOS="2531" VPOS="3506" HEIGHT="102" WIDTH="701">
          <TextLine ID="TextLine_127" HPOS="2531" VPOS="3506" HEIGHT="30" WIDTH="701">
            <String ID="Textword_276" HPOS="2531" VPOS="3507" HEIGHT="29" WIDTH="273" CONTENT="berücksichtigt" WC="0.95" />
            <String ID="Textword_277" HPOS="2822" VPOS="3507" HEIGHT="24" WIDTH="56" CONTENT="bei" WC="0.93" />
            <String ID="Textword_278" HPOS="2902" VPOS="3507" HEIGHT="23" WIDTH="113" CONTENT="Euern" WC="0.92" />
            <String ID="Textword_279" HPOS="3040" VPOS="3506" HEIGHT="24" WIDTH="192" CONTENT="Einkäufen" WC="0.92" />
          </TextLine>
          <TextLine ID="TextLine_128" HPOS="2532" VPOS="3539" HEIGHT="29" WIDTH="700">
            <String ID="Textword_280" HPOS="2532" VPOS="3544" HEIGHT="24" WIDTH="54" CONTENT="die" WC="0.96" />
            <String ID="Textword_281" HPOS="2605" VPOS="3543" HEIGHT="24" WIDTH="198" CONTENT="Inserenten" WC="0.96" />
            <String ID="Textword_282" HPOS="2828" VPOS="3543" HEIGHT="23" WIDTH="59" CONTENT="der" WC="0.96" />
            <String ID="Textword_283" HPOS="2914" VPOS="3541" HEIGHT="25" WIDTH="161" CONTENT="Schweiz." WC="0.93" />
            <String ID="Textword_284" HPOS="3095" VPOS="3539" HEIGHT="27" WIDTH="137" CONTENT="Arbeit-" WC="0.91" />
          </TextLine>
          <TextLine ID="TextLine_129" HPOS="2531" VPOS="3578" HEIGHT="30" WIDTH="269">
            <String ID="Textword_285" HPOS="2531" VPOS="3578" HEIGHT="30" WIDTH="269" CONTENT="geber-Zeitung." WC="0.91" />
          </TextLine>
        </TextBlock>
        <TextBlock ID="TextBlock_95" HPOS="2095" VPOS="3466" HEIGHT="147" WIDTH="399">
          <TextLine ID="TextLine_130" HPOS="2095" VPOS="3466" HEIGHT="147" WIDTH="399">
            <String ID="Textword_286" HPOS="2095" VPOS="3466" HEIGHT="147" WIDTH="399" CONTENT="Arbeitgeber!" WC="0.91" />
          </TextLine>
        </TextBlock>
        <TextBlock ID="TextBlock_96" HPOS="2092" VPOS="3627" HEIGHT="13" WIDTH="1141">
          <TextLine ID="TextLine_131" HPOS="2092" VPOS="3627" HEIGHT="13" WIDTH="1141">
            <SP ID="Textword_66" HPOS="2092" VPOS="3627" />
            <String ID="Textword_287" HPOS="2092" VPOS="3627" HEIGHT="13" WIDTH="1141" CONTENT=" " WC="0.95" />
          </TextLine>
        </TextBlock>
        <TextBlock ID="TextBlock_97" HPOS="2157" VPOS="3659" HEIGHT="17" WIDTH="1014">
          <TextLine ID="TextLine_132" HPOS="2157" VPOS="3659" HEIGHT="17" WIDTH="1014">
            <SP ID="Textword_67" HPOS="2157" VPOS="3659" />
            <String ID="Textword_288" HPOS="2157" VPOS="3659" HEIGHT="17" WIDTH="1014" CONTENT=" " WC="0.95" />
          </TextLine>
        </TextBlock>
        <TextBlock ID="TextBlock_98" HPOS="2154" VPOS="3670" HEIGHT="14" WIDTH="451">
          <TextLine ID="TextLine_133" HPOS="2154" VPOS="3670" HEIGHT="14" WIDTH="451">
            <SP ID="Textword_68" HPOS="2154" VPOS="3670" />
            <String ID="Textword_289" HPOS="2154" VPOS="3670" HEIGHT="14" WIDTH="451" CONTENT=" " WC="0.95" />
          </TextLine>
        </TextBlock>
        <TextBlock ID="TextBlock_99" HPOS="2154" VPOS="3684" HEIGHT="194" WIDTH="451">
          <TextLine ID="TextLine_134" HPOS="2154" VPOS="3684" HEIGHT="194" WIDTH="451">
            <SP ID="Textword_69" HPOS="2154" VPOS="3684" />
            <String ID="Textword_290" HPOS="2154" VPOS="3684" HEIGHT="194" WIDTH="451" CONTENT="  " WC="0.95" />
          </TextLine>
        </TextBlock>
        <TextBlock ID="TextBlock_100" HPOS="2172" VPOS="3800" HEIGHT="142" WIDTH="979">
          <TextLine ID="TextLine_135" HPOS="2265" VPOS="3800" HEIGHT="88" WIDTH="819">
            <String ID="Textword_291" HPOS="2265" VPOS="3806" HEIGHT="65" WIDTH="60" CONTENT="C" WC="0.78" />
            <String ID="Textword_292" HPOS="2342" VPOS="3814" HEIGHT="65" WIDTH="313" CONTENT="LIiCHE" WC="0.62" />
            <String ID="Textword_293" HPOS="2672" VPOS="3800" HEIGHT="88" WIDTH="412" CONTENT="SjedecrART" WC="0.48" />
          </TextLine>
          <TextLine ID="TextLine_136" HPOS="2172" VPOS="3879" HEIGHT="63" WIDTH="979">
            <String ID="Textword_294" HPOS="2172" VPOS="3879" HEIGHT="57" WIDTH="375" CONTENT="SRMÉLLER" WC="0.73" />
            <String ID="Textword_295" HPOS="2558" VPOS="3900" HEIGHT="42" WIDTH="265" CONTENT="z.Leutpriesterei" WC="0.92" />
            <String ID="Textword_296" HPOS="2846" VPOS="3888" HEIGHT="48" WIDTH="86" CONTENT="ZU" WC="0.68" />
            <String ID="Textword_297" HPOS="2944" VPOS="3881" HEIGHT="55" WIDTH="155" CONTENT="RICH" WC="0.92" />
            <String ID="Textword_298" HPOS="3115" VPOS="3902" HEIGHT="33" WIDTH="36" CONTENT="To" WC="0.75" />
          </TextLine>
        </TextBlock>
        <TextBlock ID="TextBlock_101" HPOS="2096" VPOS="3956" HEIGHT="13" WIDTH="1139">
          <TextLine ID="TextLine_137" HPOS="2096" VPOS="3956" HEIGHT="13" WIDTH="1139">
            <SP ID="Textword_70" HPOS="2096" VPOS="3956" />
            <String ID="Textword_299" HPOS="2096" VPOS="3956" HEIGHT="13" WIDTH="1139" CONTENT=" " WC="0.95" />
          </TextLine>
        </TextBlock>
        <TextBlock ID="TextBlock_102" HPOS="1507" VPOS="3989" HEIGHT="12" WIDTH="556">
          <TextLine ID="TextLine_138" HPOS="1507" VPOS="3989" HEIGHT="12" WIDTH="556">
            <SP ID="Textword_71" HPOS="1507" VPOS="3989" />
            <String ID="Textword_300" HPOS="1507" VPOS="3989" HEIGHT="12" WIDTH="556" CONTENT=" " WC="0.95" />
          </TextLine>
        </TextBlock>
        <TextBlock ID="TextBlock_103" HPOS="429" VPOS="4020" HEIGHT="106" WIDTH="1048">
          <TextLine ID="TextLine_139" HPOS="429" VPOS="4020" HEIGHT="42" WIDTH="832">
            <String ID="Textword_301" HPOS="429" VPOS="4028" HEIGHT="34" WIDTH="255" CONTENT="Kaufliebhaber" WC="0.92" />
            <String ID="Textword_302" HPOS="707" VPOS="4025" HEIGHT="32" WIDTH="120" CONTENT="wollen" WC="0.96" />
            <String ID="Textword_303" HPOS="852" VPOS="4023" HEIGHT="32" WIDTH="67" CONTENT="sich" WC="0.93" />
            <String ID="Textword_304" HPOS="944" VPOS="4021" HEIGHT="41" WIDTH="74" CONTENT="gefl." WC="0.90" />
            <String ID="Textword_305" HPOS="1043" VPOS="4020" HEIGHT="32" WIDTH="137" CONTENT="wenden" WC="0.96" />
            <String ID="Textword_306" HPOS="1206" VPOS="4028" HEIGHT="21" WIDTH="55" CONTENT="an:" WC="0.96" />
          </TextLine>
          <TextLine ID="TextLine_140" HPOS="512" VPOS="4077" HEIGHT="49" WIDTH="965">
            <String ID="Textword_307" HPOS="512" VPOS="4091" HEIGHT="32" WIDTH="97" CONTENT="Chr." WC="0.92" />
            <String ID="Textword_308" HPOS="634" VPOS="4088" HEIGHT="38" WIDTH="180" CONTENT="Necker," WC="0.91" />
            <String ID="Textword_309" HPOS="840" VPOS="4084" HEIGHT="34" WIDTH="360" CONTENT="Goldbrunnenstrasse" WC="0.88" />
            <String ID="Textword_310" HPOS="1226" VPOS="4083" HEIGHT="35" WIDTH="50" CONTENT="89," WC="0.96" />
            <String ID="Textword_311" HPOS="1303" VPOS="4077" HEIGHT="33" WIDTH="174" CONTENT="Zürich." WC="0.77" />
          </TextLine>
        </TextBlock>
        <TextBlock ID="TextBlock_104" HPOS="1703" VPOS="4177" HEIGHT="34" WIDTH="171">
          <TextLine ID="TextLine_141" HPOS="1703" VPOS="4177" HEIGHT="34" WIDTH="171">
            <String ID="Textword_312" HPOS="1703" VPOS="4177" HEIGHT="34" WIDTH="109" CONTENT="Schipfe" WC="0.92" />
            <String ID="Textword_313" HPOS="1832" VPOS="4177" HEIGHT="27" WIDTH="42" CONTENT="38." WC="0.77" />
          </TextLine>
        </TextBlock>
        <TextBlock ID="TextBlock_105" HPOS="341" VPOS="4209" HEIGHT="44" WIDTH="1139">
          <TextLine ID="TextLine_142" HPOS="341" VPOS="4209" HEIGHT="44" WIDTH="1139">
            <SP ID="Textword_72" HPOS="341" VPOS="4209" />
            <String ID="Textword_314" HPOS="341" VPOS="4209" HEIGHT="44" WIDTH="1139" CONTENT=" " WC="0.95" />
          </TextLine>
        </TextBlock>
        <TextBlock ID="TextBlock_106" HPOS="1526" VPOS="4011" HEIGHT="58" WIDTH="533">
          <TextLine ID="TextLine_143" HPOS="1526" VPOS="4011" HEIGHT="58" WIDTH="533">
            <String ID="Textword_315" HPOS="1526" VPOS="4011" HEIGHT="58" WIDTH="533" CONTENT="Druckarbeiten" WC="0.91" />
          </TextLine>
        </TextBlock>
        <TextBlock ID="TextBlock_107" HPOS="1511" VPOS="4088" HEIGHT="87" WIDTH="550">
          <TextLine ID="TextLine_144" HPOS="1590" VPOS="4088" HEIGHT="35" WIDTH="394">
            <String ID="Textword_316" HPOS="1590" VPOS="4092" HEIGHT="26" WIDTH="97" CONTENT="liefern" WC="0.93" />
            <String ID="Textword_317" HPOS="1706" VPOS="4092" HEIGHT="31" WIDTH="107" CONTENT="prompt" WC="0.96" />
            <String ID="Textword_318" HPOS="1831" VPOS="4088" HEIGHT="27" WIDTH="57" CONTENT="und" WC="0.93" />
            <String ID="Textword_319" HPOS="1906" VPOS="4088" HEIGHT="34" WIDTH="78" CONTENT="billig" WC="0.92" />
          </TextLine>
          <TextLine ID="TextLine_145" HPOS="1511" VPOS="4131" HEIGHT="44" WIDTH="550">
            <String ID="Textword_320" HPOS="1511" VPOS="4136" HEIGHT="39" WIDTH="118" CONTENT="Müller," WC="0.96" />
            <String ID="Textword_321" HPOS="1654" VPOS="4133" HEIGHT="35" WIDTH="129" CONTENT="Werder" WC="0.92" />
            <String ID="Textword_322" HPOS="1800" VPOS="4132" HEIGHT="34" WIDTH="28" CONTENT="&amp;" WC="0.92" />
            <String ID="Textword_323" HPOS="1851" VPOS="4132" HEIGHT="40" WIDTH="74" CONTENT="Cie," WC="0.68" />
            <String ID="Textword_324" HPOS="1951" VPOS="4131" HEIGHT="34" WIDTH="110" CONTENT="Zürich" WC="0.96" />
          </TextLine>
        </TextBlock>
        <TextBlock ID="TextBlock_108" HPOS="2098" VPOS="3982" HEIGHT="82" WIDTH="407">
          <TextLine ID="TextLine_146" HPOS="2098" VPOS="3982" HEIGHT="82" WIDTH="407">
            <String ID="Textword_325" HPOS="2098" VPOS="3985" HEIGHT="65" WIDTH="101" CONTENT="Die" WC="0.96" />
            <String ID="Textword_326" HPOS="2245" VPOS="3982" HEIGHT="82" WIDTH="260" CONTENT="Prüfung" WC="0.95" />
          </TextLine>
        </TextBlock>
        <TextBlock ID="TextBlock_109" HPOS="2279" VPOS="4064" HEIGHT="106" WIDTH="957">
          <TextLine ID="TextLine_147" HPOS="2279" VPOS="4064" HEIGHT="36" WIDTH="956">
            <String ID="Textword_327" HPOS="2279" VPOS="4068" HEIGHT="26" WIDTH="102" CONTENT="meiner" WC="0.95" />
            <String ID="Textword_328" HPOS="2406" VPOS="4067" HEIGHT="33" WIDTH="197" CONTENT="reichhaltigen" WC="0.93" />
            <String ID="Textword_329" HPOS="2623" VPOS="4066" HEIGHT="26" WIDTH="180" CONTENT="illustrierten" WC="0.92" />
            <String ID="Textword_330" HPOS="2822" VPOS="4065" HEIGHT="27" WIDTH="143" CONTENT="Preisliste" WC="0.96" />
            <String ID="Textword_331" HPOS="2984" VPOS="4064" HEIGHT="26" WIDTH="50" CONTENT="mit" WC="0.95" />
            <String ID="Textword_332" HPOS="3048" VPOS="4073" HEIGHT="17" WIDTH="40" CONTENT="ca." WC="0.94" />
            <String ID="Textword_333" HPOS="3107" VPOS="4064" HEIGHT="26" WIDTH="51" CONTENT="450" WC="0.93" />
            <String ID="Textword_334" HPOS="3179" VPOS="4072" HEIGHT="18" WIDTH="56" CONTENT="ver-" WC="0.93" />
          </TextLine>
          <TextLine ID="TextLine_148" HPOS="2281" VPOS="4100" HEIGHT="36" WIDTH="955">
            <String ID="Textword_335" HPOS="2281" VPOS="4104" HEIGHT="25" WIDTH="164" CONTENT="schiedenen" WC="0.96" />
            <String ID="Textword_336" HPOS="2465" VPOS="4103" HEIGHT="33" WIDTH="106" CONTENT="Sorten," WC="0.96" />
            <String ID="Textword_337" HPOS="2600" VPOS="4102" HEIGHT="26" WIDTH="43" CONTENT="die" WC="0.96" />
            <String ID="Textword_338" HPOS="2662" VPOS="4102" HEIGHT="25" WIDTH="43" CONTENT="ich" WC="0.96" />
            <String ID="Textword_339" HPOS="2725" VPOS="4110" HEIGHT="17" WIDTH="34" CONTENT="an" WC="0.96" />
            <String ID="Textword_340" HPOS="2775" VPOS="4101" HEIGHT="33" WIDTH="161" CONTENT="jedermann" WC="0.95" />
            <String ID="Textword_341" HPOS="2956" VPOS="4100" HEIGHT="34" WIDTH="87" CONTENT="gratis" WC="0.96" />
            <String ID="Textword_342" HPOS="3062" VPOS="4101" HEIGHT="25" WIDTH="58" CONTENT="und" WC="0.93" />
            <String ID="Textword_343" HPOS="3139" VPOS="4100" HEIGHT="26" WIDTH="97" CONTENT="franko" WC="0.92" />
          </TextLine>
          <TextLine ID="TextLine_149" HPOS="2280" VPOS="4135" HEIGHT="35" WIDTH="777">
            <String ID="Textword_344" HPOS="2280" VPOS="4139" HEIGHT="31" WIDTH="165" CONTENT="verschicke," WC="0.91" />
            <String ID="Textword_345" HPOS="2465" VPOS="4138" HEIGHT="26" WIDTH="68" CONTENT="wird" WC="0.96" />
            <String ID="Textword_346" HPOS="2553" VPOS="4138" HEIGHT="27" WIDTH="46" CONTENT="Sie" WC="0.95" />
            <String ID="Textword_347" HPOS="2620" VPOS="4138" HEIGHT="25" WIDTH="88" CONTENT="davon" WC="0.96" />
            <String ID="Textword_348" HPOS="2727" VPOS="4137" HEIGHT="32" WIDTH="183" CONTENT="überzeugen," WC="0.96" />
            <String ID="Textword_349" HPOS="2931" VPOS="4136" HEIGHT="25" WIDTH="62" CONTENT="dass" WC="0.95" />
            <String ID="Textword_350" HPOS="3014" VPOS="4135" HEIGHT="27" WIDTH="43" CONTENT="Sie" WC="0.96" />
          </TextLine>
        </TextBlock>
        <TextBlock ID="TextBlock_110" HPOS="3003" VPOS="4170" HEIGHT="50" WIDTH="233">
          <TextLine ID="TextLine_150" HPOS="3003" VPOS="4170" HEIGHT="50" WIDTH="233">
            <String ID="Textword_351" HPOS="3003" VPOS="4170" HEIGHT="50" WIDTH="233" CONTENT="Schuhe" WC="0.96" />
          </TextLine>
        </TextBlock>
        <TextBlock ID="TextBlock_111" HPOS="3243" VPOS="228" HEIGHT="3987" WIDTH="59">
          <TextLine ID="TextLine_151" HPOS="3243" VPOS="228" HEIGHT="3987" WIDTH="59">
            <SP ID="Textword_73" HPOS="3243" VPOS="228" />
            <String ID="Textword_352" HPOS="3243" VPOS="228" HEIGHT="3987" WIDTH="59" CONTENT=" " WC="0.95" />
          </TextLine>
        </TextBlock>
        <TextBlock ID="TextBlock_112" HPOS="3265" VPOS="4211" HEIGHT="2" WIDTH="24">
          <TextLine ID="TextLine_152" HPOS="3265" VPOS="4211" HEIGHT="2" WIDTH="24">
            <SP ID="Textword_74" HPOS="3265" VPOS="4211" />
            <String ID="Textword_353" HPOS="3265" VPOS="4211" HEIGHT="2" WIDTH="24" CONTENT=" " WC="0.95" />
          </TextLine>
        </TextBlock>
        <TextBlock ID="TextBlock_113" HPOS="1509" VPOS="4220" HEIGHT="11" WIDTH="556">
          <TextLine ID="TextLine_153" HPOS="1509" VPOS="4220" HEIGHT="11" WIDTH="556">
            <SP ID="Textword_75" HPOS="1509" VPOS="4220" />
            <String ID="Textword_354" HPOS="1509" VPOS="4220" HEIGHT="11" WIDTH="556" CONTENT=" " WC="0.95" />
          </TextLine>
        </TextBlock>
        <TextBlock ID="TextBlock_114" HPOS="341" VPOS="4259" HEIGHT="26" WIDTH="1141">
          <TextLine ID="TextLine_154" HPOS="341" VPOS="4259" HEIGHT="26" WIDTH="1141">
            <SP ID="Textword_76" HPOS="341" VPOS="4259" />
            <String ID="Textword_355" HPOS="341" VPOS="4259" HEIGHT="26" WIDTH="1141" CONTENT=" " WC="0.95" />
          </TextLine>
        </TextBlock>
        <TextBlock ID="TextBlock_115" HPOS="344" VPOS="4301" HEIGHT="92" WIDTH="1135">
          <TextLine ID="TextLine_155" HPOS="344" VPOS="4301" HEIGHT="92" WIDTH="1135">
            <String ID="Textword_356" HPOS="344" VPOS="4316" HEIGHT="66" WIDTH="185" CONTENT="Renfer" WC="0.90" />
            <String ID="Textword_357" HPOS="555" VPOS="4314" HEIGHT="65" WIDTH="54" CONTENT="&amp;" WC="0.90" />
            <String ID="Textword_358" HPOS="644" VPOS="4311" HEIGHT="82" WIDTH="116" CONTENT="Cie.," WC="0.89" />
            <String ID="Textword_359" HPOS="810" VPOS="4307" HEIGHT="83" WIDTH="150" CONTENT="A.-G.," WC="0.89" />
            <String ID="Textword_360" HPOS="1013" VPOS="4305" HEIGHT="83" WIDTH="252" CONTENT="Bözingen" WC="0.92" />
            <String ID="Textword_361" HPOS="1302" VPOS="4302" HEIGHT="64" WIDTH="45" CONTENT="b." WC="0.91" />
            <String ID="Textword_362" HPOS="1375" VPOS="4301" HEIGHT="65" WIDTH="104" CONTENT="Biel" WC="0.96" />
          </TextLine>
        </TextBlock>
        <TextBlock ID="TextBlock_116" HPOS="705" VPOS="4401" HEIGHT="47" WIDTH="421">
          <TextLine ID="TextLine_156" HPOS="705" VPOS="4401" HEIGHT="47" WIDTH="421">
            <String ID="Textword_363" HPOS="705" VPOS="4404" HEIGHT="44" WIDTH="183" CONTENT="Sägereien," WC="0.90" />
            <String ID="Textword_364" HPOS="914" VPOS="4401" HEIGHT="43" WIDTH="212" CONTENT="Parqueterie." WC="0.87" />
          </TextLine>
        </TextBlock>
        <TextBlock ID="TextBlock_117" HPOS="343" VPOS="4458" HEIGHT="216" WIDTH="1140">
          <TextLine ID="TextLine_157" HPOS="343" VPOS="4458" HEIGHT="68" WIDTH="1140">
            <String ID="Textword_365" HPOS="343" VPOS="4474" HEIGHT="52" WIDTH="182" CONTENT="Ausgedehntes" WC="0.92" />
            <String ID="Textword_366" HPOS="543" VPOS="4472" HEIGHT="50" WIDTH="78" CONTENT="Lager" WC="0.96" />
            <String ID="Textword_367" HPOS="640" VPOS="4472" HEIGHT="41" WIDTH="24" CONTENT="in" WC="0.96" />
            <String ID="Textword_368" HPOS="684" VPOS="4469" HEIGHT="44" WIDTH="62" CONTENT="allen" WC="0.96" />
            <String ID="Textword_369" HPOS="766" VPOS="4467" HEIGHT="44" WIDTH="134" CONTENT="Holzarten." WC="0.86" />
            <String ID="Textword_370" HPOS="928" VPOS="4465" HEIGHT="45" WIDTH="176" CONTENT="Schnittwaren" WC="0.77" />
            <String ID="Textword_371" HPOS="1123" VPOS="4463" HEIGHT="43" WIDTH="25" CONTENT="in" WC="0.93" />
            <String ID="Textword_372" HPOS="1167" VPOS="4462" HEIGHT="43" WIDTH="106" CONTENT="Tannen-" WC="0.92" />
            <String ID="Textword_373" HPOS="1293" VPOS="4460" HEIGHT="44" WIDTH="48" CONTENT="und" WC="0.92" />
            <String ID="Textword_374" HPOS="1360" VPOS="4459" HEIGHT="44" WIDTH="73" CONTENT="Harth" WC="0.77" />
            <String ID="Textword_375" HPOS="1443" VPOS="4458" HEIGHT="44" WIDTH="40" CONTENT="olz" WC="0.88" />
          </TextLine>
          <TextLine ID="TextLine_158" HPOS="626" VPOS="4525" HEIGHT="45" WIDTH="579">
            <String ID="Textword_376" HPOS="626" VPOS="4532" HEIGHT="34" WIDTH="142" CONTENT="Tannen-" WC="0.92" />
            <String ID="Textword_377" HPOS="794" VPOS="4529" HEIGHT="33" WIDTH="59" CONTENT="und" WC="0.93" />
            <String ID="Textword_378" HPOS="879" VPOS="4525" HEIGHT="45" WIDTH="326" CONTENT="Pitch-pine-Riemen." WC="0.87" />
          </TextLine>
          <TextLine ID="TextLine_159" HPOS="365" VPOS="4576" HEIGHT="55" WIDTH="1096">
            <String ID="Textword_379" HPOS="365" VPOS="4590" HEIGHT="41" WIDTH="215" CONTENT="Parquets" WC="0.91" />
            <String ID="Textword_380" HPOS="616" VPOS="4587" HEIGHT="32" WIDTH="47" CONTENT="in" WC="0.96" />
            <String ID="Textword_381" HPOS="694" VPOS="4584" HEIGHT="34" WIDTH="231" CONTENT="einfachen" WC="0.96" />
            <String ID="Textword_382" HPOS="957" VPOS="4581" HEIGHT="32" WIDTH="68" CONTENT="bis" WC="0.96" />
            <String ID="Textword_383" HPOS="1056" VPOS="4580" HEIGHT="32" WIDTH="189" CONTENT="feinsten" WC="0.96" />
            <String ID="Textword_384" HPOS="1272" VPOS="4576" HEIGHT="33" WIDTH="189" CONTENT="Dessins." WC="0.96" />
          </TextLine>
          <TextLine ID="TextLine_160" HPOS="700" VPOS="4633" HEIGHT="41" WIDTH="432">
            <String ID="Textword_385" HPOS="700" VPOS="4638" HEIGHT="34" WIDTH="118" CONTENT="Grosse" WC="0.93" />
            <String ID="Textword_386" HPOS="843" VPOS="4633" HEIGHT="41" WIDTH="289" CONTENT="Trockenanlagen." WC="0.91" />
          </TextLine>
        </TextBlock>
        <TextBlock ID="TextBlock_118" HPOS="1488" VPOS="3453" HEIGHT="1194" WIDTH="15">
          <TextLine ID="TextLine_161" HPOS="1488" VPOS="3453" HEIGHT="1194" WIDTH="15">
            <SP ID="Textword_77" HPOS="1488" VPOS="3453" />
            <String ID="Textword_387" HPOS="1488" VPOS="3453" HEIGHT="1194" WIDTH="15" CONTENT=" " WC="0.95" />
          </TextLine>
        </TextBlock>
        <TextBlock ID="TextBlock_119" HPOS="0" VPOS="4690" HEIGHT="285" WIDTH="1324">
          <TextLine ID="TextLine_162" HPOS="0" VPOS="4690" HEIGHT="285" WIDTH="1324">
            <SP ID="Textword_78" HPOS="0" VPOS="4690" />
            <String ID="Textword_388" HPOS="0" VPOS="4690" HEIGHT="285" WIDTH="1324" CONTENT=" " WC="0.95" />
          </TextLine>
        </TextBlock>
        <TextBlock ID="TextBlock_120" HPOS="1509" VPOS="4246" HEIGHT="206" WIDTH="556">
          <TextLine ID="TextLine_163" HPOS="1509" VPOS="4246" HEIGHT="59" WIDTH="556">
            <String ID="Textword_389" HPOS="1509" VPOS="4246" HEIGHT="59" WIDTH="556" CONTENT="GE" WC="0.32" />
          </TextLine>
          <TextLine ID="TextLine_164" HPOS="1561" VPOS="4381" HEIGHT="71" WIDTH="462">
            <String ID="Textword_390" HPOS="1561" VPOS="4381" HEIGHT="71" WIDTH="462" CONTENT="Arbeitgeber!" WC="0.90" />
          </TextLine>
        </TextBlock>
        <TextBlock ID="TextBlock_121" HPOS="1511" VPOS="4469" HEIGHT="82" WIDTH="553">
          <TextLine ID="TextLine_165" HPOS="1511" VPOS="4469" HEIGHT="36" WIDTH="553">
            <String ID="Textword_391" HPOS="1511" VPOS="4472" HEIGHT="33" WIDTH="242" CONTENT="Berücksichtigt" WC="0.92" />
            <String ID="Textword_392" HPOS="1763" VPOS="4471" HEIGHT="27" WIDTH="45" CONTENT="bei" WC="0.93" />
            <String ID="Textword_393" HPOS="1818" VPOS="4471" HEIGHT="26" WIDTH="103" CONTENT="Euern" WC="0.92" />
            <String ID="Textword_394" HPOS="1929" VPOS="4469" HEIGHT="27" WIDTH="135" CONTENT="Einkäu-" WC="0.92" />
          </TextLine>
          <TextLine ID="TextLine_166" HPOS="1512" VPOS="4513" HEIGHT="38" WIDTH="546">
            <String ID="Textword_395" HPOS="1512" VPOS="4518" HEIGHT="33" WIDTH="52" CONTENT="fen" WC="0.93" />
            <String ID="Textword_396" HPOS="1577" VPOS="4517" HEIGHT="27" WIDTH="48" CONTENT="die" WC="0.93" />
            <String ID="Textword_397" HPOS="1638" VPOS="4516" HEIGHT="28" WIDTH="176" CONTENT="Inserenten" WC="0.92" />
            <String ID="Textword_398" HPOS="1832" VPOS="4514" HEIGHT="27" WIDTH="97" CONTENT="dieses" WC="0.92" />
            <String ID="Textword_399" HPOS="1942" VPOS="4513" HEIGHT="27" WIDTH="116" CONTENT="Blattes" WC="0.88" />
          </TextLine>
        </TextBlock>
        <TextBlock ID="TextBlock_122" HPOS="2279" VPOS="4232" HEIGHT="177" WIDTH="958">
          <TextLine ID="TextLine_167" HPOS="2279" VPOS="4232" HEIGHT="39" WIDTH="958">
            <String ID="Textword_400" HPOS="2279" VPOS="4236" HEIGHT="35" WIDTH="129" CONTENT="nirgends" WC="0.94" />
            <String ID="Textword_401" HPOS="2437" VPOS="4244" HEIGHT="18" WIDTH="29" CONTENT="so" WC="0.94" />
            <String ID="Textword_402" HPOS="2493" VPOS="4236" HEIGHT="32" WIDTH="141" CONTENT="preiswert" WC="0.96" />
            <String ID="Textword_403" HPOS="2661" VPOS="4235" HEIGHT="26" WIDTH="54" CONTENT="und" WC="0.96" />
            <String ID="Textword_404" HPOS="2744" VPOS="4236" HEIGHT="32" WIDTH="51" CONTENT="gut" WC="0.96" />
            <String ID="Textword_405" HPOS="2824" VPOS="4232" HEIGHT="27" WIDTH="102" CONTENT="kaufen" WC="0.96" />
            <String ID="Textword_406" HPOS="2954" VPOS="4233" HEIGHT="26" WIDTH="40" CONTENT="als" WC="0.96" />
            <String ID="Textword_407" HPOS="3022" VPOS="4233" HEIGHT="26" WIDTH="43" CONTENT="bei" WC="0.95" />
            <String ID="Textword_408" HPOS="3093" VPOS="4232" HEIGHT="27" WIDTH="59" CONTENT="mir." WC="0.95" />
            <String ID="Textword_409" HPOS="3190" VPOS="4232" HEIGHT="27" WIDTH="47" CONTENT="Sie" WC="0.95" />
          </TextLine>
          <TextLine ID="TextLine_168" HPOS="2280" VPOS="4266" HEIGHT="38" WIDTH="957">
            <String ID="Textword_410" HPOS="2280" VPOS="4273" HEIGHT="25" WIDTH="121" CONTENT="erhalten" WC="0.95" />
            <String ID="Textword_411" HPOS="2429" VPOS="4279" HEIGHT="19" WIDTH="35" CONTENT="zu" WC="0.95" />
            <String ID="Textword_412" HPOS="2490" VPOS="4271" HEIGHT="33" WIDTH="148" CONTENT="niedrigem" WC="0.96" />
            <String ID="Textword_413" HPOS="2658" VPOS="4270" HEIGHT="26" WIDTH="93" CONTENT="Preise" WC="0.96" />
            <String ID="Textword_414" HPOS="2777" VPOS="4269" HEIGHT="26" WIDTH="79" CONTENT="einen" WC="0.95" />
            <String ID="Textword_415" HPOS="2881" VPOS="4269" HEIGHT="26" WIDTH="116" CONTENT="tadellos" WC="0.96" />
            <String ID="Textword_416" HPOS="3020" VPOS="4268" HEIGHT="27" WIDTH="143" CONTENT="sitzenden" WC="0.96" />
            <String ID="Textword_417" HPOS="3182" VPOS="4266" HEIGHT="28" WIDTH="55" CONTENT="und" WC="0.96" />
          </TextLine>
          <TextLine ID="TextLine_169" HPOS="2280" VPOS="4304" HEIGHT="38" WIDTH="887">
            <String ID="Textword_418" HPOS="2280" VPOS="4307" HEIGHT="35" WIDTH="156" CONTENT="garantiert" WC="0.95" />
            <String ID="Textword_419" HPOS="2456" VPOS="4307" HEIGHT="26" WIDTH="105" CONTENT="soliden" WC="0.95" />
            <String ID="Textword_420" HPOS="2581" VPOS="4306" HEIGHT="32" WIDTH="101" CONTENT="Schuh," WC="0.96" />
            <String ID="Textword_421" HPOS="2701" VPOS="4313" HEIGHT="25" WIDTH="71" CONTENT="ganz" WC="0.96" />
            <String ID="Textword_422" HPOS="2792" VPOS="4304" HEIGHT="26" WIDTH="70" CONTENT="nach" WC="0.96" />
            <String ID="Textword_423" HPOS="2881" VPOS="4304" HEIGHT="26" WIDTH="83" CONTENT="Ihren" WC="0.92" />
            <String ID="Textword_424" HPOS="2984" VPOS="4305" HEIGHT="32" WIDTH="183" CONTENT="ensprüchen." WC="0.78" />
          </TextLine>
          <TextLine ID="TextLine_170" HPOS="2334" VPOS="4339" HEIGHT="35" WIDTH="698">
            <String ID="Textword_425" HPOS="2334" VPOS="4342" HEIGHT="26" WIDTH="193" CONTENT="Nachstehend" WC="0.96" />
            <String ID="Textword_426" HPOS="2547" VPOS="4342" HEIGHT="26" WIDTH="42" CONTENT="ein" WC="0.96" />
            <String ID="Textword_427" HPOS="2610" VPOS="4341" HEIGHT="33" WIDTH="115" CONTENT="Auszug" WC="0.96" />
            <String ID="Textword_428" HPOS="2745" VPOS="4348" HEIGHT="18" WIDTH="48" CONTENT="aus" WC="0.96" />
            <String ID="Textword_429" HPOS="2814" VPOS="4340" HEIGHT="25" WIDTH="47" CONTENT="der" WC="0.93" />
            <String ID="Textword_430" HPOS="2879" VPOS="4339" HEIGHT="27" WIDTH="136" CONTENT="Preislist." WC="0.90" />
            <String ID="Textword_431" HPOS="3027" VPOS="4348" HEIGHT="17" WIDTH="5" CONTENT=":" WC="0.90" />
          </TextLine>
          <TextLine ID="TextLine_171" HPOS="2282" VPOS="4372" HEIGHT="37" WIDTH="954">
            <String ID="Textword_432" HPOS="2282" VPOS="4378" HEIGHT="26" WIDTH="217" CONTENT="Arbeitsschuhe" WC="0.92" />
            <String ID="Textword_433" HPOS="2512" VPOS="4377" HEIGHT="26" WIDTH="45" CONTENT="für" WC="0.96" />
            <String ID="Textword_434" HPOS="2571" VPOS="4377" HEIGHT="30" WIDTH="121" CONTENT="Männer," WC="0.96" />
            <String ID="Textword_435" HPOS="2707" VPOS="4375" HEIGHT="26" WIDTH="70" CONTENT="solid" WC="0.93" />
            <String ID="Textword_436" HPOS="2791" VPOS="4375" HEIGHT="33" WIDTH="165" CONTENT="beschlagen" WC="0.91" />
            <String ID="Textword_437" HPOS="2970" VPOS="4376" HEIGHT="25" WIDTH="39" CONTENT="Nr" WC="0.94" />
            <String ID="Textword_438" HPOS="3019" VPOS="4375" HEIGHT="34" WIDTH="82" CONTENT="40/48" WC="0.94" />
            <String ID="Textword_439" HPOS="3121" VPOS="4374" HEIGHT="27" WIDTH="45" CONTENT="Fr." WC="0.95" />
            <String ID="Textword_440" HPOS="3178" VPOS="4372" HEIGHT="28" WIDTH="58" CONTENT="7.80" WC="0.95" />
          </TextLine>
        </TextBlock>
        <TextBlock ID="TextBlock_123" HPOS="3220" VPOS="4213" HEIGHT="762" WIDTH="93">
          <TextLine ID="TextLine_172" HPOS="3265" VPOS="4213" HEIGHT="110" WIDTH="24">
            <SP ID="Textword_79" HPOS="3265" VPOS="4213" />
            <String ID="Textword_441" HPOS="3265" VPOS="4213" HEIGHT="110" WIDTH="24" CONTENT="  " WC="0.95" />
          </TextLine>
          <TextLine ID="TextLine_173" HPOS="3264" VPOS="4323" HEIGHT="126" WIDTH="25">
            <SP ID="Textword_80" HPOS="3264" VPOS="4323" />
            <String ID="Textword_442" HPOS="3264" VPOS="4323" HEIGHT="126" WIDTH="25" CONTENT="   " WC="0.95" />
          </TextLine>
          <TextLine ID="TextLine_174" HPOS="3220" VPOS="4593" HEIGHT="382" WIDTH="93">
            <SP ID="Textword_81" HPOS="3220" VPOS="4593" />
            <String ID="Textword_443" HPOS="3220" VPOS="4593" HEIGHT="382" WIDTH="93" CONTENT="  " WC="0.95" />
          </TextLine>
        </TextBlock>
        <TextBlock ID="TextBlock_124" HPOS="2281" VPOS="4410" HEIGHT="176" WIDTH="956">
          <TextLine ID="TextLine_175" HPOS="2281" VPOS="4410" HEIGHT="36" WIDTH="955">
            <String ID="Textword_444" HPOS="2281" VPOS="4414" HEIGHT="32" WIDTH="242" CONTENT="Herrenbottinen," WC="0.92" />
            <String ID="Textword_445" HPOS="2542" VPOS="4413" HEIGHT="32" WIDTH="78" CONTENT="hohe," WC="0.95" />
            <String ID="Textword_446" HPOS="2640" VPOS="4411" HEIGHT="33" WIDTH="107" CONTENT="Haken," WC="0.93" />
            <String ID="Textword_447" HPOS="2765" VPOS="4410" HEIGHT="35" WIDTH="167" CONTENT="beschlagen" WC="0.91" />
            <String ID="Textword_448" HPOS="2980" VPOS="4431" HEIGHT="13" WIDTH="13" CONTENT="„" WC="0.91" />
            <String ID="Textword_449" HPOS="3022" VPOS="4411" HEIGHT="32" WIDTH="82" CONTENT="40/48" WC="0.92" />
            <String ID="Textword_450" HPOS="3137" VPOS="4430" HEIGHT="14" WIDTH="13" CONTENT="„" WC="0.81" />
            <String ID="Textword_451" HPOS="3178" VPOS="4410" HEIGHT="26" WIDTH="58" CONTENT="9.—" WC="0.86" />
          </TextLine>
          <TextLine ID="TextLine_176" HPOS="2282" VPOS="4443" HEIGHT="39" WIDTH="954">
            <String ID="Textword_452" HPOS="2282" VPOS="4448" HEIGHT="34" WIDTH="353" CONTENT="Herrensonntagsschuhe," WC="0.89" />
            <String ID="Textword_453" HPOS="2655" VPOS="4446" HEIGHT="33" WIDTH="170" CONTENT="Spitzkappe" WC="0.91" />
            <String ID="Textword_454" HPOS="2848" VPOS="4466" HEIGHT="6" WIDTH="5" CONTENT="." WC="0.89" />
            <String ID="Textword_455" HPOS="2984" VPOS="4467" HEIGHT="13" WIDTH="13" CONTENT="»" WC="0.93" />
            <String ID="Textword_456" HPOS="3018" VPOS="4446" HEIGHT="32" WIDTH="82" CONTENT="40/48" WC="0.93" />
            <String ID="Textword_457" HPOS="3134" VPOS="4465" HEIGHT="14" WIDTH="13" CONTENT="," WC="0.91" />
            <String ID="Textword_458" HPOS="3178" VPOS="4443" HEIGHT="28" WIDTH="58" CONTENT="9.50" WC="0.96" />
          </TextLine>
          <TextLine ID="TextLine_177" HPOS="2282" VPOS="4477" HEIGHT="40" WIDTH="955">
            <String ID="Textword_459" HPOS="2282" VPOS="4483" HEIGHT="34" WIDTH="352" CONTENT="Frauensonntagsschuhe," WC="0.91" />
            <String ID="Textword_460" HPOS="2654" VPOS="4482" HEIGHT="33" WIDTH="166" CONTENT="Spitzkappe" WC="0.89" />
            <String ID="Textword_461" HPOS="2846" VPOS="4503" HEIGHT="5" WIDTH="6" CONTENT="." WC="0.90" />
            <String ID="Textword_462" HPOS="2890" VPOS="4501" HEIGHT="6" WIDTH="6" CONTENT="." WC="0.88" />
            <String ID="Textword_463" HPOS="2934" VPOS="4502" HEIGHT="6" WIDTH="5" CONTENT="." WC="0.83" />
            <String ID="Textword_464" HPOS="2979" VPOS="4502" HEIGHT="13" WIDTH="13" CONTENT="„" WC="0.87" />
            <String ID="Textword_465" HPOS="3021" VPOS="4481" HEIGHT="34" WIDTH="81" CONTENT="36/42" WC="0.92" />
            <String ID="Textword_466" HPOS="3136" VPOS="4501" HEIGHT="14" WIDTH="13" CONTENT="„" WC="0.90" />
            <String ID="Textword_467" HPOS="3179" VPOS="4477" HEIGHT="29" WIDTH="58" CONTENT="7.30" WC="0.86" />
          </TextLine>
          <TextLine ID="TextLine_178" HPOS="2282" VPOS="4513" HEIGHT="39" WIDTH="955">
            <String ID="Textword_468" HPOS="2282" VPOS="4518" HEIGHT="34" WIDTH="359" CONTENT="Frauenwerktagsschuhe," WC="0.91" />
            <String ID="Textword_469" HPOS="2661" VPOS="4517" HEIGHT="26" WIDTH="68" CONTENT="solid" WC="0.93" />
            <String ID="Textword_470" HPOS="2748" VPOS="4517" HEIGHT="34" WIDTH="166" CONTENT="beschlagen" WC="0.92" />
            <String ID="Textword_471" HPOS="2933" VPOS="4537" HEIGHT="7" WIDTH="6" CONTENT="." WC="0.88" />
            <String ID="Textword_472" HPOS="2979" VPOS="4537" HEIGHT="14" WIDTH="13" CONTENT="„" WC="0.87" />
            <String ID="Textword_473" HPOS="3021" VPOS="4516" HEIGHT="35" WIDTH="82" CONTENT="35/42" WC="0.92" />
            <String ID="Textword_474" HPOS="3136" VPOS="4537" HEIGHT="13" WIDTH="13" CONTENT="„" WC="0.88" />
            <String ID="Textword_475" HPOS="3179" VPOS="4513" HEIGHT="29" WIDTH="58" CONTENT="6.50" WC="0.90" />
          </TextLine>
          <TextLine ID="TextLine_179" HPOS="2282" VPOS="4548" HEIGHT="38" WIDTH="955">
            <String ID="Textword_476" HPOS="2282" VPOS="4556" HEIGHT="26" WIDTH="126" CONTENT="Knaben-" WC="0.89" />
            <String ID="Textword_477" HPOS="2429" VPOS="4555" HEIGHT="26" WIDTH="56" CONTENT="und" WC="0.93" />
            <String ID="Textword_478" HPOS="2504" VPOS="4553" HEIGHT="27" WIDTH="220" CONTENT="Tächterschuhe" WC="0.48" />
            <String ID="Textword_479" HPOS="2755" VPOS="4573" HEIGHT="6" WIDTH="6" CONTENT="." WC="0.88" />
            <String ID="Textword_480" HPOS="2799" VPOS="4573" HEIGHT="7" WIDTH="7" CONTENT="." WC="0.85" />
            <String ID="Textword_481" HPOS="2844" VPOS="4573" HEIGHT="6" WIDTH="6" CONTENT="." WC="0.89" />
            <String ID="Textword_482" HPOS="2888" VPOS="4573" HEIGHT="6" WIDTH="6" CONTENT="." WC="0.89" />
            <String ID="Textword_483" HPOS="2933" VPOS="4572" HEIGHT="7" WIDTH="6" CONTENT="." WC="0.30" />
            <String ID="Textword_484" HPOS="2977" VPOS="4573" HEIGHT="13" WIDTH="14" CONTENT="»" WC="0.92" />
            <String ID="Textword_485" HPOS="3021" VPOS="4552" HEIGHT="34" WIDTH="82" CONTENT="23/29" WC="0.92" />
            <String ID="Textword_486" HPOS="3136" VPOS="4572" HEIGHT="14" WIDTH="13" CONTENT="," WC="0.74" />
            <String ID="Textword_487" HPOS="3178" VPOS="4548" HEIGHT="30" WIDTH="59" CONTENT="4,30" WC="0.75" />
          </TextLine>
        </TextBlock>
        <TextBlock ID="TextBlock_125" HPOS="2069" VPOS="3126" HEIGHT="1538" WIDTH="20">
          <TextLine ID="TextLine_180" HPOS="2069" VPOS="3126" HEIGHT="1538" WIDTH="20">
            <SP ID="Textword_82" HPOS="2069" VPOS="3126" />
            <String ID="Textword_488" HPOS="2069" VPOS="3126" HEIGHT="1538" WIDTH="20" CONTENT=" " WC="0.95" />
          </TextLine>
        </TextBlock>
        <TextBlock ID="TextBlock_126" HPOS="2103" VPOS="4597" HEIGHT="63" WIDTH="1133">
          <TextLine ID="TextLine_181" HPOS="2103" VPOS="4597" HEIGHT="63" WIDTH="1133">
            <String ID="Textword_489" HPOS="2103" VPOS="4597" HEIGHT="63" WIDTH="859" CONTENT="H.Brühlmann-Huggenberger," WC="0.82" />
            <String ID="Textword_490" HPOS="2966" VPOS="4600" HEIGHT="42" WIDTH="270" CONTENT="Winterthur" WC="0.91" />
          </TextLine>
        </TextBlock>
      </PrintSpace>
    </Page>
  </Layout>
</alto>
