<?xml version="1.0" encoding="UTF-8"?>
<alto xmlns="http://www.loc.gov/standards/alto/ns-v2#" xmlns:xsi="http://www.w3.org/2001/XMLSchema-instance" xsi:schemaLocation="http://www.loc.gov/standards/alto/ns-v2# http://www.loc.gov/standards/alto/alto.xsd">
  <Description>
    <MeasurementUnit>pixel</MeasurementUnit>
    <sourceImageInformation />
    <OCRProcessing ID="OCR_1">
      <preProcessingStep>
        <processingDateTime>2019-05-08T04:17:16</processingDateTime>
        <processingAgency>intranda GmbH, www.intranda.com</processingAgency>
        <processingSoftware>
          <softwareCreator>intranda GmbH, Germany</softwareCreator>
          <softwareName>intranda OCR Module for TaskManager</softwareName>
          <softwareVersion>1.0r42</softwareVersion>
        </processingSoftware>
      </preProcessingStep>
      <ocrProcessingStep>
        <processingSoftware>
          <softwareCreator>Tesseract contributors</softwareCreator>
          <softwareName>Tesseract Open Source OCR Engine</softwareName>
          <softwareVersion>4.0.0-beta.1-270-g5a56</softwareVersion>
        </processingSoftware>
      </ocrProcessingStep>
    </OCRProcessing>
  </Description>
  <Layout>
    <Page ID="PAGE_1" HEIGHT="3297" WIDTH="993" PHYSICAL_IMG_NR="1">
      <PrintSpace ID="PrintSpace_1" HPOS="0" VPOS="0" HEIGHT="3297" WIDTH="993">
        <TextBlock ID="TextBlock_1" HPOS="870" VPOS="321" HEIGHT="27" WIDTH="100">
          <TextLine ID="TextLine_1" HPOS="870" VPOS="321" HEIGHT="27" WIDTH="100">
            <String ID="Textword_1" HPOS="870" VPOS="321" HEIGHT="27" WIDTH="46" CONTENT="Nr." WC="0.95" />
            <String ID="Textword_2" HPOS="937" VPOS="323" HEIGHT="25" WIDTH="33" CONTENT="34" WC="0.96" />
          </TextLine>
        </TextBlock>
        <TextBlock ID="TextBlock_2" HPOS="38" VPOS="353" HEIGHT="18" WIDTH="917">
          <TextLine ID="TextLine_2" HPOS="38" VPOS="353" HEIGHT="18" WIDTH="917">
            <SP ID="Textword_1" HPOS="38" VPOS="353" />
            <String ID="Textword_3" HPOS="38" VPOS="353" HEIGHT="18" WIDTH="917" CONTENT=" " WC="0.95" />
          </TextLine>
        </TextBlock>
        <TextBlock ID="TextBlock_3" HPOS="35" VPOS="428" HEIGHT="17" WIDTH="956">
          <TextLine ID="TextLine_3" HPOS="35" VPOS="428" HEIGHT="17" WIDTH="956">
            <SP ID="Textword_2" HPOS="35" VPOS="428" />
            <String ID="Textword_4" HPOS="35" VPOS="428" HEIGHT="17" WIDTH="956" CONTENT=" " WC="0.95" />
          </TextLine>
        </TextBlock>
        <TextBlock ID="TextBlock_4" HPOS="50" VPOS="439" HEIGHT="213" WIDTH="943">
          <TextLine ID="TextLine_4" HPOS="50" VPOS="439" HEIGHT="71" WIDTH="943">
            <String ID="Textword_5" HPOS="50" VPOS="452" HEIGHT="48" WIDTH="247" CONTENT="NSTER" WC="0.91" />
            <String ID="Textword_6" HPOS="343" VPOS="463" HEIGHT="38" WIDTH="35" CONTENT="z" WC="0.81" />
            <String ID="Textword_7" HPOS="403" VPOS="439" HEIGHT="71" WIDTH="590" CONTENT="TÜRENFABRIK_" WC="0.53" />
          </TextLine>
          <TextLine ID="TextLine_5" HPOS="380" VPOS="569" HEIGHT="83" WIDTH="226">
            <String ID="Textword_8" HPOS="380" VPOS="569" HEIGHT="83" WIDTH="226" CONTENT="PR" WC="0.36" />
          </TextLine>
        </TextBlock>
        <TextBlock ID="TextBlock_5" HPOS="240" VPOS="705" HEIGHT="230" WIDTH="727">
          <TextLine ID="TextLine_6" HPOS="240" VPOS="705" HEIGHT="87" WIDTH="565">
            <String ID="Textword_9" HPOS="240" VPOS="705" HEIGHT="87" WIDTH="565" CONTENT="a3" WC="0.45" />
          </TextLine>
          <TextLine ID="TextLine_7" HPOS="323" VPOS="724" HEIGHT="211" WIDTH="644">
            <String ID="Textword_10" HPOS="323" VPOS="756" HEIGHT="179" WIDTH="223" CONTENT="ich?" WC="0.00" />
            <String ID="Textword_11" HPOS="530" VPOS="724" HEIGHT="207" WIDTH="437" CONTENT="5e" WC="0.68" />
          </TextLine>
        </TextBlock>
        <TextBlock ID="TextBlock_6" HPOS="93" VPOS="949" HEIGHT="102" WIDTH="900">
          <TextLine ID="TextLine_8" HPOS="93" VPOS="949" HEIGHT="102" WIDTH="900">
            <String ID="Textword_12" HPOS="93" VPOS="956" HEIGHT="69" WIDTH="333" CONTENT="AWIiL" WC="0.40" />
            <String ID="Textword_13" HPOS="449" VPOS="949" HEIGHT="102" WIDTH="544" CONTENT="=-ZURIEH_" WC="0.66" />
          </TextLine>
        </TextBlock>
        <TextBlock ID="TextBlock_7" HPOS="38" VPOS="516" HEIGHT="10" WIDTH="508">
          <TextLine ID="TextLine_9" HPOS="38" VPOS="516" HEIGHT="10" WIDTH="508">
            <SP ID="Textword_3" HPOS="38" VPOS="516" />
            <String ID="Textword_14" HPOS="38" VPOS="516" HEIGHT="10" WIDTH="508" CONTENT=" " WC="0.95" />
          </TextLine>
        </TextBlock>
        <TextBlock ID="TextBlock_8" HPOS="308" VPOS="636" HEIGHT="110" WIDTH="5">
          <TextLine ID="TextLine_10" HPOS="308" VPOS="636" HEIGHT="110" WIDTH="5">
            <SP ID="Textword_4" HPOS="308" VPOS="636" />
            <String ID="Textword_15" HPOS="308" VPOS="636" HEIGHT="110" WIDTH="5" CONTENT=" " WC="0.95" />
          </TextLine>
        </TextBlock>
        <TextBlock ID="TextBlock_9" HPOS="206" VPOS="648" HEIGHT="118" WIDTH="8">
          <TextLine ID="TextLine_11" HPOS="206" VPOS="648" HEIGHT="118" WIDTH="8">
            <SP ID="Textword_5" HPOS="206" VPOS="648" />
            <String ID="Textword_16" HPOS="206" VPOS="648" HEIGHT="118" WIDTH="8" CONTENT=" " WC="0.95" />
          </TextLine>
        </TextBlock>
        <TextBlock ID="TextBlock_10" HPOS="206" VPOS="744" HEIGHT="2" WIDTH="106">
          <TextLine ID="TextLine_12" HPOS="206" VPOS="744" HEIGHT="2" WIDTH="106">
            <SP ID="Textword_6" HPOS="206" VPOS="744" />
            <String ID="Textword_17" HPOS="206" VPOS="744" HEIGHT="2" WIDTH="106" CONTENT=" " WC="0.95" />
          </TextLine>
        </TextBlock>
        <TextBlock ID="TextBlock_11" HPOS="551" VPOS="896" HEIGHT="36" WIDTH="404">
          <TextLine ID="TextLine_13" HPOS="551" VPOS="896" HEIGHT="36" WIDTH="404">
            <SP ID="Textword_7" HPOS="551" VPOS="896" />
            <String ID="Textword_18" HPOS="551" VPOS="896" HEIGHT="36" WIDTH="404" CONTENT=" " WC="0.95" />
          </TextLine>
        </TextBlock>
        <TextBlock ID="TextBlock_12" HPOS="25" VPOS="1033" HEIGHT="16" WIDTH="966">
          <TextLine ID="TextLine_14" HPOS="25" VPOS="1033" HEIGHT="16" WIDTH="966">
            <SP ID="Textword_8" HPOS="25" VPOS="1033" />
            <String ID="Textword_19" HPOS="25" VPOS="1033" HEIGHT="16" WIDTH="966" CONTENT=" " WC="0.95" />
          </TextLine>
        </TextBlock>
        <TextBlock ID="TextBlock_13" HPOS="24" VPOS="1072" HEIGHT="18" WIDTH="967">
          <TextLine ID="TextLine_15" HPOS="24" VPOS="1072" HEIGHT="18" WIDTH="967">
            <SP ID="Textword_9" HPOS="24" VPOS="1072" />
            <String ID="Textword_20" HPOS="24" VPOS="1072" HEIGHT="18" WIDTH="967" CONTENT=" " WC="0.95" />
          </TextLine>
        </TextBlock>
        <TextBlock ID="TextBlock_14" HPOS="23" VPOS="1110" HEIGHT="24" WIDTH="968">
          <TextLine ID="TextLine_16" HPOS="23" VPOS="1110" HEIGHT="24" WIDTH="968">
            <SP ID="Textword_10" HPOS="23" VPOS="1110" />
            <String ID="Textword_21" HPOS="23" VPOS="1110" HEIGHT="24" WIDTH="968" CONTENT=" " WC="0.95" />
          </TextLine>
        </TextBlock>
        <TextBlock ID="TextBlock_15" HPOS="36" VPOS="1107" HEIGHT="364" WIDTH="957">
          <TextLine ID="TextLine_17" HPOS="253" VPOS="1107" HEIGHT="64" WIDTH="740">
            <String ID="Textword_22" HPOS="253" VPOS="1107" HEIGHT="61" WIDTH="396" CONTENT="ner" WC="0.17" />
            <String ID="Textword_23" HPOS="896" VPOS="1131" HEIGHT="40" WIDTH="97" CONTENT="UN" WC="0.00" />
          </TextLine>
          <TextLine ID="TextLine_18" HPOS="36" VPOS="1146" HEIGHT="97" WIDTH="874">
            <String ID="Textword_24" HPOS="36" VPOS="1166" HEIGHT="64" WIDTH="37" CONTENT="e" WC="0.93" />
            <String ID="Textword_25" HPOS="143" VPOS="1146" HEIGHT="97" WIDTH="767" CONTENT="Präzisionszieherei" WC="0.91" />
          </TextLine>
          <TextLine ID="TextLine_19" HPOS="51" VPOS="1280" HEIGHT="67" WIDTH="790">
            <String ID="Textword_26" HPOS="51" VPOS="1280" HEIGHT="50" WIDTH="278" CONTENT="ONTANDON" WC="0.91" />
            <String ID="Textword_27" HPOS="366" VPOS="1284" HEIGHT="47" WIDTH="38" CONTENT="&amp;" WC="0.93" />
            <String ID="Textword_28" HPOS="439" VPOS="1286" HEIGHT="47" WIDTH="74" CONTENT="C!E" WC="0.82" />
            <String ID="Textword_29" HPOS="546" VPOS="1289" HEIGHT="46" WIDTH="42" CONTENT="A" WC="0.39" />
            <String ID="Textword_30" HPOS="594" VPOS="1288" HEIGHT="59" WIDTH="91" CONTENT="-G.," WC="0.39" />
            <String ID="Textword_31" HPOS="725" VPOS="1292" HEIGHT="46" WIDTH="116" CONTENT="BIEL" WC="0.95" />
          </TextLine>
          <TextLine ID="TextLine_20" HPOS="132" VPOS="1364" HEIGHT="107" WIDTH="861">
            <String ID="Textword_32" HPOS="132" VPOS="1364" HEIGHT="45" WIDTH="43" CONTENT="@" WC="0.90" />
            <String ID="Textword_33" HPOS="261" VPOS="1365" HEIGHT="35" WIDTH="88" CONTENT=" liefert" WC="0.67" />
            <String ID="Textword_34" HPOS="369" VPOS="1373" HEIGHT="28" WIDTH="42" CONTENT="als" WC="0.93" />
            <String ID="Textword_35" HPOS="431" VPOS="1374" HEIGHT="35" WIDTH="160" CONTENT="Spezialitit" WC="0.74" />
            <String ID="Textword_36" HPOS="681" VPOS="1374" HEIGHT="50" WIDTH="269" CONTENT="@" WC="0.27" />
            <String ID="Textword_37" HPOS="951" VPOS="1366" HEIGHT="105" WIDTH="42" CONTENT="4" WC="0.96" />
          </TextLine>
        </TextBlock>
        <TextBlock ID="TextBlock_16" HPOS="100" VPOS="1440" HEIGHT="46" WIDTH="666">
          <TextLine ID="TextLine_21" HPOS="100" VPOS="1440" HEIGHT="46" WIDTH="666">
            <String ID="Textword_38" HPOS="100" VPOS="1440" HEIGHT="35" WIDTH="131" CONTENT="blank" WC="0.93" />
            <String ID="Textword_39" HPOS="256" VPOS="1452" HEIGHT="34" WIDTH="233" CONTENT="gezogenes" WC="0.90" />
            <String ID="Textword_40" HPOS="514" VPOS="1447" HEIGHT="38" WIDTH="252" CONTENT="Profileiseu" WC="0.87" />
          </TextLine>
        </TextBlock>
        <TextBlock ID="TextBlock_17" HPOS="41" VPOS="1590" HEIGHT="104" WIDTH="929">
          <TextLine ID="TextLine_22" HPOS="46" VPOS="1590" HEIGHT="46" WIDTH="924">
            <String ID="Textword_41" HPOS="46" VPOS="1590" HEIGHT="35" WIDTH="305" CONTENT="komprimierte" WC="0.39" />
            <String ID="Textword_42" HPOS="370" VPOS="1596" HEIGHT="30" WIDTH="149" CONTENT="blanke" WC="0.96" />
            <String ID="Textword_43" HPOS="537" VPOS="1599" HEIGHT="37" WIDTH="272" CONTENT="Stahlwellen," WC="0.91" />
            <String ID="Textword_44" HPOS="943" VPOS="1604" HEIGHT="19" WIDTH="27" CONTENT="N" WC="0.94" />
          </TextLine>
          <TextLine ID="TextLine_23" HPOS="41" VPOS="1653" HEIGHT="41" WIDTH="768">
            <String ID="Textword_45" HPOS="41" VPOS="1653" HEIGHT="35" WIDTH="242" CONTENT="abgedrehte" WC="0.90" />
            <String ID="Textword_46" HPOS="324" VPOS="1658" HEIGHT="33" WIDTH="172" CONTENT="polierte" WC="0.91" />
            <String ID="Textword_47" HPOS="534" VPOS="1661" HEIGHT="33" WIDTH="275" CONTENT="Stahlwellen." WC="0.90" />
          </TextLine>
        </TextBlock>
        <TextBlock ID="TextBlock_18" HPOS="12" VPOS="1695" HEIGHT="139" WIDTH="963">
          <TextLine ID="TextLine_24" HPOS="12" VPOS="1695" HEIGHT="139" WIDTH="963">
            <String ID="Textword_48" HPOS="12" VPOS="1773" HEIGHT="8" WIDTH="88" CONTENT="=" WC="0.17" />
            <String ID="Textword_49" HPOS="138" VPOS="1754" HEIGHT="26" WIDTH="57" CONTENT="Mon" WC="0.61" />
            <String ID="Textword_50" HPOS="216" VPOS="1755" HEIGHT="36" WIDTH="109" CONTENT="vringe" WC="0.32" />
            <String ID="Textword_51" HPOS="329" VPOS="1731" HEIGHT="103" WIDTH="171" CONTENT="fo" WC="0.00" />
            <String ID="Textword_52" HPOS="493" VPOS="1758" HEIGHT="35" WIDTH="108" CONTENT="Spezia" WC="0.14" />
            <String ID="Textword_53" HPOS="603" VPOS="1761" HEIGHT="31" WIDTH="229" CONTENT="Preisconranto" WC="0.24" />
            <String ID="Textword_54" HPOS="941" VPOS="1695" HEIGHT="137" WIDTH="34" CONTENT="\" WC="0.89" />
          </TextLine>
        </TextBlock>
        <TextBlock ID="TextBlock_19" HPOS="12" VPOS="1510" HEIGHT="83" WIDTH="961">
          <TextLine ID="TextLine_25" HPOS="12" VPOS="1510" HEIGHT="83" WIDTH="961">
            <String ID="Textword_55" HPOS="12" VPOS="1533" HEIGHT="27" WIDTH="27" CONTENT="-," WC="0.78" />
            <String ID="Textword_56" HPOS="55" VPOS="1510" HEIGHT="50" WIDTH="174" CONTENT="Sechskant" WC="0.87" />
            <String ID="Textword_57" HPOS="247" VPOS="1525" HEIGHT="32" WIDTH="29" CONTENT="u." WC="0.93" />
            <String ID="Textword_58" HPOS="289" VPOS="1514" HEIGHT="52" WIDTH="160" CONTENT="Vierkant," WC="0.92" />
            <String ID="Textword_59" HPOS="470" VPOS="1521" HEIGHT="41" WIDTH="98" CONTENT="sowie" WC="0.95" />
            <String ID="Textword_60" HPOS="589" VPOS="1521" HEIGHT="43" WIDTH="60" CONTENT="alle" WC="0.93" />
            <String ID="Textword_61" HPOS="671" VPOS="1523" HEIGHT="44" WIDTH="117" CONTENT="andern" WC="0.96" />
            <String ID="Textword_62" HPOS="802" VPOS="1524" HEIGHT="61" WIDTH="133" CONTENT="Profile," WC="0.94" />
            <String ID="Textword_63" HPOS="945" VPOS="1526" HEIGHT="67" WIDTH="28" CONTENT="=" WC="0.60" />
          </TextLine>
        </TextBlock>
        <TextBlock ID="TextBlock_20" HPOS="12" VPOS="1755" HEIGHT="9" WIDTH="88">
          <TextLine ID="TextLine_26" HPOS="12" VPOS="1755" HEIGHT="9" WIDTH="88">
            <SP ID="Textword_11" HPOS="12" VPOS="1755" />
            <String ID="Textword_64" HPOS="12" VPOS="1755" HEIGHT="9" WIDTH="88" CONTENT=" " WC="0.95" />
          </TextLine>
        </TextBlock>
        <TextBlock ID="TextBlock_21" HPOS="0" VPOS="1318" HEIGHT="573" WIDTH="15">
          <TextLine ID="TextLine_27" HPOS="0" VPOS="1318" HEIGHT="573" WIDTH="15">
            <SP ID="Textword_12" HPOS="0" VPOS="1318" />
            <String ID="Textword_65" HPOS="0" VPOS="1318" HEIGHT="573" WIDTH="15" CONTENT=" " WC="0.95" />
          </TextLine>
        </TextBlock>
        <TextBlock ID="TextBlock_22" HPOS="2" VPOS="1863" HEIGHT="26" WIDTH="984">
          <TextLine ID="TextLine_28" HPOS="2" VPOS="1863" HEIGHT="26" WIDTH="984">
            <SP ID="Textword_13" HPOS="2" VPOS="1863" />
            <String ID="Textword_66" HPOS="2" VPOS="1863" HEIGHT="26" WIDTH="984" CONTENT=" " WC="0.95" />
          </TextLine>
        </TextBlock>
        <TextBlock ID="TextBlock_23" HPOS="25" VPOS="2000" HEIGHT="39" WIDTH="457">
          <TextLine ID="TextLine_29" HPOS="25" VPOS="2000" HEIGHT="39" WIDTH="457">
            <String ID="Textword_67" HPOS="25" VPOS="2000" HEIGHT="39" WIDTH="393" CONTENT="Vertrauensperson" WC="0.89" />
            <String ID="Textword_68" HPOS="437" VPOS="2008" HEIGHT="27" WIDTH="45" CONTENT="für" WC="0.95" />
          </TextLine>
        </TextBlock>
        <TextBlock ID="TextBlock_24" HPOS="71" VPOS="2058" HEIGHT="105" WIDTH="698">
          <TextLine ID="TextLine_30" HPOS="71" VPOS="2058" HEIGHT="105" WIDTH="698">
            <String ID="Textword_69" HPOS="71" VPOS="2058" HEIGHT="105" WIDTH="698" CONTENT="Auslandsfiliale" WC="0.86" />
          </TextLine>
        </TextBlock>
        <TextBlock ID="TextBlock_25" HPOS="2" VPOS="2178" HEIGHT="181" WIDTH="985">
          <TextLine ID="TextLine_31" HPOS="5" VPOS="2178" HEIGHT="43" WIDTH="982">
            <String ID="Textword_70" HPOS="5" VPOS="2178" HEIGHT="26" WIDTH="55" CONTENT="sich" WC="0.93" />
            <String ID="Textword_71" HPOS="79" VPOS="2179" HEIGHT="26" WIDTH="63" CONTENT="hôfi." WC="0.51" />
            <String ID="Textword_72" HPOS="161" VPOS="2180" HEIGHT="28" WIDTH="82" CONTENT="Mann" WC="0.96" />
            <String ID="Textword_73" HPOS="263" VPOS="2191" HEIGHT="17" WIDTH="48" CONTENT="ans" WC="0.96" />
            <String ID="Textword_74" HPOS="332" VPOS="2183" HEIGHT="38" WIDTH="300" CONTENT="Fabrikantenfamilie," WC="0.92" />
            <String ID="Textword_75" HPOS="652" VPOS="2189" HEIGHT="27" WIDTH="52" CONTENT="seit" WC="0.96" />
            <String ID="Textword_76" HPOS="725" VPOS="2191" HEIGHT="26" WIDTH="60" CONTENT="dem" WC="0.96" />
            <String ID="Textword_77" HPOS="806" VPOS="2191" HEIGHT="27" WIDTH="39" CONTENT="19." WC="0.93" />
            <String ID="Textword_78" HPOS="866" VPOS="2193" HEIGHT="27" WIDTH="68" CONTENT="Jahr" WC="0.92" />
            <String ID="Textword_79" HPOS="959" VPOS="2195" HEIGHT="26" WIDTH="28" CONTENT="in" WC="0.96" />
          </TextLine>
          <TextLine ID="TextLine_32" HPOS="2" VPOS="2213" HEIGHT="52" WIDTH="985">
            <String ID="Textword_80" HPOS="2" VPOS="2213" HEIGHT="27" WIDTH="102" CONTENT="tlichen" WC="0.91" />
            <String ID="Textword_81" HPOS="114" VPOS="2214" HEIGHT="37" WIDTH="167" CONTENT="Stellungen," WC="0.91" />
            <String ID="Textword_82" HPOS="296" VPOS="2219" HEIGHT="34" WIDTH="205" CONTENT="umfangreiche" WC="0.91" />
            <String ID="Textword_83" HPOS="511" VPOS="2222" HEIGHT="38" WIDTH="290" CONTENT="Handelskenntnisse," WC="0.91" />
            <String ID="Textword_84" HPOS="811" VPOS="2228" HEIGHT="25" WIDTH="17" CONTENT="4" WC="0.96" />
            <String ID="Textword_85" HPOS="839" VPOS="2228" HEIGHT="37" WIDTH="148" CONTENT="Sprachen," WC="0.92" />
          </TextLine>
          <TextLine ID="TextLine_33" HPOS="37" VPOS="2250" HEIGHT="43" WIDTH="950">
            <String ID="Textword_86" HPOS="37" VPOS="2257" HEIGHT="19" WIDTH="49" CONTENT="zur" WC="0.93" />
            <String ID="Textword_87" HPOS="104" VPOS="2250" HEIGHT="36" WIDTH="182" CONTENT="Beurteilung" WC="0.92" />
            <String ID="Textword_88" HPOS="304" VPOS="2255" HEIGHT="27" WIDTH="169" CONTENT="technischer" WC="0.91" />
            <String ID="Textword_89" HPOS="492" VPOS="2257" HEIGHT="35" WIDTH="115" CONTENT="Fragen," WC="0.93" />
            <String ID="Textword_90" HPOS="626" VPOS="2261" HEIGHT="32" WIDTH="130" CONTENT="gewohnt" WC="0.91" />
            <String ID="Textword_91" HPOS="775" VPOS="2263" HEIGHT="26" WIDTH="49" CONTENT="mit" WC="0.93" />
            <String ID="Textword_92" HPOS="837" VPOS="2264" HEIGHT="28" WIDTH="150" CONTENT="Arbeitern" WC="0.92" />
          </TextLine>
          <TextLine ID="TextLine_34" HPOS="18" VPOS="2285" HEIGHT="39" WIDTH="614">
            <String ID="Textword_93" HPOS="18" VPOS="2304" HEIGHT="14" WIDTH="6" CONTENT="," WC="0.68" />
            <String ID="Textword_94" HPOS="44" VPOS="2285" HEIGHT="26" WIDTH="62" CONTENT="sehr" WC="0.86" />
            <String ID="Textword_95" HPOS="125" VPOS="2286" HEIGHT="35" WIDTH="108" CONTENT="solider," WC="0.96" />
            <String ID="Textword_96" HPOS="252" VPOS="2288" HEIGHT="36" WIDTH="201" CONTENT="selbständiger" WC="0.96" />
            <String ID="Textword_97" HPOS="473" VPOS="2292" HEIGHT="29" WIDTH="159" CONTENT="Charakter." WC="0.96" />
          </TextLine>
          <TextLine ID="TextLine_35" HPOS="13" VPOS="2320" HEIGHT="39" WIDTH="498">
            <String ID="Textword_98" HPOS="13" VPOS="2323" HEIGHT="23" WIDTH="60" CONTENT="rten" WC="0.92" />
            <String ID="Textword_99" HPOS="93" VPOS="2320" HEIGHT="29" WIDTH="137" CONTENT="befördert" WC="0.96" />
            <String ID="Textword_100" HPOS="250" VPOS="2324" HEIGHT="25" WIDTH="43" CONTENT="die" WC="0.93" />
            <String ID="Textword_101" HPOS="311" VPOS="2325" HEIGHT="34" WIDTH="102" CONTENT="Exped." WC="0.92" />
            <String ID="Textword_102" HPOS="433" VPOS="2326" HEIGHT="26" WIDTH="25" CONTENT="d." WC="0.91" />
            <String ID="Textword_103" HPOS="472" VPOS="2327" HEIGHT="26" WIDTH="39" CONTENT="Bl." WC="0.96" />
          </TextLine>
        </TextBlock>
        <TextBlock ID="TextBlock_26" HPOS="1" VPOS="2478" HEIGHT="25" WIDTH="984">
          <TextLine ID="TextLine_36" HPOS="1" VPOS="2478" HEIGHT="25" WIDTH="984">
            <SP ID="Textword_14" HPOS="1" VPOS="2478" />
            <String ID="Textword_104" HPOS="1" VPOS="2478" HEIGHT="25" WIDTH="984" CONTENT=" " WC="0.95" />
          </TextLine>
        </TextBlock>
        <TextBlock ID="TextBlock_27" HPOS="417" VPOS="2589" HEIGHT="287" WIDTH="571">
          <TextLine ID="TextLine_37" HPOS="856" VPOS="2589" HEIGHT="243" WIDTH="132">
            <SP ID="Textword_15" HPOS="856" VPOS="2589" />
            <String ID="Textword_105" HPOS="856" VPOS="2589" HEIGHT="243" WIDTH="132" CONTENT="      " WC="0.95" />
          </TextLine>
          <TextLine ID="TextLine_38" HPOS="417" VPOS="2832" HEIGHT="44" WIDTH="62">
            <SP ID="Textword_16" HPOS="417" VPOS="2832" />
            <String ID="Textword_106" HPOS="417" VPOS="2832" HEIGHT="44" WIDTH="62" CONTENT=" " WC="0.95" />
          </TextLine>
        </TextBlock>
        <TextBlock ID="TextBlock_28" HPOS="730" VPOS="2537" HEIGHT="193" WIDTH="45">
          <TextLine ID="TextLine_39" HPOS="730" VPOS="2537" HEIGHT="193" WIDTH="45">
            <SP ID="Textword_17" HPOS="730" VPOS="2537" />
            <String ID="Textword_107" HPOS="730" VPOS="2537" HEIGHT="193" WIDTH="45" CONTENT="     " WC="0.95" />
          </TextLine>
        </TextBlock>
        <TextBlock ID="TextBlock_29" HPOS="744" VPOS="2549" HEIGHT="32" WIDTH="44">
          <TextLine ID="TextLine_40" HPOS="745" VPOS="2549" HEIGHT="18" WIDTH="43">
            <String ID="Textword_108" HPOS="745" VPOS="2549" HEIGHT="18" WIDTH="43" CONTENT="[aa" WC="0.26" />
          </TextLine>
          <TextLine ID="TextLine_41" HPOS="744" VPOS="2566" HEIGHT="15" WIDTH="31">
            <String ID="Textword_109" HPOS="744" VPOS="2566" HEIGHT="15" WIDTH="31" CONTENT="SE" WC="0.06" />
          </TextLine>
        </TextBlock>
        <TextBlock ID="TextBlock_30" HPOS="434" VPOS="2555" HEIGHT="404" WIDTH="517">
          <TextLine ID="TextLine_42" HPOS="583" VPOS="2555" HEIGHT="40" WIDTH="232">
            <String ID="Textword_110" HPOS="583" VPOS="2574" HEIGHT="2" WIDTH="2" CONTENT="#" WC="0.37" />
            <String ID="Textword_111" HPOS="671" VPOS="2555" HEIGHT="16" WIDTH="9" CONTENT="+" WC="0.71" />
            <String ID="Textword_112" HPOS="743" VPOS="2582" HEIGHT="13" WIDTH="31" CONTENT="FE}" WC="0.26" />
            <String ID="Textword_113" HPOS="813" VPOS="2587" HEIGHT="2" WIDTH="2" CONTENT=";" WC="0.00" />
          </TextLine>
          <TextLine ID="TextLine_43" HPOS="549" VPOS="2623" HEIGHT="106" WIDTH="307">
            <String ID="Textword_114" HPOS="549" VPOS="2623" HEIGHT="106" WIDTH="307" CONTENT="Industrieland" WC="0.79" />
          </TextLine>
          <TextLine ID="TextLine_44" HPOS="446" VPOS="2747" HEIGHT="34" WIDTH="497">
            <String ID="Textword_115" HPOS="446" VPOS="2773" HEIGHT="6" WIDTH="18" CONTENT="i" WC="0.34" />
            <String ID="Textword_116" HPOS="490" VPOS="2754" HEIGHT="18" WIDTH="35" CONTENT="an" WC="0.83" />
            <String ID="Textword_117" HPOS="555" VPOS="2747" HEIGHT="34" WIDTH="115" CONTENT="fertiger" WC="0.91" />
            <String ID="Textword_118" HPOS="701" VPOS="2750" HEIGHT="27" WIDTH="110" CONTENT="Strasse" WC="0.94" />
            <String ID="Textword_119" HPOS="842" VPOS="2752" HEIGHT="27" WIDTH="70" CONTENT="beim" WC="0.94" />
            <String ID="Textword_120" HPOS="941" VPOS="2754" HEIGHT="2" WIDTH="2" CONTENT="È" WC="0.89" />
          </TextLine>
          <TextLine ID="TextLine_45" HPOS="437" VPOS="2780" HEIGHT="37" WIDTH="514">
            <String ID="Textword_121" HPOS="437" VPOS="2783" HEIGHT="27" WIDTH="31" CONTENT="4" WC="0.28" />
            <String ID="Textword_122" HPOS="489" VPOS="2780" HEIGHT="31" WIDTH="225" CONTENT="BahnhofA" WC="0.85" />
            <String ID="Textword_123" HPOS="715" VPOS="2785" HEIGHT="30" WIDTH="197" CONTENT="ltstetten-" WC="0.41" />
            <String ID="Textword_124" HPOS="934" VPOS="2814" HEIGHT="3" WIDTH="17" CONTENT="È" WC="0.60" />
          </TextLine>
          <TextLine ID="TextLine_46" HPOS="488" VPOS="2816" HEIGHT="40" WIDTH="422">
            <String ID="Textword_125" HPOS="428" VPOS="2815" HEIGHT="35" WIDTH="38" CONTENT="2" WC="0.71" />
            <String ID="Textword_126" HPOS="488" VPOS="2816" HEIGHT="29" WIDTH="146" CONTENT="Zürich" WC="0.95" />
            <String ID="Textword_127" HPOS="661" VPOS="2821" HEIGHT="35" WIDTH="124" CONTENT="gelegen," WC="0.95" />
            <String ID="Textword_128" HPOS="814" VPOS="2824" HEIGHT="25" WIDTH="28" CONTENT="in" WC="0.93" />
            <String ID="Textword_129" HPOS="866" VPOS="2824" HEIGHT="26" WIDTH="44" CONTENT="be-" WC="0.91" />
          </TextLine>
          <TextLine ID="TextLine_47" HPOS="487" VPOS="2852" HEIGHT="41" WIDTH="456">
            <String ID="Textword_130" HPOS="429" VPOS="2851" HEIGHT="36" WIDTH="39" CONTENT="5" WC="0.19" />
            <String ID="Textword_131" HPOS="487" VPOS="2852" HEIGHT="35" WIDTH="114" CONTENT="liebiger" WC="0.90" />
            <String ID="Textword_132" HPOS="615" VPOS="2855" HEIGHT="35" WIDTH="108" CONTENT="Grösse," WC="0.96" />
            <String ID="Textword_133" HPOS="743" VPOS="2858" HEIGHT="26" WIDTH="61" CONTENT="sehr" WC="0.96" />
            <String ID="Textword_134" HPOS="823" VPOS="2858" HEIGHT="35" WIDTH="87" CONTENT="billig," WC="0.96" />
            <String ID="Textword_135" HPOS="940" VPOS="2884" HEIGHT="1" WIDTH="3" CONTENT="8" WC="0.41" />
          </TextLine>
          <TextLine ID="TextLine_48" HPOS="488" VPOS="2888" HEIGHT="39" WIDTH="423">
            <String ID="Textword_136" HPOS="428" VPOS="2886" HEIGHT="33" WIDTH="30" CONTENT="3" WC="0.58" />
            <String ID="Textword_137" HPOS="488" VPOS="2888" HEIGHT="27" WIDTH="90" CONTENT="direkt" WC="0.89" />
            <String ID="Textword_138" HPOS="622" VPOS="2899" HEIGHT="18" WIDTH="62" CONTENT="vom" WC="0.94" />
            <String ID="Textword_139" HPOS="730" VPOS="2892" HEIGHT="35" WIDTH="181" CONTENT="Eigentümer" WC="0.68" />
          </TextLine>
          <TextLine ID="TextLine_49" HPOS="434" VPOS="2924" HEIGHT="35" WIDTH="227">
            <String ID="Textword_140" HPOS="434" VPOS="2929" HEIGHT="30" WIDTH="27" CONTENT="5" WC="0.43" />
            <String ID="Textword_141" HPOS="487" VPOS="2924" HEIGHT="29" WIDTH="174" CONTENT="verkäuflich." WC="0.81" />
          </TextLine>
        </TextBlock>
        <TextBlock ID="TextBlock_31" HPOS="431" VPOS="2960" HEIGHT="68" WIDTH="512">
          <TextLine ID="TextLine_50" HPOS="431" VPOS="2960" HEIGHT="37" WIDTH="512">
            <String ID="Textword_142" HPOS="431" VPOS="2962" HEIGHT="30" WIDTH="25" CONTENT="A" WC="0.36" />
            <String ID="Textword_143" HPOS="540" VPOS="2960" HEIGHT="26" WIDTH="66" CONTENT="Gefl." WC="0.91" />
            <String ID="Textword_144" HPOS="643" VPOS="2962" HEIGHT="35" WIDTH="142" CONTENT="Anfragen" WC="0.96" />
            <String ID="Textword_145" HPOS="830" VPOS="2968" HEIGHT="24" WIDTH="80" CONTENT="unter" WC="0.83" />
            <String ID="Textword_146" HPOS="942" VPOS="2969" HEIGHT="3" WIDTH="1" CONTENT="È" WC="0.92" />
          </TextLine>
          <TextLine ID="TextLine_51" HPOS="486" VPOS="2994" HEIGHT="34" WIDTH="422">
            <String ID="Textword_147" HPOS="440" VPOS="2995" HEIGHT="24" WIDTH="19" CONTENT="2" WC="0.41" />
            <String ID="Textword_148" HPOS="486" VPOS="2994" HEIGHT="27" WIDTH="129" CONTENT="ZL7211" WC="0.82" />
            <String ID="Textword_149" HPOS="637" VPOS="2996" HEIGHT="29" WIDTH="138" CONTENT="befördert" WC="0.96" />
            <String ID="Textword_150" HPOS="794" VPOS="3000" HEIGHT="26" WIDTH="43" CONTENT="die" WC="0.92" />
            <String ID="Textword_151" HPOS="851" VPOS="3001" HEIGHT="27" WIDTH="57" CONTENT="An-" WC="0.92" />
          </TextLine>
        </TextBlock>
        <TextBlock ID="TextBlock_32" HPOS="0" VPOS="3017" HEIGHT="157" WIDTH="864">
          <TextLine ID="TextLine_52" HPOS="435" VPOS="3017" HEIGHT="48" WIDTH="333">
            <String ID="Textword_152" HPOS="435" VPOS="3017" HEIGHT="1" WIDTH="4" CONTENT=";" WC="0.05" />
            <String ID="Textword_153" HPOS="484" VPOS="3032" HEIGHT="33" WIDTH="284" CONTENT="noncen-Expedition" WC="0.92" />
          </TextLine>
          <TextLine ID="TextLine_53" HPOS="0" VPOS="3043" HEIGHT="131" WIDTH="864">
            <String ID="Textword_154" HPOS="0" VPOS="3043" HEIGHT="131" WIDTH="332" CONTENT="Jodelle" WC="0.48" />
            <String ID="Textword_155" HPOS="431" VPOS="3088" HEIGHT="2" WIDTH="16" CONTENT="2" WC="0.27" />
            <String ID="Textword_156" HPOS="527" VPOS="3075" HEIGHT="27" WIDTH="90" CONTENT="Rudolf" WC="0.84" />
            <String ID="Textword_157" HPOS="637" VPOS="3076" HEIGHT="35" WIDTH="101" CONTENT="Mosse," WC="0.92" />
            <String ID="Textword_158" HPOS="760" VPOS="3079" HEIGHT="28" WIDTH="104" CONTENT="Zürich." WC="0.90" />
          </TextLine>
        </TextBlock>
        <TextBlock ID="TextBlock_33" HPOS="3" VPOS="3197" HEIGHT="32" WIDTH="385">
          <TextLine ID="TextLine_54" HPOS="3" VPOS="3197" HEIGHT="32" WIDTH="385">
            <String ID="Textword_159" HPOS="3" VPOS="3197" HEIGHT="29" WIDTH="168" CONTENT="Giessereien" WC="0.92" />
            <String ID="Textword_160" HPOS="196" VPOS="3202" HEIGHT="25" WIDTH="56" CONTENT="und" WC="0.92" />
            <String ID="Textword_161" HPOS="273" VPOS="3203" HEIGHT="26" WIDTH="115" CONTENT="Maschi-" WC="0.92" />
          </TextLine>
        </TextBlock>
        <TextBlock ID="TextBlock_34" HPOS="0" VPOS="3225" HEIGHT="72" WIDTH="934">
          <TextLine ID="TextLine_55" HPOS="0" VPOS="3225" HEIGHT="72" WIDTH="761">
            <String ID="Textword_162" HPOS="0" VPOS="3241" HEIGHT="17" WIDTH="10" CONTENT="1," WC="0.93" />
            <String ID="Textword_163" HPOS="40" VPOS="3234" HEIGHT="27" WIDTH="82" CONTENT="sowie" WC="0.91" />
            <String ID="Textword_164" HPOS="141" VPOS="3235" HEIGHT="27" WIDTH="45" CONTENT="für" WC="0.93" />
            <String ID="Textword_165" HPOS="206" VPOS="3236" HEIGHT="28" WIDTH="95" CONTENT="Schul-" WC="0.92" />
            <String ID="Textword_166" HPOS="331" VPOS="3240" HEIGHT="25" WIDTH="56" CONTENT="und" WC="0.96" />
            <String ID="Textword_167" HPOS="451" VPOS="3225" HEIGHT="72" WIDTH="50" CONTENT="R" WC="0.90" />
            <String ID="Textword_168" HPOS="595" VPOS="3226" HEIGHT="71" WIDTH="115" CONTENT="hfii" WC="0.75" />
            <String ID="Textword_169" HPOS="723" VPOS="3229" HEIGHT="68" WIDTH="38" CONTENT="h" WC="0.61" />
          </TextLine>
          <TextLine ID="TextLine_56" HPOS="0" VPOS="3249" HEIGHT="48" WIDTH="934">
            <String ID="Textword_170" HPOS="0" VPOS="3254" HEIGHT="43" WIDTH="40" CONTENT="pe" WC="0.49" />
            <String ID="Textword_171" HPOS="67" VPOS="3270" HEIGHT="27" WIDTH="146" CONTENT="verfertiot" WC="0.91" />
            <String ID="Textword_172" HPOS="241" VPOS="3274" HEIGHT="23" WIDTH="73" CONTENT="nach" WC="0.96" />
            <String ID="Textword_173" HPOS="330" VPOS="3275" HEIGHT="22" WIDTH="56" CONTENT="ein." WC="0.00" />
            <String ID="Textword_174" HPOS="399" VPOS="3295" HEIGHT="2" WIDTH="6" CONTENT="|" WC="0.00" />
            <String ID="Textword_175" HPOS="508" VPOS="3249" HEIGHT="48" WIDTH="82" CONTENT="I" WC="0.42" />
            <String ID="Textword_176" HPOS="677" VPOS="3254" HEIGHT="43" WIDTH="38" CONTENT="Il" WC="0.37" />
            <String ID="Textword_177" HPOS="768" VPOS="3255" HEIGHT="42" WIDTH="166" CONTENT="FINN" WC="0.60" />
          </TextLine>
        </TextBlock>
        <TextBlock ID="TextBlock_35" HPOS="28" VPOS="2535" HEIGHT="122" WIDTH="318">
          <TextLine ID="TextLine_57" HPOS="28" VPOS="2535" HEIGHT="122" WIDTH="318">
            <String ID="Textword_178" HPOS="28" VPOS="2558" HEIGHT="77" WIDTH="50" CONTENT="er" WC="0.93" />
            <String ID="Textword_179" HPOS="108" VPOS="2535" HEIGHT="122" WIDTH="238" CONTENT="Aprikosen" WC="0.52" />
          </TextLine>
        </TextBlock>
        <TextBlock ID="TextBlock_36" HPOS="7" VPOS="2657" HEIGHT="102" WIDTH="389">
          <TextLine ID="TextLine_58" HPOS="14" VPOS="2657" HEIGHT="39" WIDTH="382">
            <String ID="Textword_180" HPOS="14" VPOS="2667" HEIGHT="24" WIDTH="18" CONTENT="g" WC="0.92" />
            <String ID="Textword_181" HPOS="51" VPOS="2657" HEIGHT="25" WIDTH="15" CONTENT="5" WC="0.92" />
            <String ID="Textword_182" HPOS="103" VPOS="2659" HEIGHT="33" WIDTH="82" CONTENT="kg10" WC="0.87" />
            <String ID="Textword_183" HPOS="204" VPOS="2661" HEIGHT="32" WIDTH="38" CONTENT="kg" WC="0.59" />
            <String ID="Textword_184" HPOS="252" VPOS="2661" HEIGHT="26" WIDTH="34" CONTENT="20" WC="0.59" />
            <String ID="Textword_185" HPOS="314" VPOS="2663" HEIGHT="33" WIDTH="38" CONTENT="ke" WC="0.77" />
            <String ID="Textword_186" HPOS="363" VPOS="2663" HEIGHT="25" WIDTH="33" CONTENT="50" WC="0.77" />
          </TextLine>
          <TextLine ID="TextLine_59" HPOS="7" VPOS="2693" HEIGHT="33" WIDTH="388">
            <String ID="Textword_187" HPOS="7" VPOS="2693" HEIGHT="33" WIDTH="72" CONTENT="18.70" WC="0.82" />
            <String ID="Textword_188" HPOS="106" VPOS="2694" HEIGHT="26" WIDTH="61" CONTENT="680" WC="0.92" />
            <String ID="Textword_189" HPOS="205" VPOS="2696" HEIGHT="26" WIDTH="76" CONTENT="18—" WC="0.73" />
            <String ID="Textword_190" HPOS="319" VPOS="2698" HEIGHT="26" WIDTH="76" CONTENT="32,—" WC="0.52" />
          </TextLine>
          <TextLine ID="TextLine_60" HPOS="17" VPOS="2728" HEIGHT="31" WIDTH="377">
            <String ID="Textword_191" HPOS="17" VPOS="2728" HEIGHT="26" WIDTH="59" CONTENT="320" WC="0.86" />
            <String ID="Textword_192" HPOS="105" VPOS="2729" HEIGHT="28" WIDTH="175" CONTENT="580.11" WC="0.39" />
            <String ID="Textword_193" HPOS="318" VPOS="2733" HEIGHT="26" WIDTH="41" CONTENT="27" WC="0.33" />
            <String ID="Textword_194" HPOS="363" VPOS="2748" HEIGHT="4" WIDTH="31" CONTENT="—" WC="0.33" />
          </TextLine>
        </TextBlock>
        <TextBlock ID="TextBlock_37" HPOS="41" VPOS="2773" HEIGHT="44" WIDTH="330">
          <TextLine ID="TextLine_61" HPOS="41" VPOS="2773" HEIGHT="44" WIDTH="330">
            <String ID="Textword_195" HPOS="41" VPOS="2773" HEIGHT="33" WIDTH="63" CONTENT="Em." WC="0.93" />
            <String ID="Textword_196" HPOS="124" VPOS="2773" HEIGHT="44" WIDTH="113" CONTENT="Felley," WC="0.92" />
            <String ID="Textword_197" HPOS="256" VPOS="2775" HEIGHT="35" WIDTH="115" CONTENT="Saxon." WC="0.93" />
          </TextLine>
        </TextBlock>
        <TextBlock ID="TextBlock_38" HPOS="418" VPOS="2730" HEIGHT="102" WIDTH="63">
          <TextLine ID="TextLine_62" HPOS="418" VPOS="2730" HEIGHT="102" WIDTH="63">
            <SP ID="Textword_18" HPOS="418" VPOS="2730" />
            <String ID="Textword_198" HPOS="418" VPOS="2730" HEIGHT="102" WIDTH="63" CONTENT="   " WC="0.95" />
          </TextLine>
        </TextBlock>
        <TextBlock ID="TextBlock_39" HPOS="288" VPOS="2839" HEIGHT="8" WIDTH="107">
          <TextLine ID="TextLine_63" HPOS="288" VPOS="2839" HEIGHT="8" WIDTH="107">
            <SP ID="Textword_19" HPOS="288" VPOS="2839" />
            <String ID="Textword_199" HPOS="288" VPOS="2839" HEIGHT="8" WIDTH="107" CONTENT=" " WC="0.95" />
          </TextLine>
        </TextBlock>
        <TextBlock ID="TextBlock_40" HPOS="414" VPOS="2832" HEIGHT="292" WIDTH="569">
          <TextLine ID="TextLine_64" HPOS="417" VPOS="2832" HEIGHT="96" WIDTH="566">
            <SP ID="Textword_20" HPOS="417" VPOS="2876" />
            <String ID="Textword_200" HPOS="417" VPOS="2876" HEIGHT="52" WIDTH="62" CONTENT="  " WC="0.95" />
            <SP ID="Textword_21" HPOS="921" VPOS="2832" />
            <String ID="Textword_201" HPOS="921" VPOS="2832" HEIGHT="96" WIDTH="62" CONTENT="   " WC="0.95" />
          </TextLine>
          <TextLine ID="TextLine_65" HPOS="416" VPOS="2928" HEIGHT="39" WIDTH="566">
            <SP ID="Textword_22" HPOS="416" VPOS="2928" />
            <String ID="Textword_202" HPOS="416" VPOS="2928" HEIGHT="39" WIDTH="62" CONTENT="  " WC="0.95" />
            <SP ID="Textword_23" HPOS="920" VPOS="2928" />
            <String ID="Textword_203" HPOS="920" VPOS="2928" HEIGHT="39" WIDTH="62" CONTENT="  " WC="0.95" />
          </TextLine>
          <TextLine ID="TextLine_66" HPOS="414" VPOS="2967" HEIGHT="78" WIDTH="63">
            <SP ID="Textword_24" HPOS="414" VPOS="2967" />
            <String ID="Textword_204" HPOS="414" VPOS="2967" HEIGHT="78" WIDTH="63" CONTENT="  " WC="0.95" />
          </TextLine>
          <TextLine ID="TextLine_67" HPOS="414" VPOS="3045" HEIGHT="79" WIDTH="62">
            <SP ID="Textword_25" HPOS="414" VPOS="3045" />
            <String ID="Textword_205" HPOS="414" VPOS="3045" HEIGHT="79" WIDTH="62" CONTENT=" " WC="0.95" />
          </TextLine>
        </TextBlock>
        <TextBlock ID="TextBlock_41" HPOS="920" VPOS="2967" HEIGHT="48" WIDTH="61">
          <TextLine ID="TextLine_68" HPOS="920" VPOS="2967" HEIGHT="48" WIDTH="61">
            <SP ID="Textword_26" HPOS="920" VPOS="2967" />
            <String ID="Textword_206" HPOS="920" VPOS="2967" HEIGHT="48" WIDTH="61" CONTENT="   " WC="0.95" />
          </TextLine>
        </TextBlock>
        <TextBlock ID="TextBlock_42" HPOS="399" VPOS="2561" HEIGHT="734" WIDTH="18">
          <TextLine ID="TextLine_69" HPOS="399" VPOS="2561" HEIGHT="734" WIDTH="18">
            <SP ID="Textword_27" HPOS="399" VPOS="2561" />
            <String ID="Textword_207" HPOS="399" VPOS="2561" HEIGHT="734" WIDTH="18" CONTENT=" " WC="0.95" />
          </TextLine>
        </TextBlock>
      </PrintSpace>
    </Page>
  </Layout>
</alto>
