<?xml version="1.0" encoding="UTF-8"?>
<alto xmlns="http://www.loc.gov/standards/alto/ns-v2#" xmlns:xsi="http://www.w3.org/2001/XMLSchema-instance" xsi:schemaLocation="http://www.loc.gov/standards/alto/ns-v2# http://www.loc.gov/standards/alto/alto.xsd">
  <Description>
    <MeasurementUnit>pixel</MeasurementUnit>
    <sourceImageInformation />
    <OCRProcessing ID="OCR_1">
      <preProcessingStep>
        <processingDateTime>2019-05-09T12:29:46</processingDateTime>
        <processingAgency>intranda GmbH, www.intranda.com</processingAgency>
        <processingSoftware>
          <softwareCreator>intranda GmbH, Germany</softwareCreator>
          <softwareName>intranda OCR Module for TaskManager</softwareName>
          <softwareVersion>1.0r42</softwareVersion>
        </processingSoftware>
      </preProcessingStep>
      <ocrProcessingStep>
        <processingSoftware>
          <softwareCreator>Tesseract contributors</softwareCreator>
          <softwareName>Tesseract Open Source OCR Engine</softwareName>
          <softwareVersion>4.0.0-beta.1-270-g5a56</softwareVersion>
        </processingSoftware>
      </ocrProcessingStep>
    </OCRProcessing>
  </Description>
  <Layout>
    <Page ID="PAGE_1" HEIGHT="4977" WIDTH="3346" PHYSICAL_IMG_NR="1">
      <PrintSpace ID="PrintSpace_1" HPOS="0" VPOS="0" HEIGHT="4977" WIDTH="3346">
        <TextBlock ID="TextBlock_1" HPOS="0" VPOS="1027" HEIGHT="3049" WIDTH="28">
          <TextLine ID="TextLine_1" HPOS="0" VPOS="1027" HEIGHT="3049" WIDTH="28">
            <SP ID="Textword_1" HPOS="0" VPOS="1027" />
            <String ID="Textword_1" HPOS="0" VPOS="1027" HEIGHT="3049" WIDTH="28" CONTENT=" " WC="0.95" />
          </TextLine>
        </TextBlock>
        <TextBlock ID="TextBlock_2" HPOS="295" VPOS="2705" HEIGHT="106" WIDTH="1749">
          <TextLine ID="TextLine_2" HPOS="295" VPOS="2705" HEIGHT="106" WIDTH="1749">
            <String ID="Textword_2" HPOS="295" VPOS="2728" HEIGHT="83" WIDTH="770" CONTENT="Bolladenfabrik" WC="0.55" />
            <String ID="Textword_3" HPOS="1125" VPOS="2711" HEIGHT="90" WIDTH="333" CONTENT="Anton" WC="0.92" />
            <String ID="Textword_4" HPOS="1531" VPOS="2705" HEIGHT="92" WIDTH="513" CONTENT="Griesser" WC="0.91" />
          </TextLine>
        </TextBlock>
        <TextBlock ID="TextBlock_3" HPOS="341" VPOS="302" HEIGHT="38" WIDTH="1603">
          <TextLine ID="TextLine_3" HPOS="341" VPOS="302" HEIGHT="38" WIDTH="1603">
            <String ID="Textword_5" HPOS="341" VPOS="314" HEIGHT="26" WIDTH="25" CONTENT="6:" WC="0.68" />
            <String ID="Textword_6" HPOS="775" VPOS="311" HEIGHT="1" WIDTH="5" CONTENT=";" WC="0.00" />
            <String ID="Textword_7" HPOS="1377" VPOS="304" HEIGHT="29" WIDTH="224" CONTENT="Schweizerische" WC="0.92" />
            <String ID="Textword_8" HPOS="1629" VPOS="302" HEIGHT="34" WIDTH="315" CONTENT="Arbeitgeber-Zeitung." WC="0.90" />
          </TextLine>
        </TextBlock>
        <TextBlock ID="TextBlock_4" HPOS="1875" VPOS="0" HEIGHT="30" WIDTH="1036">
          <TextLine ID="TextLine_4" HPOS="1875" VPOS="0" HEIGHT="30" WIDTH="1036">
            <SP ID="Textword_2" HPOS="1875" VPOS="0" />
            <String ID="Textword_9" HPOS="1875" VPOS="0" HEIGHT="30" WIDTH="1036" CONTENT=" " WC="0.95" />
          </TextLine>
        </TextBlock>
        <TextBlock ID="TextBlock_5" HPOS="3058" VPOS="293" HEIGHT="26" WIDTH="98">
          <TextLine ID="TextLine_5" HPOS="3058" VPOS="293" HEIGHT="26" WIDTH="98">
            <String ID="Textword_10" HPOS="3058" VPOS="293" HEIGHT="26" WIDTH="45" CONTENT="Nr." WC="0.93" />
            <String ID="Textword_11" HPOS="3124" VPOS="293" HEIGHT="25" WIDTH="32" CONTENT="41" WC="0.94" />
          </TextLine>
        </TextBlock>
        <TextBlock ID="TextBlock_6" HPOS="345" VPOS="337" HEIGHT="26" WIDTH="2812">
          <TextLine ID="TextLine_6" HPOS="345" VPOS="337" HEIGHT="26" WIDTH="2812">
            <SP ID="Textword_3" HPOS="345" VPOS="337" />
            <String ID="Textword_12" HPOS="345" VPOS="337" HEIGHT="26" WIDTH="2812" CONTENT=" " WC="0.95" />
          </TextLine>
        </TextBlock>
        <TextBlock ID="TextBlock_7" HPOS="466" VPOS="479" HEIGHT="288" WIDTH="1395">
          <TextLine ID="TextLine_7" HPOS="466" VPOS="479" HEIGHT="288" WIDTH="1395">
            <String ID="Textword_13" HPOS="466" VPOS="582" HEIGHT="185" WIDTH="439" CONTENT="Adolph" WC="0.88" />
            <String ID="Textword_14" HPOS="965" VPOS="479" HEIGHT="276" WIDTH="451" CONTENT="Saurer," WC="0.89" />
            <String ID="Textword_15" HPOS="1496" VPOS="483" HEIGHT="241" WIDTH="365" CONTENT="Arbon" WC="0.90" />
          </TextLine>
        </TextBlock>
        <TextBlock ID="TextBlock_8" HPOS="605" VPOS="769" HEIGHT="84" WIDTH="1122">
          <TextLine ID="TextLine_8" HPOS="605" VPOS="769" HEIGHT="84" WIDTH="1122">
            <String ID="Textword_16" HPOS="605" VPOS="775" HEIGHT="69" WIDTH="501" CONTENT="Maschinenfabrik" WC="0.91" />
            <String ID="Textword_17" HPOS="1143" VPOS="773" HEIGHT="64" WIDTH="117" CONTENT="und" WC="0.93" />
            <String ID="Textword_18" HPOS="1294" VPOS="769" HEIGHT="84" WIDTH="433" CONTENT="Eisengiesserei" WC="0.91" />
          </TextLine>
        </TextBlock>
        <TextBlock ID="TextBlock_9" HPOS="1861" VPOS="407" HEIGHT="485" WIDTH="174">
          <TextLine ID="TextLine_9" HPOS="1861" VPOS="407" HEIGHT="485" WIDTH="174">
            <SP ID="Textword_4" HPOS="1861" VPOS="407" />
            <String ID="Textword_19" HPOS="1861" VPOS="407" HEIGHT="485" WIDTH="174" CONTENT=" " WC="0.95" />
          </TextLine>
        </TextBlock>
        <TextBlock ID="TextBlock_10" HPOS="849" VPOS="921" HEIGHT="47" WIDTH="635">
          <TextLine ID="TextLine_10" HPOS="849" VPOS="921" HEIGHT="47" WIDTH="635">
            <String ID="Textword_20" HPOS="849" VPOS="925" HEIGHT="43" WIDTH="251" CONTENT="Abteilung:" WC="0.91" />
            <String ID="Textword_21" HPOS="1131" VPOS="921" HEIGHT="36" WIDTH="353" CONTENT="MOTORBAU" WC="0.90" />
          </TextLine>
        </TextBlock>
        <TextBlock ID="TextBlock_11" HPOS="306" VPOS="1021" HEIGHT="284" WIDTH="1606">
          <TextLine ID="TextLine_11" HPOS="306" VPOS="1021" HEIGHT="147" WIDTH="1603">
            <String ID="Textword_22" HPOS="306" VPOS="1061" HEIGHT="107" WIDTH="87" CONTENT="#" WC="0.65" />
            <String ID="Textword_23" HPOS="429" VPOS="1045" HEIGHT="111" WIDTH="347" CONTENT="Petrol-," WC="0.91" />
            <String ID="Textword_24" HPOS="823" VPOS="1021" HEIGHT="118" WIDTH="356" CONTENT="Benzin-" WC="0.92" />
            <String ID="Textword_25" HPOS="1218" VPOS="1070" HEIGHT="67" WIDTH="81" CONTENT="u." WC="0.91" />
            <String ID="Textword_26" HPOS="1334" VPOS="1037" HEIGHT="98" WIDTH="575" CONTENT="Gasmotoren" WC="0.92" />
          </TextLine>
          <TextLine ID="TextLine_12" HPOS="761" VPOS="1181" HEIGHT="124" WIDTH="1151">
            <String ID="Textword_27" HPOS="761" VPOS="1181" HEIGHT="124" WIDTH="833" CONTENT="Sauggas-Anlagen" WC="0.89" />
            <String ID="Textword_28" HPOS="1648" VPOS="1212" HEIGHT="63" WIDTH="264" CONTENT="==" WC="0.60" />
          </TextLine>
        </TextBlock>
        <TextBlock ID="TextBlock_12" HPOS="1648" VPOS="1239" HEIGHT="10" WIDTH="263">
          <TextLine ID="TextLine_13" HPOS="1648" VPOS="1239" HEIGHT="10" WIDTH="263">
            <SP ID="Textword_5" HPOS="1648" VPOS="1239" />
            <String ID="Textword_29" HPOS="1648" VPOS="1239" HEIGHT="10" WIDTH="263" CONTENT=" " WC="0.95" />
          </TextLine>
        </TextBlock>
        <TextBlock ID="TextBlock_13" HPOS="469" VPOS="1354" HEIGHT="16" WIDTH="1410">
          <TextLine ID="TextLine_14" HPOS="469" VPOS="1354" HEIGHT="16" WIDTH="1410">
            <SP ID="Textword_6" HPOS="469" VPOS="1354" />
            <String ID="Textword_30" HPOS="469" VPOS="1354" HEIGHT="16" WIDTH="1410" CONTENT=" " WC="0.95" />
          </TextLine>
        </TextBlock>
        <TextBlock ID="TextBlock_14" HPOS="1213" VPOS="1354" HEIGHT="14" WIDTH="666">
          <TextLine ID="TextLine_15" HPOS="1213" VPOS="1354" HEIGHT="14" WIDTH="666">
            <SP ID="Textword_7" HPOS="1213" VPOS="1354" />
            <String ID="Textword_31" HPOS="1213" VPOS="1354" HEIGHT="14" WIDTH="666" CONTENT=" " WC="0.95" />
          </TextLine>
        </TextBlock>
        <TextBlock ID="TextBlock_15" HPOS="1289" VPOS="1488" HEIGHT="69" WIDTH="110">
          <TextLine ID="TextLine_16" HPOS="1289" VPOS="1488" HEIGHT="69" WIDTH="110">
            <String ID="Textword_32" HPOS="1289" VPOS="1488" HEIGHT="69" WIDTH="110" CONTENT="ZU" WC="0.77" />
          </TextLine>
        </TextBlock>
        <TextBlock ID="TextBlock_16" HPOS="844" VPOS="1363" HEIGHT="369" WIDTH="655">
          <TextLine ID="TextLine_17" HPOS="844" VPOS="1363" HEIGHT="369" WIDTH="655">
            <SP ID="Textword_8" HPOS="844" VPOS="1363" />
            <String ID="Textword_33" HPOS="844" VPOS="1363" HEIGHT="369" WIDTH="655" CONTENT=" " WC="0.95" />
          </TextLine>
        </TextBlock>
        <TextBlock ID="TextBlock_17" HPOS="473" VPOS="1767" HEIGHT="18" WIDTH="1407">
          <TextLine ID="TextLine_18" HPOS="473" VPOS="1767" HEIGHT="18" WIDTH="1407">
            <SP ID="Textword_9" HPOS="473" VPOS="1767" />
            <String ID="Textword_34" HPOS="473" VPOS="1767" HEIGHT="18" WIDTH="1407" CONTENT=" " WC="0.95" />
          </TextLine>
        </TextBlock>
        <TextBlock ID="TextBlock_18" HPOS="1219" VPOS="1768" HEIGHT="11" WIDTH="661">
          <TextLine ID="TextLine_19" HPOS="1219" VPOS="1768" HEIGHT="11" WIDTH="661">
            <SP ID="Textword_10" HPOS="1219" VPOS="1768" />
            <String ID="Textword_35" HPOS="1219" VPOS="1768" HEIGHT="11" WIDTH="661" CONTENT=" " WC="0.95" />
          </TextLine>
        </TextBlock>
        <TextBlock ID="TextBlock_19" HPOS="780" VPOS="1895" HEIGHT="49" WIDTH="801">
          <TextLine ID="TextLine_20" HPOS="780" VPOS="1895" HEIGHT="49" WIDTH="801">
            <String ID="Textword_36" HPOS="780" VPOS="1901" HEIGHT="43" WIDTH="252" CONTENT="Abteilung:" WC="0.93" />
            <String ID="Textword_37" HPOS="1067" VPOS="1895" HEIGHT="39" WIDTH="514" CONTENT="AUTOMOBILBAU" WC="0.91" />
          </TextLine>
        </TextBlock>
        <TextBlock ID="TextBlock_20" HPOS="490" VPOS="1995" HEIGHT="163" WIDTH="1369">
          <TextLine ID="TextLine_21" HPOS="490" VPOS="1995" HEIGHT="163" WIDTH="1369">
            <String ID="Textword_38" HPOS="490" VPOS="2005" HEIGHT="153" WIDTH="308" CONTENT="Lastwagen" WC="0.36" />
            <String ID="Textword_39" HPOS="1005" VPOS="1998" HEIGHT="131" WIDTH="311" CONTENT="Omnibusse" WC="0.52" />
            <String ID="Textword_40" HPOS="1502" VPOS="1995" HEIGHT="154" WIDTH="357" CONTENT=" Luxuswagen" WC="0.49" />
          </TextLine>
        </TextBlock>
        <TextBlock ID="TextBlock_21" HPOS="490" VPOS="2158" HEIGHT="45" WIDTH="1361">
          <TextLine ID="TextLine_22" HPOS="490" VPOS="2158" HEIGHT="45" WIDTH="1361">
            <String ID="Textword_41" HPOS="490" VPOS="2170" HEIGHT="33" WIDTH="119" CONTENT="1—81/2" WC="0.82" />
            <String ID="Textword_42" HPOS="640" VPOS="2171" HEIGHT="25" WIDTH="121" CONTENT="Tonnen" WC="0.94" />
            <String ID="Textword_43" HPOS="1006" VPOS="2165" HEIGHT="27" WIDTH="105" CONTENT="10—24" WC="0.91" />
            <String ID="Textword_44" HPOS="1147" VPOS="2165" HEIGHT="26" WIDTH="153" CONTENT="Personen" WC="0.96" />
            <String ID="Textword_45" HPOS="1502" VPOS="2161" HEIGHT="35" WIDTH="44" CONTENT="15," WC="0.94" />
            <String ID="Textword_46" HPOS="1577" VPOS="2162" HEIGHT="25" WIDTH="35" CONTENT="30" WC="0.96" />
            <String ID="Textword_47" HPOS="1642" VPOS="2160" HEIGHT="27" WIDTH="58" CONTENT="und" WC="0.96" />
            <String ID="Textword_48" HPOS="1731" VPOS="2159" HEIGHT="27" WIDTH="37" CONTENT="50" WC="0.91" />
            <String ID="Textword_49" HPOS="1798" VPOS="2158" HEIGHT="27" WIDTH="53" CONTENT="PH" WC="0.91" />
          </TextLine>
        </TextBlock>
        <TextBlock ID="TextBlock_22" HPOS="481" VPOS="2260" HEIGHT="119" WIDTH="1400">
          <TextLine ID="TextLine_23" HPOS="481" VPOS="2260" HEIGHT="119" WIDTH="1400">
            <String ID="Textword_50" HPOS="481" VPOS="2268" HEIGHT="111" WIDTH="681" CONTENT="Motoryachten" WC="0.91" />
            <String ID="Textword_51" HPOS="0" VPOS="0" HEIGHT="4977" WIDTH="3346" CONTENT="=" WC="0.48" />
            <String ID="Textword_52" HPOS="1352" VPOS="2260" HEIGHT="90" WIDTH="529" CONTENT="Lastschiffe" WC="0.78" />
          </TextLine>
        </TextBlock>
        <TextBlock ID="TextBlock_23" HPOS="654" VPOS="2436" HEIGHT="112" WIDTH="1175">
          <TextLine ID="TextLine_24" HPOS="654" VPOS="2436" HEIGHT="54" WIDTH="1080">
            <String ID="Textword_53" HPOS="654" VPOS="2441" HEIGHT="49" WIDTH="312" CONTENT="Erstklassiges" WC="0.91" />
            <String ID="Textword_54" HPOS="995" VPOS="2439" HEIGHT="41" WIDTH="221" CONTENT="Fabrikat." WC="0.91" />
            <String ID="Textword_55" HPOS="1271" VPOS="2437" HEIGHT="40" WIDTH="152" CONTENT="Prima" WC="0.93" />
            <String ID="Textword_56" HPOS="1451" VPOS="2436" HEIGHT="40" WIDTH="283" CONTENT="Referenzen." WC="0.91" />
          </TextLine>
          <TextLine ID="TextLine_25" HPOS="760" VPOS="2520" HEIGHT="28" WIDTH="1069">
            <String ID="Textword_57" HPOS="760" VPOS="2528" HEIGHT="2" WIDTH="4" CONTENT=":" WC="0.65" />
            <String ID="Textword_58" HPOS="1533" VPOS="2520" HEIGHT="1" WIDTH="3" CONTENT=":" WC="0.50" />
            <String ID="Textword_59" HPOS="1716" VPOS="2523" HEIGHT="25" WIDTH="25" CONTENT="S." WC="0.81" />
            <String ID="Textword_60" HPOS="1763" VPOS="2521" HEIGHT="25" WIDTH="66" CONTENT="1885" WC="0.95" />
          </TextLine>
        </TextBlock>
        <TextBlock ID="TextBlock_24" HPOS="315" VPOS="2575" HEIGHT="111" WIDTH="1627">
          <TextLine ID="TextLine_26" HPOS="315" VPOS="2575" HEIGHT="111" WIDTH="1627">
            <SP ID="Textword_11" HPOS="315" VPOS="2575" />
            <String ID="Textword_61" HPOS="315" VPOS="2575" HEIGHT="111" WIDTH="1627" CONTENT="   " WC="0.95" />
          </TextLine>
        </TextBlock>
        <TextBlock ID="TextBlock_25" HPOS="1368" VPOS="2822" HEIGHT="54" WIDTH="561">
          <TextLine ID="TextLine_27" HPOS="1368" VPOS="2822" HEIGHT="54" WIDTH="561">
            <String ID="Textword_62" HPOS="1368" VPOS="2831" HEIGHT="36" WIDTH="71" CONTENT="A" WC="0.66" />
            <String ID="Textword_63" HPOS="1440" VPOS="2828" HEIGHT="38" WIDTH="192" CONTENT="adorf" WC="0.66" />
            <String ID="Textword_64" HPOS="1660" VPOS="2822" HEIGHT="54" WIDTH="269" CONTENT="(Schweiz)" WC="0.96" />
          </TextLine>
        </TextBlock>
        <TextBlock ID="TextBlock_26" HPOS="1411" VPOS="2901" HEIGHT="13" WIDTH="635">
          <TextLine ID="TextLine_28" HPOS="1411" VPOS="2901" HEIGHT="13" WIDTH="635">
            <SP ID="Textword_12" HPOS="1411" VPOS="2901" />
            <String ID="Textword_65" HPOS="1411" VPOS="2901" HEIGHT="13" WIDTH="635" CONTENT=" " WC="0.95" />
          </TextLine>
        </TextBlock>
        <TextBlock ID="TextBlock_27" HPOS="1248" VPOS="2912" HEIGHT="14" WIDTH="636">
          <TextLine ID="TextLine_29" HPOS="1248" VPOS="2912" HEIGHT="14" WIDTH="636">
            <SP ID="Textword_13" HPOS="1248" VPOS="2912" />
            <String ID="Textword_66" HPOS="1248" VPOS="2912" HEIGHT="14" WIDTH="636" CONTENT=" " WC="0.95" />
          </TextLine>
        </TextBlock>
        <TextBlock ID="TextBlock_28" HPOS="1267" VPOS="2941" HEIGHT="390" WIDTH="779">
          <TextLine ID="TextLine_30" HPOS="1401" VPOS="2941" HEIGHT="34" WIDTH="517">
            <String ID="Textword_67" HPOS="1401" VPOS="2943" HEIGHT="32" WIDTH="211" CONTENT="Stablrolladen" WC="0.83" />
            <String ID="Textword_68" HPOS="1632" VPOS="2944" HEIGHT="27" WIDTH="26" CONTENT="in" WC="0.91" />
            <String ID="Textword_69" HPOS="1678" VPOS="2942" HEIGHT="28" WIDTH="67" CONTENT="allen" WC="0.91" />
            <String ID="Textword_70" HPOS="1765" VPOS="2941" HEIGHT="32" WIDTH="153" CONTENT="Systemen" WC="0.55" />
          </TextLine>
          <TextLine ID="TextLine_31" HPOS="1267" VPOS="2983" HEIGHT="39" WIDTH="762">
            <String ID="Textword_71" HPOS="1267" VPOS="2990" HEIGHT="32" WIDTH="201" CONTENT="Bolzrolladen" WC="0.63" />
            <String ID="Textword_72" HPOS="1493" VPOS="2996" HEIGHT="21" WIDTH="48" CONTENT="aus" WC="0.96" />
            <String ID="Textword_73" HPOS="1560" VPOS="2989" HEIGHT="33" WIDTH="81" CONTENT="prima" WC="0.93" />
            <String ID="Textword_74" HPOS="1661" VPOS="2985" HEIGHT="32" WIDTH="187" CONTENT="schwedischem" WC="0.91" />
            <String ID="Textword_75" HPOS="1869" VPOS="2983" HEIGHT="30" WIDTH="160" CONTENT="Riefernholz" WC="0.80" />
          </TextLine>
          <TextLine ID="TextLine_32" HPOS="1383" VPOS="3026" HEIGHT="41" WIDTH="529">
            <String ID="Textword_76" HPOS="1383" VPOS="3032" HEIGHT="35" WIDTH="205" CONTENT="Zugjalousien" WC="0.81" />
            <String ID="Textword_77" HPOS="1608" VPOS="3041" HEIGHT="15" WIDTH="17" CONTENT="«" WC="0.74" />
            <String ID="Textword_78" HPOS="1644" VPOS="3026" HEIGHT="37" WIDTH="268" CONTENT="Rollschutzwände" WC="0.90" />
          </TextLine>
          <TextLine ID="TextLine_33" HPOS="1315" VPOS="3071" HEIGHT="41" WIDTH="666">
            <String ID="Textword_79" HPOS="1315" VPOS="3078" HEIGHT="34" WIDTH="207" CONTENT="Rolljalousien" WC="0.63" />
            <String ID="Textword_80" HPOS="1541" VPOS="3079" HEIGHT="26" WIDTH="46" CONTENT="mit" WC="0.93" />
            <String ID="Textword_81" HPOS="1608" VPOS="3079" HEIGHT="25" WIDTH="52" CONTENT="aut." WC="0.92" />
            <String ID="Textword_82" HPOS="1672" VPOS="3073" HEIGHT="31" WIDTH="156" CONTENT="Federwaize" WC="0.76" />
            <String ID="Textword_83" HPOS="1846" VPOS="3071" HEIGHT="35" WIDTH="36" CONTENT="ca" WC="0.28" />
            <String ID="Textword_84" HPOS="1901" VPOS="3071" HEIGHT="29" WIDTH="80" CONTENT="23012" WC="0.87" />
          </TextLine>
          <TextLine ID="TextLine_34" HPOS="1472" VPOS="3117" HEIGHT="36" WIDTH="353">
            <String ID="Textword_85" HPOS="1472" VPOS="3121" HEIGHT="32" WIDTH="192" CONTENT="Ausstellung" WC="0.93" />
            <String ID="Textword_86" HPOS="1681" VPOS="3118" HEIGHT="35" WIDTH="36" CONTENT="ça" WC="0.47" />
            <String ID="Textword_87" HPOS="1735" VPOS="3117" HEIGHT="29" WIDTH="90" CONTENT="24982" WC="0.96" />
          </TextLine>
          <TextLine ID="TextLine_35" HPOS="1473" VPOS="3162" HEIGHT="36" WIDTH="353">
            <String ID="Textword_88" HPOS="1473" VPOS="3166" HEIGHT="32" WIDTH="183" CONTENT="Seilspanner" WC="0.90" />
            <String ID="Textword_89" HPOS="1679" VPOS="3162" HEIGHT="36" WIDTH="35" CONTENT="sp" WC="0.39" />
            <String ID="Textword_90" HPOS="1737" VPOS="3162" HEIGHT="29" WIDTH="89" CONTENT="29928" WC="0.92" />
          </TextLine>
          <TextLine ID="TextLine_36" HPOS="1286" VPOS="3204" HEIGHT="42" WIDTH="727">
            <String ID="Textword_91" HPOS="1286" VPOS="3212" HEIGHT="34" WIDTH="200" CONTENT="Bolzrolladen" WC="0.58" />
            <String ID="Textword_92" HPOS="1505" VPOS="3213" HEIGHT="27" WIDTH="46" CONTENT="mit" WC="0.93" />
            <String ID="Textword_93" HPOS="1571" VPOS="3207" HEIGHT="34" WIDTH="279" CONTENT="Charnierverbindung" WC="0.36" />
            <String ID="Textword_94" HPOS="1869" VPOS="3204" HEIGHT="36" WIDTH="35" CONTENT="sp" WC="0.44" />
            <String ID="Textword_95" HPOS="1922" VPOS="3204" HEIGHT="29" WIDTH="91" CONTENT="36029" WC="0.93" />
          </TextLine>
          <TextLine ID="TextLine_37" HPOS="1321" VPOS="3248" HEIGHT="40" WIDTH="725">
            <String ID="Textword_96" HPOS="1321" VPOS="3256" HEIGHT="32" WIDTH="231" CONTENT="Flutomatiseher" WC="0.33" />
            <String ID="Textword_97" HPOS="1579" VPOS="3250" HEIGHT="37" WIDTH="306" CONTENT="Rolladenversebiuss" WC="0.78" />
            <String ID="Textword_98" HPOS="1908" VPOS="3248" HEIGHT="36" WIDTH="36" CONTENT="qu" WC="0.71" />
            <String ID="Textword_99" HPOS="1966" VPOS="3248" HEIGHT="29" WIDTH="80" CONTENT="30221" WC="0.72" />
          </TextLine>
          <TextLine ID="TextLine_38" HPOS="1410" VPOS="3297" HEIGHT="34" WIDTH="474">
            <String ID="Textword_100" HPOS="1410" VPOS="3303" HEIGHT="27" WIDTH="38" CONTENT="für" WC="0.93" />
            <String ID="Textword_101" HPOS="1468" VPOS="3301" HEIGHT="30" WIDTH="147" CONTENT="Stabiladen" WC="0.90" />
            <String ID="Textword_102" HPOS="1635" VPOS="3299" HEIGHT="28" WIDTH="53" CONTENT="und" WC="0.93" />
            <String ID="Textword_103" HPOS="1708" VPOS="3297" HEIGHT="32" WIDTH="176" CONTENT="Bolizrolladen" WC="0.52" />
          </TextLine>
        </TextBlock>
        <TextBlock ID="TextBlock_29" HPOS="1253" VPOS="3343" HEIGHT="17" WIDTH="796">
          <TextLine ID="TextLine_39" HPOS="1253" VPOS="3343" HEIGHT="17" WIDTH="796">
            <SP ID="Textword_14" HPOS="1253" VPOS="3343" />
            <String ID="Textword_104" HPOS="1253" VPOS="3343" HEIGHT="17" WIDTH="796" CONTENT=" " WC="0.95" />
          </TextLine>
        </TextBlock>
        <TextBlock ID="TextBlock_30" HPOS="1413" VPOS="3353" HEIGHT="15" WIDTH="636">
          <TextLine ID="TextLine_40" HPOS="1413" VPOS="3353" HEIGHT="15" WIDTH="636">
            <SP ID="Textword_15" HPOS="1413" VPOS="3353" />
            <String ID="Textword_105" HPOS="1413" VPOS="3353" HEIGHT="15" WIDTH="636" CONTENT=" " WC="0.95" />
          </TextLine>
        </TextBlock>
        <TextBlock ID="TextBlock_31" HPOS="317" VPOS="2864" HEIGHT="537" WIDTH="878">
          <TextLine ID="TextLine_41" HPOS="317" VPOS="2864" HEIGHT="537" WIDTH="878">
            <SP ID="Textword_16" HPOS="317" VPOS="2864" />
            <String ID="Textword_106" HPOS="317" VPOS="2864" HEIGHT="537" WIDTH="878" CONTENT=" " WC="0.95" />
          </TextLine>
        </TextBlock>
        <TextBlock ID="TextBlock_32" HPOS="1304" VPOS="3382" HEIGHT="43" WIDTH="691">
          <TextLine ID="TextLine_42" HPOS="1304" VPOS="3382" HEIGHT="43" WIDTH="691">
            <String ID="Textword_107" HPOS="1304" VPOS="3395" HEIGHT="30" WIDTH="107" CONTENT="Muster," WC="0.92" />
            <String ID="Textword_108" HPOS="1434" VPOS="3391" HEIGHT="32" WIDTH="122" CONTENT="Kataloge" WC="0.92" />
            <String ID="Textword_109" HPOS="1575" VPOS="3389" HEIGHT="28" WIDTH="54" CONTENT="und" WC="0.93" />
            <String ID="Textword_110" HPOS="1648" VPOS="3385" HEIGHT="30" WIDTH="143" CONTENT="Preislisten" WC="0.91" />
            <String ID="Textword_111" HPOS="1810" VPOS="3390" HEIGHT="21" WIDTH="33" CONTENT="zu" WC="0.96" />
            <String ID="Textword_112" HPOS="1863" VPOS="3382" HEIGHT="29" WIDTH="132" CONTENT="Diensten." WC="0.92" />
          </TextLine>
        </TextBlock>
        <TextBlock ID="TextBlock_33" HPOS="383" VPOS="3474" HEIGHT="77" WIDTH="1532">
          <TextLine ID="TextLine_43" HPOS="383" VPOS="3474" HEIGHT="77" WIDTH="1532">
            <String ID="Textword_113" HPOS="383" VPOS="3481" HEIGHT="70" WIDTH="769" CONTENT="Mosterei-Genossenschaft" WC="0.88" />
            <String ID="Textword_114" HPOS="1188" VPOS="3486" HEIGHT="59" WIDTH="223" CONTENT="Egnach" WC="0.92" />
            <String ID="Textword_115" HPOS="1626" VPOS="3479" HEIGHT="38" WIDTH="49" CONTENT="Zu" WC="0.93" />
            <String ID="Textword_116" HPOS="1705" VPOS="3474" HEIGHT="40" WIDTH="210" CONTENT="verkaufen." WC="0.92" />
          </TextLine>
        </TextBlock>
        <TextBlock ID="TextBlock_34" HPOS="468" VPOS="3533" HEIGHT="211" WIDTH="1583">
          <TextLine ID="TextLine_44" HPOS="468" VPOS="3533" HEIGHT="211" WIDTH="1583">
            <String ID="Textword_117" HPOS="468" VPOS="3624" HEIGHT="104" WIDTH="136" CONTENT="Sisse" WC="0.72" />
            <String ID="Textword_118" HPOS="636" VPOS="3622" HEIGHT="122" WIDTH="248" CONTENT="Tharçauer" WC="0.51" />
            <String ID="Textword_119" HPOS="916" VPOS="3618" HEIGHT="102" WIDTH="137" CONTENT="Mosie" WC="0.33" />
            <String ID="Textword_120" HPOS="1085" VPOS="3614" HEIGHT="103" WIDTH="86" CONTENT="und" WC="0.91" />
            <String ID="Textword_121" HPOS="1203" VPOS="3612" HEIGHT="103" WIDTH="112" CONTENT="Säle" WC="0.40" />
            <String ID="Textword_122" HPOS="1361" VPOS="3644" HEIGHT="38" WIDTH="107" CONTENT="=" WC="0.78" />
            <String ID="Textword_123" HPOS="1497" VPOS="3539" HEIGHT="189" WIDTH="110" CONTENT="40" WC="0.92" />
            <String ID="Textword_124" HPOS="1613" VPOS="3533" HEIGHT="194" WIDTH="438" CONTENT="AKTIEN" WC="0.96" />
          </TextLine>
        </TextBlock>
        <TextBlock ID="TextBlock_35" HPOS="484" VPOS="3741" HEIGHT="52" WIDTH="1309">
          <TextLine ID="TextLine_45" HPOS="484" VPOS="3741" HEIGHT="52" WIDTH="1309">
            <String ID="Textword_125" HPOS="484" VPOS="3758" HEIGHT="35" WIDTH="184" CONTENT="Leihgebinde" WC="0.92" />
            <String ID="Textword_126" HPOS="687" VPOS="3765" HEIGHT="19" WIDTH="53" CONTENT="von" WC="0.96" />
            <String ID="Textword_127" HPOS="760" VPOS="3756" HEIGHT="26" WIDTH="33" CONTENT="70" WC="0.93" />
            <String ID="Textword_128" HPOS="813" VPOS="3755" HEIGHT="26" WIDTH="74" CONTENT="Liter" WC="0.93" />
            <String ID="Textword_129" HPOS="908" VPOS="3762" HEIGHT="18" WIDTH="33" CONTENT="an" WC="0.97" />
            <String ID="Textword_130" HPOS="960" VPOS="3753" HEIGHT="34" WIDTH="88" CONTENT="gratis" WC="0.96" />
            <String ID="Textword_131" HPOS="1066" VPOS="3758" HEIGHT="27" WIDTH="51" CONTENT="zur" WC="0.96" />
            <String ID="Textword_132" HPOS="1136" VPOS="3748" HEIGHT="34" WIDTH="172" CONTENT="Verfügung." WC="0.92" />
            <String ID="Textword_133" HPOS="1382" VPOS="3743" HEIGHT="27" WIDTH="50" CONTENT="207" WC="0.92" />
            <String ID="Textword_134" HPOS="1499" VPOS="3749" HEIGHT="24" WIDTH="15" CONTENT="|à" WC="0.80" />
            <String ID="Textword_135" HPOS="1536" VPOS="3747" HEIGHT="25" WIDTH="45" CONTENT="Fr." WC="0.92" />
            <String ID="Textword_136" HPOS="1596" VPOS="3745" HEIGHT="26" WIDTH="51" CONTENT="500" WC="0.93" />
            <String ID="Textword_137" HPOS="1666" VPOS="3741" HEIGHT="29" WIDTH="127" CONTENT="nominel." WC="0.92" />
          </TextLine>
        </TextBlock>
        <TextBlock ID="TextBlock_36" HPOS="329" VPOS="3781" HEIGHT="73" WIDTH="1726">
          <TextLine ID="TextLine_46" HPOS="329" VPOS="3781" HEIGHT="73" WIDTH="1726">
            <String ID="Textword_138" HPOS="329" VPOS="3815" HEIGHT="34" WIDTH="104" CONTENT="Prima" WC="0.90" />
            <String ID="Textword_139" HPOS="456" VPOS="3811" HEIGHT="43" WIDTH="188" CONTENT="Tafeläpfel." WC="0.67" />
            <String ID="Textword_140" HPOS="738" VPOS="3818" HEIGHT="24" WIDTH="172" CONTENT="—:—:—" WC="0.63" />
            <String ID="Textword_141" HPOS="1002" VPOS="3804" HEIGHT="33" WIDTH="113" CONTENT=" Reinen" WC="0.53" />
            <String ID="Textword_142" HPOS="1132" VPOS="3796" HEIGHT="39" WIDTH="335" CONTENT="Tresterbranntwein." WC="0.69" />
            <String ID="Textword_143" HPOS="1499" VPOS="3827" HEIGHT="25" WIDTH="16" CONTENT="|," WC="0.69" />
            <String ID="Textword_144" HPOS="1536" VPOS="3790" HEIGHT="63" WIDTH="65" CONTENT="Gea." WC="0.49" />
            <String ID="Textword_145" HPOS="1623" VPOS="3788" HEIGHT="27" WIDTH="121" CONTENT="Offerten" WC="0.93" />
            <String ID="Textword_146" HPOS="1771" VPOS="3793" HEIGHT="18" WIDTH="35" CONTENT="an" WC="0.96" />
            <String ID="Textword_147" HPOS="1828" VPOS="3784" HEIGHT="25" WIDTH="43" CONTENT="die" WC="0.95" />
            <String ID="Textword_148" HPOS="1890" VPOS="3781" HEIGHT="35" WIDTH="165" CONTENT="Expedition" WC="0.95" />
          </TextLine>
        </TextBlock>
        <TextBlock ID="TextBlock_37" HPOS="1499" VPOS="3898" HEIGHT="187" WIDTH="558">
          <TextLine ID="TextLine_47" HPOS="1499" VPOS="3898" HEIGHT="187" WIDTH="558">
            <String ID="Textword_149" HPOS="1499" VPOS="3898" HEIGHT="187" WIDTH="558" CONTENT="Kassen-Schrank" WC="0.32" />
          </TextLine>
        </TextBlock>
        <TextBlock ID="TextBlock_38" HPOS="1500" VPOS="4111" HEIGHT="115" WIDTH="555">
          <TextLine ID="TextLine_48" HPOS="1500" VPOS="4111" HEIGHT="44" WIDTH="555">
            <String ID="Textword_150" HPOS="1500" VPOS="4129" HEIGHT="26" WIDTH="71" CONTENT="ganz" WC="0.96" />
            <String ID="Textword_151" HPOS="1590" VPOS="4127" HEIGHT="26" WIDTH="62" CONTENT="neu," WC="0.96" />
            <String ID="Textword_152" HPOS="1671" VPOS="4114" HEIGHT="30" WIDTH="189" CONTENT="Verhältnisse" WC="0.96" />
            <String ID="Textword_153" HPOS="1885" VPOS="4112" HEIGHT="27" WIDTH="95" CONTENT="halber" WC="0.96" />
            <String ID="Textword_154" HPOS="2004" VPOS="4111" HEIGHT="26" WIDTH="51" CONTENT="mit" WC="0.95" />
          </TextLine>
          <TextLine ID="TextLine_49" HPOS="1500" VPOS="4149" HEIGHT="40" WIDTH="510">
            <String ID="Textword_155" HPOS="1500" VPOS="4159" HEIGHT="24" WIDTH="85" CONTENT="etwas" WC="0.95" />
            <String ID="Textword_156" HPOS="1606" VPOS="4153" HEIGHT="32" WIDTH="148" CONTENT="Einschlag" WC="0.96" />
            <String ID="Textword_157" HPOS="1773" VPOS="4158" HEIGHT="18" WIDTH="31" CONTENT="zu" WC="0.96" />
            <String ID="Textword_158" HPOS="1825" VPOS="4149" HEIGHT="40" WIDTH="185" CONTENT="verkaufen." WC="0.87" />
          </TextLine>
          <TextLine ID="TextLine_50" HPOS="1537" VPOS="4192" HEIGHT="34" WIDTH="518">
            <String ID="Textword_159" HPOS="1537" VPOS="4199" HEIGHT="27" WIDTH="66" CONTENT="Gefl." WC="0.91" />
            <String ID="Textword_160" HPOS="1617" VPOS="4199" HEIGHT="26" WIDTH="121" CONTENT="Offerten" WC="0.96" />
            <String ID="Textword_161" HPOS="1760" VPOS="4195" HEIGHT="26" WIDTH="111" CONTENT="erbeten" WC="0.96" />
            <String ID="Textword_162" HPOS="1891" VPOS="4202" HEIGHT="18" WIDTH="34" CONTENT="an" WC="0.96" />
            <String ID="Textword_163" HPOS="1946" VPOS="4193" HEIGHT="26" WIDTH="42" CONTENT="die" WC="0.93" />
            <String ID="Textword_164" HPOS="2003" VPOS="4192" HEIGHT="26" WIDTH="52" CONTENT="Ex-" WC="0.92" />
          </TextLine>
        </TextBlock>
        <TextBlock ID="TextBlock_39" HPOS="558" VPOS="4102" HEIGHT="167" WIDTH="1172">
          <TextLine ID="TextLine_51" HPOS="558" VPOS="4102" HEIGHT="167" WIDTH="1172">
            <String ID="Textword_165" HPOS="558" VPOS="4109" HEIGHT="153" WIDTH="84" CONTENT="(i" WC="0.59" />
            <String ID="Textword_166" HPOS="653" VPOS="4109" HEIGHT="149" WIDTH="180" CONTENT="las" WC="0.88" />
            <String ID="Textword_167" HPOS="841" VPOS="4106" HEIGHT="148" WIDTH="139" CONTENT="Ko" WC="0.80" />
            <String ID="Textword_168" HPOS="990" VPOS="4103" HEIGHT="149" WIDTH="31" CONTENT="i" WC="0.79" />
            <String ID="Textword_169" HPOS="1031" VPOS="4102" HEIGHT="150" WIDTH="65" CONTENT="b" WC="0.69" />
            <String ID="Textword_170" HPOS="1106" VPOS="4141" HEIGHT="109" WIDTH="64" CONTENT="e" WC="0.32" />
            <String ID="Textword_171" HPOS="1180" VPOS="4141" HEIGHT="107" WIDTH="64" CONTENT="|" WC="0.83" />
            <String ID="Textword_172" HPOS="1500" VPOS="4235" HEIGHT="34" WIDTH="124" CONTENT="pedition" WC="0.92" />
            <String ID="Textword_173" HPOS="1644" VPOS="4235" HEIGHT="25" WIDTH="25" CONTENT="d." WC="0.93" />
            <String ID="Textword_174" HPOS="1691" VPOS="4233" HEIGHT="26" WIDTH="39" CONTENT="BI." WC="0.48" />
          </TextLine>
        </TextBlock>
        <TextBlock ID="TextBlock_40" HPOS="332" VPOS="4292" HEIGHT="181" WIDTH="1728">
          <TextLine ID="TextLine_52" HPOS="332" VPOS="4292" HEIGHT="63" WIDTH="925">
            <String ID="Textword_175" HPOS="332" VPOS="4310" HEIGHT="40" WIDTH="58" CONTENT="für" WC="0.93" />
            <String ID="Textword_176" HPOS="419" VPOS="4302" HEIGHT="53" WIDTH="409" CONTENT="Glühlampenfabriken," WC="0.91" />
            <String ID="Textword_177" HPOS="864" VPOS="4299" HEIGHT="38" WIDTH="33" CONTENT="in" WC="0.91" />
            <String ID="Textword_178" HPOS="929" VPOS="4298" HEIGHT="38" WIDTH="138" CONTENT="bestem" WC="0.90" />
            <String ID="Textword_179" HPOS="1099" VPOS="4292" HEIGHT="48" WIDTH="158" CONTENT="Cristall," WC="0.90" />
          </TextLine>
          <TextLine ID="TextLine_53" HPOS="332" VPOS="4315" HEIGHT="97" WIDTH="1728">
            <String ID="Textword_180" HPOS="332" VPOS="4364" HEIGHT="39" WIDTH="49" CONTENT="50" WC="0.92" />
            <String ID="Textword_181" HPOS="398" VPOS="4370" HEIGHT="42" WIDTH="42" CONTENT="°/" WC="0.73" />
            <String ID="Textword_182" HPOS="461" VPOS="4356" HEIGHT="52" WIDTH="263" CONTENT="Gasersparnis" WC="0.90" />
            <String ID="Textword_183" HPOS="756" VPOS="4352" HEIGHT="52" WIDTH="205" CONTENT="gegenüber" WC="0.96" />
            <String ID="Textword_184" HPOS="981" VPOS="4346" HEIGHT="43" WIDTH="293" CONTENT="ausländischem" WC="0.89" />
            <String ID="Textword_185" HPOS="1293" VPOS="4343" HEIGHT="47" WIDTH="178" CONTENT="Fabrikat," WC="0.95" />
            <String ID="Textword_186" HPOS="1504" VPOS="4315" HEIGHT="63" WIDTH="556" CONTENT="A" WC="0.33" />
          </TextLine>
          <TextLine ID="TextLine_54" HPOS="1717" VPOS="4407" HEIGHT="66" WIDTH="297">
            <String ID="Textword_187" HPOS="1717" VPOS="4414" HEIGHT="59" WIDTH="151" CONTENT="arwirkungu" WC="0.37" />
            <String ID="Textword_188" HPOS="1870" VPOS="4407" HEIGHT="64" WIDTH="144" CONTENT="Verwertung" WC="0.68" />
          </TextLine>
        </TextBlock>
        <TextBlock ID="TextBlock_41" HPOS="408" VPOS="4410" HEIGHT="165" WIDTH="1576">
          <TextLine ID="TextLine_55" HPOS="842" VPOS="4410" HEIGHT="39" WIDTH="748">
            <String ID="Textword_189" HPOS="842" VPOS="4421" HEIGHT="28" WIDTH="92" CONTENT="liefert" WC="0.89" />
            <String ID="Textword_190" HPOS="953" VPOS="4419" HEIGHT="27" WIDTH="43" CONTENT="die" WC="0.93" />
            <String ID="Textword_191" HPOS="1588" VPOS="4410" HEIGHT="2" WIDTH="2" CONTENT="i" WC="0.51" />
          </TextLine>
          <TextLine ID="TextLine_56" HPOS="560" VPOS="4432" HEIGHT="74" WIDTH="1420">
            <String ID="Textword_192" HPOS="560" VPOS="4485" HEIGHT="11" WIDTH="26" CONTENT="un" WC="0.86" />
            <String ID="Textword_193" HPOS="969" VPOS="4474" HEIGHT="10" WIDTH="11" CONTENT=":" WC="0.56" />
            <String ID="Textword_194" HPOS="1537" VPOS="4432" HEIGHT="74" WIDTH="85" CONTENT="rat" WC="0.73" />
            <String ID="Textword_195" HPOS="1768" VPOS="4493" HEIGHT="2" WIDTH="3" CONTENT="|" WC="0.75" />
            <String ID="Textword_196" HPOS="1914" VPOS="4482" HEIGHT="9" WIDTH="66" CONTENT="vertu" WC="0.36" />
          </TextLine>
          <TextLine ID="TextLine_57" HPOS="408" VPOS="4431" HEIGHT="144" WIDTH="1576">
            <String ID="Textword_197" HPOS="408" VPOS="4483" HEIGHT="92" WIDTH="262" CONTENT="Glashütte" WC="0.96" />
            <String ID="Textword_198" HPOS="697" VPOS="4480" HEIGHT="56" WIDTH="140" CONTENT="Olten" WC="0.96" />
            <String ID="Textword_199" HPOS="865" VPOS="4466" HEIGHT="77" WIDTH="533" CONTENT="Aktiengesellschaft." WC="0.90" />
            <String ID="Textword_200" HPOS="1519" VPOS="4534" HEIGHT="1" WIDTH="4" CONTENT="||" WC="0.91" />
            <String ID="Textword_201" HPOS="1563" VPOS="4431" HEIGHT="126" WIDTH="192" CONTENT="âtents" WC="0.72" />
            <String ID="Textword_202" HPOS="1758" VPOS="4469" HEIGHT="86" WIDTH="226" CONTENT="NES" WC="0.25" />
          </TextLine>
        </TextBlock>
        <TextBlock ID="TextBlock_42" HPOS="1543" VPOS="4556" HEIGHT="53" WIDTH="456">
          <TextLine ID="TextLine_58" HPOS="1543" VPOS="4556" HEIGHT="53" WIDTH="456">
            <String ID="Textword_203" HPOS="1543" VPOS="4563" HEIGHT="46" WIDTH="100" CONTENT="ZÜRICH" WC="0.94" />
            <String ID="Textword_204" HPOS="1656" VPOS="4562" HEIGHT="33" WIDTH="14" CONTENT="I," WC="0.46" />
            <String ID="Textword_205" HPOS="1680" VPOS="4560" HEIGHT="47" WIDTH="141" CONTENT="Sonnenquai" WC="0.85" />
            <String ID="Textword_206" HPOS="1830" VPOS="4559" HEIGHT="29" WIDTH="25" CONTENT="10" WC="0.92" />
            <String ID="Textword_207" HPOS="1863" VPOS="4556" HEIGHT="32" WIDTH="136" CONTENT="(Zürcherhof)" WC="0.85" />
          </TextLine>
        </TextBlock>
        <TextBlock ID="TextBlock_43" HPOS="326" VPOS="3662" HEIGHT="44" WIDTH="106">
          <TextLine ID="TextLine_59" HPOS="326" VPOS="3662" HEIGHT="44" WIDTH="106">
            <String ID="Textword_208" HPOS="326" VPOS="3662" HEIGHT="44" WIDTH="106" CONTENT="Il" WC="0.45" />
          </TextLine>
        </TextBlock>
        <TextBlock ID="TextBlock_44" HPOS="1362" VPOS="3684" HEIGHT="5" WIDTH="106">
          <TextLine ID="TextLine_60" HPOS="1362" VPOS="3684" HEIGHT="5" WIDTH="106">
            <SP ID="Textword_17" HPOS="1362" VPOS="3684" />
            <String ID="Textword_209" HPOS="1362" VPOS="3684" HEIGHT="5" WIDTH="106" CONTENT=" " WC="0.95" />
          </TextLine>
        </TextBlock>
        <TextBlock ID="TextBlock_45" HPOS="334" VPOS="3912" HEIGHT="37" WIDTH="1137">
          <TextLine ID="TextLine_61" HPOS="334" VPOS="3912" HEIGHT="37" WIDTH="1137">
            <SP ID="Textword_18" HPOS="334" VPOS="3912" />
            <String ID="Textword_210" HPOS="334" VPOS="3912" HEIGHT="37" WIDTH="1137" CONTENT=" " WC="0.95" />
          </TextLine>
        </TextBlock>
        <TextBlock ID="TextBlock_46" HPOS="1554" VPOS="4057" HEIGHT="16" WIDTH="503">
          <TextLine ID="TextLine_62" HPOS="1554" VPOS="4057" HEIGHT="16" WIDTH="503">
            <SP ID="Textword_19" HPOS="1554" VPOS="4057" />
            <String ID="Textword_211" HPOS="1554" VPOS="4057" HEIGHT="16" WIDTH="503" CONTENT=" " WC="0.95" />
          </TextLine>
        </TextBlock>
        <TextBlock ID="TextBlock_47" HPOS="1555" VPOS="4067" HEIGHT="15" WIDTH="503">
          <TextLine ID="TextLine_63" HPOS="1555" VPOS="4067" HEIGHT="15" WIDTH="503">
            <SP ID="Textword_20" HPOS="1555" VPOS="4067" />
            <String ID="Textword_212" HPOS="1555" VPOS="4067" HEIGHT="15" WIDTH="503" CONTENT=" " WC="0.95" />
          </TextLine>
        </TextBlock>
        <TextBlock ID="TextBlock_48" HPOS="1503" VPOS="4280" HEIGHT="15" WIDTH="557">
          <TextLine ID="TextLine_64" HPOS="1503" VPOS="4280" HEIGHT="15" WIDTH="557">
            <SP ID="Textword_21" HPOS="1503" VPOS="4280" />
            <String ID="Textword_213" HPOS="1503" VPOS="4280" HEIGHT="15" WIDTH="557" CONTENT=" " WC="0.95" />
          </TextLine>
        </TextBlock>
        <TextBlock ID="TextBlock_49" HPOS="1512" VPOS="4402" HEIGHT="199" WIDTH="522">
          <TextLine ID="TextLine_65" HPOS="1512" VPOS="4402" HEIGHT="199" WIDTH="522">
            <SP ID="Textword_22" HPOS="1512" VPOS="4402" />
            <String ID="Textword_214" HPOS="1512" VPOS="4402" HEIGHT="199" WIDTH="522" CONTENT="       " WC="0.95" />
          </TextLine>
        </TextBlock>
        <TextBlock ID="TextBlock_50" HPOS="1512" VPOS="4580" HEIGHT="41" WIDTH="481">
          <TextLine ID="TextLine_66" HPOS="1512" VPOS="4580" HEIGHT="41" WIDTH="481">
            <SP ID="Textword_23" HPOS="1512" VPOS="4580" />
            <String ID="Textword_215" HPOS="1512" VPOS="4580" HEIGHT="41" WIDTH="31" CONTENT=" " WC="0.95" />
            <SP ID="Textword_24" HPOS="1987" VPOS="4580" />
            <String ID="Textword_216" HPOS="1987" VPOS="4580" HEIGHT="21" WIDTH="6" CONTENT=" " WC="0.95" />
          </TextLine>
        </TextBlock>
        <TextBlock ID="TextBlock_51" HPOS="1481" VPOS="3483" HEIGHT="1206" WIDTH="15">
          <TextLine ID="TextLine_67" HPOS="1481" VPOS="3483" HEIGHT="1206" WIDTH="15">
            <SP ID="Textword_25" HPOS="1481" VPOS="3483" />
            <String ID="Textword_217" HPOS="1481" VPOS="3483" HEIGHT="1206" WIDTH="15" CONTENT=" " WC="0.95" />
          </TextLine>
        </TextBlock>
        <TextBlock ID="TextBlock_52" HPOS="343" VPOS="4676" HEIGHT="40" WIDTH="1135">
          <TextLine ID="TextLine_68" HPOS="343" VPOS="4676" HEIGHT="40" WIDTH="1135">
            <SP ID="Textword_26" HPOS="343" VPOS="4676" />
            <String ID="Textword_218" HPOS="343" VPOS="4676" HEIGHT="40" WIDTH="1135" CONTENT=" " WC="0.95" />
          </TextLine>
        </TextBlock>
        <TextBlock ID="TextBlock_53" HPOS="3202" VPOS="0" HEIGHT="228" WIDTH="144">
          <TextLine ID="TextLine_69" HPOS="3202" VPOS="0" HEIGHT="228" WIDTH="144">
            <SP ID="Textword_27" HPOS="3202" VPOS="0" />
            <String ID="Textword_219" HPOS="3202" VPOS="0" HEIGHT="228" WIDTH="144" CONTENT=" " WC="0.95" />
          </TextLine>
        </TextBlock>
        <TextBlock ID="TextBlock_54" HPOS="2060" VPOS="407" HEIGHT="23" WIDTH="1163">
          <TextLine ID="TextLine_70" HPOS="2060" VPOS="407" HEIGHT="23" WIDTH="1163">
            <SP ID="Textword_28" HPOS="2060" VPOS="407" />
            <String ID="Textword_220" HPOS="2060" VPOS="407" HEIGHT="23" WIDTH="1163" CONTENT=" " WC="0.95" />
          </TextLine>
        </TextBlock>
        <TextBlock ID="TextBlock_55" HPOS="2135" VPOS="441" HEIGHT="163" WIDTH="147">
          <TextLine ID="TextLine_71" HPOS="2135" VPOS="441" HEIGHT="163" WIDTH="147">
            <SP ID="Textword_29" HPOS="2135" VPOS="441" />
            <String ID="Textword_221" HPOS="2135" VPOS="441" HEIGHT="163" WIDTH="147" CONTENT=" " WC="0.95" />
          </TextLine>
        </TextBlock>
        <TextBlock ID="TextBlock_56" HPOS="2502" VPOS="622" HEIGHT="112" WIDTH="5">
          <TextLine ID="TextLine_72" HPOS="2502" VPOS="622" HEIGHT="112" WIDTH="5">
            <SP ID="Textword_30" HPOS="2502" VPOS="622" />
            <String ID="Textword_222" HPOS="2502" VPOS="622" HEIGHT="112" WIDTH="5" CONTENT=" " WC="0.95" />
          </TextLine>
        </TextBlock>
        <TextBlock ID="TextBlock_57" HPOS="2401" VPOS="637" HEIGHT="118" WIDTH="8">
          <TextLine ID="TextLine_73" HPOS="2401" VPOS="637" HEIGHT="118" WIDTH="8">
            <SP ID="Textword_31" HPOS="2401" VPOS="637" />
            <String ID="Textword_223" HPOS="2401" VPOS="637" HEIGHT="118" WIDTH="8" CONTENT=" " WC="0.95" />
          </TextLine>
        </TextBlock>
        <TextBlock ID="TextBlock_58" HPOS="2402" VPOS="731" HEIGHT="4" WIDTH="105">
          <TextLine ID="TextLine_74" HPOS="2402" VPOS="731" HEIGHT="4" WIDTH="105">
            <SP ID="Textword_32" HPOS="2402" VPOS="731" />
            <String ID="Textword_224" HPOS="2402" VPOS="731" HEIGHT="4" WIDTH="105" CONTENT=" " WC="0.95" />
          </TextLine>
        </TextBlock>
        <TextBlock ID="TextBlock_59" HPOS="2293" VPOS="748" HEIGHT="8" WIDTH="117">
          <TextLine ID="TextLine_75" HPOS="2293" VPOS="748" HEIGHT="8" WIDTH="117">
            <SP ID="Textword_33" HPOS="2293" VPOS="748" />
            <String ID="Textword_225" HPOS="2293" VPOS="748" HEIGHT="8" WIDTH="117" CONTENT=" " WC="0.95" />
          </TextLine>
        </TextBlock>
        <TextBlock ID="TextBlock_60" HPOS="2122" VPOS="510" HEIGHT="280" WIDTH="13">
          <TextLine ID="TextLine_76" HPOS="2122" VPOS="510" HEIGHT="280" WIDTH="13">
            <SP ID="Textword_34" HPOS="2122" VPOS="510" />
            <String ID="Textword_226" HPOS="2122" VPOS="510" HEIGHT="280" WIDTH="13" CONTENT=" " WC="0.95" />
          </TextLine>
        </TextBlock>
        <TextBlock ID="TextBlock_61" HPOS="2291" VPOS="633" HEIGHT="154" WIDTH="8">
          <TextLine ID="TextLine_77" HPOS="2291" VPOS="633" HEIGHT="154" WIDTH="8">
            <SP ID="Textword_35" HPOS="2291" VPOS="633" />
            <String ID="Textword_227" HPOS="2291" VPOS="633" HEIGHT="154" WIDTH="8" CONTENT=" " WC="0.95" />
          </TextLine>
        </TextBlock>
        <TextBlock ID="TextBlock_62" HPOS="2127" VPOS="782" HEIGHT="8" WIDTH="173">
          <TextLine ID="TextLine_78" HPOS="2127" VPOS="782" HEIGHT="8" WIDTH="173">
            <SP ID="Textword_36" HPOS="2127" VPOS="782" />
            <String ID="Textword_228" HPOS="2127" VPOS="782" HEIGHT="8" WIDTH="173" CONTENT=" " WC="0.95" />
          </TextLine>
        </TextBlock>
        <TextBlock ID="TextBlock_63" HPOS="2751" VPOS="872" HEIGHT="36" WIDTH="403">
          <TextLine ID="TextLine_79" HPOS="2751" VPOS="872" HEIGHT="36" WIDTH="403">
            <SP ID="Textword_37" HPOS="2751" VPOS="872" />
            <String ID="Textword_229" HPOS="2751" VPOS="872" HEIGHT="36" WIDTH="403" CONTENT=" " WC="0.95" />
          </TextLine>
        </TextBlock>
        <TextBlock ID="TextBlock_64" HPOS="2064" VPOS="423" HEIGHT="612" WIDTH="19">
          <TextLine ID="TextLine_80" HPOS="2064" VPOS="423" HEIGHT="612" WIDTH="19">
            <SP ID="Textword_38" HPOS="2064" VPOS="423" />
            <String ID="Textword_230" HPOS="2064" VPOS="423" HEIGHT="612" WIDTH="19" CONTENT=" " WC="0.95" />
          </TextLine>
        </TextBlock>
        <TextBlock ID="TextBlock_65" HPOS="2164" VPOS="929" HEIGHT="87" WIDTH="970">
          <TextLine ID="TextLine_81" HPOS="2164" VPOS="929" HEIGHT="87" WIDTH="970">
            <String ID="Textword_231" HPOS="2164" VPOS="954" HEIGHT="62" WIDTH="465" CONTENT="THALWIL" WC="0.87" />
            <String ID="Textword_232" HPOS="2650" VPOS="968" HEIGHT="22" WIDTH="56" CONTENT="=-" WC="0.33" />
            <String ID="Textword_233" HPOS="2720" VPOS="929" HEIGHT="79" WIDTH="414" CONTENT="ZÜRICH" WC="0.64" />
          </TextLine>
        </TextBlock>
        <TextBlock ID="TextBlock_66" HPOS="3214" VPOS="411" HEIGHT="611" WIDTH="26">
          <TextLine ID="TextLine_82" HPOS="3214" VPOS="411" HEIGHT="611" WIDTH="26">
            <SP ID="Textword_39" HPOS="3214" VPOS="411" />
            <String ID="Textword_234" HPOS="3214" VPOS="411" HEIGHT="611" WIDTH="26" CONTENT=" " WC="0.95" />
          </TextLine>
        </TextBlock>
        <TextBlock ID="TextBlock_67" HPOS="2072" VPOS="1012" HEIGHT="23" WIDTH="1162">
          <TextLine ID="TextLine_83" HPOS="2072" VPOS="1012" HEIGHT="23" WIDTH="1162">
            <SP ID="Textword_40" HPOS="2072" VPOS="1012" />
            <String ID="Textword_235" HPOS="2072" VPOS="1012" HEIGHT="23" WIDTH="1162" CONTENT=" " WC="0.95" />
          </TextLine>
        </TextBlock>
        <TextBlock ID="TextBlock_68" HPOS="2066" VPOS="1056" HEIGHT="18" WIDTH="1143">
          <TextLine ID="TextLine_84" HPOS="2066" VPOS="1056" HEIGHT="18" WIDTH="1143">
            <SP ID="Textword_41" HPOS="2066" VPOS="1056" />
            <String ID="Textword_236" HPOS="2066" VPOS="1056" HEIGHT="18" WIDTH="1143" CONTENT=" " WC="0.95" />
          </TextLine>
        </TextBlock>
        <TextBlock ID="TextBlock_69" HPOS="2864" VPOS="1181" HEIGHT="89" WIDTH="324">
          <TextLine ID="TextLine_85" HPOS="2864" VPOS="1181" HEIGHT="89" WIDTH="324">
            <String ID="Textword_237" HPOS="2864" VPOS="1185" HEIGHT="85" WIDTH="69" CONTENT="G." WC="0.92" />
            <String ID="Textword_238" HPOS="2971" VPOS="1181" HEIGHT="87" WIDTH="217" CONTENT="BOPP" WC="0.93" />
          </TextLine>
        </TextBlock>
        <TextBlock ID="TextBlock_70" HPOS="2780" VPOS="1298" HEIGHT="181" WIDTH="431">
          <TextLine ID="TextLine_86" HPOS="2837" VPOS="1298" HEIGHT="40" WIDTH="373">
            <String ID="Textword_239" HPOS="2837" VPOS="1302" HEIGHT="36" WIDTH="234" CONTENT="Schaffhausen" WC="0.81" />
            <String ID="Textword_240" HPOS="3080" VPOS="1319" HEIGHT="5" WIDTH="11" CONTENT="-" WC="0.88" />
            <String ID="Textword_241" HPOS="3099" VPOS="1298" HEIGHT="34" WIDTH="111" CONTENT="Hallau" WC="0.91" />
          </TextLine>
          <TextLine ID="TextLine_87" HPOS="2896" VPOS="1357" HEIGHT="26" WIDTH="243">
            <String ID="Textword_242" HPOS="2896" VPOS="1357" HEIGHT="26" WIDTH="243" CONTENT="Draht-Gitter" WC="0.91" />
          </TextLine>
          <TextLine ID="TextLine_88" HPOS="2780" VPOS="1400" HEIGHT="34" WIDTH="431">
            <String ID="Textword_243" HPOS="2780" VPOS="1429" HEIGHT="5" WIDTH="16" CONTENT="+" WC="0.34" />
            <String ID="Textword_244" HPOS="2837" VPOS="1403" HEIGHT="29" WIDTH="183" CONTENT="Geflechte," WC="0.68" />
            <String ID="Textword_245" HPOS="3036" VPOS="1401" HEIGHT="25" WIDTH="99" CONTENT="Siebe" WC="0.88" />
            <String ID="Textword_246" HPOS="3148" VPOS="1400" HEIGHT="24" WIDTH="63" CONTENT="etc." WC="0.96" />
          </TextLine>
          <TextLine ID="TextLine_89" HPOS="2809" VPOS="1446" HEIGHT="33" WIDTH="368">
            <String ID="Textword_247" HPOS="2809" VPOS="1446" HEIGHT="1" WIDTH="3" CONTENT="”" WC="0.80" />
            <String ID="Textword_248" HPOS="2870" VPOS="1450" HEIGHT="25" WIDTH="80" CONTENT="Beste" WC="0.62" />
            <String ID="Textword_249" HPOS="2969" VPOS="1446" HEIGHT="33" WIDTH="208" CONTENT="Bezugsquelle." WC="0.95" />
          </TextLine>
        </TextBlock>
        <TextBlock ID="TextBlock_71" HPOS="2063" VPOS="1112" HEIGHT="360" WIDTH="771">
          <TextLine ID="TextLine_90" HPOS="2063" VPOS="1112" HEIGHT="360" WIDTH="771">
            <SP ID="Textword_42" HPOS="2063" VPOS="1112" />
            <String ID="Textword_250" HPOS="2063" VPOS="1112" HEIGHT="360" WIDTH="771" CONTENT=" " WC="0.95" />
          </TextLine>
        </TextBlock>
        <TextBlock ID="TextBlock_72" HPOS="2070" VPOS="1539" HEIGHT="27" WIDTH="1144">
          <TextLine ID="TextLine_91" HPOS="2070" VPOS="1539" HEIGHT="27" WIDTH="1144">
            <SP ID="Textword_43" HPOS="2070" VPOS="1539" />
            <String ID="Textword_251" HPOS="2070" VPOS="1539" HEIGHT="27" WIDTH="1144" CONTENT=" " WC="0.95" />
          </TextLine>
        </TextBlock>
        <TextBlock ID="TextBlock_73" HPOS="2034" VPOS="1569" HEIGHT="96" WIDTH="1174">
          <TextLine ID="TextLine_92" HPOS="2034" VPOS="1569" HEIGHT="96" WIDTH="1174">
            <String ID="Textword_252" HPOS="2034" VPOS="1588" HEIGHT="66" WIDTH="223" CONTENT="|Renfer" WC="0.61" />
            <String ID="Textword_253" HPOS="2283" VPOS="1586" HEIGHT="65" WIDTH="54" CONTENT="&amp;" WC="0.93" />
            <String ID="Textword_254" HPOS="2371" VPOS="1584" HEIGHT="81" WIDTH="118" CONTENT="Cie," WC="0.85" />
            <String ID="Textword_255" HPOS="2537" VPOS="1579" HEIGHT="83" WIDTH="150" CONTENT="A.-G.," WC="0.90" />
            <String ID="Textword_256" HPOS="2739" VPOS="1576" HEIGHT="83" WIDTH="255" CONTENT="Bözingen" WC="0.91" />
            <String ID="Textword_257" HPOS="3030" VPOS="1573" HEIGHT="64" WIDTH="46" CONTENT="b." WC="0.91" />
            <String ID="Textword_258" HPOS="3103" VPOS="1569" HEIGHT="67" WIDTH="105" CONTENT="Biel" WC="0.96" />
          </TextLine>
        </TextBlock>
        <TextBlock ID="TextBlock_74" HPOS="2074" VPOS="1663" HEIGHT="263" WIDTH="1133">
          <TextLine ID="TextLine_93" HPOS="2432" VPOS="1663" HEIGHT="48" WIDTH="423">
            <String ID="Textword_259" HPOS="2432" VPOS="1667" HEIGHT="44" WIDTH="183" CONTENT="Sägereien," WC="0.92" />
            <String ID="Textword_260" HPOS="2641" VPOS="1663" HEIGHT="44" WIDTH="214" CONTENT="Parqueterie." WC="0.92" />
          </TextLine>
          <TextLine ID="TextLine_94" HPOS="2074" VPOS="1709" HEIGHT="69" WIDTH="1133">
            <String ID="Textword_261" HPOS="2074" VPOS="1727" HEIGHT="51" WIDTH="182" CONTENT="Ausgedehntes" WC="0.86" />
            <String ID="Textword_262" HPOS="2276" VPOS="1726" HEIGHT="49" WIDTH="77" CONTENT="Lager" WC="0.94" />
            <String ID="Textword_263" HPOS="2372" VPOS="1725" HEIGHT="41" WIDTH="24" CONTENT="in" WC="0.92" />
            <String ID="Textword_264" HPOS="2416" VPOS="1722" HEIGHT="44" WIDTH="64" CONTENT="allen" WC="0.92" />
            <String ID="Textword_265" HPOS="2500" VPOS="1720" HEIGHT="44" WIDTH="134" CONTENT="Holzarten." WC="0.86" />
            <String ID="Textword_266" HPOS="2663" VPOS="1717" HEIGHT="45" WIDTH="176" CONTENT="Schnittwaren" WC="0.89" />
            <String ID="Textword_267" HPOS="2857" VPOS="1716" HEIGHT="42" WIDTH="25" CONTENT="in" WC="0.91" />
            <String ID="Textword_268" HPOS="2900" VPOS="1714" HEIGHT="43" WIDTH="108" CONTENT="Tannen-" WC="0.75" />
            <String ID="Textword_269" HPOS="3026" VPOS="1712" HEIGHT="43" WIDTH="50" CONTENT="und" WC="0.86" />
            <String ID="Textword_270" HPOS="3094" VPOS="1709" HEIGHT="45" WIDTH="113" CONTENT="Hartholz" WC="0.89" />
          </TextLine>
          <TextLine ID="TextLine_95" HPOS="2177" VPOS="1777" HEIGHT="44" WIDTH="756">
            <String ID="Textword_271" HPOS="2177" VPOS="1813" HEIGHT="2" WIDTH="4" CONTENT="-" WC="0.21" />
            <String ID="Textword_272" HPOS="2354" VPOS="1786" HEIGHT="32" WIDTH="143" CONTENT="Tannen-" WC="0.92" />
            <String ID="Textword_273" HPOS="2522" VPOS="1782" HEIGHT="33" WIDTH="59" CONTENT="und" WC="0.92" />
            <String ID="Textword_274" HPOS="2607" VPOS="1777" HEIGHT="44" WIDTH="326" CONTENT="Pitch-pine-Riemen." WC="0.90" />
          </TextLine>
          <TextLine ID="TextLine_96" HPOS="2097" VPOS="1826" HEIGHT="57" WIDTH="1095">
            <String ID="Textword_275" HPOS="2097" VPOS="1844" HEIGHT="39" WIDTH="213" CONTENT="Parquets" WC="0.91" />
            <String ID="Textword_276" HPOS="2326" VPOS="1840" HEIGHT="31" WIDTH="65" CONTENT="in" WC="0.93" />
            <String ID="Textword_277" HPOS="2423" VPOS="1836" HEIGHT="34" WIDTH="232" CONTENT="einfachen" WC="0.91" />
            <String ID="Textword_278" HPOS="2686" VPOS="1833" HEIGHT="32" WIDTH="67" CONTENT="bis" WC="0.92" />
            <String ID="Textword_279" HPOS="2784" VPOS="1832" HEIGHT="32" WIDTH="191" CONTENT="feinsten" WC="0.91" />
            <String ID="Textword_280" HPOS="3002" VPOS="1826" HEIGHT="34" WIDTH="190" CONTENT="Dessins." WC="0.90" />
          </TextLine>
          <TextLine ID="TextLine_97" HPOS="2430" VPOS="1884" HEIGHT="42" WIDTH="694">
            <String ID="Textword_281" HPOS="2430" VPOS="1890" HEIGHT="33" WIDTH="116" CONTENT="Grosse" WC="0.93" />
            <String ID="Textword_282" HPOS="2571" VPOS="1884" HEIGHT="42" WIDTH="290" CONTENT="Trockenanlagen." WC="0.90" />
            <String ID="Textword_283" HPOS="3121" VPOS="1888" HEIGHT="3" WIDTH="3" CONTENT="i" WC="0.67" />
          </TextLine>
        </TextBlock>
        <TextBlock ID="TextBlock_75" HPOS="2075" VPOS="1948" HEIGHT="25" WIDTH="1139">
          <TextLine ID="TextLine_98" HPOS="2075" VPOS="1948" HEIGHT="25" WIDTH="1139">
            <SP ID="Textword_44" HPOS="2075" VPOS="1948" />
            <String ID="Textword_284" HPOS="2075" VPOS="1948" HEIGHT="25" WIDTH="1139" CONTENT=" " WC="0.95" />
          </TextLine>
        </TextBlock>
        <TextBlock ID="TextBlock_76" HPOS="2366" VPOS="1999" HEIGHT="187" WIDTH="847">
          <TextLine ID="TextLine_99" HPOS="2366" VPOS="1999" HEIGHT="79" WIDTH="843">
            <String ID="Textword_285" HPOS="2366" VPOS="2006" HEIGHT="72" WIDTH="342" CONTENT="Maschinen," WC="0.93" />
            <String ID="Textword_286" HPOS="2713" VPOS="1999" HEIGHT="66" WIDTH="496" CONTENT="Transmissionen" WC="0.91" />
          </TextLine>
          <TextLine ID="TextLine_100" HPOS="2404" VPOS="2101" HEIGHT="85" WIDTH="809">
            <String ID="Textword_287" HPOS="2404" VPOS="2116" HEIGHT="70" WIDTH="159" CONTENT="Guss," WC="0.96" />
            <String ID="Textword_288" HPOS="2612" VPOS="2113" HEIGHT="60" WIDTH="163" CONTENT="Eisen" WC="0.96" />
            <String ID="Textword_289" HPOS="2825" VPOS="2107" HEIGHT="63" WIDTH="113" CONTENT="und" WC="0.96" />
            <String ID="Textword_290" HPOS="2988" VPOS="2101" HEIGHT="66" WIDTH="225" CONTENT="Metalle" WC="0.96" />
          </TextLine>
        </TextBlock>
        <TextBlock ID="TextBlock_77" HPOS="2366" VPOS="2228" HEIGHT="34" WIDTH="642">
          <TextLine ID="TextLine_101" HPOS="2366" VPOS="2228" HEIGHT="34" WIDTH="642">
            <String ID="Textword_291" HPOS="2366" VPOS="2236" HEIGHT="26" WIDTH="97" CONTENT="kaufen" WC="0.96" />
            <String ID="Textword_292" HPOS="2483" VPOS="2232" HEIGHT="28" WIDTH="186" CONTENT="fortwährend" WC="0.96" />
            <String ID="Textword_293" HPOS="2689" VPOS="2239" HEIGHT="17" WIDTH="33" CONTENT="zu" WC="0.96" />
            <String ID="Textword_294" HPOS="2743" VPOS="2229" HEIGHT="27" WIDTH="131" CONTENT="höchsten" WC="0.96" />
            <String ID="Textword_295" HPOS="2895" VPOS="2228" HEIGHT="25" WIDTH="113" CONTENT="Preisen" WC="0.96" />
          </TextLine>
        </TextBlock>
        <TextBlock ID="TextBlock_78" HPOS="2365" VPOS="2080" HEIGHT="22" WIDTH="848">
          <TextLine ID="TextLine_102" HPOS="2365" VPOS="2080" HEIGHT="22" WIDTH="848">
            <SP ID="Textword_45" HPOS="2365" VPOS="2080" />
            <String ID="Textword_296" HPOS="2365" VPOS="2080" HEIGHT="22" WIDTH="848" CONTENT=" " WC="0.95" />
          </TextLine>
        </TextBlock>
        <TextBlock ID="TextBlock_79" HPOS="2365" VPOS="2186" HEIGHT="22" WIDTH="849">
          <TextLine ID="TextLine_103" HPOS="2365" VPOS="2186" HEIGHT="22" WIDTH="849">
            <SP ID="Textword_46" HPOS="2365" VPOS="2186" />
            <String ID="Textword_297" HPOS="2365" VPOS="2186" HEIGHT="22" WIDTH="849" CONTENT=" " WC="0.95" />
          </TextLine>
        </TextBlock>
        <TextBlock ID="TextBlock_80" HPOS="2075" VPOS="2288" HEIGHT="111" WIDTH="1142">
          <TextLine ID="TextLine_104" HPOS="2076" VPOS="2288" HEIGHT="51" WIDTH="1138">
            <String ID="Textword_298" HPOS="2076" VPOS="2304" HEIGHT="32" WIDTH="126" CONTENT="Gebr." WC="0.93" />
            <String ID="Textword_299" HPOS="2226" VPOS="2299" HEIGHT="40" WIDTH="312" CONTENT="Bertschinger" WC="0.92" />
            <String ID="Textword_300" HPOS="2573" VPOS="2295" HEIGHT="32" WIDTH="38" CONTENT="&amp;" WC="0.90" />
            <String ID="Textword_301" HPOS="2648" VPOS="2294" HEIGHT="39" WIDTH="97" CONTENT="Cie.," WC="0.91" />
            <String ID="Textword_302" HPOS="2781" VPOS="2290" HEIGHT="34" WIDTH="188" CONTENT="Wallisellen" WC="0.96" />
            <String ID="Textword_303" HPOS="3003" VPOS="2290" HEIGHT="31" WIDTH="54" CONTENT="bei" WC="0.96" />
            <String ID="Textword_304" HPOS="3085" VPOS="2288" HEIGHT="32" WIDTH="129" CONTENT="Zürich." WC="0.87" />
          </TextLine>
          <TextLine ID="TextLine_105" HPOS="2075" VPOS="2349" HEIGHT="50" WIDTH="1142">
            <String ID="Textword_305" HPOS="2075" VPOS="2364" HEIGHT="35" WIDTH="146" CONTENT="Telephon:" WC="0.91" />
            <String ID="Textword_306" HPOS="2241" VPOS="2363" HEIGHT="26" WIDTH="44" CONTENT="Nr." WC="0.95" />
            <String ID="Textword_307" HPOS="2300" VPOS="2363" HEIGHT="31" WIDTH="73" CONTENT="2914," WC="0.95" />
            <String ID="Textword_308" HPOS="2395" VPOS="2359" HEIGHT="27" WIDTH="103" CONTENT="Zürich." WC="0.90" />
            <String ID="Textword_309" HPOS="2756" VPOS="2352" HEIGHT="35" WIDTH="203" CONTENT="Telegr.-Adr.:" WC="0.92" />
            <String ID="Textword_310" HPOS="2981" VPOS="2349" HEIGHT="33" WIDTH="236" CONTENT="Gebertschinger." WC="0.92" />
          </TextLine>
        </TextBlock>
        <TextBlock ID="TextBlock_81" HPOS="2078" VPOS="2410" HEIGHT="23" WIDTH="1139">
          <TextLine ID="TextLine_106" HPOS="2078" VPOS="2410" HEIGHT="23" WIDTH="1139">
            <SP ID="Textword_47" HPOS="2078" VPOS="2410" />
            <String ID="Textword_311" HPOS="2078" VPOS="2410" HEIGHT="23" WIDTH="1139" CONTENT=" " WC="0.95" />
          </TextLine>
        </TextBlock>
        <TextBlock ID="TextBlock_82" HPOS="2086" VPOS="2457" HEIGHT="26" WIDTH="1114">
          <TextLine ID="TextLine_107" HPOS="2086" VPOS="2457" HEIGHT="26" WIDTH="1114">
            <SP ID="Textword_48" HPOS="2086" VPOS="2457" />
            <String ID="Textword_312" HPOS="2086" VPOS="2457" HEIGHT="26" WIDTH="1114" CONTENT=" " WC="0.95" />
          </TextLine>
        </TextBlock>
        <TextBlock ID="TextBlock_83" HPOS="2081" VPOS="2492" HEIGHT="344" WIDTH="1132">
          <TextLine ID="TextLine_108" HPOS="2167" VPOS="2492" HEIGHT="96" WIDTH="956">
            <String ID="Textword_313" HPOS="2167" VPOS="2505" HEIGHT="83" WIDTH="122" CONTENT="Die" WC="0.93" />
            <String ID="Textword_314" HPOS="2358" VPOS="2492" HEIGHT="92" WIDTH="765" CONTENT="Präzisionszieherei" WC="0.47" />
          </TextLine>
          <TextLine ID="TextLine_109" HPOS="2225" VPOS="2625" HEIGHT="58" WIDTH="832">
            <String ID="Textword_315" HPOS="2225" VPOS="2634" HEIGHT="49" WIDTH="323" CONTENT="MONTANDON" WC="0.91" />
            <String ID="Textword_316" HPOS="2584" VPOS="2631" HEIGHT="46" WIDTH="38" CONTENT="&amp;" WC="0.93" />
            <String ID="Textword_317" HPOS="2658" VPOS="2629" HEIGHT="48" WIDTH="72" CONTENT="C!E" WC="0.77" />
            <String ID="Textword_318" HPOS="2765" VPOS="2625" HEIGHT="58" WIDTH="138" CONTENT="A.-G.," WC="0.45" />
            <String ID="Textword_319" HPOS="2943" VPOS="2626" HEIGHT="46" WIDTH="114" CONTENT="BIEL" WC="0.95" />
          </TextLine>
          <TextLine ID="TextLine_110" HPOS="2081" VPOS="2698" HEIGHT="120" WIDTH="1132">
            <String ID="Textword_320" HPOS="2081" VPOS="2725" HEIGHT="93" WIDTH="21" CONTENT=")" WC="0.56" />
            <String ID="Textword_321" HPOS="2349" VPOS="2718" HEIGHT="45" WIDTH="44" CONTENT="@" WC="0.91" />
            <String ID="Textword_322" HPOS="0" VPOS="0" HEIGHT="4977" WIDTH="3346" CONTENT="|" WC="0.37" />
            <String ID="Textword_323" HPOS="2479" VPOS="2721" HEIGHT="27" WIDTH="88" CONTENT="liefert" WC="0.82" />
            <String ID="Textword_324" HPOS="2587" VPOS="2719" HEIGHT="27" WIDTH="42" CONTENT="als" WC="0.84" />
            <String ID="Textword_325" HPOS="2649" VPOS="2717" HEIGHT="36" WIDTH="161" CONTENT="Spezialität" WC="0.75" />
            <String ID="Textword_326" HPOS="2899" VPOS="2710" HEIGHT="45" WIDTH="52" CONTENT="@" WC="0.28" />
            <String ID="Textword_327" HPOS="2955" VPOS="2746" HEIGHT="12" WIDTH="66" CONTENT="—" WC="0.34" />
            <String ID="Textword_328" HPOS="3168" VPOS="2698" HEIGHT="92" WIDTH="45" CONTENT="4" WC="0.93" />
          </TextLine>
          <TextLine ID="TextLine_111" HPOS="2318" VPOS="2787" HEIGHT="49" WIDTH="666">
            <String ID="Textword_329" HPOS="2318" VPOS="2793" HEIGHT="36" WIDTH="132" CONTENT="blank" WC="0.93" />
            <String ID="Textword_330" HPOS="2475" VPOS="2799" HEIGHT="37" WIDTH="231" CONTENT="gezogenes" WC="0.90" />
            <String ID="Textword_331" HPOS="2734" VPOS="2787" HEIGHT="35" WIDTH="250" CONTENT="Profileiseu" WC="0.62" />
          </TextLine>
        </TextBlock>
        <TextBlock ID="TextBlock_84" HPOS="2145" VPOS="2838" HEIGHT="80" WIDTH="1046">
          <TextLine ID="TextLine_112" HPOS="2145" VPOS="2838" HEIGHT="80" WIDTH="1046">
            <String ID="Textword_332" HPOS="2145" VPOS="2868" HEIGHT="49" WIDTH="115" CONTENT="Rund-," WC="0.89" />
            <String ID="Textword_333" HPOS="2276" VPOS="2865" HEIGHT="49" WIDTH="173" CONTENT="Sechskant" WC="0.92" />
            <String ID="Textword_334" HPOS="2467" VPOS="2876" HEIGHT="31" WIDTH="29" CONTENT="u." WC="0.92" />
            <String ID="Textword_335" HPOS="2510" VPOS="2862" HEIGHT="47" WIDTH="160" CONTENT="Vierkant," WC="0.89" />
            <String ID="Textword_336" HPOS="2691" VPOS="2862" HEIGHT="41" WIDTH="97" CONTENT="sowie" WC="0.92" />
            <String ID="Textword_337" HPOS="2810" VPOS="2860" HEIGHT="42" WIDTH="60" CONTENT="alle" WC="0.93" />
            <String ID="Textword_338" HPOS="2892" VPOS="2859" HEIGHT="52" WIDTH="116" CONTENT="andern" WC="0.93" />
            <String ID="Textword_339" HPOS="3023" VPOS="2838" HEIGHT="80" WIDTH="168" CONTENT="Profile," WC="0.65" />
          </TextLine>
        </TextBlock>
        <TextBlock ID="TextBlock_85" HPOS="3168" VPOS="2934" HEIGHT="32" WIDTH="25">
          <TextLine ID="TextLine_113" HPOS="3168" VPOS="2934" HEIGHT="14" WIDTH="24">
            <String ID="Textword_340" HPOS="3168" VPOS="2934" HEIGHT="14" WIDTH="24" CONTENT="on" WC="0.39" />
          </TextLine>
          <TextLine ID="TextLine_114" HPOS="3168" VPOS="2951" HEIGHT="15" WIDTH="25">
            <String ID="Textword_341" HPOS="3168" VPOS="2951" HEIGHT="15" WIDTH="25" CONTENT="SS" WC="0.43" />
          </TextLine>
        </TextBlock>
        <TextBlock ID="TextBlock_86" HPOS="2269" VPOS="2938" HEIGHT="47" WIDTH="924">
          <TextLine ID="TextLine_115" HPOS="2269" VPOS="2938" HEIGHT="40" WIDTH="763">
            <String ID="Textword_342" HPOS="2269" VPOS="2943" HEIGHT="35" WIDTH="304" CONTENT="komprimierte" WC="0.91" />
            <String ID="Textword_343" HPOS="2593" VPOS="2940" HEIGHT="29" WIDTH="148" CONTENT="blanke" WC="0.93" />
            <String ID="Textword_344" HPOS="2759" VPOS="2938" HEIGHT="32" WIDTH="273" CONTENT="Stahlwellen," WC="0.91" />
          </TextLine>
          <TextLine ID="TextLine_116" HPOS="3168" VPOS="2969" HEIGHT="16" WIDTH="25">
            <String ID="Textword_345" HPOS="3168" VPOS="2969" HEIGHT="16" WIDTH="25" CONTENT="oo" WC="0.71" />
          </TextLine>
        </TextBlock>
        <TextBlock ID="TextBlock_87" HPOS="2077" VPOS="2485" HEIGHT="546" WIDTH="18">
          <TextLine ID="TextLine_117" HPOS="2077" VPOS="2485" HEIGHT="546" WIDTH="18">
            <SP ID="Textword_49" HPOS="2077" VPOS="2485" />
            <String ID="Textword_346" HPOS="2077" VPOS="2485" HEIGHT="546" WIDTH="18" CONTENT=" " WC="0.95" />
          </TextLine>
        </TextBlock>
        <TextBlock ID="TextBlock_88" HPOS="3207" VPOS="2492" HEIGHT="561" WIDTH="14">
          <TextLine ID="TextLine_118" HPOS="3207" VPOS="2492" HEIGHT="561" WIDTH="14">
            <SP ID="Textword_50" HPOS="3207" VPOS="2492" />
            <String ID="Textword_347" HPOS="3207" VPOS="2492" HEIGHT="561" WIDTH="14" CONTENT=" " WC="0.95" />
          </TextLine>
        </TextBlock>
        <TextBlock ID="TextBlock_89" HPOS="2268" VPOS="2994" HEIGHT="48" WIDTH="766">
          <TextLine ID="TextLine_119" HPOS="2268" VPOS="2994" HEIGHT="48" WIDTH="766">
            <String ID="Textword_348" HPOS="2268" VPOS="2994" HEIGHT="48" WIDTH="242" CONTENT="abgedrehte" WC="0.92" />
            <String ID="Textword_349" HPOS="2551" VPOS="2999" HEIGHT="38" WIDTH="483" CONTENT="polierte_Stahlwellen." WC="0.82" />
          </TextLine>
        </TextBlock>
        <TextBlock ID="TextBlock_90" HPOS="2364" VPOS="3023" HEIGHT="138" WIDTH="837">
          <TextLine ID="TextLine_120" HPOS="2364" VPOS="3023" HEIGHT="138" WIDTH="837">
            <String ID="Textword_350" HPOS="2364" VPOS="3106" HEIGHT="27" WIDTH="57" CONTENT="Man" WC="0.93" />
            <String ID="Textword_351" HPOS="2443" VPOS="3103" HEIGHT="34" WIDTH="126" CONTENT="verlange" WC="0.90" />
            <String ID="Textword_352" HPOS="2606" VPOS="3074" HEIGHT="52" WIDTH="78" CONTENT="RI" WC="0.44" />
            <String ID="Textword_353" HPOS="2720" VPOS="3098" HEIGHT="35" WIDTH="339" CONTENT="Spezial-Preiscourants." WC="0.91" />
            <String ID="Textword_354" HPOS="3167" VPOS="3023" HEIGHT="138" WIDTH="34" CONTENT="\" WC="0.80" />
          </TextLine>
        </TextBlock>
        <TextBlock ID="TextBlock_91" HPOS="2254" VPOS="3045" HEIGHT="7" WIDTH="115">
          <TextLine ID="TextLine_121" HPOS="2254" VPOS="3045" HEIGHT="7" WIDTH="115">
            <SP ID="Textword_51" HPOS="2254" VPOS="3045" />
            <String ID="Textword_355" HPOS="2254" VPOS="3045" HEIGHT="7" WIDTH="115" CONTENT=" " WC="0.95" />
          </TextLine>
        </TextBlock>
        <TextBlock ID="TextBlock_92" HPOS="2236" VPOS="3112" HEIGHT="7" WIDTH="91">
          <TextLine ID="TextLine_122" HPOS="2236" VPOS="3112" HEIGHT="7" WIDTH="91">
            <SP ID="Textword_52" HPOS="2236" VPOS="3112" />
            <String ID="Textword_356" HPOS="2236" VPOS="3112" HEIGHT="7" WIDTH="91" CONTENT=" " WC="0.95" />
          </TextLine>
        </TextBlock>
        <TextBlock ID="TextBlock_93" HPOS="2238" VPOS="3130" HEIGHT="7" WIDTH="88">
          <TextLine ID="TextLine_123" HPOS="2238" VPOS="3130" HEIGHT="7" WIDTH="88">
            <SP ID="Textword_53" HPOS="2238" VPOS="3130" />
            <String ID="Textword_357" HPOS="2238" VPOS="3130" HEIGHT="7" WIDTH="88" CONTENT=" " WC="0.95" />
          </TextLine>
        </TextBlock>
        <TextBlock ID="TextBlock_94" HPOS="2079" VPOS="3202" HEIGHT="20" WIDTH="1145">
          <TextLine ID="TextLine_124" HPOS="2079" VPOS="3202" HEIGHT="20" WIDTH="1145">
            <SP ID="Textword_54" HPOS="2079" VPOS="3202" />
            <String ID="Textword_358" HPOS="2079" VPOS="3202" HEIGHT="20" WIDTH="1145" CONTENT=" " WC="0.95" />
          </TextLine>
        </TextBlock>
        <TextBlock ID="TextBlock_95" HPOS="2101" VPOS="3238" HEIGHT="33" WIDTH="1104">
          <TextLine ID="TextLine_125" HPOS="2101" VPOS="3238" HEIGHT="33" WIDTH="1104">
            <SP ID="Textword_55" HPOS="2101" VPOS="3238" />
            <String ID="Textword_359" HPOS="2101" VPOS="3238" HEIGHT="33" WIDTH="1104" CONTENT=" " WC="0.95" />
          </TextLine>
        </TextBlock>
        <TextBlock ID="TextBlock_96" HPOS="2163" VPOS="3288" HEIGHT="113" WIDTH="975">
          <TextLine ID="TextLine_126" HPOS="2163" VPOS="3288" HEIGHT="113" WIDTH="975">
            <String ID="Textword_360" HPOS="2163" VPOS="3288" HEIGHT="113" WIDTH="975" CONTENT="Zeit-Registrier-Apparate" WC="0.90" />
          </TextLine>
        </TextBlock>
        <TextBlock ID="TextBlock_97" HPOS="2164" VPOS="3411" HEIGHT="196" WIDTH="973">
          <TextLine ID="TextLine_127" HPOS="2164" VPOS="3411" HEIGHT="51" WIDTH="973">
            <String ID="Textword_361" HPOS="2164" VPOS="3433" HEIGHT="29" WIDTH="63" CONTENT="zur" WC="0.96" />
            <String ID="Textword_362" HPOS="2260" VPOS="3420" HEIGHT="40" WIDTH="173" CONTENT="Kontrolle" WC="0.95" />
            <String ID="Textword_363" HPOS="2471" VPOS="3419" HEIGHT="37" WIDTH="63" CONTENT="des" WC="0.96" />
            <String ID="Textword_364" HPOS="2574" VPOS="3417" HEIGHT="38" WIDTH="194" CONTENT="Personals" WC="0.96" />
            <String ID="Textword_365" HPOS="2808" VPOS="3415" HEIGHT="38" WIDTH="31" CONTENT="in" WC="0.96" />
            <String ID="Textword_366" HPOS="2879" VPOS="3415" HEIGHT="38" WIDTH="159" CONTENT="Bureaux" WC="0.96" />
            <String ID="Textword_367" HPOS="3072" VPOS="3411" HEIGHT="40" WIDTH="65" CONTENT="und" WC="0.96" />
          </TextLine>
          <TextLine ID="TextLine_128" HPOS="2523" VPOS="3470" HEIGHT="40" WIDTH="270">
            <String ID="Textword_368" HPOS="2523" VPOS="3470" HEIGHT="40" WIDTH="171" CONTENT="Fabriken" WC="0.96" />
            <String ID="Textword_369" HPOS="2726" VPOS="3473" HEIGHT="35" WIDTH="67" CONTENT="etc." WC="0.96" />
          </TextLine>
          <TextLine ID="TextLine_129" HPOS="2170" VPOS="3528" HEIGHT="49" WIDTH="945">
            <String ID="Textword_370" HPOS="2170" VPOS="3538" HEIGHT="39" WIDTH="163" CONTENT="Kataloge" WC="0.96" />
            <String ID="Textword_371" HPOS="2359" VPOS="3535" HEIGHT="31" WIDTH="58" CONTENT="mit" WC="0.96" />
            <String ID="Textword_372" HPOS="2440" VPOS="3532" HEIGHT="38" WIDTH="300" CONTENT="Beschreibungen," WC="0.93" />
            <String ID="Textword_373" HPOS="2764" VPOS="3528" HEIGHT="32" WIDTH="263" CONTENT="Referenzlisten" WC="0.91" />
            <String ID="Textword_374" HPOS="3054" VPOS="3530" HEIGHT="29" WIDTH="61" CONTENT="etc." WC="0.88" />
          </TextLine>
          <TextLine ID="TextLine_130" HPOS="2539" VPOS="3575" HEIGHT="32" WIDTH="234">
            <String ID="Textword_375" HPOS="2539" VPOS="3586" HEIGHT="21" WIDTH="39" CONTENT="zu" WC="0.96" />
            <String ID="Textword_376" HPOS="2603" VPOS="3575" HEIGHT="31" WIDTH="170" CONTENT="Diensten." WC="0.83" />
          </TextLine>
        </TextBlock>
        <TextBlock ID="TextBlock_98" HPOS="2220" VPOS="3626" HEIGHT="83" WIDTH="868">
          <TextLine ID="TextLine_131" HPOS="2220" VPOS="3626" HEIGHT="47" WIDTH="868">
            <String ID="Textword_377" HPOS="2220" VPOS="3635" HEIGHT="38" WIDTH="217" CONTENT="Apparate" WC="0.95" />
            <String ID="Textword_378" HPOS="2460" VPOS="3629" HEIGHT="32" WIDTH="209" CONTENT="kostenlos" WC="0.96" />
            <String ID="Textword_379" HPOS="2695" VPOS="3627" HEIGHT="30" WIDTH="106" CONTENT="ohne" WC="0.92" />
            <String ID="Textword_380" HPOS="2827" VPOS="3626" HEIGHT="40" WIDTH="261" CONTENT="Kaufzwang" WC="0.91" />
          </TextLine>
          <TextLine ID="TextLine_132" HPOS="2531" VPOS="3672" HEIGHT="37" WIDTH="248">
            <String ID="Textword_381" HPOS="2531" VPOS="3672" HEIGHT="37" WIDTH="80" CONTENT="auf" WC="0.92" />
            <String ID="Textword_382" HPOS="2633" VPOS="3672" HEIGHT="30" WIDTH="146" CONTENT="Probe." WC="0.92" />
          </TextLine>
        </TextBlock>
        <TextBlock ID="TextBlock_99" HPOS="2553" VPOS="3724" HEIGHT="14" WIDTH="206">
          <TextLine ID="TextLine_133" HPOS="2553" VPOS="3724" HEIGHT="14" WIDTH="206">
            <SP ID="Textword_56" HPOS="2553" VPOS="3724" />
            <String ID="Textword_383" HPOS="2553" VPOS="3724" HEIGHT="14" WIDTH="206" CONTENT=" " WC="0.95" />
          </TextLine>
        </TextBlock>
        <TextBlock ID="TextBlock_100" HPOS="2204" VPOS="3760" HEIGHT="49" WIDTH="901">
          <TextLine ID="TextLine_134" HPOS="2204" VPOS="3760" HEIGHT="49" WIDTH="901">
            <String ID="Textword_384" HPOS="2204" VPOS="3763" HEIGHT="46" WIDTH="458" CONTENT="Amerikanische" WC="0.96" />
            <String ID="Textword_385" HPOS="2699" VPOS="3760" HEIGHT="46" WIDTH="406" CONTENT="automatische" WC="0.96" />
          </TextLine>
        </TextBlock>
        <TextBlock ID="TextBlock_101" HPOS="2241" VPOS="3836" HEIGHT="94" WIDTH="884">
          <TextLine ID="TextLine_135" HPOS="2241" VPOS="3836" HEIGHT="94" WIDTH="884">
            <String ID="Textword_386" HPOS="2241" VPOS="3841" HEIGHT="89" WIDTH="147" CONTENT="eld-" WC="0.88" />
            <String ID="Textword_387" HPOS="2407" VPOS="3837" HEIGHT="88" WIDTH="306" CONTENT="Auszahl" WC="0.48" />
            <String ID="Textword_388" HPOS="2732" VPOS="3889" HEIGHT="10" WIDTH="19" CONTENT="-" WC="0.48" />
            <String ID="Textword_389" HPOS="2770" VPOS="3836" HEIGHT="87" WIDTH="355" CONTENT="Maschine" WC="0.95" />
          </TextLine>
        </TextBlock>
        <TextBlock ID="TextBlock_102" HPOS="2155" VPOS="3956" HEIGHT="106" WIDTH="1013">
          <TextLine ID="TextLine_136" HPOS="2543" VPOS="3956" HEIGHT="40" WIDTH="227">
            <String ID="Textword_390" HPOS="2543" VPOS="3958" HEIGHT="38" WIDTH="53" CONTENT="für" WC="0.96" />
            <String ID="Textword_391" HPOS="2628" VPOS="3956" HEIGHT="40" WIDTH="142" CONTENT="Banken" WC="0.96" />
          </TextLine>
          <TextLine ID="TextLine_137" HPOS="2155" VPOS="4006" HEIGHT="56" WIDTH="1013">
            <String ID="Textword_392" HPOS="2155" VPOS="4017" HEIGHT="39" WIDTH="68" CONTENT="und" WC="0.96" />
            <String ID="Textword_393" HPOS="2250" VPOS="4027" HEIGHT="28" WIDTH="63" CONTENT="zur" WC="0.96" />
            <String ID="Textword_394" HPOS="2344" VPOS="4012" HEIGHT="50" WIDTH="204" CONTENT="Erledigung" WC="0.96" />
            <String ID="Textword_395" HPOS="2581" VPOS="4010" HEIGHT="50" WIDTH="128" CONTENT="großer" WC="0.93" />
            <String ID="Textword_396" HPOS="2736" VPOS="4009" HEIGHT="49" WIDTH="168" CONTENT="Zahltage" WC="0.92" />
            <String ID="Textword_397" HPOS="2933" VPOS="4008" HEIGHT="39" WIDTH="32" CONTENT="in" WC="0.96" />
            <String ID="Textword_398" HPOS="2997" VPOS="4006" HEIGHT="41" WIDTH="171" CONTENT="Fabriken" WC="0.96" />
          </TextLine>
        </TextBlock>
        <TextBlock ID="TextBlock_103" HPOS="2242" VPOS="4067" HEIGHT="53" WIDTH="833">
          <TextLine ID="TextLine_138" HPOS="2242" VPOS="4067" HEIGHT="53" WIDTH="833">
            <String ID="Textword_399" HPOS="2242" VPOS="4078" HEIGHT="39" WIDTH="47" CONTENT="in" WC="0.96" />
            <String ID="Textword_400" HPOS="2309" VPOS="4076" HEIGHT="40" WIDTH="144" CONTENT="einem" WC="0.96" />
            <String ID="Textword_401" HPOS="2477" VPOS="4071" HEIGHT="43" WIDTH="161" CONTENT="Viertel" WC="0.96" />
            <String ID="Textword_402" HPOS="2655" VPOS="4070" HEIGHT="44" WIDTH="44" CONTENT="der" WC="0.96" />
            <String ID="Textword_403" HPOS="2717" VPOS="4070" HEIGHT="44" WIDTH="86" CONTENT="bisher" WC="0.57" />
            <String ID="Textword_404" HPOS="2822" VPOS="4068" HEIGHT="52" WIDTH="168" CONTENT="gebrauchten" WC="0.89" />
            <String ID="Textword_405" HPOS="3018" VPOS="4067" HEIGHT="43" WIDTH="57" CONTENT="Zeit," WC="0.83" />
          </TextLine>
        </TextBlock>
        <TextBlock ID="TextBlock_104" HPOS="2128" VPOS="4130" HEIGHT="134" WIDTH="1080">
          <TextLine ID="TextLine_139" HPOS="2128" VPOS="4130" HEIGHT="47" WIDTH="1080">
            <String ID="Textword_406" HPOS="2128" VPOS="4142" HEIGHT="32" WIDTH="101" CONTENT="Jeder" WC="0.96" />
            <String ID="Textword_407" HPOS="2257" VPOS="4138" HEIGHT="39" WIDTH="161" CONTENT="beliebige" WC="0.96" />
            <String ID="Textword_408" HPOS="2452" VPOS="4137" HEIGHT="37" WIDTH="122" CONTENT="Betrag" WC="0.95" />
            <String ID="Textword_409" HPOS="2605" VPOS="4135" HEIGHT="31" WIDTH="88" CONTENT="kann" WC="0.95" />
            <String ID="Textword_410" HPOS="2729" VPOS="4135" HEIGHT="30" WIDTH="56" CONTENT="der" WC="0.96" />
            <String ID="Textword_411" HPOS="2822" VPOS="4132" HEIGHT="41" WIDTH="161" CONTENT="gefüllten" WC="0.95" />
            <String ID="Textword_412" HPOS="3019" VPOS="4130" HEIGHT="34" WIDTH="189" CONTENT="Maschine." WC="0.82" />
          </TextLine>
          <TextLine ID="TextLine_140" HPOS="2130" VPOS="4174" HEIGHT="50" WIDTH="1059">
            <String ID="Textword_413" HPOS="2130" VPOS="4187" HEIGHT="31" WIDTH="83" CONTENT="ohne" WC="0.96" />
            <String ID="Textword_414" HPOS="2243" VPOS="4184" HEIGHT="40" WIDTH="117" CONTENT="irgend" WC="0.96" />
            <String ID="Textword_415" HPOS="2387" VPOS="4181" HEIGHT="32" WIDTH="124" CONTENT="welche" WC="0.96" />
            <String ID="Textword_416" HPOS="2542" VPOS="4178" HEIGHT="41" WIDTH="173" CONTENT="vorherige" WC="0.96" />
            <String ID="Textword_417" HPOS="2746" VPOS="4175" HEIGHT="41" WIDTH="239" CONTENT="Manipulation" WC="0.96" />
            <String ID="Textword_418" HPOS="3010" VPOS="4176" HEIGHT="30" WIDTH="77" CONTENT="oder" WC="0.93" />
            <String ID="Textword_419" HPOS="3111" VPOS="4174" HEIGHT="32" WIDTH="78" CONTENT="Ein-" WC="0.75" />
          </TextLine>
          <TextLine ID="TextLine_141" HPOS="2409" VPOS="4222" HEIGHT="42" WIDTH="491">
            <String ID="Textword_420" HPOS="2409" VPOS="4224" HEIGHT="40" WIDTH="143" CONTENT="stellung" WC="0.92" />
            <String ID="Textword_421" HPOS="2577" VPOS="4226" HEIGHT="37" WIDTH="159" CONTENT="entzogen" WC="0.94" />
            <String ID="Textword_422" HPOS="2759" VPOS="4222" HEIGHT="32" WIDTH="141" CONTENT="werden." WC="0.88" />
          </TextLine>
        </TextBlock>
        <TextBlock ID="TextBlock_105" HPOS="2153" VPOS="4272" HEIGHT="108" WIDTH="1007">
          <TextLine ID="TextLine_142" HPOS="2153" VPOS="4272" HEIGHT="53" WIDTH="1007">
            <String ID="Textword_423" HPOS="2153" VPOS="4282" HEIGHT="43" WIDTH="74" CONTENT="Auf" WC="0.91" />
            <String ID="Textword_424" HPOS="2249" VPOS="4280" HEIGHT="33" WIDTH="137" CONTENT="Wunsch" WC="0.92" />
            <String ID="Textword_425" HPOS="2410" VPOS="4277" HEIGHT="41" WIDTH="246" CONTENT="Probe-Zahltag" WC="0.91" />
            <String ID="Textword_426" HPOS="2680" VPOS="4276" HEIGHT="31" WIDTH="75" CONTENT="ohne" WC="0.96" />
            <String ID="Textword_427" HPOS="2779" VPOS="4272" HEIGHT="43" WIDTH="381" CONTENT="Kaufsverbindlichkeit." WC="0.91" />
          </TextLine>
          <TextLine ID="TextLine_143" HPOS="2344" VPOS="4324" HEIGHT="56" WIDTH="793">
            <String ID="Textword_428" HPOS="2344" VPOS="4332" HEIGHT="48" WIDTH="188" CONTENT="Bareiss," WC="0.91" />
            <String ID="Textword_429" HPOS="2564" VPOS="4327" HEIGHT="43" WIDTH="197" CONTENT="Wieland" WC="0.93" />
            <String ID="Textword_430" HPOS="2790" VPOS="4326" HEIGHT="39" WIDTH="32" CONTENT="&amp;" WC="0.93" />
            <String ID="Textword_431" HPOS="2851" VPOS="4324" HEIGHT="51" WIDTH="83" CONTENT="Co.," WC="0.90" />
            <String ID="Textword_432" HPOS="2964" VPOS="4325" HEIGHT="41" WIDTH="173" CONTENT="Zürich." WC="0.93" />
          </TextLine>
        </TextBlock>
        <TextBlock ID="TextBlock_106" HPOS="2089" VPOS="4351" HEIGHT="79" WIDTH="1128">
          <TextLine ID="TextLine_144" HPOS="2089" VPOS="4351" HEIGHT="79" WIDTH="1128">
            <SP ID="Textword_57" HPOS="2089" VPOS="4351" />
            <String ID="Textword_433" HPOS="2089" VPOS="4351" HEIGHT="79" WIDTH="1128" CONTENT="   " WC="0.95" />
          </TextLine>
        </TextBlock>
        <TextBlock ID="TextBlock_107" HPOS="2094" VPOS="4427" HEIGHT="21" WIDTH="1138">
          <TextLine ID="TextLine_145" HPOS="2094" VPOS="4427" HEIGHT="21" WIDTH="1138">
            <SP ID="Textword_58" HPOS="2094" VPOS="4427" />
            <String ID="Textword_434" HPOS="2094" VPOS="4427" HEIGHT="21" WIDTH="1138" CONTENT=" " WC="0.95" />
          </TextLine>
        </TextBlock>
        <TextBlock ID="TextBlock_108" HPOS="2094" VPOS="4463" HEIGHT="43" WIDTH="1133">
          <TextLine ID="TextLine_146" HPOS="2094" VPOS="4463" HEIGHT="43" WIDTH="1133">
            <String ID="Textword_435" HPOS="2094" VPOS="4463" HEIGHT="43" WIDTH="1133" CONTENT="HAI" WC="0.43" />
            <String ID="Textword_436" HPOS="0" VPOS="0" HEIGHT="4977" WIDTH="3346" CONTENT="ESS" WC="0.11" />
            <String ID="Textword_437" HPOS="0" VPOS="0" HEIGHT="4977" WIDTH="3346" CONTENT="ESS" WC="0.23" />
            <String ID="Textword_438" HPOS="0" VPOS="0" HEIGHT="4977" WIDTH="3346" CONTENT="EEE" WC="0.09" />
          </TextLine>
        </TextBlock>
        <TextBlock ID="TextBlock_109" HPOS="2535" VPOS="4522" HEIGHT="32" WIDTH="696">
          <TextLine ID="TextLine_147" HPOS="2535" VPOS="4522" HEIGHT="32" WIDTH="696">
            <String ID="Textword_439" HPOS="2535" VPOS="4524" HEIGHT="30" WIDTH="271" CONTENT="berücksichtigt" WC="0.96" />
            <String ID="Textword_440" HPOS="2824" VPOS="4524" HEIGHT="25" WIDTH="55" CONTENT="bei" WC="0.93" />
            <String ID="Textword_441" HPOS="2903" VPOS="4524" HEIGHT="24" WIDTH="112" CONTENT="Euern" WC="0.91" />
            <String ID="Textword_442" HPOS="3040" VPOS="4522" HEIGHT="25" WIDTH="191" CONTENT="Einkäufen" WC="0.92" />
          </TextLine>
        </TextBlock>
        <TextBlock ID="TextBlock_110" HPOS="2045" VPOS="533" HEIGHT="4151" WIDTH="43">
          <TextLine ID="TextLine_148" HPOS="2045" VPOS="533" HEIGHT="4151" WIDTH="43">
            <SP ID="Textword_59" HPOS="2045" VPOS="533" />
            <String ID="Textword_443" HPOS="2045" VPOS="533" HEIGHT="4151" WIDTH="43" CONTENT=" " WC="0.95" />
          </TextLine>
        </TextBlock>
        <TextBlock ID="TextBlock_111" HPOS="2096" VPOS="4532" HEIGHT="152" WIDTH="1136">
          <TextLine ID="TextLine_149" HPOS="2254" VPOS="4539" HEIGHT="15" WIDTH="11">
            <String ID="Textword_444" HPOS="2254" VPOS="4539" HEIGHT="15" WIDTH="11" CONTENT="." WC="0.85" />
          </TextLine>
          <TextLine ID="TextLine_150" HPOS="2098" VPOS="4532" HEIGHT="103" WIDTH="1134">
            <String ID="Textword_445" HPOS="2098" VPOS="4532" HEIGHT="103" WIDTH="372" CONTENT="Arbeitgeber" WC="0.96" />
            <String ID="Textword_446" HPOS="2483" VPOS="4597" HEIGHT="13" WIDTH="12" CONTENT="!" WC="0.91" />
            <String ID="Textword_447" HPOS="2535" VPOS="4562" HEIGHT="65" WIDTH="64" CONTENT="gio" WC="0.59" />
            <String ID="Textword_448" HPOS="2603" VPOS="4561" HEIGHT="60" WIDTH="99" CONTENT="A&quot;" WC="0.08" />
            <String ID="Textword_449" HPOS="2700" VPOS="4561" HEIGHT="64" WIDTH="106" CONTENT="m" WC="0.20" />
            <String ID="Textword_450" HPOS="2829" VPOS="4560" HEIGHT="25" WIDTH="60" CONTENT="der" WC="0.96" />
            <String ID="Textword_451" HPOS="2915" VPOS="4558" HEIGHT="30" WIDTH="161" CONTENT="Schweiz." WC="0.93" />
            <String ID="Textword_452" HPOS="3096" VPOS="4556" HEIGHT="27" WIDTH="136" CONTENT="Arbeit-" WC="0.92" />
          </TextLine>
          <TextLine ID="TextLine_151" HPOS="2096" VPOS="4641" HEIGHT="43" WIDTH="1136">
            <String ID="Textword_453" HPOS="0" VPOS="0" HEIGHT="4977" WIDTH="3346" CONTENT="HMI" WC="0.43" />
            <String ID="Textword_454" HPOS="0" VPOS="0" HEIGHT="4977" WIDTH="3346" CONTENT="EE" WC="0.40" />
            <String ID="Textword_455" HPOS="2096" VPOS="4641" HEIGHT="43" WIDTH="1136" CONTENT="EDEN" WC="0.08" />
          </TextLine>
        </TextBlock>
        <TextBlock ID="TextBlock_112" HPOS="2836" VPOS="1086" HEIGHT="64" WIDTH="411">
          <TextLine ID="TextLine_152" HPOS="2836" VPOS="1086" HEIGHT="64" WIDTH="411">
            <String ID="Textword_456" HPOS="2836" VPOS="1106" HEIGHT="44" WIDTH="78" CONTENT="Mech." WC="0.82" />
            <String ID="Textword_457" HPOS="2934" VPOS="1105" HEIGHT="43" WIDTH="159" CONTENT="Drahwaren" WC="0.28" />
            <String ID="Textword_458" HPOS="3105" VPOS="1126" HEIGHT="7" WIDTH="9" CONTENT="-" WC="0.81" />
            <String ID="Textword_459" HPOS="3124" VPOS="1086" HEIGHT="60" WIDTH="123" CONTENT="Fabrik" WC="0.65" />
          </TextLine>
        </TextBlock>
        <TextBlock ID="TextBlock_113" HPOS="3140" VPOS="2447" HEIGHT="87" WIDTH="111">
          <TextLine ID="TextLine_153" HPOS="3140" VPOS="2447" HEIGHT="87" WIDTH="111">
            <String ID="Textword_460" HPOS="3140" VPOS="2447" HEIGHT="87" WIDTH="111" CONTENT="=" WC="0.41" />
          </TextLine>
        </TextBlock>
        <TextBlock ID="TextBlock_114" HPOS="3257" VPOS="196" HEIGHT="4635" WIDTH="47">
          <TextLine ID="TextLine_154" HPOS="3257" VPOS="196" HEIGHT="4635" WIDTH="47">
            <SP ID="Textword_60" HPOS="3257" VPOS="196" />
            <String ID="Textword_461" HPOS="3257" VPOS="196" HEIGHT="4635" WIDTH="47" CONTENT=" " WC="0.95" />
          </TextLine>
        </TextBlock>
        <TextBlock ID="TextBlock_115" HPOS="3321" VPOS="502" HEIGHT="100" WIDTH="25">
          <TextLine ID="TextLine_155" HPOS="3321" VPOS="502" HEIGHT="100" WIDTH="25">
            <SP ID="Textword_61" HPOS="3321" VPOS="502" />
            <String ID="Textword_462" HPOS="3321" VPOS="502" HEIGHT="100" WIDTH="25" CONTENT=" " WC="0.95" />
          </TextLine>
        </TextBlock>
        <TextBlock ID="TextBlock_116" HPOS="3325" VPOS="1297" HEIGHT="936" WIDTH="21">
          <TextLine ID="TextLine_156" HPOS="3325" VPOS="1297" HEIGHT="936" WIDTH="21">
            <String ID="Textword_463" HPOS="0" VPOS="0" HEIGHT="4977" WIDTH="3346" CONTENT="AA" WC="0.34" />
            <String ID="Textword_464" HPOS="0" VPOS="0" HEIGHT="4977" WIDTH="3346" CONTENT="RE" WC="0.23" />
            <String ID="Textword_465" HPOS="0" VPOS="0" HEIGHT="4977" WIDTH="3346" CONTENT="ASE" WC="0.34" />
            <String ID="Textword_466" HPOS="0" VPOS="0" HEIGHT="4977" WIDTH="3346" CONTENT="Ut" WC="0.16" />
            <String ID="Textword_467" HPOS="0" VPOS="0" HEIGHT="4977" WIDTH="3346" CONTENT="VO" WC="0.27" />
            <String ID="Textword_468" HPOS="0" VPOS="0" HEIGHT="4977" WIDTH="3346" CONTENT="ES" WC="0.53" />
            <String ID="Textword_469" HPOS="3326" VPOS="1423" HEIGHT="810" WIDTH="20" CONTENT="SOUTIEN" WC="0.13" />
            <String ID="Textword_470" HPOS="0" VPOS="0" HEIGHT="4977" WIDTH="3346" CONTENT="US" WC="0.14" />
            <String ID="Textword_471" HPOS="0" VPOS="0" HEIGHT="4977" WIDTH="3346" CONTENT="Ve" WC="0.18" />
            <String ID="Textword_472" HPOS="0" VPOS="0" HEIGHT="4977" WIDTH="3346" CONTENT="TU" WC="0.16" />
            <String ID="Textword_473" HPOS="0" VPOS="0" HEIGHT="4977" WIDTH="3346" CONTENT="qu" WC="0.29" />
            <String ID="Textword_474" HPOS="0" VPOS="0" HEIGHT="4977" WIDTH="3346" CONTENT="PNE" WC="0.13" />
            <String ID="Textword_475" HPOS="0" VPOS="0" HEIGHT="4977" WIDTH="3346" CONTENT="PEN" WC="0.18" />
            <String ID="Textword_476" HPOS="3325" VPOS="1297" HEIGHT="54" WIDTH="21" CONTENT="vu" WC="0.37" />
          </TextLine>
          <TextLine ID="TextLine_157" HPOS="3326" VPOS="1380" HEIGHT="56" WIDTH="20">
            <String ID="Textword_477" HPOS="3329" VPOS="1415" HEIGHT="21" WIDTH="17" CONTENT="va" WC="0.64" />
            <String ID="Textword_478" HPOS="3326" VPOS="1380" HEIGHT="6" WIDTH="20" CONTENT="|" WC="0.92" />
          </TextLine>
        </TextBlock>
        <TextBlock ID="TextBlock_117" HPOS="3331" VPOS="1940" HEIGHT="704" WIDTH="15">
          <TextLine ID="TextLine_158" HPOS="3331" VPOS="1940" HEIGHT="704" WIDTH="15">
            <SP ID="Textword_62" HPOS="3331" VPOS="1940" />
            <String ID="Textword_479" HPOS="3331" VPOS="1940" HEIGHT="704" WIDTH="15" CONTENT=" " WC="0.95" />
          </TextLine>
        </TextBlock>
        <TextBlock ID="TextBlock_118" HPOS="3153" VPOS="4791" HEIGHT="186" WIDTH="193">
          <TextLine ID="TextLine_159" HPOS="3153" VPOS="4791" HEIGHT="186" WIDTH="193">
            <SP ID="Textword_63" HPOS="3153" VPOS="4791" />
            <String ID="Textword_480" HPOS="3153" VPOS="4791" HEIGHT="186" WIDTH="193" CONTENT=" " WC="0.95" />
          </TextLine>
        </TextBlock>
      </PrintSpace>
    </Page>
  </Layout>
</alto>
