<?xml version="1.0" encoding="UTF-8"?>
<alto xmlns="http://www.loc.gov/standards/alto/ns-v2#" xmlns:xsi="http://www.w3.org/2001/XMLSchema-instance" xsi:schemaLocation="http://www.loc.gov/standards/alto/ns-v2# http://www.loc.gov/standards/alto/alto.xsd">
  <Description>
    <MeasurementUnit>pixel</MeasurementUnit>
    <sourceImageInformation />
    <OCRProcessing ID="OCR_1">
      <preProcessingStep>
        <processingDateTime>2019-05-09T02:54:10</processingDateTime>
        <processingAgency>intranda GmbH, www.intranda.com</processingAgency>
        <processingSoftware>
          <softwareCreator>intranda GmbH, Germany</softwareCreator>
          <softwareName>intranda OCR Module for TaskManager</softwareName>
          <softwareVersion>1.0r42</softwareVersion>
        </processingSoftware>
      </preProcessingStep>
      <ocrProcessingStep>
        <processingSoftware>
          <softwareCreator>Tesseract contributors</softwareCreator>
          <softwareName>Tesseract Open Source OCR Engine</softwareName>
          <softwareVersion>4.0.0-beta.1-270-g5a56</softwareVersion>
        </processingSoftware>
      </ocrProcessingStep>
    </OCRProcessing>
  </Description>
  <Layout>
    <Page ID="PAGE_1" HEIGHT="4982" WIDTH="3425" PHYSICAL_IMG_NR="1">
      <PrintSpace ID="PrintSpace_1" HPOS="0" VPOS="0" HEIGHT="4982" WIDTH="3425">
        <TextBlock ID="TextBlock_1" HPOS="10" VPOS="33" HEIGHT="1622" WIDTH="15">
          <TextLine ID="TextLine_1" HPOS="10" VPOS="33" HEIGHT="1622" WIDTH="15">
            <SP ID="Textword_1" HPOS="10" VPOS="33" />
            <String ID="Textword_1" HPOS="10" VPOS="33" HEIGHT="1622" WIDTH="15" CONTENT=" " WC="0.95" />
          </TextLine>
        </TextBlock>
        <TextBlock ID="TextBlock_2" HPOS="0" VPOS="1814" HEIGHT="2450" WIDTH="13">
          <TextLine ID="TextLine_2" HPOS="0" VPOS="1814" HEIGHT="2450" WIDTH="13">
            <SP ID="Textword_2" HPOS="0" VPOS="1814" />
            <String ID="Textword_2" HPOS="0" VPOS="1814" HEIGHT="2450" WIDTH="13" CONTENT=" " WC="0.95" />
          </TextLine>
        </TextBlock>
        <TextBlock ID="TextBlock_3" HPOS="0" VPOS="4656" HEIGHT="326" WIDTH="936">
          <TextLine ID="TextLine_3" HPOS="0" VPOS="4656" HEIGHT="326" WIDTH="936">
            <SP ID="Textword_3" HPOS="0" VPOS="4656" />
            <String ID="Textword_3" HPOS="0" VPOS="4656" HEIGHT="326" WIDTH="936" CONTENT=" " WC="0.95" />
          </TextLine>
        </TextBlock>
        <TextBlock ID="TextBlock_4" HPOS="336" VPOS="243" HEIGHT="34" WIDTH="1608">
          <TextLine ID="TextLine_4" HPOS="336" VPOS="243" HEIGHT="34" WIDTH="1608">
            <String ID="Textword_4" HPOS="336" VPOS="246" HEIGHT="25" WIDTH="16" CONTENT="6" WC="0.96" />
            <String ID="Textword_5" HPOS="1375" VPOS="243" HEIGHT="29" WIDTH="225" CONTENT="Schweizerische" WC="0.92" />
            <String ID="Textword_6" HPOS="1628" VPOS="243" HEIGHT="34" WIDTH="316" CONTENT="Arbeitgeber-Zeitung." WC="0.88" />
          </TextLine>
        </TextBlock>
        <TextBlock ID="TextBlock_5" HPOS="449" VPOS="516" HEIGHT="186" WIDTH="952">
          <TextLine ID="TextLine_5" HPOS="449" VPOS="516" HEIGHT="186" WIDTH="952">
            <String ID="Textword_7" HPOS="449" VPOS="519" HEIGHT="183" WIDTH="427" CONTENT="Adolph" WC="0.93" />
            <String ID="Textword_8" HPOS="949" VPOS="516" HEIGHT="178" WIDTH="452" CONTENT="Saurer," WC="0.86" />
          </TextLine>
        </TextBlock>
        <TextBlock ID="TextBlock_6" HPOS="1481" VPOS="514" HEIGHT="152" WIDTH="366">
          <TextLine ID="TextLine_6" HPOS="1481" VPOS="514" HEIGHT="152" WIDTH="366">
            <String ID="Textword_9" HPOS="1481" VPOS="514" HEIGHT="152" WIDTH="366" CONTENT="Arbon" WC="0.91" />
          </TextLine>
        </TextBlock>
        <TextBlock ID="TextBlock_7" HPOS="588" VPOS="709" HEIGHT="83" WIDTH="1125">
          <TextLine ID="TextLine_7" HPOS="588" VPOS="709" HEIGHT="83" WIDTH="1125">
            <String ID="Textword_10" HPOS="588" VPOS="712" HEIGHT="68" WIDTH="501" CONTENT="Maschinenfabrik" WC="0.96" />
            <String ID="Textword_11" HPOS="1127" VPOS="711" HEIGHT="63" WIDTH="115" CONTENT="und" WC="0.92" />
            <String ID="Textword_12" HPOS="1278" VPOS="709" HEIGHT="83" WIDTH="435" CONTENT="Eisengiesserei" WC="0.91" />
          </TextLine>
        </TextBlock>
        <TextBlock ID="TextBlock_8" HPOS="833" VPOS="860" HEIGHT="45" WIDTH="636">
          <TextLine ID="TextLine_8" HPOS="833" VPOS="860" HEIGHT="45" WIDTH="636">
            <String ID="Textword_13" HPOS="833" VPOS="862" HEIGHT="43" WIDTH="250" CONTENT="Abteilung:" WC="0.93" />
            <String ID="Textword_14" HPOS="1115" VPOS="860" HEIGHT="35" WIDTH="354" CONTENT="MOTORBAU" WC="0.90" />
          </TextLine>
        </TextBlock>
        <TextBlock ID="TextBlock_9" HPOS="411" VPOS="949" HEIGHT="293" WIDTH="1485">
          <TextLine ID="TextLine_9" HPOS="411" VPOS="949" HEIGHT="143" WIDTH="1481">
            <String ID="Textword_15" HPOS="411" VPOS="981" HEIGHT="111" WIDTH="346" CONTENT="Petrol-," WC="0.91" />
            <String ID="Textword_16" HPOS="806" VPOS="979" HEIGHT="97" WIDTH="356" CONTENT="Benzin-" WC="0.92" />
            <String ID="Textword_17" HPOS="1202" VPOS="956" HEIGHT="119" WIDTH="111" CONTENT="u." WC="0.93" />
            <String ID="Textword_18" HPOS="1318" VPOS="949" HEIGHT="125" WIDTH="574" CONTENT="Gasmotoren" WC="0.92" />
          </TextLine>
          <TextLine ID="TextLine_10" HPOS="742" VPOS="1120" HEIGHT="122" WIDTH="1154">
            <String ID="Textword_19" HPOS="742" VPOS="1120" HEIGHT="122" WIDTH="869" CONTENT="Sauggas-Anlagen" WC="0.91" />
            <String ID="Textword_20" HPOS="1633" VPOS="1153" HEIGHT="65" WIDTH="263" CONTENT="=" WC="0.91" />
          </TextLine>
        </TextBlock>
        <TextBlock ID="TextBlock_10" HPOS="452" VPOS="1292" HEIGHT="15" WIDTH="1410">
          <TextLine ID="TextLine_11" HPOS="452" VPOS="1292" HEIGHT="15" WIDTH="1410">
            <SP ID="Textword_4" HPOS="452" VPOS="1292" />
            <String ID="Textword_21" HPOS="452" VPOS="1292" HEIGHT="15" WIDTH="1410" CONTENT=" " WC="0.95" />
          </TextLine>
        </TextBlock>
        <TextBlock ID="TextBlock_11" HPOS="453" VPOS="1320" HEIGHT="13" WIDTH="1407">
          <TextLine ID="TextLine_12" HPOS="453" VPOS="1320" HEIGHT="13" WIDTH="1407">
            <SP ID="Textword_5" HPOS="453" VPOS="1320" />
            <String ID="Textword_22" HPOS="453" VPOS="1320" HEIGHT="13" WIDTH="1407" CONTENT=" " WC="0.95" />
          </TextLine>
        </TextBlock>
        <TextBlock ID="TextBlock_12" HPOS="452" VPOS="1708" HEIGHT="13" WIDTH="1412">
          <TextLine ID="TextLine_13" HPOS="452" VPOS="1708" HEIGHT="13" WIDTH="1412">
            <SP ID="Textword_6" HPOS="452" VPOS="1708" />
            <String ID="Textword_23" HPOS="452" VPOS="1708" HEIGHT="13" WIDTH="1412" CONTENT=" " WC="0.95" />
          </TextLine>
        </TextBlock>
        <TextBlock ID="TextBlock_13" HPOS="452" VPOS="1735" HEIGHT="13" WIDTH="1411">
          <TextLine ID="TextLine_14" HPOS="452" VPOS="1735" HEIGHT="13" WIDTH="1411">
            <SP ID="Textword_7" HPOS="452" VPOS="1735" />
            <String ID="Textword_24" HPOS="452" VPOS="1735" HEIGHT="13" WIDTH="1411" CONTENT=" " WC="0.95" />
          </TextLine>
        </TextBlock>
        <TextBlock ID="TextBlock_14" HPOS="758" VPOS="1814" HEIGHT="68" WIDTH="802">
          <TextLine ID="TextLine_15" HPOS="758" VPOS="1814" HEIGHT="68" WIDTH="802">
            <String ID="Textword_25" HPOS="758" VPOS="1814" HEIGHT="68" WIDTH="284" CONTENT="Abteilung:" WC="0.93" />
            <String ID="Textword_26" HPOS="1042" VPOS="1836" HEIGHT="37" WIDTH="518" CONTENT="AUTOMOBILBAU" WC="0.91" />
          </TextLine>
        </TextBlock>
        <TextBlock ID="TextBlock_15" HPOS="984" VPOS="1935" HEIGHT="132" WIDTH="311">
          <TextLine ID="TextLine_16" HPOS="984" VPOS="1935" HEIGHT="132" WIDTH="311">
            <String ID="Textword_27" HPOS="984" VPOS="1933" HEIGHT="134" WIDTH="311" CONTENT="Ommibusse" WC="0.30" />
          </TextLine>
        </TextBlock>
        <TextBlock ID="TextBlock_16" HPOS="984" VPOS="2104" HEIGHT="41" WIDTH="318">
          <TextLine ID="TextLine_17" HPOS="984" VPOS="2104" HEIGHT="41" WIDTH="318">
            <String ID="Textword_28" HPOS="986" VPOS="2104" HEIGHT="25" WIDTH="103" CONTENT="10—24" WC="0.86" />
            <String ID="Textword_29" HPOS="0" VPOS="0" HEIGHT="4982" WIDTH="3425" CONTENT="10—24" WC="0.80" />
            <String ID="Textword_30" HPOS="984" VPOS="2104" HEIGHT="41" WIDTH="318" CONTENT="Personen" WC="0.91" />
          </TextLine>
        </TextBlock>
        <TextBlock ID="TextBlock_17" HPOS="467" VPOS="1937" HEIGHT="155" WIDTH="308">
          <TextLine ID="TextLine_18" HPOS="467" VPOS="1937" HEIGHT="155" WIDTH="308">
            <String ID="Textword_31" HPOS="467" VPOS="1937" HEIGHT="155" WIDTH="308" CONTENT="LasiWaget" WC="0.00" />
          </TextLine>
        </TextBlock>
        <TextBlock ID="TextBlock_18" HPOS="468" VPOS="2104" HEIGHT="26" WIDTH="271">
          <TextLine ID="TextLine_19" HPOS="468" VPOS="2104" HEIGHT="26" WIDTH="271">
            <String ID="Textword_32" HPOS="468" VPOS="2104" HEIGHT="26" WIDTH="117" CONTENT="1—31/2" WC="0.89" />
            <String ID="Textword_33" HPOS="617" VPOS="2105" HEIGHT="25" WIDTH="122" CONTENT="Tonnen" WC="0.90" />
          </TextLine>
        </TextBlock>
        <TextBlock ID="TextBlock_19" HPOS="459" VPOS="2202" HEIGHT="111" WIDTH="679">
          <TextLine ID="TextLine_20" HPOS="459" VPOS="2202" HEIGHT="111" WIDTH="679">
            <String ID="Textword_34" HPOS="459" VPOS="2202" HEIGHT="111" WIDTH="679" CONTENT="Motoryachten" WC="0.91" />
          </TextLine>
        </TextBlock>
        <TextBlock ID="TextBlock_20" HPOS="631" VPOS="2377" HEIGHT="50" WIDTH="564">
          <TextLine ID="TextLine_21" HPOS="631" VPOS="2377" HEIGHT="50" WIDTH="564">
            <String ID="Textword_35" HPOS="631" VPOS="2377" HEIGHT="50" WIDTH="314" CONTENT="Erstklassiges" WC="0.91" />
            <String ID="Textword_36" HPOS="974" VPOS="2378" HEIGHT="40" WIDTH="221" CONTENT="Fabrikat." WC="0.91" />
          </TextLine>
        </TextBlock>
        <TextBlock ID="TextBlock_21" HPOS="282" VPOS="342" HEIGHT="2287" WIDTH="1746">
          <TextLine ID="TextLine_22" HPOS="282" VPOS="342" HEIGHT="2287" WIDTH="1746">
            <SP ID="Textword_8" HPOS="282" VPOS="342" />
            <String ID="Textword_37" HPOS="282" VPOS="342" HEIGHT="2287" WIDTH="1746" CONTENT=" " WC="0.95" />
          </TextLine>
        </TextBlock>
        <TextBlock ID="TextBlock_22" HPOS="1434" VPOS="1936" HEIGHT="154" WIDTH="405">
          <TextLine ID="TextLine_23" HPOS="1434" VPOS="1936" HEIGHT="154" WIDTH="405">
            <String ID="Textword_38" HPOS="1434" VPOS="1936" HEIGHT="154" WIDTH="405" CONTENT="Luxiswagen" WC="0.09" />
          </TextLine>
        </TextBlock>
        <TextBlock ID="TextBlock_23" HPOS="1483" VPOS="2101" HEIGHT="42" WIDTH="367">
          <TextLine ID="TextLine_24" HPOS="1483" VPOS="2101" HEIGHT="42" WIDTH="367">
            <String ID="Textword_39" HPOS="1483" VPOS="2103" HEIGHT="33" WIDTH="42" CONTENT="15," WC="0.96" />
            <String ID="Textword_40" HPOS="1557" VPOS="2103" HEIGHT="25" WIDTH="34" CONTENT="30" WC="0.91" />
            <String ID="Textword_41" HPOS="1622" VPOS="2102" HEIGHT="25" WIDTH="57" CONTENT="und" WC="0.96" />
            <String ID="Textword_42" HPOS="1710" VPOS="2101" HEIGHT="27" WIDTH="37" CONTENT="_50" WC="0.91" />
            <String ID="Textword_43" HPOS="1692" VPOS="2137" HEIGHT="6" WIDTH="158" CONTENT="PH" WC="0.45" />
            <String ID="Textword_44" HPOS="1779" VPOS="2101" HEIGHT="26" WIDTH="51" CONTENT="PH" WC="0.96" />
          </TextLine>
        </TextBlock>
        <TextBlock ID="TextBlock_24" HPOS="1255" VPOS="2172" HEIGHT="179" WIDTH="771">
          <TextLine ID="TextLine_25" HPOS="1255" VPOS="2172" HEIGHT="179" WIDTH="771">
            <String ID="Textword_45" HPOS="1255" VPOS="2316" HEIGHT="2" WIDTH="2" CONTENT=":" WC="0.00" />
            <String ID="Textword_46" HPOS="1333" VPOS="2172" HEIGHT="118" WIDTH="527" CONTENT="Lastschiffe" WC="0.90" />
            <String ID="Textword_47" HPOS="1885" VPOS="2187" HEIGHT="164" WIDTH="141" CONTENT="7" WC="0.61" />
          </TextLine>
        </TextBlock>
        <TextBlock ID="TextBlock_25" HPOS="1251" VPOS="2353" HEIGHT="65" WIDTH="464">
          <TextLine ID="TextLine_26" HPOS="1251" VPOS="2353" HEIGHT="65" WIDTH="464">
            <String ID="Textword_48" HPOS="1251" VPOS="2377" HEIGHT="41" WIDTH="152" CONTENT="Prima" WC="0.96" />
            <String ID="Textword_49" HPOS="1431" VPOS="2353" HEIGHT="64" WIDTH="284" CONTENT="Referenzen." WC="0.96" />
          </TextLine>
        </TextBlock>
        <TextBlock ID="TextBlock_26" HPOS="1696" VPOS="2465" HEIGHT="27" WIDTH="26">
          <TextLine ID="TextLine_27" HPOS="1696" VPOS="2465" HEIGHT="27" WIDTH="26">
            <String ID="Textword_50" HPOS="1696" VPOS="2465" HEIGHT="27" WIDTH="26" CONTENT="Ss." WC="0.61" />
          </TextLine>
        </TextBlock>
        <TextBlock ID="TextBlock_27" HPOS="3056" VPOS="239" HEIGHT="27" WIDTH="103">
          <TextLine ID="TextLine_28" HPOS="3056" VPOS="239" HEIGHT="27" WIDTH="103">
            <String ID="Textword_51" HPOS="3056" VPOS="240" HEIGHT="26" WIDTH="48" CONTENT="Nr." WC="0.92" />
            <String ID="Textword_52" HPOS="3124" VPOS="239" HEIGHT="27" WIDTH="35" CONTENT="47" WC="0.92" />
          </TextLine>
        </TextBlock>
        <TextBlock ID="TextBlock_28" HPOS="2052" VPOS="354" HEIGHT="18" WIDTH="1162">
          <TextLine ID="TextLine_29" HPOS="2052" VPOS="354" HEIGHT="18" WIDTH="1162">
            <SP ID="Textword_9" HPOS="2052" VPOS="354" />
            <String ID="Textword_53" HPOS="2052" VPOS="354" HEIGHT="18" WIDTH="1162" CONTENT=" " WC="0.95" />
          </TextLine>
        </TextBlock>
        <TextBlock ID="TextBlock_29" HPOS="302" VPOS="2637" HEIGHT="22" WIDTH="1729">
          <TextLine ID="TextLine_30" HPOS="302" VPOS="2637" HEIGHT="22" WIDTH="1729">
            <SP ID="Textword_10" HPOS="302" VPOS="2637" />
            <String ID="Textword_54" HPOS="302" VPOS="2637" HEIGHT="22" WIDTH="1729" CONTENT=" " WC="0.95" />
          </TextLine>
        </TextBlock>
        <TextBlock ID="TextBlock_30" HPOS="417" VPOS="2676" HEIGHT="205" WIDTH="1505">
          <TextLine ID="TextLine_31" HPOS="417" VPOS="2676" HEIGHT="205" WIDTH="1505">
            <String ID="Textword_55" HPOS="417" VPOS="2682" HEIGHT="199" WIDTH="1042" CONTENT="Toggenburger" WC="0.92" />
            <String ID="Textword_56" HPOS="1532" VPOS="2676" HEIGHT="154" WIDTH="390" CONTENT="Bank" WC="0.96" />
          </TextLine>
        </TextBlock>
        <TextBlock ID="TextBlock_31" HPOS="529" VPOS="2891" HEIGHT="94" WIDTH="1284">
          <TextLine ID="TextLine_32" HPOS="529" VPOS="2891" HEIGHT="94" WIDTH="1284">
            <String ID="Textword_57" HPOS="529" VPOS="2899" HEIGHT="86" WIDTH="235" CONTENT="Lichtensteiy," WC="0.79" />
            <String ID="Textword_58" HPOS="796" VPOS="2896" HEIGHT="75" WIDTH="45" CONTENT="St." WC="0.87" />
            <String ID="Textword_59" HPOS="866" VPOS="2896" HEIGHT="82" WIDTH="122" CONTENT="Gallen," WC="0.90" />
            <String ID="Textword_60" HPOS="1021" VPOS="2893" HEIGHT="82" WIDTH="207" CONTENT="Rorschach," WC="0.93" />
            <String ID="Textword_61" HPOS="1261" VPOS="2892" HEIGHT="88" WIDTH="213" CONTENT="Rapperswil," WC="0.93" />
            <String ID="Textword_62" HPOS="1507" VPOS="2892" HEIGHT="72" WIDTH="58" CONTENT="Wil" WC="0.90" />
            <String ID="Textword_63" HPOS="1596" VPOS="2892" HEIGHT="72" WIDTH="65" CONTENT="und" WC="0.92" />
            <String ID="Textword_64" HPOS="1691" VPOS="2891" HEIGHT="72" WIDTH="122" CONTENT="Flawil" WC="0.79" />
          </TextLine>
        </TextBlock>
        <TextBlock ID="TextBlock_32" HPOS="404" VPOS="3040" HEIGHT="37" WIDTH="628">
          <TextLine ID="TextLine_33" HPOS="404" VPOS="3040" HEIGHT="37" WIDTH="628">
            <String ID="Textword_65" HPOS="404" VPOS="3044" HEIGHT="27" WIDTH="60" CONTENT="Wir" WC="0.96" />
            <String ID="Textword_66" HPOS="483" VPOS="3044" HEIGHT="33" WIDTH="69" CONTENT="sind," WC="0.96" />
            <String ID="Textword_67" HPOS="571" VPOS="3042" HEIGHT="34" WIDTH="110" CONTENT="solange" WC="0.96" />
            <String ID="Textword_68" HPOS="703" VPOS="3041" HEIGHT="32" WIDTH="105" CONTENT="Bedarf," WC="0.93" />
            <String ID="Textword_69" HPOS="830" VPOS="3040" HEIGHT="33" WIDTH="129" CONTENT="Abgeber" WC="0.92" />
            <String ID="Textword_70" HPOS="979" VPOS="3047" HEIGHT="18" WIDTH="53" CONTENT="von" WC="0.96" />
          </TextLine>
        </TextBlock>
        <TextBlock ID="TextBlock_33" HPOS="552" VPOS="3102" HEIGHT="108" WIDTH="306">
          <TextLine ID="TextLine_34" HPOS="552" VPOS="3102" HEIGHT="108" WIDTH="306">
            <String ID="Textword_71" HPOS="552" VPOS="3102" HEIGHT="108" WIDTH="306" CONTENT="4'a°1o" WC="0.26" />
          </TextLine>
        </TextBlock>
        <TextBlock ID="TextBlock_34" HPOS="906" VPOS="3100" HEIGHT="118" WIDTH="866">
          <TextLine ID="TextLine_35" HPOS="906" VPOS="3100" HEIGHT="118" WIDTH="866">
            <String ID="Textword_72" HPOS="906" VPOS="3100" HEIGHT="118" WIDTH="866" CONTENT="Obligationen" WC="0.91" />
          </TextLine>
        </TextBlock>
        <TextBlock ID="TextBlock_35" HPOS="830" VPOS="3231" HEIGHT="41" WIDTH="663">
          <TextLine ID="TextLine_36" HPOS="830" VPOS="3231" HEIGHT="41" WIDTH="663">
            <String ID="Textword_73" HPOS="830" VPOS="3236" HEIGHT="32" WIDTH="81" CONTENT="auf" WC="0.90" />
            <String ID="Textword_74" HPOS="929" VPOS="3234" HEIGHT="32" WIDTH="86" CONTENT="1—3" WC="0.90" />
            <String ID="Textword_75" HPOS="1040" VPOS="3234" HEIGHT="32" WIDTH="138" CONTENT="Jahre" WC="0.89" />
            <String ID="Textword_76" HPOS="1203" VPOS="3233" HEIGHT="39" WIDTH="97" CONTENT="fest," WC="0.92" />
            <String ID="Textword_77" HPOS="1330" VPOS="3231" HEIGHT="32" WIDTH="42" CONTENT="al" WC="0.95" />
            <String ID="Textword_78" HPOS="1395" VPOS="3231" HEIGHT="40" WIDTH="98" CONTENT="pari" WC="0.96" />
          </TextLine>
        </TextBlock>
        <TextBlock ID="TextBlock_36" HPOS="296" VPOS="3300" HEIGHT="90" WIDTH="1726">
          <TextLine ID="TextLine_37" HPOS="297" VPOS="3300" HEIGHT="45" WIDTH="1725">
            <String ID="Textword_79" HPOS="297" VPOS="3314" HEIGHT="25" WIDTH="50" CONTENT="mit" WC="0.93" />
            <String ID="Textword_80" HPOS="372" VPOS="3312" HEIGHT="33" WIDTH="179" CONTENT="nachheriger" WC="0.90" />
            <String ID="Textword_81" HPOS="576" VPOS="3309" HEIGHT="35" WIDTH="205" CONTENT="gegenseitiger" WC="0.93" />
            <String ID="Textword_82" HPOS="807" VPOS="3305" HEIGHT="35" WIDTH="248" CONTENT="Kündigungsfrist" WC="0.94" />
            <String ID="Textword_83" HPOS="1082" VPOS="3304" HEIGHT="25" WIDTH="48" CONTENT="auf" WC="0.94" />
            <String ID="Textword_84" HPOS="1148" VPOS="3304" HEIGHT="25" WIDTH="15" CONTENT="6" WC="0.96" />
            <String ID="Textword_85" HPOS="1183" VPOS="3303" HEIGHT="26" WIDTH="118" CONTENT="Monate." WC="0.96" />
            <String ID="Textword_86" HPOS="1339" VPOS="3302" HEIGHT="25" WIDTH="52" CONTENT="Die" WC="0.95" />
            <String ID="Textword_87" HPOS="1418" VPOS="3301" HEIGHT="33" WIDTH="132" CONTENT="Ausgabe" WC="0.96" />
            <String ID="Textword_88" HPOS="1576" VPOS="3301" HEIGHT="34" WIDTH="102" CONTENT="erfolgt" WC="0.92" />
            <String ID="Textword_89" HPOS="1697" VPOS="3300" HEIGHT="33" WIDTH="149" CONTENT="spesenfrei" WC="0.92" />
            <String ID="Textword_90" HPOS="1871" VPOS="3301" HEIGHT="26" WIDTH="28" CONTENT="in" WC="0.96" />
            <String ID="Textword_91" HPOS="1917" VPOS="3301" HEIGHT="26" WIDTH="105" CONTENT="runden" WC="0.96" />
          </TextLine>
          <TextLine ID="TextLine_38" HPOS="296" VPOS="3344" HEIGHT="46" WIDTH="1627">
            <String ID="Textword_92" HPOS="296" VPOS="3358" HEIGHT="32" WIDTH="138" CONTENT="Beträgen" WC="0.96" />
            <String ID="Textword_93" HPOS="453" VPOS="3364" HEIGHT="18" WIDTH="53" CONTENT="von" WC="0.96" />
            <String ID="Textword_94" HPOS="527" VPOS="3355" HEIGHT="27" WIDTH="39" CONTENT="Fr." WC="0.96" />
            <String ID="Textword_95" HPOS="587" VPOS="3355" HEIGHT="26" WIDTH="55" CONTENT="500" WC="0.95" />
            <String ID="Textword_96" HPOS="664" VPOS="3362" HEIGHT="25" WIDTH="42" CONTENT="an," WC="0.96" />
            <String ID="Textword_97" HPOS="727" VPOS="3352" HEIGHT="27" WIDTH="48" CONTENT="auf" WC="0.96" />
            <String ID="Textword_98" HPOS="793" VPOS="3352" HEIGHT="26" WIDTH="52" CONTENT="den" WC="0.96" />
            <String ID="Textword_99" HPOS="863" VPOS="3351" HEIGHT="26" WIDTH="105" CONTENT="Namen" WC="0.96" />
            <String ID="Textword_100" HPOS="988" VPOS="3350" HEIGHT="26" WIDTH="65" CONTENT="oder" WC="0.96" />
            <String ID="Textword_101" HPOS="1072" VPOS="3348" HEIGHT="26" WIDTH="118" CONTENT="Inhaber" WC="0.93" />
            <String ID="Textword_102" HPOS="1208" VPOS="3347" HEIGHT="33" WIDTH="123" CONTENT="lautend," WC="0.91" />
            <String ID="Textword_103" HPOS="1350" VPOS="3347" HEIGHT="25" WIDTH="50" CONTENT="mit" WC="0.96" />
            <String ID="Textword_104" HPOS="1420" VPOS="3346" HEIGHT="26" WIDTH="145" CONTENT="Semester-" WC="0.91" />
            <String ID="Textword_105" HPOS="1587" VPOS="3346" HEIGHT="25" WIDTH="64" CONTENT="oder" WC="0.96" />
            <String ID="Textword_106" HPOS="1670" VPOS="3345" HEIGHT="27" WIDTH="99" CONTENT="Jahres" WC="0.96" />
            <String ID="Textword_107" HPOS="1789" VPOS="3344" HEIGHT="34" WIDTH="134" CONTENT="Coupons." WC="0.95" />
          </TextLine>
        </TextBlock>
        <TextBlock ID="TextBlock_37" HPOS="1494" VPOS="3398" HEIGHT="50" WIDTH="419">
          <TextLine ID="TextLine_39" HPOS="1494" VPOS="3398" HEIGHT="50" WIDTH="419">
            <String ID="Textword_108" HPOS="1494" VPOS="3400" HEIGHT="39" WIDTH="101" CONTENT="Die" WC="0.96" />
            <String ID="Textword_109" HPOS="1624" VPOS="3398" HEIGHT="50" WIDTH="289" CONTENT="Direktion." WC="0.95" />
          </TextLine>
        </TextBlock>
        <TextBlock ID="TextBlock_38" HPOS="297" VPOS="3462" HEIGHT="27" WIDTH="1726">
          <TextLine ID="TextLine_40" HPOS="297" VPOS="3462" HEIGHT="27" WIDTH="1726">
            <SP ID="Textword_11" HPOS="297" VPOS="3462" />
            <String ID="Textword_110" HPOS="297" VPOS="3462" HEIGHT="27" WIDTH="1726" CONTENT=" " WC="0.95" />
          </TextLine>
        </TextBlock>
        <TextBlock ID="TextBlock_39" HPOS="296" VPOS="3505" HEIGHT="40" WIDTH="1141">
          <TextLine ID="TextLine_41" HPOS="296" VPOS="3505" HEIGHT="40" WIDTH="1141">
            <SP ID="Textword_12" HPOS="296" VPOS="3505" />
            <String ID="Textword_111" HPOS="296" VPOS="3505" HEIGHT="40" WIDTH="1141" CONTENT=" " WC="0.95" />
          </TextLine>
        </TextBlock>
        <TextBlock ID="TextBlock_40" HPOS="588" VPOS="3583" HEIGHT="186" WIDTH="847">
          <TextLine ID="TextLine_42" HPOS="588" VPOS="3583" HEIGHT="77" WIDTH="844">
            <String ID="Textword_112" HPOS="588" VPOS="3588" HEIGHT="72" WIDTH="344" CONTENT="Maschinen," WC="0.93" />
            <String ID="Textword_113" HPOS="937" VPOS="3583" HEIGHT="64" WIDTH="495" CONTENT="Transmissionen" WC="0.91" />
          </TextLine>
          <TextLine ID="TextLine_43" HPOS="627" VPOS="3690" HEIGHT="79" WIDTH="808">
            <String ID="Textword_114" HPOS="627" VPOS="3699" HEIGHT="70" WIDTH="159" CONTENT="Guss," WC="0.96" />
            <String ID="Textword_115" HPOS="836" VPOS="3695" HEIGHT="62" WIDTH="163" CONTENT="Eisen" WC="0.95" />
            <String ID="Textword_116" HPOS="1049" VPOS="3690" HEIGHT="64" WIDTH="114" CONTENT="und" WC="0.96" />
            <String ID="Textword_117" HPOS="1211" VPOS="3690" HEIGHT="61" WIDTH="150" CONTENT="Meta" WC="0.96" />
            <String ID="Textword_118" HPOS="1389" VPOS="3698" HEIGHT="51" WIDTH="46" CONTENT="le" WC="0.95" />
          </TextLine>
        </TextBlock>
        <TextBlock ID="TextBlock_41" HPOS="295" VPOS="3602" HEIGHT="245" WIDTH="935">
          <TextLine ID="TextLine_44" HPOS="295" VPOS="3602" HEIGHT="193" WIDTH="153">
            <String ID="Textword_119" HPOS="295" VPOS="3602" HEIGHT="193" WIDTH="153" CONTENT="Al" WC="0.80" />
          </TextLine>
          <TextLine ID="TextLine_45" HPOS="589" VPOS="3812" HEIGHT="35" WIDTH="641">
            <String ID="Textword_120" HPOS="589" VPOS="3820" HEIGHT="27" WIDTH="97" CONTENT="kaufen" WC="0.96" />
            <String ID="Textword_121" HPOS="707" VPOS="3816" HEIGHT="29" WIDTH="185" CONTENT="fortwährend" WC="0.96" />
            <String ID="Textword_122" HPOS="911" VPOS="3823" HEIGHT="18" WIDTH="34" CONTENT="zu" WC="0.96" />
            <String ID="Textword_123" HPOS="965" VPOS="3814" HEIGHT="27" WIDTH="132" CONTENT="höchsten" WC="0.96" />
            <String ID="Textword_124" HPOS="1117" VPOS="3812" HEIGHT="26" WIDTH="113" CONTENT="Preisen" WC="0.96" />
          </TextLine>
        </TextBlock>
        <TextBlock ID="TextBlock_42" HPOS="296" VPOS="3873" HEIGHT="111" WIDTH="1141">
          <TextLine ID="TextLine_46" HPOS="298" VPOS="3873" HEIGHT="51" WIDTH="1138">
            <String ID="Textword_125" HPOS="298" VPOS="3887" HEIGHT="34" WIDTH="127" CONTENT="Gebr." WC="0.93" />
            <String ID="Textword_126" HPOS="449" VPOS="3883" HEIGHT="41" WIDTH="311" CONTENT="Bertschinger" WC="0.91" />
            <String ID="Textword_127" HPOS="795" VPOS="3880" HEIGHT="32" WIDTH="39" CONTENT="&amp;" WC="0.90" />
            <String ID="Textword_128" HPOS="870" VPOS="3879" HEIGHT="39" WIDTH="98" CONTENT="Cie.," WC="0.91" />
            <String ID="Textword_129" HPOS="1004" VPOS="3875" HEIGHT="34" WIDTH="189" CONTENT="Wallisellen" WC="0.95" />
            <String ID="Textword_130" HPOS="1225" VPOS="3874" HEIGHT="31" WIDTH="54" CONTENT="bei" WC="0.95" />
            <String ID="Textword_131" HPOS="1306" VPOS="3873" HEIGHT="32" WIDTH="130" CONTENT="Zürich," WC="0.89" />
          </TextLine>
          <TextLine ID="TextLine_47" HPOS="296" VPOS="3934" HEIGHT="50" WIDTH="1141">
            <String ID="Textword_132" HPOS="296" VPOS="3949" HEIGHT="35" WIDTH="147" CONTENT="Telephon:" WC="0.90" />
            <String ID="Textword_133" HPOS="464" VPOS="3947" HEIGHT="27" WIDTH="43" CONTENT="Nr." WC="0.96" />
            <String ID="Textword_134" HPOS="521" VPOS="3947" HEIGHT="31" WIDTH="74" CONTENT="2914," WC="0.96" />
            <String ID="Textword_135" HPOS="615" VPOS="3943" HEIGHT="28" WIDTH="104" CONTENT="Zürich." WC="0.87" />
            <String ID="Textword_136" HPOS="978" VPOS="3937" HEIGHT="36" WIDTH="202" CONTENT="Telegr.-Adr.:" WC="0.92" />
            <String ID="Textword_137" HPOS="1201" VPOS="3934" HEIGHT="33" WIDTH="236" CONTENT="Gehertschinger." WC="0.92" />
          </TextLine>
        </TextBlock>
        <TextBlock ID="TextBlock_43" HPOS="297" VPOS="4012" HEIGHT="44" WIDTH="1137">
          <TextLine ID="TextLine_48" HPOS="297" VPOS="4012" HEIGHT="44" WIDTH="1137">
            <SP ID="Textword_13" HPOS="297" VPOS="4012" />
            <String ID="Textword_138" HPOS="297" VPOS="4012" HEIGHT="44" WIDTH="1137" CONTENT=" " WC="0.95" />
          </TextLine>
        </TextBlock>
        <TextBlock ID="TextBlock_44" HPOS="1449" VPOS="3505" HEIGHT="532" WIDTH="8">
          <TextLine ID="TextLine_49" HPOS="1449" VPOS="3505" HEIGHT="532" WIDTH="8">
            <SP ID="Textword_14" HPOS="1449" VPOS="3505" />
            <String ID="Textword_139" HPOS="1449" VPOS="3505" HEIGHT="532" WIDTH="8" CONTENT=" " WC="0.95" />
          </TextLine>
        </TextBlock>
        <TextBlock ID="TextBlock_45" HPOS="1466" VPOS="3505" HEIGHT="133" WIDTH="557">
          <TextLine ID="TextLine_50" HPOS="1466" VPOS="3505" HEIGHT="133" WIDTH="557">
            <String ID="Textword_140" HPOS="1466" VPOS="3507" HEIGHT="131" WIDTH="307" CONTENT="Emaillierte" WC="0.71" />
            <String ID="Textword_141" HPOS="1788" VPOS="3505" HEIGHT="133" WIDTH="235" CONTENT="Schilder" WC="0.85" />
          </TextLine>
        </TextBlock>
        <TextBlock ID="TextBlock_46" HPOS="1545" VPOS="3664" HEIGHT="96" WIDTH="436">
          <TextLine ID="TextLine_51" HPOS="1545" VPOS="3664" HEIGHT="43" WIDTH="436">
            <String ID="Textword_142" HPOS="1545" VPOS="3664" HEIGHT="43" WIDTH="436" CONTENT="Reklame-Schilder" WC="0.88" />
          </TextLine>
          <TextLine ID="TextLine_52" HPOS="1547" VPOS="3717" HEIGHT="43" WIDTH="342">
            <String ID="Textword_143" HPOS="1547" VPOS="3717" HEIGHT="43" WIDTH="342" CONTENT="Strassentafeln" WC="0.43" />
          </TextLine>
        </TextBlock>
        <TextBlock ID="TextBlock_47" HPOS="1547" VPOS="3773" HEIGHT="40" WIDTH="354">
          <TextLine ID="TextLine_53" HPOS="1547" VPOS="3773" HEIGHT="40" WIDTH="354">
            <String ID="Textword_144" HPOS="1547" VPOS="3773" HEIGHT="40" WIDTH="354" CONTENT="Hausnummern" WC="0.90" />
          </TextLine>
        </TextBlock>
        <TextBlock ID="TextBlock_48" HPOS="1464" VPOS="3834" HEIGHT="133" WIDTH="558">
          <TextLine ID="TextLine_54" HPOS="1464" VPOS="3834" HEIGHT="34" WIDTH="557">
            <String ID="Textword_145" HPOS="1464" VPOS="3834" HEIGHT="34" WIDTH="77" CONTENT="jeder" WC="0.93" />
            <String ID="Textword_146" HPOS="1557" VPOS="3834" HEIGHT="27" WIDTH="52" CONTENT="Art" WC="0.96" />
            <String ID="Textword_147" HPOS="1627" VPOS="3835" HEIGHT="26" WIDTH="54" CONTENT="und" WC="0.93" />
            <String ID="Textword_148" HPOS="1696" VPOS="3834" HEIGHT="26" WIDTH="100" CONTENT="Grôässe" WC="0.47" />
            <String ID="Textword_149" HPOS="1808" VPOS="3834" HEIGHT="33" WIDTH="147" CONTENT="empfiehlt," WC="0.91" />
            <String ID="Textword_150" HPOS="1973" VPOS="3841" HEIGHT="27" WIDTH="48" CONTENT="ge-" WC="0.91" />
          </TextLine>
          <TextLine ID="TextLine_55" HPOS="1466" VPOS="3869" HEIGHT="34" WIDTH="556">
            <String ID="Textword_151" HPOS="1466" VPOS="3873" HEIGHT="23" WIDTH="88" CONTENT="stützt" WC="0.92" />
            <String ID="Textword_152" HPOS="1583" VPOS="3871" HEIGHT="26" WIDTH="50" CONTENT="auf" WC="0.93" />
            <String ID="Textword_153" HPOS="1659" VPOS="3869" HEIGHT="34" WIDTH="173" CONTENT="langjährige" WC="0.91" />
            <String ID="Textword_154" HPOS="1855" VPOS="3869" HEIGHT="33" WIDTH="167" CONTENT="Erfahrung," WC="0.91" />
          </TextLine>
          <TextLine ID="TextLine_56" HPOS="1467" VPOS="3904" HEIGHT="35" WIDTH="554">
            <String ID="Textword_155" HPOS="1467" VPOS="3906" HEIGHT="25" WIDTH="26" CONTENT="in" WC="0.90" />
            <String ID="Textword_156" HPOS="1514" VPOS="3906" HEIGHT="26" WIDTH="144" CONTENT="tadelloser" WC="0.90" />
            <String ID="Textword_157" HPOS="1679" VPOS="3905" HEIGHT="34" WIDTH="178" CONTENT="Ausführung" WC="0.96" />
            <String ID="Textword_158" HPOS="1877" VPOS="3913" HEIGHT="18" WIDTH="35" CONTENT="zu" WC="0.93" />
            <String ID="Textword_159" HPOS="1930" VPOS="3904" HEIGHT="33" WIDTH="91" CONTENT="billig-" WC="0.88" />
          </TextLine>
          <TextLine ID="TextLine_57" HPOS="1467" VPOS="3941" HEIGHT="26" WIDTH="199">
            <String ID="Textword_160" HPOS="1467" VPOS="3945" HEIGHT="22" WIDTH="61" CONTENT="sten" WC="0.94" />
            <String ID="Textword_161" HPOS="1548" VPOS="3941" HEIGHT="26" WIDTH="118" CONTENT="Preisen." WC="0.90" />
          </TextLine>
        </TextBlock>
        <TextBlock ID="TextBlock_49" HPOS="1563" VPOS="3983" HEIGHT="51" WIDTH="459">
          <TextLine ID="TextLine_58" HPOS="1563" VPOS="3983" HEIGHT="51" WIDTH="459">
            <String ID="Textword_162" HPOS="1563" VPOS="3983" HEIGHT="43" WIDTH="357" CONTENT="Metallwarenfabrik" WC="0.82" />
            <String ID="Textword_163" HPOS="1938" VPOS="3983" HEIGHT="51" WIDTH="84" CONTENT="Zug." WC="0.95" />
          </TextLine>
        </TextBlock>
        <TextBlock ID="TextBlock_50" HPOS="2131" VPOS="371" HEIGHT="99" WIDTH="998">
          <TextLine ID="TextLine_59" HPOS="2131" VPOS="371" HEIGHT="99" WIDTH="998">
            <String ID="Textword_164" HPOS="2131" VPOS="385" HEIGHT="85" WIDTH="346" CONTENT="FENSTER" WC="0.96" />
            <String ID="Textword_165" HPOS="2524" VPOS="392" HEIGHT="38" WIDTH="36" CONTENT="3" WC="0.44" />
            <String ID="Textword_166" HPOS="2583" VPOS="371" HEIGHT="62" WIDTH="546" CONTENT="TURENFABRIK" WC="0.90" />
          </TextLine>
        </TextBlock>
        <TextBlock ID="TextBlock_51" HPOS="2795" VPOS="447" HEIGHT="26" WIDTH="165">
          <TextLine ID="TextLine_60" HPOS="2795" VPOS="447" HEIGHT="26" WIDTH="165">
            <String ID="Textword_167" HPOS="2795" VPOS="447" HEIGHT="26" WIDTH="165" CONTENT="Fre" WC="0.26" />
          </TextLine>
        </TextBlock>
        <TextBlock ID="TextBlock_52" HPOS="2106" VPOS="447" HEIGHT="458" WIDTH="1048">
          <TextLine ID="TextLine_61" HPOS="2287" VPOS="447" HEIGHT="185" WIDTH="823">
            <String ID="Textword_168" HPOS="2150" VPOS="447" HEIGHT="185" WIDTH="960" CONTENT="FRET" WC="0.15" />
          </TextLine>
          <TextLine ID="TextLine_62" HPOS="2524" VPOS="600" HEIGHT="115" WIDTH="606">
            <String ID="Textword_169" HPOS="2135" VPOS="646" HEIGHT="8" WIDTH="2" CONTENT="|" WC="0.67" />
            <String ID="Textword_170" HPOS="2194" VPOS="617" HEIGHT="43" WIDTH="18" CONTENT="fl" WC="0.60" />
            <String ID="Textword_171" HPOS="2264" VPOS="603" HEIGHT="61" WIDTH="131" CONTENT="IU" WC="0.30" />
            <String ID="Textword_172" HPOS="2524" VPOS="600" HEIGHT="47" WIDTH="80" CONTENT="FS" WC="0.30" />
            <String ID="Textword_173" HPOS="2908" VPOS="601" HEIGHT="114" WIDTH="222" CONTENT="sc&quot;" WC="0.16" />
          </TextLine>
          <TextLine ID="TextLine_63" HPOS="2106" VPOS="617" HEIGHT="288" WIDTH="1048">
            <String ID="Textword_174" HPOS="2106" VPOS="617" HEIGHT="288" WIDTH="1048" CONTENT="agichifa" WC="0.00" />
          </TextLine>
        </TextBlock>
        <TextBlock ID="TextBlock_53" HPOS="2151" VPOS="874" HEIGHT="83" WIDTH="970">
          <TextLine ID="TextLine_64" HPOS="2151" VPOS="874" HEIGHT="83" WIDTH="970">
            <String ID="Textword_175" HPOS="2151" VPOS="897" HEIGHT="60" WIDTH="465" CONTENT="THALWIL" WC="0.79" />
            <String ID="Textword_176" HPOS="2638" VPOS="874" HEIGHT="78" WIDTH="483" CONTENT="=2URICH" WC="0.33" />
          </TextLine>
        </TextBlock>
        <TextBlock ID="TextBlock_54" HPOS="2125" VPOS="443" HEIGHT="110" WIDTH="1023">
          <TextLine ID="TextLine_65" HPOS="2125" VPOS="443" HEIGHT="110" WIDTH="1023">
            <SP ID="Textword_15" HPOS="2125" VPOS="443" />
            <String ID="Textword_177" HPOS="2125" VPOS="443" HEIGHT="38" WIDTH="678" CONTENT="  " WC="0.95" />
            <SP ID="Textword_16" HPOS="2946" VPOS="443" />
            <String ID="Textword_178" HPOS="2946" VPOS="443" HEIGHT="110" WIDTH="16" CONTENT="  " WC="0.95" />
            <SP ID="Textword_17" HPOS="3014" VPOS="443" />
            <String ID="Textword_179" HPOS="3014" VPOS="443" HEIGHT="5" WIDTH="134" CONTENT=" " WC="0.95" />
          </TextLine>
        </TextBlock>
        <TextBlock ID="TextBlock_55" HPOS="2109" VPOS="445" HEIGHT="12" WIDTH="619">
          <TextLine ID="TextLine_66" HPOS="2109" VPOS="445" HEIGHT="12" WIDTH="619">
            <SP ID="Textword_18" HPOS="2109" VPOS="445" />
            <String ID="Textword_180" HPOS="2109" VPOS="445" HEIGHT="12" WIDTH="619" CONTENT=" " WC="0.95" />
          </TextLine>
        </TextBlock>
        <TextBlock ID="TextBlock_56" HPOS="2120" VPOS="448" HEIGHT="281" WIDTH="1028">
          <TextLine ID="TextLine_67" HPOS="2120" VPOS="448" HEIGHT="169" WIDTH="1028">
            <SP ID="Textword_19" HPOS="2120" VPOS="448" />
            <String ID="Textword_181" HPOS="2120" VPOS="448" HEIGHT="169" WIDTH="1028" CONTENT="      " WC="0.95" />
          </TextLine>
          <TextLine ID="TextLine_68" HPOS="2126" VPOS="617" HEIGHT="112" WIDTH="534">
            <SP ID="Textword_20" HPOS="2126" VPOS="617" />
            <String ID="Textword_182" HPOS="2126" VPOS="617" HEIGHT="112" WIDTH="534" CONTENT=" " WC="0.95" />
          </TextLine>
        </TextBlock>
        <TextBlock ID="TextBlock_57" HPOS="2494" VPOS="566" HEIGHT="111" WIDTH="2">
          <TextLine ID="TextLine_69" HPOS="2494" VPOS="566" HEIGHT="111" WIDTH="2">
            <SP ID="Textword_21" HPOS="2494" VPOS="566" />
            <String ID="Textword_183" HPOS="2494" VPOS="566" HEIGHT="111" WIDTH="2" CONTENT=" " WC="0.95" />
          </TextLine>
        </TextBlock>
        <TextBlock ID="TextBlock_58" HPOS="2112" VPOS="451" HEIGHT="280" WIDTH="12">
          <TextLine ID="TextLine_70" HPOS="2112" VPOS="451" HEIGHT="280" WIDTH="12">
            <SP ID="Textword_22" HPOS="2112" VPOS="451" />
            <String ID="Textword_184" HPOS="2112" VPOS="451" HEIGHT="280" WIDTH="12" CONTENT=" " WC="0.95" />
          </TextLine>
        </TextBlock>
        <TextBlock ID="TextBlock_59" HPOS="2281" VPOS="575" HEIGHT="154" WIDTH="9">
          <TextLine ID="TextLine_71" HPOS="2281" VPOS="575" HEIGHT="154" WIDTH="9">
            <SP ID="Textword_23" HPOS="2281" VPOS="575" />
            <String ID="Textword_185" HPOS="2281" VPOS="575" HEIGHT="154" WIDTH="9" CONTENT=" " WC="0.95" />
          </TextLine>
        </TextBlock>
        <TextBlock ID="TextBlock_60" HPOS="2116" VPOS="725" HEIGHT="6" WIDTH="174">
          <TextLine ID="TextLine_72" HPOS="2116" VPOS="725" HEIGHT="6" WIDTH="174">
            <SP ID="Textword_24" HPOS="2116" VPOS="725" />
            <String ID="Textword_186" HPOS="2116" VPOS="725" HEIGHT="6" WIDTH="174" CONTENT=" " WC="0.95" />
          </TextLine>
        </TextBlock>
        <TextBlock ID="TextBlock_61" HPOS="2739" VPOS="819" HEIGHT="34" WIDTH="404">
          <TextLine ID="TextLine_73" HPOS="2739" VPOS="819" HEIGHT="34" WIDTH="404">
            <SP ID="Textword_25" HPOS="2739" VPOS="819" />
            <String ID="Textword_187" HPOS="2739" VPOS="819" HEIGHT="34" WIDTH="404" CONTENT=" " WC="0.95" />
          </TextLine>
        </TextBlock>
        <TextBlock ID="TextBlock_62" HPOS="2127" VPOS="838" HEIGHT="25" WIDTH="255">
          <TextLine ID="TextLine_74" HPOS="2127" VPOS="838" HEIGHT="25" WIDTH="255">
            <SP ID="Textword_26" HPOS="2127" VPOS="838" />
            <String ID="Textword_188" HPOS="2127" VPOS="838" HEIGHT="25" WIDTH="255" CONTENT=" " WC="0.95" />
          </TextLine>
        </TextBlock>
        <TextBlock ID="TextBlock_63" HPOS="2052" VPOS="364" HEIGHT="612" WIDTH="16">
          <TextLine ID="TextLine_75" HPOS="2052" VPOS="364" HEIGHT="612" WIDTH="16">
            <SP ID="Textword_27" HPOS="2052" VPOS="364" />
            <String ID="Textword_189" HPOS="2052" VPOS="364" HEIGHT="612" WIDTH="16" CONTENT=" " WC="0.95" />
          </TextLine>
        </TextBlock>
        <TextBlock ID="TextBlock_64" HPOS="3215" VPOS="0" HEIGHT="359" WIDTH="210">
          <TextLine ID="TextLine_76" HPOS="3215" VPOS="0" HEIGHT="359" WIDTH="210">
            <SP ID="Textword_28" HPOS="3215" VPOS="0" />
            <String ID="Textword_190" HPOS="3215" VPOS="0" HEIGHT="359" WIDTH="210" CONTENT=" " WC="0.95" />
          </TextLine>
        </TextBlock>
        <TextBlock ID="TextBlock_65" HPOS="3207" VPOS="357" HEIGHT="612" WIDTH="17">
          <TextLine ID="TextLine_77" HPOS="3207" VPOS="357" HEIGHT="612" WIDTH="17">
            <SP ID="Textword_29" HPOS="3207" VPOS="357" />
            <String ID="Textword_191" HPOS="3207" VPOS="357" HEIGHT="612" WIDTH="17" CONTENT=" " WC="0.95" />
          </TextLine>
        </TextBlock>
        <TextBlock ID="TextBlock_66" HPOS="2059" VPOS="958" HEIGHT="20" WIDTH="1164">
          <TextLine ID="TextLine_78" HPOS="2059" VPOS="958" HEIGHT="20" WIDTH="1164">
            <SP ID="Textword_30" HPOS="2059" VPOS="958" />
            <String ID="Textword_192" HPOS="2059" VPOS="958" HEIGHT="20" WIDTH="1164" CONTENT=" " WC="0.95" />
          </TextLine>
        </TextBlock>
        <TextBlock ID="TextBlock_67" HPOS="2055" VPOS="984" HEIGHT="14" WIDTH="1147">
          <TextLine ID="TextLine_79" HPOS="2055" VPOS="984" HEIGHT="14" WIDTH="1147">
            <SP ID="Textword_31" HPOS="2055" VPOS="984" />
            <String ID="Textword_193" HPOS="2055" VPOS="984" HEIGHT="14" WIDTH="1147" CONTENT=" " WC="0.95" />
          </TextLine>
        </TextBlock>
        <TextBlock ID="TextBlock_68" HPOS="2823" VPOS="1035" HEIGHT="45" WIDTH="377">
          <TextLine ID="TextLine_80" HPOS="2823" VPOS="1035" HEIGHT="45" WIDTH="377">
            <String ID="Textword_194" HPOS="2823" VPOS="1037" HEIGHT="43" WIDTH="79" CONTENT="Mech." WC="0.82" />
            <String ID="Textword_195" HPOS="2921" VPOS="1036" HEIGHT="44" WIDTH="160" CONTENT="Drahtwaren" WC="0.73" />
            <String ID="Textword_196" HPOS="3092" VPOS="1059" HEIGHT="7" WIDTH="9" CONTENT="-" WC="0.90" />
            <String ID="Textword_197" HPOS="3111" VPOS="1035" HEIGHT="45" WIDTH="89" CONTENT="Fabrik" WC="0.81" />
          </TextLine>
        </TextBlock>
        <TextBlock ID="TextBlock_69" HPOS="2243" VPOS="1045" HEIGHT="234" WIDTH="932">
          <TextLine ID="TextLine_81" HPOS="2419" VPOS="1045" HEIGHT="13" WIDTH="8">
            <String ID="Textword_198" HPOS="2419" VPOS="1045" HEIGHT="13" WIDTH="8" CONTENT="=" WC="0.43" />
          </TextLine>
          <TextLine ID="TextLine_82" HPOS="2367" VPOS="1063" HEIGHT="18" WIDTH="85">
            <String ID="Textword_199" HPOS="2367" VPOS="1068" HEIGHT="4" WIDTH="4" CONTENT="à" WC="0.51" />
            <String ID="Textword_200" HPOS="2425" VPOS="1063" HEIGHT="18" WIDTH="27" CONTENT="#" WC="0.18" />
          </TextLine>
          <TextLine ID="TextLine_83" HPOS="2380" VPOS="1113" HEIGHT="17" WIDTH="122">
            <String ID="Textword_201" HPOS="2380" VPOS="1113" HEIGHT="11" WIDTH="13" CONTENT="a" WC="0.23" />
            <String ID="Textword_202" HPOS="2424" VPOS="1108" HEIGHT="22" WIDTH="26" CONTENT="NN" WC="0.68" />
            <String ID="Textword_203" HPOS="2500" VPOS="1121" HEIGHT="2" WIDTH="2" CONTENT="i" WC="0.29" />
          </TextLine>
          <TextLine ID="TextLine_84" HPOS="2243" VPOS="1115" HEIGHT="86" WIDTH="932">
            <String ID="Textword_204" HPOS="2243" VPOS="1169" HEIGHT="7" WIDTH="9" CONTENT="2" WC="0.88" />
            <String ID="Textword_205" HPOS="2365" VPOS="1167" HEIGHT="11" WIDTH="34" CONTENT="&gt;" WC="0.36" />
            <String ID="Textword_206" HPOS="2509" VPOS="1155" HEIGHT="14" WIDTH="15" CONTENT="0" WC="0.15" />
            <String ID="Textword_207" HPOS="2591" VPOS="1170" HEIGHT="2" WIDTH="3" CONTENT="S" WC="0.42" />
            <String ID="Textword_208" HPOS="2643" VPOS="1155" HEIGHT="16" WIDTH="23" CONTENT="©" WC="0.40" />
            <String ID="Textword_209" HPOS="2729" VPOS="1156" HEIGHT="14" WIDTH="49" CONTENT="LA" WC="0.24" />
            <String ID="Textword_210" HPOS="2851" VPOS="1116" HEIGHT="85" WIDTH="48" CONTENT="G" WC="0.92" />
            <String ID="Textword_211" HPOS="3014" VPOS="1115" HEIGHT="85" WIDTH="161" CONTENT="OPP" WC="0.88" />
          </TextLine>
          <TextLine ID="TextLine_85" HPOS="2490" VPOS="1176" HEIGHT="13" WIDTH="287">
            <String ID="Textword_212" HPOS="2490" VPOS="1179" HEIGHT="10" WIDTH="4" CONTENT="D" WC="0.88" />
            <String ID="Textword_213" HPOS="2538" VPOS="1176" HEIGHT="6" WIDTH="8" CONTENT="4" WC="0.36" />
            <String ID="Textword_214" HPOS="2771" VPOS="1176" HEIGHT="6" WIDTH="6" CONTENT="I" WC="0.25" />
          </TextLine>
          <TextLine ID="TextLine_86" HPOS="2511" VPOS="1188" HEIGHT="15" WIDTH="409">
            <String ID="Textword_215" HPOS="2511" VPOS="1190" HEIGHT="13" WIDTH="60" CONTENT="Ve." WC="0.30" />
            <String ID="Textword_216" HPOS="2625" VPOS="1189" HEIGHT="10" WIDTH="11" CONTENT="N" WC="0.44" />
            <String ID="Textword_217" HPOS="2781" VPOS="1189" HEIGHT="4" WIDTH="2" CONTENT=")" WC="0.20" />
            <String ID="Textword_218" HPOS="2906" VPOS="1188" HEIGHT="14" WIDTH="14" CONTENT="u" WC="0.40" />
          </TextLine>
          <TextLine ID="TextLine_87" HPOS="2590" VPOS="1204" HEIGHT="11" WIDTH="12">
            <String ID="Textword_219" HPOS="2590" VPOS="1204" HEIGHT="11" WIDTH="12" CONTENT="*" WC="0.15" />
          </TextLine>
          <TextLine ID="TextLine_88" HPOS="2577" VPOS="1217" HEIGHT="12" WIDTH="11">
            <String ID="Textword_220" HPOS="2577" VPOS="1217" HEIGHT="12" WIDTH="11" CONTENT="4" WC="0.38" />
          </TextLine>
          <TextLine ID="TextLine_89" HPOS="2547" VPOS="1232" HEIGHT="8" WIDTH="159">
            <String ID="Textword_221" HPOS="2547" VPOS="1232" HEIGHT="7" WIDTH="8" CONTENT="A" WC="0.47" />
            <String ID="Textword_222" HPOS="2697" VPOS="1232" HEIGHT="8" WIDTH="9" CONTENT="S" WC="0.49" />
          </TextLine>
          <TextLine ID="TextLine_90" HPOS="2680" VPOS="1249" HEIGHT="9" WIDTH="8">
            <String ID="Textword_223" HPOS="2680" VPOS="1249" HEIGHT="9" WIDTH="8" CONTENT="\" WC="0.31" />
          </TextLine>
          <TextLine ID="TextLine_91" HPOS="2584" VPOS="1271" HEIGHT="8" WIDTH="51">
            <String ID="Textword_224" HPOS="2584" VPOS="1271" HEIGHT="8" WIDTH="51" CONTENT="VA," WC="0.52" />
          </TextLine>
        </TextBlock>
        <TextBlock ID="TextBlock_70" HPOS="2775" VPOS="1223" HEIGHT="46" WIDTH="422">
          <TextLine ID="TextLine_92" HPOS="2775" VPOS="1223" HEIGHT="46" WIDTH="422">
            <String ID="Textword_225" HPOS="2775" VPOS="1223" HEIGHT="39" WIDTH="6" CONTENT="À" WC="0.67" />
            <String ID="Textword_226" HPOS="2823" VPOS="1232" HEIGHT="37" WIDTH="374" CONTENT="Schaffhausen-Hallau" WC="0.88" />
          </TextLine>
        </TextBlock>
        <TextBlock ID="TextBlock_71" HPOS="2053" VPOS="1041" HEIGHT="356" WIDTH="766">
          <TextLine ID="TextLine_93" HPOS="2053" VPOS="1041" HEIGHT="356" WIDTH="766">
            <SP ID="Textword_32" HPOS="2053" VPOS="1041" />
            <String ID="Textword_227" HPOS="2053" VPOS="1041" HEIGHT="356" WIDTH="766" CONTENT="   " WC="0.95" />
          </TextLine>
        </TextBlock>
        <TextBlock ID="TextBlock_72" HPOS="2056" VPOS="1289" HEIGHT="159" WIDTH="1141">
          <TextLine ID="TextLine_94" HPOS="2774" VPOS="1289" HEIGHT="36" WIDTH="353">
            <String ID="Textword_228" HPOS="2774" VPOS="1316" HEIGHT="9" WIDTH="7" CONTENT="fi" WC="0.29" />
            <String ID="Textword_229" HPOS="2883" VPOS="1289" HEIGHT="26" WIDTH="244" CONTENT="Draht-Gitter" WC="0.91" />
          </TextLine>
          <TextLine ID="TextLine_95" HPOS="2359" VPOS="1334" HEIGHT="44" WIDTH="838">
            <String ID="Textword_230" HPOS="2359" VPOS="1376" HEIGHT="2" WIDTH="3" CONTENT=";" WC="0.66" />
            <String ID="Textword_231" HPOS="2748" VPOS="1339" HEIGHT="37" WIDTH="60" CONTENT="#A&gt;" WC="0.00" />
            <String ID="Textword_232" HPOS="2822" VPOS="1336" HEIGHT="33" WIDTH="183" CONTENT="Geflechte," WC="0.91" />
            <String ID="Textword_233" HPOS="3021" VPOS="1334" HEIGHT="25" WIDTH="100" CONTENT="Siebe" WC="0.85" />
            <String ID="Textword_234" HPOS="3134" VPOS="1334" HEIGHT="24" WIDTH="63" CONTENT="etc." WC="0.94" />
          </TextLine>
          <TextLine ID="TextLine_96" HPOS="2142" VPOS="1378" HEIGHT="33" WIDTH="1021">
            <String ID="Textword_235" HPOS="2142" VPOS="1378" HEIGHT="13" WIDTH="260" CONTENT="ES" WC="0.09" />
            <String ID="Textword_236" HPOS="2543" VPOS="1376" HEIGHT="17" WIDTH="221" CONTENT="sa" WC="0.08" />
            <String ID="Textword_237" HPOS="2855" VPOS="1381" HEIGHT="25" WIDTH="81" CONTENT="Beste" WC="0.91" />
            <String ID="Textword_238" HPOS="2955" VPOS="1378" HEIGHT="33" WIDTH="208" CONTENT="Bezugsquelle." WC="0.91" />
          </TextLine>
          <TextLine ID="TextLine_97" HPOS="2056" VPOS="1421" HEIGHT="27" WIDTH="1141">
            <String ID="Textword_239" HPOS="0" VPOS="0" HEIGHT="4982" WIDTH="3425" CONTENT="ER" WC="0.20" />
            <String ID="Textword_240" HPOS="2056" VPOS="1421" HEIGHT="27" WIDTH="1141" CONTENT="NZ" WC="0.15" />
          </TextLine>
        </TextBlock>
        <TextBlock ID="TextBlock_73" HPOS="2110" VPOS="1481" HEIGHT="56" WIDTH="1032">
          <TextLine ID="TextLine_98" HPOS="2110" VPOS="1481" HEIGHT="56" WIDTH="1032">
            <String ID="Textword_241" HPOS="2110" VPOS="1483" HEIGHT="52" WIDTH="773" CONTENT="Mosterei-Genossenschaft" WC="0.91" />
            <String ID="Textword_242" HPOS="2918" VPOS="1481" HEIGHT="56" WIDTH="224" CONTENT="Egnach" WC="0.91" />
          </TextLine>
        </TextBlock>
        <TextBlock ID="TextBlock_74" HPOS="2003" VPOS="1548" HEIGHT="41" WIDTH="1196">
          <TextLine ID="TextLine_99" HPOS="2003" VPOS="1548" HEIGHT="41" WIDTH="1196">
            <String ID="Textword_243" HPOS="2003" VPOS="1550" HEIGHT="1" WIDTH="10" CONTENT="3" WC="0.49" />
            <String ID="Textword_244" HPOS="0" VPOS="0" HEIGHT="4982" WIDTH="3425" CONTENT="|" WC="0.49" />
            <String ID="Textword_245" HPOS="2053" VPOS="1555" HEIGHT="27" WIDTH="121" CONTENT="offeriert" WC="0.73" />
            <String ID="Textword_246" HPOS="2211" VPOS="1555" HEIGHT="26" WIDTH="29" CONTENT="in" WC="0.94" />
            <String ID="Textword_247" HPOS="2275" VPOS="1555" HEIGHT="27" WIDTH="123" CONTENT="besten" WC="0.95" />
            <String ID="Textword_248" HPOS="2429" VPOS="1554" HEIGHT="35" WIDTH="200" CONTENT="Qualitäten" WC="0.96" />
            <String ID="Textword_249" HPOS="2665" VPOS="1562" HEIGHT="18" WIDTH="35" CONTENT="zu" WC="0.95" />
            <String ID="Textword_250" HPOS="2736" VPOS="1552" HEIGHT="33" WIDTH="181" CONTENT="billigsten" WC="0.93" />
            <String ID="Textword_251" HPOS="2944" VPOS="1548" HEIGHT="35" WIDTH="255" CONTENT="Tagespreisen" WC="0.92" />
          </TextLine>
        </TextBlock>
        <TextBlock ID="TextBlock_75" HPOS="3091" VPOS="1637" HEIGHT="43" WIDTH="107">
          <TextLine ID="TextLine_100" HPOS="3091" VPOS="1637" HEIGHT="43" WIDTH="107">
            <String ID="Textword_252" HPOS="3091" VPOS="1637" HEIGHT="43" WIDTH="107" CONTENT="Il" WC="0.58" />
          </TextLine>
        </TextBlock>
        <TextBlock ID="TextBlock_76" HPOS="2051" VPOS="1603" HEIGHT="126" WIDTH="995">
          <TextLine ID="TextLine_101" HPOS="2051" VPOS="1603" HEIGHT="126" WIDTH="995">
            <String ID="Textword_253" HPOS="2051" VPOS="1644" HEIGHT="42" WIDTH="107" CONTENT="==" WC="0.81" />
            <String ID="Textword_254" HPOS="2195" VPOS="1608" HEIGHT="102" WIDTH="134" CONTENT="Ojjsse" WC="0.05" />
            <String ID="Textword_255" HPOS="2362" VPOS="1608" HEIGHT="121" WIDTH="249" CONTENT="Thurgauer" WC="0.37" />
            <String ID="Textword_256" HPOS="2643" VPOS="1607" HEIGHT="101" WIDTH="139" CONTENT="Mosle" WC="0.68" />
            <String ID="Textword_257" HPOS="2815" VPOS="1605" HEIGHT="101" WIDTH="85" CONTENT="und" WC="0.92" />
            <String ID="Textword_258" HPOS="2933" VPOS="1603" HEIGHT="102" WIDTH="113" CONTENT="Sälle" WC="0.84" />
          </TextLine>
        </TextBlock>
        <TextBlock ID="TextBlock_77" HPOS="2053" VPOS="1734" HEIGHT="103" WIDTH="1141">
          <TextLine ID="TextLine_102" HPOS="2208" VPOS="1734" HEIGHT="42" WIDTH="953">
            <String ID="Textword_259" HPOS="2208" VPOS="1742" HEIGHT="34" WIDTH="184" CONTENT="Leihgebinde" WC="0.92" />
            <String ID="Textword_260" HPOS="2410" VPOS="1750" HEIGHT="18" WIDTH="55" CONTENT="von" WC="0.96" />
            <String ID="Textword_261" HPOS="2484" VPOS="1742" HEIGHT="25" WIDTH="34" CONTENT="70" WC="0.96" />
            <String ID="Textword_262" HPOS="2538" VPOS="1741" HEIGHT="26" WIDTH="75" CONTENT="Liter" WC="0.96" />
            <String ID="Textword_263" HPOS="2632" VPOS="1749" HEIGHT="18" WIDTH="35" CONTENT="an" WC="0.96" />
            <String ID="Textword_264" HPOS="2685" VPOS="1741" HEIGHT="33" WIDTH="88" CONTENT="gratis" WC="0.96" />
            <String ID="Textword_265" HPOS="2791" VPOS="1747" HEIGHT="19" WIDTH="51" CONTENT="zur" WC="0.96" />
            <String ID="Textword_266" HPOS="2862" VPOS="1734" HEIGHT="38" WIDTH="188" CONTENT="Verfügung." WC="0.93" />
            <String ID="Textword_267" HPOS="3108" VPOS="1735" HEIGHT="26" WIDTH="53" CONTENT="207" WC="0.47" />
          </TextLine>
          <TextLine ID="TextLine_103" HPOS="2053" VPOS="1788" HEIGHT="49" WIDTH="1141">
            <String ID="Textword_268" HPOS="2053" VPOS="1795" HEIGHT="34" WIDTH="104" CONTENT="Prima" WC="0.92" />
            <String ID="Textword_269" HPOS="2180" VPOS="1794" HEIGHT="43" WIDTH="188" CONTENT="Tafeläpfel." WC="0.91" />
            <String ID="Textword_270" HPOS="2727" VPOS="1792" HEIGHT="33" WIDTH="114" CONTENT="Reinen" WC="0.91" />
            <String ID="Textword_271" HPOS="2858" VPOS="1788" HEIGHT="36" WIDTH="336" CONTENT="Tresterbranntwein." WC="0.92" />
          </TextLine>
        </TextBlock>
        <TextBlock ID="TextBlock_78" HPOS="2198" VPOS="2112" HEIGHT="160" WIDTH="847">
          <TextLine ID="TextLine_104" HPOS="2363" VPOS="2112" HEIGHT="35" WIDTH="513">
            <String ID="Textword_272" HPOS="2363" VPOS="2114" HEIGHT="33" WIDTH="128" CONTENT="Gebr." WC="0.93" />
            <String ID="Textword_273" HPOS="2519" VPOS="2113" HEIGHT="33" WIDTH="184" CONTENT="Wälchli" WC="0.90" />
            <String ID="Textword_274" HPOS="2727" VPOS="2112" HEIGHT="33" WIDTH="38" CONTENT="&amp;" WC="0.92" />
            <String ID="Textword_275" HPOS="2790" VPOS="2112" HEIGHT="33" WIDTH="86" CONTENT="Cie." WC="0.96" />
          </TextLine>
          <TextLine ID="TextLine_105" HPOS="2198" VPOS="2164" HEIGHT="108" WIDTH="847">
            <String ID="Textword_276" HPOS="2198" VPOS="2167" HEIGHT="105" WIDTH="187" CONTENT="Sägerei" WC="0.83" />
            <String ID="Textword_277" HPOS="2379" VPOS="2184" HEIGHT="39" WIDTH="37" CONTENT="u." WC="0.89" />
            <String ID="Textword_278" HPOS="2428" VPOS="2164" HEIGHT="80" WIDTH="617" CONTENT="Holzbearbeitungsmaschinen" WC="0.43" />
          </TextLine>
        </TextBlock>
        <TextBlock ID="TextBlock_79" HPOS="2053" VPOS="1849" HEIGHT="17" WIDTH="1144">
          <TextLine ID="TextLine_106" HPOS="2053" VPOS="1849" HEIGHT="17" WIDTH="1144">
            <SP ID="Textword_33" HPOS="2053" VPOS="1849" />
            <String ID="Textword_279" HPOS="2053" VPOS="1849" HEIGHT="17" WIDTH="1144" CONTENT=" " WC="0.95" />
          </TextLine>
        </TextBlock>
        <TextBlock ID="TextBlock_80" HPOS="2156" VPOS="2245" HEIGHT="857" WIDTH="403">
          <TextLine ID="TextLine_107" HPOS="2156" VPOS="2245" HEIGHT="857" WIDTH="403">
            <SP ID="Textword_34" HPOS="2156" VPOS="2245" />
            <String ID="Textword_280" HPOS="2156" VPOS="2245" HEIGHT="857" WIDTH="403" CONTENT="  " WC="0.95" />
          </TextLine>
        </TextBlock>
        <TextBlock ID="TextBlock_81" HPOS="2886" VPOS="2129" HEIGHT="6" WIDTH="159">
          <TextLine ID="TextLine_108" HPOS="2886" VPOS="2129" HEIGHT="6" WIDTH="159">
            <SP ID="Textword_35" HPOS="2886" VPOS="2129" />
            <String ID="Textword_281" HPOS="2886" VPOS="2129" HEIGHT="6" WIDTH="159" CONTENT=" " WC="0.95" />
          </TextLine>
        </TextBlock>
        <TextBlock ID="TextBlock_82" HPOS="2195" VPOS="2133" HEIGHT="6" WIDTH="159">
          <TextLine ID="TextLine_109" HPOS="2195" VPOS="2133" HEIGHT="6" WIDTH="159">
            <SP ID="Textword_36" HPOS="2195" VPOS="2133" />
            <String ID="Textword_282" HPOS="2195" VPOS="2133" HEIGHT="6" WIDTH="159" CONTENT=" " WC="0.95" />
          </TextLine>
        </TextBlock>
        <TextBlock ID="TextBlock_83" HPOS="2672" VPOS="2314" HEIGHT="159" WIDTH="477">
          <TextLine ID="TextLine_110" HPOS="2672" VPOS="2314" HEIGHT="36" WIDTH="477">
            <String ID="Textword_283" HPOS="2672" VPOS="2315" HEIGHT="35" WIDTH="180" CONTENT="Modernste" WC="0.93" />
            <String ID="Textword_284" HPOS="2892" VPOS="2314" HEIGHT="34" WIDTH="257" CONTENT="Konstruktionen" WC="0.93" />
          </TextLine>
          <TextLine ID="TextLine_111" HPOS="2717" VPOS="2377" HEIGHT="34" WIDTH="280">
            <String ID="Textword_285" HPOS="2717" VPOS="2377" HEIGHT="34" WIDTH="280" CONTENT="Hobelmaschinen" WC="0.91" />
          </TextLine>
          <TextLine ID="TextLine_112" HPOS="2716" VPOS="2439" HEIGHT="34" WIDTH="311">
            <String ID="Textword_286" HPOS="2716" VPOS="2439" HEIGHT="34" WIDTH="311" CONTENT="Abrichtmaschinen" WC="0.92" />
          </TextLine>
        </TextBlock>
        <TextBlock ID="TextBlock_84" HPOS="2717" VPOS="2502" HEIGHT="88" WIDTH="416">
          <TextLine ID="TextLine_113" HPOS="2717" VPOS="2502" HEIGHT="41" WIDTH="273">
            <String ID="Textword_287" HPOS="2717" VPOS="2502" HEIGHT="41" WIDTH="189" CONTENT="Bandsägen" WC="0.92" />
            <String ID="Textword_288" HPOS="2931" VPOS="2504" HEIGHT="29" WIDTH="59" CONTENT="etc." WC="0.96" />
          </TextLine>
          <TextLine ID="TextLine_114" HPOS="2773" VPOS="2553" HEIGHT="37" WIDTH="360">
            <String ID="Textword_289" HPOS="2773" VPOS="2554" HEIGHT="27" WIDTH="51" CONTENT="mit" WC="0.88" />
            <String ID="Textword_290" HPOS="2843" VPOS="2553" HEIGHT="37" WIDTH="290" CONTENT="Ringschmierlagern" WC="0.88" />
          </TextLine>
        </TextBlock>
        <TextBlock ID="TextBlock_85" HPOS="2711" VPOS="2713" HEIGHT="231" WIDTH="403">
          <TextLine ID="TextLine_115" HPOS="2711" VPOS="2713" HEIGHT="54" WIDTH="400">
            <String ID="Textword_291" HPOS="2711" VPOS="2715" HEIGHT="52" WIDTH="184" CONTENT="Errichtung" WC="0.91" />
            <String ID="Textword_292" HPOS="2938" VPOS="2713" HEIGHT="52" WIDTH="173" CONTENT="komplefer" WC="0.57" />
          </TextLine>
          <TextLine ID="TextLine_116" HPOS="2713" VPOS="2783" HEIGHT="65" WIDTH="400">
            <String ID="Textword_293" HPOS="2713" VPOS="2786" HEIGHT="62" WIDTH="276" CONTENT="Schreinerei-" WC="0.90" />
            <String ID="Textword_294" HPOS="3035" VPOS="2783" HEIGHT="56" WIDTH="78" CONTENT="und" WC="0.95" />
          </TextLine>
          <TextLine ID="TextLine_117" HPOS="2715" VPOS="2873" HEIGHT="71" WIDTH="399">
            <String ID="Textword_295" HPOS="2715" VPOS="2875" HEIGHT="69" WIDTH="163" CONTENT="Sägerei" WC="0.90" />
            <String ID="Textword_296" HPOS="2898" VPOS="2903" HEIGHT="13" WIDTH="21" CONTENT="-" WC="0.91" />
            <String ID="Textword_297" HPOS="2938" VPOS="2873" HEIGHT="69" WIDTH="176" CONTENT="Anlagen" WC="0.96" />
          </TextLine>
        </TextBlock>
        <TextBlock ID="TextBlock_86" HPOS="2639" VPOS="2981" HEIGHT="85" WIDTH="510">
          <TextLine ID="TextLine_118" HPOS="2803" VPOS="2981" HEIGHT="41" WIDTH="244">
            <String ID="Textword_298" HPOS="2803" VPOS="2981" HEIGHT="41" WIDTH="244" CONTENT="Voligatter" WC="0.91" />
          </TextLine>
          <TextLine ID="TextLine_119" HPOS="2639" VPOS="3032" HEIGHT="34" WIDTH="510">
            <String ID="Textword_299" HPOS="2639" VPOS="3047" HEIGHT="16" WIDTH="14" CONTENT="-" WC="0.82" />
            <String ID="Textword_300" HPOS="2670" VPOS="3034" HEIGHT="32" WIDTH="91" CONTENT="und" WC="0.96" />
            <String ID="Textword_301" HPOS="2778" VPOS="3033" HEIGHT="33" WIDTH="202" CONTENT="einfache" WC="0.93" />
            <String ID="Textword_302" HPOS="2994" VPOS="3032" HEIGHT="33" WIDTH="155" CONTENT="Gatter" WC="0.92" />
          </TextLine>
        </TextBlock>
        <TextBlock ID="TextBlock_87" HPOS="2198" VPOS="3142" HEIGHT="44" WIDTH="283">
          <TextLine ID="TextLine_120" HPOS="2198" VPOS="3142" HEIGHT="44" WIDTH="283">
            <String ID="Textword_303" HPOS="2198" VPOS="3144" HEIGHT="42" WIDTH="150" CONTENT="Kataloge" WC="0.96" />
            <String ID="Textword_304" HPOS="2373" VPOS="3142" HEIGHT="43" WIDTH="108" CONTENT="gratis." WC="0.96" />
          </TextLine>
        </TextBlock>
        <TextBlock ID="TextBlock_88" HPOS="2520" VPOS="3115" HEIGHT="68" WIDTH="300">
          <TextLine ID="TextLine_121" HPOS="2520" VPOS="3115" HEIGHT="68" WIDTH="300">
            <String ID="Textword_305" HPOS="2520" VPOS="3115" HEIGHT="68" WIDTH="300" CONTENT="Ingenieurbesuch." WC="0.83" />
          </TextLine>
        </TextBlock>
        <TextBlock ID="TextBlock_89" HPOS="2874" VPOS="3138" HEIGHT="43" WIDTH="170">
          <TextLine ID="TextLine_122" HPOS="2874" VPOS="3138" HEIGHT="43" WIDTH="170">
            <String ID="Textword_306" HPOS="2874" VPOS="3138" HEIGHT="43" WIDTH="170" CONTENT="Telephon." WC="0.92" />
          </TextLine>
        </TextBlock>
        <TextBlock ID="TextBlock_90" HPOS="2049" VPOS="3195" HEIGHT="70" WIDTH="1152">
          <TextLine ID="TextLine_123" HPOS="2049" VPOS="3195" HEIGHT="70" WIDTH="1152">
            <SP ID="Textword_37" HPOS="2049" VPOS="3195" />
            <String ID="Textword_307" HPOS="2049" VPOS="3195" HEIGHT="70" WIDTH="1152" CONTENT=" " WC="0.95" />
          </TextLine>
        </TextBlock>
        <TextBlock ID="TextBlock_91" HPOS="2054" VPOS="3268" HEIGHT="19" WIDTH="1142">
          <TextLine ID="TextLine_124" HPOS="2054" VPOS="3268" HEIGHT="19" WIDTH="1142">
            <SP ID="Textword_38" HPOS="2054" VPOS="3268" />
            <String ID="Textword_308" HPOS="2054" VPOS="3268" HEIGHT="19" WIDTH="1142" CONTENT=" " WC="0.95" />
          </TextLine>
        </TextBlock>
        <TextBlock ID="TextBlock_92" HPOS="2070" VPOS="3305" HEIGHT="26" WIDTH="1090">
          <TextLine ID="TextLine_125" HPOS="2070" VPOS="3305" HEIGHT="26" WIDTH="1090">
            <SP ID="Textword_39" HPOS="2070" VPOS="3305" />
            <String ID="Textword_309" HPOS="2070" VPOS="3305" HEIGHT="26" WIDTH="1090" CONTENT=" " WC="0.95" />
          </TextLine>
        </TextBlock>
        <TextBlock ID="TextBlock_93" HPOS="2058" VPOS="3311" HEIGHT="224" WIDTH="1135">
          <TextLine ID="TextLine_126" HPOS="2058" VPOS="3311" HEIGHT="123" WIDTH="1135">
            <String ID="Textword_310" HPOS="2058" VPOS="3322" HEIGHT="112" WIDTH="208" CONTENT="Die" WC="0.49" />
            <String ID="Textword_311" HPOS="2335" VPOS="3342" HEIGHT="89" WIDTH="765" CONTENT="Präzisionszieherei" WC="0.87" />
            <String ID="Textword_312" HPOS="3121" VPOS="3311" HEIGHT="76" WIDTH="72" CONTENT="]" WC="0.69" />
          </TextLine>
          <TextLine ID="TextLine_127" HPOS="2202" VPOS="3478" HEIGHT="57" WIDTH="831">
            <String ID="Textword_313" HPOS="2202" VPOS="3481" HEIGHT="49" WIDTH="322" CONTENT="MONTANDON" WC="0.91" />
            <String ID="Textword_314" HPOS="2561" VPOS="3480" HEIGHT="47" WIDTH="39" CONTENT="&amp;" WC="0.92" />
            <String ID="Textword_315" HPOS="2633" VPOS="3480" HEIGHT="48" WIDTH="74" CONTENT="C!E" WC="0.34" />
            <String ID="Textword_316" HPOS="2741" VPOS="3478" HEIGHT="57" WIDTH="139" CONTENT="A.-G.," WC="0.73" />
            <String ID="Textword_317" HPOS="2919" VPOS="3478" HEIGHT="46" WIDTH="114" CONTENT="BIEL" WC="0.96" />
          </TextLine>
        </TextBlock>
        <TextBlock ID="TextBlock_94" HPOS="2055" VPOS="3558" HEIGHT="126" WIDTH="945">
          <TextLine ID="TextLine_128" HPOS="2055" VPOS="3558" HEIGHT="105" WIDTH="945">
            <String ID="Textword_318" HPOS="0" VPOS="0" HEIGHT="4982" WIDTH="3425" CONTENT="»—" WC="0.51" />
            <String ID="Textword_319" HPOS="2055" VPOS="3558" HEIGHT="105" WIDTH="315" CONTENT="—&gt;" WC="0.51" />
            <String ID="Textword_320" HPOS="2455" VPOS="3570" HEIGHT="28" WIDTH="89" CONTENT="liefert" WC="0.90" />
            <String ID="Textword_321" HPOS="2564" VPOS="3569" HEIGHT="27" WIDTH="41" CONTENT="als" WC="0.90" />
            <String ID="Textword_322" HPOS="2624" VPOS="3567" HEIGHT="36" WIDTH="162" CONTENT="Spezialität" WC="0.96" />
            <String ID="Textword_323" HPOS="2874" VPOS="3561" HEIGHT="48" WIDTH="126" CONTENT="e…" WC="0.67" />
          </TextLine>
          <TextLine ID="TextLine_129" HPOS="2291" VPOS="3636" HEIGHT="48" WIDTH="667">
            <String ID="Textword_324" HPOS="2291" VPOS="3642" HEIGHT="35" WIDTH="133" CONTENT="blank" WC="0.93" />
            <String ID="Textword_325" HPOS="2449" VPOS="3647" HEIGHT="37" WIDTH="232" CONTENT="gezogenes" WC="0.92" />
            <String ID="Textword_326" HPOS="2707" VPOS="3636" HEIGHT="36" WIDTH="251" CONTENT="Profileiseu" WC="0.86" />
          </TextLine>
        </TextBlock>
        <TextBlock ID="TextBlock_95" HPOS="2119" VPOS="3709" HEIGHT="181" WIDTH="1013">
          <TextLine ID="TextLine_130" HPOS="2119" VPOS="3709" HEIGHT="61" WIDTH="1013">
            <String ID="Textword_327" HPOS="2119" VPOS="3715" HEIGHT="48" WIDTH="116" CONTENT="Rund-," WC="0.89" />
            <String ID="Textword_328" HPOS="2250" VPOS="3712" HEIGHT="48" WIDTH="174" CONTENT="Sechskant" WC="0.85" />
            <String ID="Textword_329" HPOS="2442" VPOS="3723" HEIGHT="31" WIDTH="29" CONTENT="u." WC="0.92" />
            <String ID="Textword_330" HPOS="2484" VPOS="3710" HEIGHT="49" WIDTH="161" CONTENT="Vierkant," WC="0.92" />
            <String ID="Textword_331" HPOS="2666" VPOS="3712" HEIGHT="41" WIDTH="98" CONTENT="sowie" WC="0.92" />
            <String ID="Textword_332" HPOS="2785" VPOS="3710" HEIGHT="43" WIDTH="61" CONTENT="alle" WC="0.93" />
            <String ID="Textword_333" HPOS="2867" VPOS="3710" HEIGHT="43" WIDTH="117" CONTENT="andern" WC="0.93" />
            <String ID="Textword_334" HPOS="2998" VPOS="3709" HEIGHT="61" WIDTH="134" CONTENT="Profile," WC="0.95" />
          </TextLine>
          <TextLine ID="TextLine_131" HPOS="2243" VPOS="3789" HEIGHT="36" WIDTH="764">
            <String ID="Textword_335" HPOS="2243" VPOS="3791" HEIGHT="34" WIDTH="306" CONTENT="komprimierte" WC="0.57" />
            <String ID="Textword_336" HPOS="2567" VPOS="3790" HEIGHT="28" WIDTH="151" CONTENT="blanke" WC="0.91" />
            <String ID="Textword_337" HPOS="2735" VPOS="3789" HEIGHT="33" WIDTH="272" CONTENT="Stahlwellen," WC="0.89" />
          </TextLine>
          <TextLine ID="TextLine_132" HPOS="2241" VPOS="3851" HEIGHT="39" WIDTH="767">
            <String ID="Textword_338" HPOS="2241" VPOS="3855" HEIGHT="35" WIDTH="243" CONTENT="abgedrehte" WC="0.90" />
            <String ID="Textword_339" HPOS="2524" VPOS="3854" HEIGHT="34" WIDTH="172" CONTENT="polierte" WC="0.88" />
            <String ID="Textword_340" HPOS="2734" VPOS="3851" HEIGHT="29" WIDTH="274" CONTENT="Stahlwellen." WC="0.90" />
          </TextLine>
        </TextBlock>
        <TextBlock ID="TextBlock_96" HPOS="2054" VPOS="3333" HEIGHT="579" WIDTH="12">
          <TextLine ID="TextLine_133" HPOS="2054" VPOS="3333" HEIGHT="579" WIDTH="12">
            <SP ID="Textword_40" HPOS="2054" VPOS="3333" />
            <String ID="Textword_341" HPOS="2054" VPOS="3333" HEIGHT="579" WIDTH="12" CONTENT=" " WC="0.95" />
          </TextLine>
        </TextBlock>
        <TextBlock ID="TextBlock_97" HPOS="3181" VPOS="3342" HEIGHT="566" WIDTH="16">
          <TextLine ID="TextLine_134" HPOS="3181" VPOS="3342" HEIGHT="566" WIDTH="16">
            <SP ID="Textword_41" HPOS="3181" VPOS="3342" />
            <String ID="Textword_342" HPOS="3181" VPOS="3342" HEIGHT="566" WIDTH="16" CONTENT=" " WC="0.95" />
          </TextLine>
        </TextBlock>
        <TextBlock ID="TextBlock_98" HPOS="2034" VPOS="350" HEIGHT="3682" WIDTH="20">
          <TextLine ID="TextLine_135" HPOS="2034" VPOS="350" HEIGHT="3682" WIDTH="20">
            <SP ID="Textword_42" HPOS="2034" VPOS="350" />
            <String ID="Textword_343" HPOS="2034" VPOS="350" HEIGHT="3682" WIDTH="20" CONTENT=" " WC="0.95" />
          </TextLine>
        </TextBlock>
        <TextBlock ID="TextBlock_99" HPOS="3118" VPOS="3778" HEIGHT="237" WIDTH="79">
          <TextLine ID="TextLine_136" HPOS="3118" VPOS="3778" HEIGHT="237" WIDTH="79">
            <String ID="Textword_344" HPOS="3118" VPOS="3870" HEIGHT="145" WIDTH="79" CONTENT="LIQ" WC="0.65" />
            <String ID="Textword_345" HPOS="3140" VPOS="3778" HEIGHT="91" WIDTH="29" CONTENT="28" WC="0.33" />
          </TextLine>
        </TextBlock>
        <TextBlock ID="TextBlock_100" HPOS="2069" VPOS="3883" HEIGHT="141" WIDTH="981">
          <TextLine ID="TextLine_137" HPOS="2069" VPOS="3883" HEIGHT="141" WIDTH="981">
            <String ID="Textword_346" HPOS="2069" VPOS="3883" HEIGHT="138" WIDTH="34" CONTENT="," WC="0.14" />
            <String ID="Textword_347" HPOS="2211" VPOS="3960" HEIGHT="24" WIDTH="90" CONTENT="==" WC="0.36" />
            <String ID="Textword_348" HPOS="2338" VPOS="3955" HEIGHT="27" WIDTH="58" CONTENT="Man" WC="0.58" />
            <String ID="Textword_349" HPOS="2417" VPOS="3954" HEIGHT="34" WIDTH="127" CONTENT="verlange" WC="0.95" />
            <String ID="Textword_350" HPOS="2562" VPOS="3926" HEIGHT="98" WIDTH="137" CONTENT="o" WC="0.42" />
            <String ID="Textword_351" HPOS="2693" VPOS="3950" HEIGHT="35" WIDTH="357" CONTENT="SpeziaPreisoourants.." WC="0.03" />
          </TextLine>
        </TextBlock>
        <TextBlock ID="TextBlock_101" HPOS="363" VPOS="4179" HEIGHT="246" WIDTH="654">
          <TextLine ID="TextLine_138" HPOS="363" VPOS="4179" HEIGHT="138" WIDTH="654">
            <String ID="Textword_352" HPOS="363" VPOS="4182" HEIGHT="135" WIDTH="611" CONTENT="Röhren-Asphalt" WC="0.87" />
            <String ID="Textword_353" HPOS="1002" VPOS="4179" HEIGHT="130" WIDTH="15" CONTENT="|" WC="0.96" />
          </TextLine>
          <TextLine ID="TextLine_139" HPOS="363" VPOS="4321" HEIGHT="104" WIDTH="450">
            <String ID="Textword_354" HPOS="363" VPOS="4321" HEIGHT="104" WIDTH="450" CONTENT="Muffen-Kitt" WC="0.85" />
          </TextLine>
        </TextBlock>
        <TextBlock ID="TextBlock_102" HPOS="362" VPOS="4450" HEIGHT="144" WIDTH="1284">
          <TextLine ID="TextLine_140" HPOS="362" VPOS="4450" HEIGHT="144" WIDTH="1284">
            <String ID="Textword_355" HPOS="362" VPOS="4453" HEIGHT="141" WIDTH="739" CONTENT="Asphalt-Eisenlack," WC="0.91" />
            <String ID="Textword_356" HPOS="1172" VPOS="4450" HEIGHT="98" WIDTH="474" CONTENT="Carbolineum" WC="0.89" />
          </TextLine>
        </TextBlock>
        <TextBlock ID="TextBlock_103" HPOS="2188" VPOS="4193" HEIGHT="41" WIDTH="821">
          <TextLine ID="TextLine_141" HPOS="2188" VPOS="4193" HEIGHT="41" WIDTH="821">
            <String ID="Textword_357" HPOS="2188" VPOS="4196" HEIGHT="32" WIDTH="171" CONTENT="fabriziert" WC="0.91" />
            <String ID="Textword_358" HPOS="2381" VPOS="4196" HEIGHT="31" WIDTH="66" CONTENT="und" WC="0.93" />
            <String ID="Textword_359" HPOS="2471" VPOS="4194" HEIGHT="32" WIDTH="110" CONTENT="liefert" WC="0.92" />
            <String ID="Textword_360" HPOS="2604" VPOS="4194" HEIGHT="40" WIDTH="94" CONTENT="billig" WC="0.89" />
            <String ID="Textword_361" HPOS="2722" VPOS="4194" HEIGHT="31" WIDTH="50" CONTENT="die" WC="0.93" />
            <String ID="Textword_362" HPOS="2797" VPOS="4193" HEIGHT="32" WIDTH="125" CONTENT="Fabrik" WC="0.91" />
            <String ID="Textword_363" HPOS="2945" VPOS="4200" HEIGHT="23" WIDTH="64" CONTENT="von" WC="0.96" />
          </TextLine>
        </TextBlock>
        <TextBlock ID="TextBlock_104" HPOS="1004" VPOS="4267" HEIGHT="175" WIDTH="2115">
          <TextLine ID="TextLine_142" HPOS="1004" VPOS="4267" HEIGHT="175" WIDTH="2071">
            <String ID="Textword_364" HPOS="1004" VPOS="4310" HEIGHT="132" WIDTH="15" CONTENT="|" WC="0.96" />
            <String ID="Textword_365" HPOS="1058" VPOS="4273" HEIGHT="70" WIDTH="166" CONTENT="speziell" WC="0.92" />
            <String ID="Textword_366" HPOS="1266" VPOS="4287" HEIGHT="41" WIDTH="51" CONTENT="an" WC="0.93" />
            <String ID="Textword_367" HPOS="1354" VPOS="4267" HEIGHT="72" WIDTH="657" CONTENT="Wasserleitungs-Unternehmer" WC="0.31" />
            <String ID="Textword_368" HPOS="2077" VPOS="4294" HEIGHT="88" WIDTH="70" CONTENT="H" WC="0.93" />
            <String ID="Textword_369" HPOS="2166" VPOS="4294" HEIGHT="90" WIDTH="87" CONTENT="ei" WC="0.96" />
            <String ID="Textword_370" HPOS="2276" VPOS="4322" HEIGHT="59" WIDTH="53" CONTENT="n" WC="0.96" />
            <String ID="Textword_371" HPOS="2350" VPOS="4292" HEIGHT="90" WIDTH="219" CONTENT="rich" WC="0.96" />
            <String ID="Textword_372" HPOS="2655" VPOS="4292" HEIGHT="89" WIDTH="276" CONTENT="Brän" WC="0.86" />
            <String ID="Textword_373" HPOS="2949" VPOS="4288" HEIGHT="92" WIDTH="60" CONTENT="d" WC="0.92" />
            <String ID="Textword_374" HPOS="3028" VPOS="4289" HEIGHT="88" WIDTH="47" CONTENT="l" WC="0.76" />
          </TextLine>
          <TextLine ID="TextLine_143" HPOS="3106" VPOS="4363" HEIGHT="33" WIDTH="13">
            <String ID="Textword_375" HPOS="3106" VPOS="4363" HEIGHT="33" WIDTH="13" CONTENT="I" WC="0.44" />
          </TextLine>
        </TextBlock>
        <TextBlock ID="TextBlock_105" HPOS="2358" VPOS="4448" HEIGHT="110" WIDTH="465">
          <TextLine ID="TextLine_144" HPOS="2358" VPOS="4448" HEIGHT="110" WIDTH="465">
            <String ID="Textword_376" HPOS="2358" VPOS="4448" HEIGHT="110" WIDTH="465" CONTENT="Horgen." WC="0.90" />
          </TextLine>
        </TextBlock>
        <TextBlock ID="TextBlock_106" HPOS="3305" VPOS="342" HEIGHT="4531" WIDTH="30">
          <TextLine ID="TextLine_145" HPOS="3305" VPOS="342" HEIGHT="4531" WIDTH="30">
            <SP ID="Textword_43" HPOS="3305" VPOS="342" />
            <String ID="Textword_377" HPOS="3305" VPOS="342" HEIGHT="4531" WIDTH="30" CONTENT=" " WC="0.95" />
          </TextLine>
        </TextBlock>
        <TextBlock ID="TextBlock_107" HPOS="3223" VPOS="4764" HEIGHT="218" WIDTH="201">
          <TextLine ID="TextLine_146" HPOS="3223" VPOS="4764" HEIGHT="218" WIDTH="201">
            <SP ID="Textword_44" HPOS="3223" VPOS="4764" />
            <String ID="Textword_378" HPOS="3223" VPOS="4764" HEIGHT="218" WIDTH="201" CONTENT=" " WC="0.95" />
          </TextLine>
        </TextBlock>
        <TextBlock ID="TextBlock_108" HPOS="3418" VPOS="1627" HEIGHT="1159" WIDTH="7">
          <TextLine ID="TextLine_147" HPOS="3418" VPOS="1627" HEIGHT="1159" WIDTH="7">
            <SP ID="Textword_45" HPOS="3418" VPOS="1627" />
            <String ID="Textword_379" HPOS="3418" VPOS="1627" HEIGHT="1159" WIDTH="7" CONTENT=" " WC="0.95" />
          </TextLine>
        </TextBlock>
        <TextBlock ID="TextBlock_109" HPOS="3413" VPOS="3946" HEIGHT="744" WIDTH="12">
          <TextLine ID="TextLine_148" HPOS="3413" VPOS="3946" HEIGHT="744" WIDTH="12">
            <SP ID="Textword_46" HPOS="3413" VPOS="3946" />
            <String ID="Textword_380" HPOS="3413" VPOS="3946" HEIGHT="744" WIDTH="12" CONTENT=" " WC="0.95" />
          </TextLine>
        </TextBlock>
      </PrintSpace>
    </Page>
  </Layout>
</alto>
