<?xml version="1.0" encoding="UTF-8"?>
<alto xmlns="http://www.loc.gov/standards/alto/ns-v2#" xmlns:xsi="http://www.w3.org/2001/XMLSchema-instance" xsi:schemaLocation="http://www.loc.gov/standards/alto/ns-v2# http://www.loc.gov/standards/alto/alto.xsd">
  <Description>
    <MeasurementUnit>pixel</MeasurementUnit>
    <sourceImageInformation />
    <OCRProcessing ID="OCR_1">
      <preProcessingStep>
        <processingDateTime>2019-05-09T02:44:31</processingDateTime>
        <processingAgency>intranda GmbH, www.intranda.com</processingAgency>
        <processingSoftware>
          <softwareCreator>intranda GmbH, Germany</softwareCreator>
          <softwareName>intranda OCR Module for TaskManager</softwareName>
          <softwareVersion>1.0r42</softwareVersion>
        </processingSoftware>
      </preProcessingStep>
      <ocrProcessingStep>
        <processingSoftware>
          <softwareCreator>Tesseract contributors</softwareCreator>
          <softwareName>Tesseract Open Source OCR Engine</softwareName>
          <softwareVersion>4.0.0-beta.1-270-g5a56</softwareVersion>
        </processingSoftware>
      </ocrProcessingStep>
    </OCRProcessing>
  </Description>
  <Layout>
    <Page ID="PAGE_1" HEIGHT="4974" WIDTH="3401" PHYSICAL_IMG_NR="1">
      <PrintSpace ID="PrintSpace_1" HPOS="0" VPOS="0" HEIGHT="4974" WIDTH="3401">
        <TextBlock ID="TextBlock_1" HPOS="892" VPOS="0" HEIGHT="260" WIDTH="2509">
          <TextLine ID="TextLine_1" HPOS="892" VPOS="0" HEIGHT="260" WIDTH="2509">
            <SP ID="Textword_1" HPOS="892" VPOS="0" />
            <String ID="Textword_1" HPOS="892" VPOS="0" HEIGHT="260" WIDTH="2509" CONTENT=" " WC="0.95" />
          </TextLine>
        </TextBlock>
        <TextBlock ID="TextBlock_2" HPOS="400" VPOS="286" HEIGHT="35" WIDTH="2820">
          <TextLine ID="TextLine_2" HPOS="400" VPOS="286" HEIGHT="35" WIDTH="2820">
            <String ID="Textword_2" HPOS="400" VPOS="286" HEIGHT="25" WIDTH="15" CONTENT="8" WC="0.96" />
            <String ID="Textword_3" HPOS="1525" VPOS="286" HEIGHT="27" WIDTH="224" CONTENT="Schweizerische" WC="0.93" />
            <String ID="Textword_4" HPOS="1777" VPOS="286" HEIGHT="35" WIDTH="316" CONTENT="Arbeitgeber-Zeitung." WC="0.86" />
            <String ID="Textword_5" HPOS="3117" VPOS="287" HEIGHT="27" WIDTH="47" CONTENT="Nr." WC="0.96" />
            <String ID="Textword_6" HPOS="3184" VPOS="287" HEIGHT="26" WIDTH="36" CONTENT="44" WC="0.96" />
          </TextLine>
        </TextBlock>
        <TextBlock ID="TextBlock_3" HPOS="2755" VPOS="398" HEIGHT="82" WIDTH="442">
          <TextLine ID="TextLine_3" HPOS="2755" VPOS="398" HEIGHT="82" WIDTH="442">
            <String ID="Textword_7" HPOS="2755" VPOS="398" HEIGHT="82" WIDTH="442" CONTENT="Kopierbureau" WC="0.91" />
          </TextLine>
        </TextBlock>
        <TextBlock ID="TextBlock_4" HPOS="2695" VPOS="483" HEIGHT="134" WIDTH="558">
          <TextLine ID="TextLine_4" HPOS="2697" VPOS="483" HEIGHT="36" WIDTH="555">
            <String ID="Textword_8" HPOS="2697" VPOS="483" HEIGHT="28" WIDTH="239" CONTENT="Steinmann" WC="0.79" />
            <String ID="Textword_9" HPOS="2965" VPOS="483" HEIGHT="29" WIDTH="36" CONTENT="&amp;" WC="0.91" />
            <String ID="Textword_10" HPOS="3026" VPOS="483" HEIGHT="35" WIDTH="111" CONTENT="Erni," WC="0.92" />
            <String ID="Textword_11" HPOS="3175" VPOS="492" HEIGHT="27" WIDTH="77" CONTENT="gegr." WC="0.90" />
          </TextLine>
          <TextLine ID="TextLine_5" HPOS="2697" VPOS="519" HEIGHT="34" WIDTH="555">
            <String ID="Textword_12" HPOS="2697" VPOS="519" HEIGHT="33" WIDTH="78" CONTENT="1892," WC="0.93" />
            <String ID="Textword_13" HPOS="2790" VPOS="520" HEIGHT="26" WIDTH="207" CONTENT="Bärsenstrasse" WC="0.62" />
            <String ID="Textword_14" HPOS="3009" VPOS="520" HEIGHT="33" WIDTH="41" CONTENT="10," WC="0.96" />
            <String ID="Textword_15" HPOS="3063" VPOS="519" HEIGHT="28" WIDTH="148" CONTENT="Zürich" WC="0.96" />
            <String ID="Textword_16" HPOS="3221" VPOS="521" HEIGHT="30" WIDTH="31" CONTENT="I," WC="0.93" />
          </TextLine>
          <TextLine ID="TextLine_6" HPOS="2696" VPOS="555" HEIGHT="29" WIDTH="557">
            <String ID="Textword_17" HPOS="2696" VPOS="555" HEIGHT="27" WIDTH="330" CONTENT="Schreibmaschinenarb." WC="0.91" />
            <String ID="Textword_18" HPOS="3080" VPOS="555" HEIGHT="29" WIDTH="173" CONTENT=" Vervielfält," WC="0.35" />
          </TextLine>
          <TextLine ID="TextLine_7" HPOS="2695" VPOS="590" HEIGHT="27" WIDTH="108">
            <String ID="Textword_19" HPOS="2695" VPOS="590" HEIGHT="27" WIDTH="108" CONTENT="Diktat." WC="0.95" />
          </TextLine>
        </TextBlock>
        <TextBlock ID="TextBlock_5" HPOS="2728" VPOS="632" HEIGHT="140" WIDTH="505">
          <TextLine ID="TextLine_8" HPOS="2728" VPOS="632" HEIGHT="140" WIDTH="505">
            <String ID="Textword_20" HPOS="2728" VPOS="632" HEIGHT="140" WIDTH="505" CONTENT="Buchführung." WC="0.85" />
          </TextLine>
        </TextBlock>
        <TextBlock ID="TextBlock_6" HPOS="2692" VPOS="777" HEIGHT="399" WIDTH="560">
          <TextLine ID="TextLine_9" HPOS="2730" VPOS="777" HEIGHT="36" WIDTH="521">
            <String ID="Textword_21" HPOS="2730" VPOS="777" HEIGHT="36" WIDTH="170" CONTENT="Neuanlage," WC="0.91" />
            <String ID="Textword_22" HPOS="2935" VPOS="778" HEIGHT="33" WIDTH="138" CONTENT="Revision," WC="0.93" />
            <String ID="Textword_23" HPOS="3117" VPOS="778" HEIGHT="27" WIDTH="134" CONTENT="Nachtra-" WC="0.83" />
          </TextLine>
          <TextLine ID="TextLine_10" HPOS="2693" VPOS="813" HEIGHT="35" WIDTH="559">
            <String ID="Textword_24" HPOS="2693" VPOS="821" HEIGHT="27" WIDTH="87" CONTENT="gung," WC="0.96" />
            <String ID="Textword_25" HPOS="2809" VPOS="814" HEIGHT="26" WIDTH="109" CONTENT="Ordnen" WC="0.94" />
            <String ID="Textword_26" HPOS="2945" VPOS="813" HEIGHT="27" WIDTH="56" CONTENT="und" WC="0.96" />
            <String ID="Textword_27" HPOS="3019" VPOS="814" HEIGHT="26" WIDTH="152" CONTENT="Abschluss" WC="0.95" />
            <String ID="Textword_28" HPOS="3199" VPOS="822" HEIGHT="19" WIDTH="53" CONTENT="von" WC="0.96" />
          </TextLine>
          <TextLine ID="TextLine_11" HPOS="2695" VPOS="849" HEIGHT="31" WIDTH="557">
            <String ID="Textword_29" HPOS="2695" VPOS="849" HEIGHT="31" WIDTH="279" CONTENT="Geschäftsbüchern;" WC="0.90" />
            <String ID="Textword_30" HPOS="3000" VPOS="849" HEIGHT="27" WIDTH="127" CONTENT="Gewinn-" WC="0.92" />
            <String ID="Textword_31" HPOS="3147" VPOS="857" HEIGHT="19" WIDTH="25" CONTENT="u." WC="0.93" />
            <String ID="Textword_32" HPOS="3187" VPOS="850" HEIGHT="28" WIDTH="65" CONTENT="Ver-" WC="0.93" />
          </TextLine>
          <TextLine ID="TextLine_12" HPOS="2693" VPOS="885" HEIGHT="34" WIDTH="559">
            <String ID="Textword_33" HPOS="2693" VPOS="885" HEIGHT="34" WIDTH="241" CONTENT="lustrechnungen," WC="0.91" />
            <String ID="Textword_34" HPOS="2958" VPOS="885" HEIGHT="27" WIDTH="133" CONTENT="Bilanzen" WC="0.96" />
            <String ID="Textword_35" HPOS="3110" VPOS="885" HEIGHT="26" WIDTH="57" CONTENT="und" WC="0.93" />
            <String ID="Textword_36" HPOS="3187" VPOS="885" HEIGHT="27" WIDTH="65" CONTENT="Gut-" WC="0.88" />
          </TextLine>
          <TextLine ID="TextLine_13" HPOS="2694" VPOS="920" HEIGHT="35" WIDTH="557">
            <String ID="Textword_37" HPOS="2694" VPOS="921" HEIGHT="26" WIDTH="97" CONTENT="achten" WC="0.96" />
            <String ID="Textword_38" HPOS="2815" VPOS="920" HEIGHT="27" WIDTH="47" CONTENT="für" WC="0.96" />
            <String ID="Textword_39" HPOS="2882" VPOS="920" HEIGHT="34" WIDTH="138" CONTENT="Gewerbe," WC="0.96" />
            <String ID="Textword_40" HPOS="3039" VPOS="921" HEIGHT="34" WIDTH="106" CONTENT="Hotels," WC="0.93" />
            <String ID="Textword_41" HPOS="3175" VPOS="921" HEIGHT="26" WIDTH="76" CONTENT="Han-" WC="0.92" />
          </TextLine>
          <TextLine ID="TextLine_14" HPOS="2693" VPOS="956" HEIGHT="34" WIDTH="558">
            <String ID="Textword_42" HPOS="2693" VPOS="956" HEIGHT="26" WIDTH="56" CONTENT="del-" WC="0.92" />
            <String ID="Textword_43" HPOS="2777" VPOS="957" HEIGHT="26" WIDTH="56" CONTENT="und." WC="0.76" />
            <String ID="Textword_44" HPOS="2860" VPOS="956" HEIGHT="34" WIDTH="256" CONTENT="Fabrikgeschäfte," WC="0.91" />
            <String ID="Textword_45" HPOS="0" VPOS="0" HEIGHT="4974" WIDTH="3401" CONTENT=":" WC="0.75" />
            <String ID="Textword_46" HPOS="3149" VPOS="956" HEIGHT="27" WIDTH="102" CONTENT="Gesell-" WC="0.91" />
          </TextLine>
          <TextLine ID="TextLine_15" HPOS="2693" VPOS="991" HEIGHT="35" WIDTH="559">
            <String ID="Textword_47" HPOS="2693" VPOS="991" HEIGHT="27" WIDTH="125" CONTENT="schaften" WC="0.95" />
            <String ID="Textword_48" HPOS="2845" VPOS="992" HEIGHT="34" WIDTH="79" CONTENT="jeder" WC="0.87" />
            <String ID="Textword_49" HPOS="2954" VPOS="992" HEIGHT="26" WIDTH="60" CONTENT="Art." WC="0.89" />
            <String ID="Textword_50" HPOS="3051" VPOS="991" HEIGHT="27" WIDTH="113" CONTENT="Diskret" WC="0.89" />
            <String ID="Textword_51" HPOS="3195" VPOS="992" HEIGHT="27" WIDTH="57" CONTENT="und" WC="0.96" />
          </TextLine>
          <TextLine ID="TextLine_16" HPOS="2692" VPOS="1027" HEIGHT="34" WIDTH="206">
            <String ID="Textword_52" HPOS="2692" VPOS="1027" HEIGHT="34" WIDTH="206" CONTENT="gewissenhaft." WC="0.95" />
          </TextLine>
          <TextLine ID="TextLine_17" HPOS="2750" VPOS="1063" HEIGHT="33" WIDTH="450">
            <String ID="Textword_53" HPOS="2750" VPOS="1064" HEIGHT="32" WIDTH="42" CONTENT="C." WC="0.88" />
            <String ID="Textword_54" HPOS="2809" VPOS="1064" HEIGHT="31" WIDTH="51" CONTENT="A." WC="0.93" />
            <String ID="Textword_55" HPOS="2877" VPOS="1063" HEIGHT="33" WIDTH="48" CONTENT="0." WC="0.59" />
            <String ID="Textword_56" HPOS="2943" VPOS="1063" HEIGHT="33" WIDTH="257" CONTENT="Gademann" WC="0.91" />
          </TextLine>
          <TextLine ID="TextLine_18" HPOS="2865" VPOS="1107" HEIGHT="27" WIDTH="213">
            <String ID="Textword_57" HPOS="2865" VPOS="1107" HEIGHT="27" WIDTH="213" CONTENT="Bücherrevisor" WC="0.90" />
          </TextLine>
          <TextLine ID="TextLine_19" HPOS="2736" VPOS="1141" HEIGHT="35" WIDTH="470">
            <String ID="Textword_58" HPOS="2736" VPOS="1141" HEIGHT="32" WIDTH="148" CONTENT="Zürich" WC="0.90" />
            <String ID="Textword_59" HPOS="2902" VPOS="1142" HEIGHT="34" WIDTH="33" CONTENT="E," WC="0.42" />
            <String ID="Textword_60" HPOS="2955" VPOS="1142" HEIGHT="27" WIDTH="190" CONTENT="Gessnerallee" WC="0.92" />
            <String ID="Textword_61" HPOS="3164" VPOS="1142" HEIGHT="26" WIDTH="42" CONTENT="50." WC="0.96" />
          </TextLine>
        </TextBlock>
        <TextBlock ID="TextBlock_7" HPOS="2730" VPOS="1207" HEIGHT="67" WIDTH="495">
          <TextLine ID="TextLine_20" HPOS="2730" VPOS="1207" HEIGHT="67" WIDTH="495">
            <String ID="Textword_62" HPOS="2730" VPOS="1207" HEIGHT="67" WIDTH="495" CONTENT="Buchhaltung." WC="0.96" />
          </TextLine>
        </TextBlock>
        <TextBlock ID="TextBlock_8" HPOS="2690" VPOS="1276" HEIGHT="281" WIDTH="561">
          <TextLine ID="TextLine_21" HPOS="2692" VPOS="1276" HEIGHT="34" WIDTH="558">
            <String ID="Textword_63" HPOS="2692" VPOS="1277" HEIGHT="26" WIDTH="71" CONTENT="nach" WC="0.96" />
            <String ID="Textword_64" HPOS="2782" VPOS="1277" HEIGHT="26" WIDTH="72" CONTENT="allen" WC="0.96" />
            <String ID="Textword_65" HPOS="2868" VPOS="1277" HEIGHT="33" WIDTH="142" CONTENT="Systemen" WC="0.96" />
            <String ID="Textword_66" HPOS="3027" VPOS="1276" HEIGHT="27" WIDTH="56" CONTENT="und" WC="0.96" />
            <String ID="Textword_67" HPOS="3092" VPOS="1276" HEIGHT="34" WIDTH="93" CONTENT="jedem" WC="0.93" />
            <String ID="Textword_68" HPOS="3199" VPOS="1276" HEIGHT="26" WIDTH="51" CONTENT="Ge-" WC="0.90" />
          </TextLine>
          <TextLine ID="TextLine_22" HPOS="2692" VPOS="1311" HEIGHT="35" WIDTH="559">
            <String ID="Textword_69" HPOS="2692" VPOS="1312" HEIGHT="27" WIDTH="209" CONTENT="schäftsbetrieb" WC="0.90" />
            <String ID="Textword_70" HPOS="2957" VPOS="1314" HEIGHT="32" WIDTH="157" CONTENT="angepasst," WC="0.68" />
            <String ID="Textword_71" HPOS="3163" VPOS="1311" HEIGHT="27" WIDTH="88" CONTENT="Nach-" WC="0.69" />
          </TextLine>
          <TextLine ID="TextLine_23" HPOS="2691" VPOS="1347" HEIGHT="34" WIDTH="559">
            <String ID="Textword_72" HPOS="2691" VPOS="1349" HEIGHT="32" WIDTH="122" CONTENT="tragung" WC="0.92" />
            <String ID="Textword_73" HPOS="2851" VPOS="1356" HEIGHT="19" WIDTH="53" CONTENT="von" WC="0.96" />
            <String ID="Textword_74" HPOS="2947" VPOS="1348" HEIGHT="33" WIDTH="134" CONTENT="Büchern," WC="0.63" />
            <String ID="Textword_75" HPOS="3127" VPOS="1347" HEIGHT="27" WIDTH="123" CONTENT=" Bücher-" WC="0.69" />
          </TextLine>
          <TextLine ID="TextLine_24" HPOS="2691" VPOS="1383" HEIGHT="33" WIDTH="555">
            <String ID="Textword_76" HPOS="2691" VPOS="1389" HEIGHT="19" WIDTH="32" CONTENT="ex" WC="0.93" />
            <String ID="Textword_77" HPOS="2744" VPOS="1384" HEIGHT="25" WIDTH="102" CONTENT="ertisen" WC="0.92" />
            <String ID="Textword_78" HPOS="2890" VPOS="1383" HEIGHT="27" WIDTH="55" CONTENT="und" WC="0.93" />
            <String ID="Textword_79" HPOS="2988" VPOS="1383" HEIGHT="33" WIDTH="160" CONTENT="Erstellung" WC="0.65" />
            <String ID="Textword_80" HPOS="3192" VPOS="1390" HEIGHT="20" WIDTH="54" CONTENT="von" WC="0.96" />
          </TextLine>
          <TextLine ID="TextLine_25" HPOS="2690" VPOS="1417" HEIGHT="36" WIDTH="560">
            <String ID="Textword_81" HPOS="2690" VPOS="1417" HEIGHT="27" WIDTH="135" CONTENT="Bilanzen" WC="0.95" />
            <String ID="Textword_82" HPOS="2852" VPOS="1418" HEIGHT="34" WIDTH="111" CONTENT="besorgt" WC="0.96" />
            <String ID="Textword_83" HPOS="2991" VPOS="1418" HEIGHT="35" WIDTH="171" CONTENT="zuverlässig" WC="0.96" />
            <String ID="Textword_84" HPOS="3193" VPOS="1418" HEIGHT="27" WIDTH="57" CONTENT="und" WC="0.96" />
          </TextLine>
          <TextLine ID="TextLine_26" HPOS="2691" VPOS="1452" HEIGHT="36" WIDTH="559">
            <String ID="Textword_85" HPOS="2691" VPOS="1452" HEIGHT="36" WIDTH="431" CONTENT="diskretE.Muggli-Isler," WC="0.69" />
            <String ID="Textword_86" HPOS="3130" VPOS="1454" HEIGHT="27" WIDTH="120" CONTENT="Bücher-" WC="0.91" />
          </TextLine>
          <TextLine ID="TextLine_27" HPOS="2692" VPOS="1489" HEIGHT="33" WIDTH="558">
            <String ID="Textword_87" HPOS="2692" VPOS="1491" HEIGHT="31" WIDTH="109" CONTENT="experte" WC="0.91" />
            <String ID="Textword_88" HPOS="2814" VPOS="1489" HEIGHT="33" WIDTH="94" CONTENT="ehem." WC="0.95" />
            <String ID="Textword_89" HPOS="2913" VPOS="1489" HEIGHT="27" WIDTH="145" CONTENT="Prokurist" WC="0.96" />
            <String ID="Textword_90" HPOS="3065" VPOS="1489" HEIGHT="26" WIDTH="47" CONTENT="der" WC="0.96" />
            <String ID="Textword_91" HPOS="3117" VPOS="1489" HEIGHT="27" WIDTH="133" CONTENT="Schweiz." WC="0.93" />
          </TextLine>
          <TextLine ID="TextLine_28" HPOS="2694" VPOS="1523" HEIGHT="34" WIDTH="423">
            <String ID="Textword_92" HPOS="2694" VPOS="1516" HEIGHT="41" WIDTH="170" CONTENT="Volksoank)" WC="0.90" />
            <String ID="Textword_93" HPOS="2883" VPOS="1523" HEIGHT="29" WIDTH="147" CONTENT="Zürich" WC="0.96" />
            <String ID="Textword_94" HPOS="3049" VPOS="1524" HEIGHT="27" WIDTH="68" CONTENT="IV." WC="0.95" />
          </TextLine>
        </TextBlock>
        <TextBlock ID="TextBlock_9" HPOS="2766" VPOS="1593" HEIGHT="130" WIDTH="427">
          <TextLine ID="TextLine_29" HPOS="2766" VPOS="1593" HEIGHT="130" WIDTH="427">
            <String ID="Textword_95" HPOS="2766" VPOS="1593" HEIGHT="130" WIDTH="427" CONTENT="Modelle" WC="0.92" />
          </TextLine>
        </TextBlock>
        <TextBlock ID="TextBlock_10" HPOS="2689" VPOS="1745" HEIGHT="282" WIDTH="589">
          <TextLine ID="TextLine_30" HPOS="2691" VPOS="1745" HEIGHT="34" WIDTH="587">
            <String ID="Textword_96" HPOS="2691" VPOS="1747" HEIGHT="32" WIDTH="84" CONTENT="85" WC="0.54" />
            <String ID="Textword_97" HPOS="2795" VPOS="1746" HEIGHT="27" WIDTH="46" CONTENT="für" WC="0.93" />
            <String ID="Textword_98" HPOS="2861" VPOS="1746" HEIGHT="27" WIDTH="170" CONTENT="Giessereien" WC="0.87" />
            <String ID="Textword_99" HPOS="3056" VPOS="1746" HEIGHT="27" WIDTH="56" CONTENT="und" WC="0.93" />
            <String ID="Textword_100" HPOS="3133" VPOS="1745" HEIGHT="32" WIDTH="145" CONTENT="Maschi-" WC="0.88" />
          </TextLine>
          <TextLine ID="TextLine_31" HPOS="2690" VPOS="1781" HEIGHT="35" WIDTH="558">
            <String ID="Textword_101" HPOS="2690" VPOS="1782" HEIGHT="34" WIDTH="190" CONTENT="nenfabriken," WC="0.92" />
            <String ID="Textword_102" HPOS="2898" VPOS="1782" HEIGHT="26" WIDTH="83" CONTENT="sowie" WC="0.96" />
            <String ID="Textword_103" HPOS="3000" VPOS="1782" HEIGHT="26" WIDTH="46" CONTENT="für" WC="0.93" />
            <String ID="Textword_104" HPOS="3065" VPOS="1782" HEIGHT="27" WIDTH="96" CONTENT="Schul-" WC="0.92" />
            <String ID="Textword_105" HPOS="3191" VPOS="1781" HEIGHT="26" WIDTH="57" CONTENT="und" WC="0.96" />
          </TextLine>
          <TextLine ID="TextLine_32" HPOS="2690" VPOS="1817" HEIGHT="34" WIDTH="581">
            <String ID="Textword_106" HPOS="2690" VPOS="1817" HEIGHT="26" WIDTH="210" CONTENT="Patentzwecke" WC="0.90" />
            <String ID="Textword_107" HPOS="2926" VPOS="1817" HEIGHT="34" WIDTH="148" CONTENT="verfertigt" WC="0.92" />
            <String ID="Textword_108" HPOS="3101" VPOS="1817" HEIGHT="26" WIDTH="71" CONTENT="nach" WC="0.92" />
            <String ID="Textword_109" HPOS="3191" VPOS="1817" HEIGHT="25" WIDTH="80" CONTENT="ein-" WC="0.79" />
          </TextLine>
          <TextLine ID="TextLine_33" HPOS="2690" VPOS="1852" HEIGHT="34" WIDTH="557">
            <String ID="Textword_110" HPOS="2690" VPOS="1853" HEIGHT="33" WIDTH="148" CONTENT="gesandter" WC="0.92" />
            <String ID="Textword_111" HPOS="2863" VPOS="1853" HEIGHT="33" WIDTH="159" CONTENT="Zeichnung" WC="0.92" />
            <String ID="Textword_112" HPOS="3050" VPOS="1853" HEIGHT="26" WIDTH="65" CONTENT="oder" WC="0.92" />
            <String ID="Textword_113" HPOS="3143" VPOS="1852" HEIGHT="26" WIDTH="104" CONTENT="Muster" WC="0.91" />
          </TextLine>
          <TextLine ID="TextLine_34" HPOS="2691" VPOS="1887" HEIGHT="35" WIDTH="555">
            <String ID="Textword_114" HPOS="2691" VPOS="1888" HEIGHT="26" WIDTH="41" CONTENT="bei" WC="0.79" />
            <String ID="Textword_115" HPOS="2762" VPOS="1888" HEIGHT="34" WIDTH="141" CONTENT="billigsten" WC="0.96" />
            <String ID="Textword_116" HPOS="2930" VPOS="1888" HEIGHT="27" WIDTH="114" CONTENT="Preisen" WC="0.96" />
            <String ID="Textword_117" HPOS="3075" VPOS="1888" HEIGHT="26" WIDTH="57" CONTENT="und" WC="0.92" />
            <String ID="Textword_118" HPOS="3160" VPOS="1887" HEIGHT="27" WIDTH="86" CONTENT="tadel-" WC="0.91" />
          </TextLine>
          <TextLine ID="TextLine_35" HPOS="2689" VPOS="1923" HEIGHT="35" WIDTH="276">
            <String ID="Textword_119" HPOS="2689" VPOS="1924" HEIGHT="26" WIDTH="71" CONTENT="loser" WC="0.93" />
            <String ID="Textword_120" HPOS="2779" VPOS="1923" HEIGHT="35" WIDTH="186" CONTENT="Ausführung" WC="0.92" />
          </TextLine>
          <TextLine ID="TextLine_36" HPOS="2865" VPOS="1958" HEIGHT="33" WIDTH="222">
            <String ID="Textword_121" HPOS="2865" VPOS="1958" HEIGHT="27" WIDTH="48" CONTENT="A." WC="0.95" />
            <String ID="Textword_122" HPOS="2922" VPOS="1958" HEIGHT="33" WIDTH="165" CONTENT="Locher," WC="0.95" />
          </TextLine>
          <TextLine ID="TextLine_37" HPOS="2772" VPOS="1993" HEIGHT="34" WIDTH="474">
            <String ID="Textword_123" HPOS="2772" VPOS="1994" HEIGHT="26" WIDTH="86" CONTENT="mech." WC="0.90" />
            <String ID="Textword_124" HPOS="2872" VPOS="1993" HEIGHT="34" WIDTH="275" CONTENT="Modellschreinerei," WC="0.91" />
            <String ID="Textword_125" HPOS="3168" VPOS="1993" HEIGHT="26" WIDTH="78" CONTENT="Bern." WC="0.95" />
          </TextLine>
        </TextBlock>
        <TextBlock ID="TextBlock_11" HPOS="2973" VPOS="2058" HEIGHT="384" WIDTH="300">
          <TextLine ID="TextLine_38" HPOS="2990" VPOS="2058" HEIGHT="129" WIDTH="205">
            <String ID="Textword_126" HPOS="2953" VPOS="2058" HEIGHT="183" WIDTH="242" CONTENT="Nr" WC="0.36" />
          </TextLine>
          <TextLine ID="TextLine_39" HPOS="2973" VPOS="2211" HEIGHT="231" WIDTH="300">
            <String ID="Textword_127" HPOS="2973" VPOS="2211" HEIGHT="231" WIDTH="300" CONTENT="cine" WC="0.42" />
          </TextLine>
        </TextBlock>
        <TextBlock ID="TextBlock_12" HPOS="2694" VPOS="633" HEIGHT="13" WIDTH="559">
          <TextLine ID="TextLine_40" HPOS="2694" VPOS="633" HEIGHT="13" WIDTH="559">
            <SP ID="Textword_2" HPOS="2694" VPOS="633" />
            <String ID="Textword_128" HPOS="2694" VPOS="633" HEIGHT="13" WIDTH="559" CONTENT=" " WC="0.95" />
          </TextLine>
        </TextBlock>
        <TextBlock ID="TextBlock_13" HPOS="2101" VPOS="585" HEIGHT="98" WIDTH="18">
          <TextLine ID="TextLine_41" HPOS="2101" VPOS="585" HEIGHT="98" WIDTH="18">
            <String ID="Textword_129" HPOS="2101" VPOS="585" HEIGHT="98" WIDTH="18" CONTENT="cfa" WC="0.00" />
          </TextLine>
        </TextBlock>
        <TextBlock ID="TextBlock_14" HPOS="1997" VPOS="615" HEIGHT="68" WIDTH="15">
          <TextLine ID="TextLine_42" HPOS="1997" VPOS="615" HEIGHT="68" WIDTH="15">
            <String ID="Textword_130" HPOS="1997" VPOS="615" HEIGHT="68" WIDTH="15" CONTENT="a" WC="0.29" />
          </TextLine>
        </TextBlock>
        <TextBlock ID="TextBlock_15" HPOS="1299" VPOS="752" HEIGHT="38" WIDTH="14">
          <TextLine ID="TextLine_43" HPOS="1299" VPOS="752" HEIGHT="38" WIDTH="14">
            <String ID="Textword_131" HPOS="1299" VPOS="752" HEIGHT="38" WIDTH="14" CONTENT="un" WC="0.55" />
          </TextLine>
        </TextBlock>
        <TextBlock ID="TextBlock_16" HPOS="2691" VPOS="1183" HEIGHT="14" WIDTH="561">
          <TextLine ID="TextLine_44" HPOS="2691" VPOS="1183" HEIGHT="14" WIDTH="561">
            <SP ID="Textword_3" HPOS="2691" VPOS="1183" />
            <String ID="Textword_132" HPOS="2691" VPOS="1183" HEIGHT="14" WIDTH="561" CONTENT=" " WC="0.95" />
          </TextLine>
        </TextBlock>
        <TextBlock ID="TextBlock_17" HPOS="2689" VPOS="1565" HEIGHT="14" WIDTH="561">
          <TextLine ID="TextLine_45" HPOS="2689" VPOS="1565" HEIGHT="14" WIDTH="561">
            <SP ID="Textword_4" HPOS="2689" VPOS="1565" />
            <String ID="Textword_133" HPOS="2689" VPOS="1565" HEIGHT="14" WIDTH="561" CONTENT=" " WC="0.95" />
          </TextLine>
        </TextBlock>
        <TextBlock ID="TextBlock_18" HPOS="1100" VPOS="1641" HEIGHT="67" WIDTH="14">
          <TextLine ID="TextLine_46" HPOS="1100" VPOS="1641" HEIGHT="67" WIDTH="14">
            <String ID="Textword_134" HPOS="1100" VPOS="1641" HEIGHT="67" WIDTH="14" CONTENT="MT" WC="0.33" />
          </TextLine>
        </TextBlock>
        <TextBlock ID="TextBlock_19" HPOS="2689" VPOS="2033" HEIGHT="15" WIDTH="559">
          <TextLine ID="TextLine_47" HPOS="2689" VPOS="2033" HEIGHT="15" WIDTH="559">
            <SP ID="Textword_5" HPOS="2689" VPOS="2033" />
            <String ID="Textword_135" HPOS="2689" VPOS="2033" HEIGHT="15" WIDTH="559" CONTENT=" " WC="0.95" />
          </TextLine>
        </TextBlock>
        <TextBlock ID="TextBlock_20" HPOS="559" VPOS="381" HEIGHT="1973" WIDTH="1880">
          <TextLine ID="TextLine_48" HPOS="559" VPOS="381" HEIGHT="1973" WIDTH="1880">
            <SP ID="Textword_6" HPOS="559" VPOS="381" />
            <String ID="Textword_136" HPOS="559" VPOS="381" HEIGHT="1973" WIDTH="1880" CONTENT=" " WC="0.95" />
          </TextLine>
        </TextBlock>
        <TextBlock ID="TextBlock_21" HPOS="639" VPOS="2380" HEIGHT="97" WIDTH="1724">
          <TextLine ID="TextLine_49" HPOS="639" VPOS="2380" HEIGHT="97" WIDTH="1724">
            <String ID="Textword_137" HPOS="639" VPOS="2381" HEIGHT="69" WIDTH="711" CONTENT="ALLEINVERKAUF" WC="0.89" />
            <String ID="Textword_138" HPOS="1409" VPOS="2383" HEIGHT="68" WIDTH="170" CONTENT="UND" WC="0.93" />
            <String ID="Textword_139" HPOS="1643" VPOS="2380" HEIGHT="97" WIDTH="720" CONTENT="GENERALDEPOT" WC="0.90" />
          </TextLine>
        </TextBlock>
        <TextBlock ID="TextBlock_22" HPOS="2698" VPOS="2077" HEIGHT="630" WIDTH="209">
          <TextLine ID="TextLine_50" HPOS="2698" VPOS="2077" HEIGHT="630" WIDTH="209">
            <SP ID="Textword_7" HPOS="2698" VPOS="2077" />
            <String ID="Textword_140" HPOS="2698" VPOS="2077" HEIGHT="630" WIDTH="209" CONTENT=" " WC="0.95" />
          </TextLine>
        </TextBlock>
        <TextBlock ID="TextBlock_23" HPOS="603" VPOS="2478" HEIGHT="254" WIDTH="2623">
          <TextLine ID="TextLine_51" HPOS="1193" VPOS="2478" HEIGHT="116" WIDTH="2033">
            <String ID="Textword_141" HPOS="1193" VPOS="2498" HEIGHT="66" WIDTH="96" CONTENT="für" WC="0.89" />
            <String ID="Textword_142" HPOS="1338" VPOS="2500" HEIGHT="64" WIDTH="95" CONTENT="die" WC="0.96" />
            <String ID="Textword_143" HPOS="1483" VPOS="2499" HEIGHT="90" WIDTH="316" CONTENT="Schweiz:" WC="0.96" />
            <String ID="Textword_144" HPOS="2946" VPOS="2478" HEIGHT="116" WIDTH="280" CONTENT="27" WC="0.25" />
          </TextLine>
          <TextLine ID="TextLine_52" HPOS="603" VPOS="2608" HEIGHT="124" WIDTH="1792">
            <String ID="Textword_145" HPOS="603" VPOS="2610" HEIGHT="97" WIDTH="247" CONTENT="ROB." WC="0.92" />
            <String ID="Textword_146" HPOS="912" VPOS="2586" HEIGHT="202" WIDTH="366" CONTENT="JACOB" WC="0.92" />
            <String ID="Textword_147" HPOS="1348" VPOS="2619" HEIGHT="89" WIDTH="70" CONTENT="&amp;" WC="0.92" />
            <String ID="Textword_148" HPOS="1489" VPOS="2612" HEIGHT="129" WIDTH="122" CONTENT="C:," WC="0.90" />
            <String ID="Textword_149" HPOS="1687" VPOS="2608" HEIGHT="100" WIDTH="708" CONTENT="WINTERTHUR" WC="0.92" />
            <String ID="Textword_150" HPOS="2930" VPOS="2628" HEIGHT="86" WIDTH="180" CONTENT="Elikon" WC="0.43" />
            <String ID="Textword_151" HPOS="3113" VPOS="2635" HEIGHT="33" WIDTH="134" CONTENT="me" WC="0.58" />
          </TextLine>
        </TextBlock>
        <TextBlock ID="TextBlock_24" HPOS="2690" VPOS="2730" HEIGHT="12" WIDTH="559">
          <TextLine ID="TextLine_53" HPOS="2690" VPOS="2730" HEIGHT="12" WIDTH="559">
            <SP ID="Textword_8" HPOS="2690" VPOS="2730" />
            <String ID="Textword_152" HPOS="2690" VPOS="2730" HEIGHT="12" WIDTH="559" CONTENT=" " WC="0.95" />
          </TextLine>
        </TextBlock>
        <TextBlock ID="TextBlock_25" HPOS="347" VPOS="2731" HEIGHT="44" WIDTH="2315">
          <TextLine ID="TextLine_54" HPOS="347" VPOS="2731" HEIGHT="44" WIDTH="2315">
            <SP ID="Textword_9" HPOS="347" VPOS="2731" />
            <String ID="Textword_153" HPOS="347" VPOS="2731" HEIGHT="44" WIDTH="2315" CONTENT=" " WC="0.95" />
          </TextLine>
        </TextBlock>
        <TextBlock ID="TextBlock_26" HPOS="1519" VPOS="2758" HEIGHT="28" WIDTH="1134">
          <TextLine ID="TextLine_55" HPOS="1519" VPOS="2758" HEIGHT="28" WIDTH="1134">
            <SP ID="Textword_10" HPOS="1519" VPOS="2758" />
            <String ID="Textword_154" HPOS="1519" VPOS="2758" HEIGHT="28" WIDTH="1134" CONTENT=" " WC="0.95" />
          </TextLine>
        </TextBlock>
        <TextBlock ID="TextBlock_27" HPOS="1530" VPOS="2796" HEIGHT="116" WIDTH="1621">
          <TextLine ID="TextLine_56" HPOS="1530" VPOS="2796" HEIGHT="116" WIDTH="1621">
            <String ID="Textword_155" HPOS="1530" VPOS="2814" HEIGHT="98" WIDTH="574" CONTENT="Schweizerische" WC="0.51" />
            <String ID="Textword_156" HPOS="2150" VPOS="2779" HEIGHT="120" WIDTH="411" CONTENT="Kreditanstalt" WC="0.88" />
            <String ID="Textword_157" HPOS="2737" VPOS="2777" HEIGHT="121" WIDTH="414" CONTENT="||" WC="0.60" />
          </TextLine>
        </TextBlock>
        <TextBlock ID="TextBlock_28" HPOS="1602" VPOS="2892" HEIGHT="79" WIDTH="1498">
          <TextLine ID="TextLine_57" HPOS="2739" VPOS="2892" HEIGHT="36" WIDTH="356">
            <String ID="Textword_158" HPOS="2739" VPOS="2900" HEIGHT="24" WIDTH="185" CONTENT="ZITTA" WC="0.00" />
            <String ID="Textword_159" HPOS="2931" VPOS="2892" HEIGHT="31" WIDTH="52" CONTENT="FÜR" WC="0.63" />
            <String ID="Textword_160" HPOS="2985" VPOS="2893" HEIGHT="35" WIDTH="110" CONTENT="LIEFERUNG" WC="0.88" />
          </TextLine>
          <TextLine ID="TextLine_58" HPOS="1602" VPOS="2928" HEIGHT="43" WIDTH="1498">
            <String ID="Textword_161" HPOS="1602" VPOS="2929" HEIGHT="42" WIDTH="161" CONTENT="Zürich" WC="0.92" />
            <String ID="Textword_162" HPOS="1791" VPOS="2954" HEIGHT="3" WIDTH="52" CONTENT="—" WC="0.92" />
            <String ID="Textword_163" HPOS="1870" VPOS="2930" HEIGHT="40" WIDTH="131" CONTENT="Basel" WC="0.93" />
            <String ID="Textword_164" HPOS="2030" VPOS="2953" HEIGHT="4" WIDTH="51" CONTENT="—" WC="0.93" />
            <String ID="Textword_165" HPOS="2111" VPOS="2928" HEIGHT="42" WIDTH="119" CONTENT="Genf" WC="0.92" />
            <String ID="Textword_166" HPOS="2243" VPOS="2953" HEIGHT="3" WIDTH="52" CONTENT="—" WC="0.92" />
            <String ID="Textword_167" HPOS="2316" VPOS="2928" HEIGHT="42" WIDTH="58" CONTENT="St." WC="0.89" />
            <String ID="Textword_168" HPOS="2388" VPOS="2928" HEIGHT="42" WIDTH="170" CONTENT="Gallen." WC="0.96" />
            <String ID="Textword_169" HPOS="2832" VPOS="2933" HEIGHT="2" WIDTH="2" CONTENT=":" WC="0.43" />
            <String ID="Textword_170" HPOS="2990" VPOS="2933" HEIGHT="3" WIDTH="2" CONTENT="i" WC="0.62" />
            <String ID="Textword_171" HPOS="3087" VPOS="2950" HEIGHT="8" WIDTH="13" CONTENT="i" WC="0.18" />
          </TextLine>
        </TextBlock>
        <TextBlock ID="TextBlock_29" HPOS="533" VPOS="2964" HEIGHT="294" WIDTH="2573">
          <TextLine ID="TextLine_59" HPOS="1868" VPOS="2964" HEIGHT="71" WIDTH="1238">
            <String ID="Textword_172" HPOS="1868" VPOS="2983" HEIGHT="36" WIDTH="275" CONTENT="GEGRÜNDET" WC="0.96" />
            <String ID="Textword_173" HPOS="2145" VPOS="2989" HEIGHT="28" WIDTH="168" CONTENT="1856." WC="0.95" />
            <String ID="Textword_174" HPOS="2762" VPOS="3009" HEIGHT="11" WIDTH="20" CONTENT="=" WC="0.24" />
            <String ID="Textword_175" HPOS="2880" VPOS="2964" HEIGHT="71" WIDTH="226" CONTENT="Maschinenonse”" WC="0.00" />
          </TextLine>
          <TextLine ID="TextLine_60" HPOS="1548" VPOS="2992" HEIGHT="106" WIDTH="1468">
            <String ID="Textword_176" HPOS="1548" VPOS="3035" HEIGHT="33" WIDTH="276" CONTENT="Einbezahltes" WC="0.91" />
            <String ID="Textword_177" HPOS="1848" VPOS="3035" HEIGHT="40" WIDTH="302" CONTENT="Aktienkapital" WC="0.96" />
            <String ID="Textword_178" HPOS="2269" VPOS="3035" HEIGHT="32" WIDTH="61" CONTENT="Fr." WC="0.93" />
            <String ID="Textword_179" HPOS="2348" VPOS="3034" HEIGHT="38" WIDTH="265" CONTENT="65,000,000." WC="0.90" />
            <String ID="Textword_180" HPOS="2753" VPOS="3034" HEIGHT="1" WIDTH="3" CONTENT=":" WC="0.00" />
            <String ID="Textword_181" HPOS="2856" VPOS="2992" HEIGHT="44" WIDTH="22" CONTENT="'" WC="0.00" />
            <String ID="Textword_182" HPOS="2896" VPOS="2993" HEIGHT="105" WIDTH="120" CONTENT="ei" WC="0.30" />
          </TextLine>
          <TextLine ID="TextLine_61" HPOS="536" VPOS="3076" HEIGHT="69" WIDTH="2469">
            <String ID="Textword_183" HPOS="536" VPOS="3076" HEIGHT="27" WIDTH="27" CONTENT="=" WC="0.55" />
            <String ID="Textword_184" HPOS="1549" VPOS="3090" HEIGHT="31" WIDTH="198" CONTENT="Reserven" WC="0.96" />
            <String ID="Textword_185" HPOS="2264" VPOS="3088" HEIGHT="33" WIDTH="61" CONTENT="Fr." WC="0.92" />
            <String ID="Textword_186" HPOS="2343" VPOS="3087" HEIGHT="39" WIDTH="269" CONTENT="20,000,000." WC="0.90" />
            <String ID="Textword_187" HPOS="2916" VPOS="3100" HEIGHT="45" WIDTH="89" CONTENT="Säulen" WC="0.94" />
          </TextLine>
          <TextLine ID="TextLine_62" HPOS="533" VPOS="3116" HEIGHT="111" WIDTH="2510">
            <String ID="Textword_188" HPOS="533" VPOS="3117" HEIGHT="110" WIDTH="251" CONTENT="18s@" WC="0.44" />
            <String ID="Textword_189" HPOS="831" VPOS="3163" HEIGHT="15" WIDTH="31" CONTENT="i" WC="0.21" />
            <String ID="Textword_190" HPOS="1009" VPOS="3117" HEIGHT="108" WIDTH="64" CONTENT="©" WC="0.20" />
            <String ID="Textword_191" HPOS="1125" VPOS="3116" HEIGHT="109" WIDTH="263" CONTENT="Oren" WC="0.47" />
            <String ID="Textword_192" HPOS="1976" VPOS="3151" HEIGHT="7" WIDTH="211" CONTENT="TE" WC="0.10" />
            <String ID="Textword_193" HPOS="2878" VPOS="3154" HEIGHT="50" WIDTH="165" CONTENT="Handelsguss" WC="0.87" />
          </TextLine>
          <TextLine ID="TextLine_63" HPOS="1656" VPOS="3204" HEIGHT="54" WIDTH="1393">
            <String ID="Textword_194" HPOS="1656" VPOS="3204" HEIGHT="28" WIDTH="62" CONTENT="Wir" WC="0.95" />
            <String ID="Textword_195" HPOS="1737" VPOS="3205" HEIGHT="26" WIDTH="114" CONTENT="nehmen" WC="0.96" />
            <String ID="Textword_196" HPOS="1871" VPOS="3204" HEIGHT="27" WIDTH="99" CONTENT="Gelder" WC="0.96" />
            <String ID="Textword_197" HPOS="1990" VPOS="3212" HEIGHT="19" WIDTH="34" CONTENT="an" WC="0.96" />
            <String ID="Textword_198" HPOS="2043" VPOS="3212" HEIGHT="26" WIDTH="92" CONTENT="gegen" WC="0.96" />
            <String ID="Textword_199" HPOS="2153" VPOS="3212" HEIGHT="19" WIDTH="97" CONTENT="unsere" WC="0.96" />
            <String ID="Textword_200" HPOS="2269" VPOS="3213" HEIGHT="18" WIDTH="35" CONTENT="zu" WC="0.96" />
            <String ID="Textword_201" HPOS="2861" VPOS="3207" HEIGHT="51" WIDTH="188" CONTENT="Kochherdguss" WC="0.91" />
          </TextLine>
        </TextBlock>
        <TextBlock ID="TextBlock_30" HPOS="653" VPOS="3248" HEIGHT="134" WIDTH="2621">
          <TextLine ID="TextLine_64" HPOS="2101" VPOS="3250" HEIGHT="25" WIDTH="21">
            <String ID="Textword_202" HPOS="2101" VPOS="3250" HEIGHT="25" WIDTH="21" CONTENT="o" WC="0.73" />
          </TextLine>
          <TextLine ID="TextLine_65" HPOS="693" VPOS="3248" HEIGHT="79" WIDTH="2581">
            <String ID="Textword_203" HPOS="693" VPOS="3286" HEIGHT="35" WIDTH="214" CONTENT="(Eingetragene" WC="0.90" />
            <String ID="Textword_204" HPOS="927" VPOS="3286" HEIGHT="33" WIDTH="206" CONTENT="Schutzmarke)" WC="0.91" />
            <String ID="Textword_205" HPOS="2036" VPOS="3250" HEIGHT="52" WIDTH="45" CONTENT="4" WC="0.96" />
            <String ID="Textword_206" HPOS="2125" VPOS="3248" HEIGHT="71" WIDTH="31" CONTENT="lo" WC="0.95" />
            <String ID="Textword_207" HPOS="2871" VPOS="3264" HEIGHT="24" WIDTH="50" CONTENT="etc." WC="0.81" />
            <String ID="Textword_208" HPOS="2998" VPOS="3262" HEIGHT="25" WIDTH="52" CONTENT="etc." WC="0.94" />
            <String ID="Textword_209" HPOS="3220" VPOS="3321" HEIGHT="6" WIDTH="54" CONTENT="=" WC="0.12" />
          </TextLine>
          <TextLine ID="TextLine_66" HPOS="653" VPOS="3347" HEIGHT="35" WIDTH="2398">
            <String ID="Textword_210" HPOS="653" VPOS="3348" HEIGHT="34" WIDTH="240" CONTENT="Wirtschaftlich" WC="0.92" />
            <String ID="Textword_211" HPOS="919" VPOS="3347" HEIGHT="35" WIDTH="252" CONTENT="vorteilhafteste" WC="0.92" />
          </TextLine>
        </TextBlock>
        <TextBlock ID="TextBlock_31" HPOS="710" VPOS="3364" HEIGHT="123" WIDTH="2421">
          <TextLine ID="TextLine_67" HPOS="710" VPOS="3364" HEIGHT="123" WIDTH="2421">
            <String ID="Textword_212" HPOS="710" VPOS="3411" HEIGHT="42" WIDTH="382" CONTENT="Verbrennungsmotoren" WC="0.91" />
            <String ID="Textword_213" HPOS="1462" VPOS="3466" HEIGHT="2" WIDTH="2" CONTENT="|" WC="0.76" />
            <String ID="Textword_214" HPOS="1632" VPOS="3365" HEIGHT="98" WIDTH="499" CONTENT="Kassa-Obli" WC="0.82" />
            <String ID="Textword_215" HPOS="2138" VPOS="3395" HEIGHT="92" WIDTH="51" CONTENT="d" WC="0.72" />
            <String ID="Textword_216" HPOS="2196" VPOS="3365" HEIGHT="97" WIDTH="347" CONTENT="ationen" WC="0.90" />
            <String ID="Textword_217" HPOS="2755" VPOS="3404" HEIGHT="67" WIDTH="75" CONTENT="and" WC="0.84" />
            <String ID="Textword_218" HPOS="2833" VPOS="3364" HEIGHT="89" WIDTH="298" CONTENT="Fisenkonstrukhi" WC="0.22" />
          </TextLine>
        </TextBlock>
        <TextBlock ID="TextBlock_32" HPOS="1550" VPOS="3320" HEIGHT="28" WIDTH="201">
          <TextLine ID="TextLine_68" HPOS="1550" VPOS="3320" HEIGHT="28" WIDTH="201">
            <String ID="Textword_219" HPOS="1550" VPOS="3320" HEIGHT="28" WIDTH="201" CONTENT="verzinslichen" WC="0.90" />
          </TextLine>
        </TextBlock>
        <TextBlock ID="TextBlock_33" HPOS="2841" VPOS="3462" HEIGHT="28" WIDTH="267">
          <TextLine ID="TextLine_69" HPOS="2841" VPOS="3462" HEIGHT="28" WIDTH="267">
            <String ID="Textword_220" HPOS="2841" VPOS="3463" HEIGHT="27" WIDTH="119" CONTENT="SEDER" WC="0.58" />
            <String ID="Textword_221" HPOS="2971" VPOS="3462" HEIGHT="27" WIDTH="75" CONTENT="ART:" WC="0.56" />
            <String ID="Textword_222" HPOS="3063" VPOS="3463" HEIGHT="23" WIDTH="45" CONTENT="==" WC="0.67" />
          </TextLine>
        </TextBlock>
        <TextBlock ID="TextBlock_34" HPOS="2704" VPOS="2762" HEIGHT="760" WIDTH="530">
          <TextLine ID="TextLine_70" HPOS="2704" VPOS="2762" HEIGHT="760" WIDTH="530">
            <SP ID="Textword_11" HPOS="2704" VPOS="2762" />
            <String ID="Textword_223" HPOS="2704" VPOS="2762" HEIGHT="760" WIDTH="530" CONTENT=" " WC="0.95" />
          </TextLine>
        </TextBlock>
        <TextBlock ID="TextBlock_35" HPOS="2692" VPOS="3540" HEIGHT="15" WIDTH="558">
          <TextLine ID="TextLine_71" HPOS="2692" VPOS="3540" HEIGHT="15" WIDTH="558">
            <SP ID="Textword_12" HPOS="2692" VPOS="3540" />
            <String ID="Textword_224" HPOS="2692" VPOS="3540" HEIGHT="15" WIDTH="558" CONTENT=" " WC="0.95" />
          </TextLine>
        </TextBlock>
        <TextBlock ID="TextBlock_36" HPOS="598" VPOS="3482" HEIGHT="317" WIDTH="2648">
          <TextLine ID="TextLine_72" HPOS="781" VPOS="3482" HEIGHT="50" WIDTH="1834">
            <String ID="Textword_225" HPOS="781" VPOS="3490" HEIGHT="19" WIDTH="62" CONTENT="zum" WC="0.94" />
            <String ID="Textword_226" HPOS="862" VPOS="3482" HEIGHT="27" WIDTH="126" CONTENT="Betriebe" WC="0.87" />
            <String ID="Textword_227" HPOS="1007" VPOS="3483" HEIGHT="25" WIDTH="50" CONTENT="mit" WC="0.96" />
            <String ID="Textword_228" HPOS="1551" VPOS="3498" HEIGHT="27" WIDTH="51" CONTENT="auf" WC="0.96" />
            <String ID="Textword_229" HPOS="1620" VPOS="3499" HEIGHT="26" WIDTH="56" CONTENT="drei" WC="0.96" />
            <String ID="Textword_230" HPOS="1695" VPOS="3491" HEIGHT="34" WIDTH="85" CONTENT="Jahre" WC="0.96" />
            <String ID="Textword_231" HPOS="1799" VPOS="3498" HEIGHT="34" WIDTH="63" CONTENT="fest," WC="0.96" />
            <String ID="Textword_232" HPOS="1880" VPOS="3498" HEIGHT="27" WIDTH="120" CONTENT="nachher" WC="0.96" />
            <String ID="Textword_233" HPOS="2019" VPOS="3498" HEIGHT="34" WIDTH="175" CONTENT="gegenseitig" WC="0.96" />
            <String ID="Textword_234" HPOS="2214" VPOS="3497" HEIGHT="27" WIDTH="49" CONTENT="auf" WC="0.96" />
            <String ID="Textword_235" HPOS="2281" VPOS="3498" HEIGHT="26" WIDTH="56" CONTENT="drei" WC="0.96" />
            <String ID="Textword_236" HPOS="2350" VPOS="3497" HEIGHT="27" WIDTH="111" CONTENT="Monate" WC="0.96" />
            <String ID="Textword_237" HPOS="2480" VPOS="3497" HEIGHT="33" WIDTH="135" CONTENT="kündbar," WC="0.96" />
          </TextLine>
          <TextLine ID="TextLine_73" HPOS="845" VPOS="3533" HEIGHT="37" WIDTH="1391">
            <String ID="Textword_238" HPOS="845" VPOS="3535" HEIGHT="35" WIDTH="147" CONTENT="billigen" WC="0.95" />
            <String ID="Textword_239" HPOS="1451" VPOS="3547" HEIGHT="6" WIDTH="6" CONTENT="i" WC="0.30" />
            <String ID="Textword_240" HPOS="1932" VPOS="3534" HEIGHT="26" WIDTH="55" CONTENT="und" WC="0.93" />
            <String ID="Textword_241" HPOS="2006" VPOS="3542" HEIGHT="18" WIDTH="73" CONTENT="zwar" WC="0.91" />
            <String ID="Textword_242" HPOS="2098" VPOS="3533" HEIGHT="27" WIDTH="138" CONTENT="entweder" WC="0.90" />
          </TextLine>
          <TextLine ID="TextLine_74" HPOS="2125" VPOS="3571" HEIGHT="19" WIDTH="1121">
            <String ID="Textword_243" HPOS="2125" VPOS="3578" HEIGHT="9" WIDTH="11" CONTENT="=" WC="0.53" />
            <String ID="Textword_244" HPOS="2219" VPOS="3578" HEIGHT="9" WIDTH="12" CONTENT="e" WC="0.43" />
            <String ID="Textword_245" HPOS="0" VPOS="0" HEIGHT="4974" WIDTH="3401" CONTENT="PRIANO" WC="0.17" />
            <String ID="Textword_246" HPOS="2695" VPOS="3571" HEIGHT="19" WIDTH="551" CONTENT="ITA" WC="0.21" />
          </TextLine>
          <TextLine ID="TextLine_75" HPOS="740" VPOS="3578" HEIGHT="87" WIDTH="2376">
            <String ID="Textword_247" HPOS="740" VPOS="3589" HEIGHT="35" WIDTH="131" CONTENT="flüssigen" WC="0.92" />
            <String ID="Textword_248" HPOS="890" VPOS="3589" HEIGHT="27" WIDTH="201" CONTENT="Brennstoffen." WC="0.92" />
            <String ID="Textword_249" HPOS="1829" VPOS="3578" HEIGHT="42" WIDTH="519" CONTENT="Inhaber-Obligationen" WC="0.90" />
            <String ID="Textword_250" HPOS="2721" VPOS="3591" HEIGHT="73" WIDTH="24" CONTENT="f" WC="0.21" />
            <String ID="Textword_251" HPOS="2994" VPOS="3591" HEIGHT="74" WIDTH="26" CONTENT="Ï" WC="0.82" />
            <String ID="Textword_252" HPOS="3101" VPOS="3597" HEIGHT="13" WIDTH="15" CONTENT="a" WC="0.40" />
          </TextLine>
          <TextLine ID="TextLine_76" HPOS="1454" VPOS="3602" HEIGHT="75" WIDTH="1767">
            <String ID="Textword_253" HPOS="1454" VPOS="3655" HEIGHT="2" WIDTH="2" CONTENT=":" WC="0.56" />
            <String ID="Textword_254" HPOS="1575" VPOS="3640" HEIGHT="19" WIDTH="36" CONTENT="zu" WC="0.96" />
            <String ID="Textword_255" HPOS="1629" VPOS="3632" HEIGHT="26" WIDTH="44" CONTENT="Fr." WC="0.96" />
            <String ID="Textword_256" HPOS="1689" VPOS="3631" HEIGHT="26" WIDTH="67" CONTENT="1000" WC="0.96" />
            <String ID="Textword_257" HPOS="1775" VPOS="3632" HEIGHT="26" WIDTH="55" CONTENT="und" WC="0.95" />
            <String ID="Textword_258" HPOS="1850" VPOS="3632" HEIGHT="26" WIDTH="43" CONTENT="Fr." WC="0.96" />
            <String ID="Textword_259" HPOS="1908" VPOS="3631" HEIGHT="34" WIDTH="77" CONTENT="5000," WC="0.96" />
            <String ID="Textword_260" HPOS="2005" VPOS="3632" HEIGHT="26" WIDTH="49" CONTENT="mit" WC="0.93" />
            <String ID="Textword_261" HPOS="2072" VPOS="3631" HEIGHT="34" WIDTH="220" CONTENT="halbjährlichen" WC="0.92" />
            <String ID="Textword_262" HPOS="2311" VPOS="3631" HEIGHT="32" WIDTH="194" CONTENT="Zinscoupons," WC="0.93" />
            <String ID="Textword_263" HPOS="2525" VPOS="3629" HEIGHT="26" WIDTH="64" CONTENT="oder" WC="0.96" />
            <String ID="Textword_264" HPOS="2748" VPOS="3602" HEIGHT="75" WIDTH="204" CONTENT="egenstrom" WC="0.46" />
            <String ID="Textword_265" HPOS="2966" VPOS="3628" HEIGHT="13" WIDTH="16" CONTENT="=" WC="0.42" />
            <String ID="Textword_266" HPOS="3022" VPOS="3613" HEIGHT="53" WIDTH="199" CONTENT="drWwarmer" WC="0.26" />
          </TextLine>
          <TextLine ID="TextLine_77" HPOS="836" VPOS="3670" HEIGHT="49" WIDTH="2324">
            <String ID="Textword_267" HPOS="836" VPOS="3670" HEIGHT="16" WIDTH="93" CONTENT="ee" WC="0.12" />
            <String ID="Textword_268" HPOS="927" VPOS="3675" HEIGHT="7" WIDTH="68" CONTENT="=" WC="0.36" />
            <String ID="Textword_269" HPOS="1474" VPOS="3689" HEIGHT="2" WIDTH="3" CONTENT="à" WC="0.00" />
            <String ID="Textword_270" HPOS="1841" VPOS="3676" HEIGHT="43" WIDTH="490" CONTENT="Namen-Obligationen" WC="0.91" />
            <String ID="Textword_271" HPOS="2754" VPOS="3679" HEIGHT="21" WIDTH="99" CONTENT="D.B.P" WC="0.71" />
            <String ID="Textword_272" HPOS="2878" VPOS="3679" HEIGHT="21" WIDTH="46" CONTENT="und" WC="0.96" />
            <String ID="Textword_273" HPOS="2939" VPOS="3679" HEIGHT="24" WIDTH="115" CONTENT="Schweiz." WC="0.85" />
            <String ID="Textword_274" HPOS="3065" VPOS="3679" HEIGHT="21" WIDTH="95" CONTENT="Patent." WC="0.95" />
          </TextLine>
          <TextLine ID="TextLine_78" HPOS="1553" VPOS="3723" HEIGHT="29" WIDTH="1435">
            <String ID="Textword_275" HPOS="1553" VPOS="3730" HEIGHT="5" WIDTH="5" CONTENT=":" WC="0.69" />
            <String ID="Textword_276" HPOS="1645" VPOS="3728" HEIGHT="7" WIDTH="50" CONTENT="un" WC="0.40" />
            <String ID="Textword_277" HPOS="2016" VPOS="3729" HEIGHT="5" WIDTH="6" CONTENT=";" WC="0.76" />
            <String ID="Textword_278" HPOS="2207" VPOS="3730" HEIGHT="5" WIDTH="12" CONTENT="N" WC="0.00" />
            <String ID="Textword_279" HPOS="2367" VPOS="3726" HEIGHT="26" WIDTH="44" CONTENT="Fr." WC="0.95" />
            <String ID="Textword_280" HPOS="2426" VPOS="3726" HEIGHT="26" WIDTH="51" CONTENT="500" WC="0.96" />
            <String ID="Textword_281" HPOS="2598" VPOS="3726" HEIGHT="26" WIDTH="20" CONTENT="it" WC="0.93" />
            <String ID="Textword_282" HPOS="2957" VPOS="3723" HEIGHT="6" WIDTH="31" CONTENT="SE" WC="0.12" />
          </TextLine>
          <TextLine ID="TextLine_79" HPOS="598" VPOS="3728" HEIGHT="71" WIDTH="2007">
            <String ID="Textword_283" HPOS="598" VPOS="3751" HEIGHT="35" WIDTH="139" CONTENT="Alleinige" WC="0.90" />
            <String ID="Textword_284" HPOS="756" VPOS="3751" HEIGHT="27" WIDTH="185" CONTENT="Fabrikanten" WC="0.90" />
            <String ID="Textword_285" HPOS="960" VPOS="3750" HEIGHT="27" WIDTH="45" CONTENT="für" WC="0.95" />
            <String ID="Textword_286" HPOS="1024" VPOS="3751" HEIGHT="26" WIDTH="43" CONTENT="die" WC="0.96" />
            <String ID="Textword_287" HPOS="1086" VPOS="3750" HEIGHT="27" WIDTH="119" CONTENT="Schweiz" WC="0.81" />
            <String ID="Textword_288" HPOS="1214" VPOS="3760" HEIGHT="16" WIDTH="6" CONTENT=":" WC="0.81" />
            <String ID="Textword_289" HPOS="1451" VPOS="3738" HEIGHT="49" WIDTH="128" CONTENT="11m" WC="0.38" />
            <String ID="Textword_290" HPOS="1599" VPOS="3729" HEIGHT="34" WIDTH="161" CONTENT="beliebigen,“" WC="0.38" />
            <String ID="Textword_291" HPOS="1791" VPOS="3728" HEIGHT="27" WIDTH="86" CONTENT="durch" WC="0.91" />
            <String ID="Textword_292" HPOS="1906" VPOS="3729" HEIGHT="69" WIDTH="72" CONTENT="Le" WC="0.47" />
            <String ID="Textword_293" HPOS="1976" VPOS="3729" HEIGHT="70" WIDTH="144" CONTENT="an" WC="0.22" />
            <String ID="Textword_294" HPOS="2128" VPOS="3729" HEIGHT="67" WIDTH="149" CONTENT="ae" WC="0.11" />
            <String ID="Textword_295" HPOS="2294" VPOS="3735" HEIGHT="18" WIDTH="54" CONTENT="von" WC="0.46" />
            <String ID="Textword_296" HPOS="2390" VPOS="3735" HEIGHT="17" WIDTH="13" CONTENT="Fr..500" WC="0.30" />
            <String ID="Textword_297" HPOS="2497" VPOS="3734" HEIGHT="25" WIDTH="44" CONTENT="an," WC="0.69" />
            <String ID="Textword_298" HPOS="2568" VPOS="3734" HEIGHT="18" WIDTH="37" CONTENT="mi" WC="0.41" />
          </TextLine>
        </TextBlock>
        <TextBlock ID="TextBlock_37" HPOS="2167" VPOS="3817" HEIGHT="32" WIDTH="344">
          <TextLine ID="TextLine_80" HPOS="2167" VPOS="3817" HEIGHT="32" WIDTH="344">
            <String ID="Textword_299" HPOS="2167" VPOS="3817" HEIGHT="31" WIDTH="84" CONTENT="Die" WC="0.93" />
            <String ID="Textword_300" HPOS="2274" VPOS="3817" HEIGHT="32" WIDTH="237" CONTENT="Direktion." WC="0.89" />
          </TextLine>
        </TextBlock>
        <TextBlock ID="TextBlock_38" HPOS="1511" VPOS="2838" HEIGHT="1054" WIDTH="30">
          <TextLine ID="TextLine_81" HPOS="1511" VPOS="2838" HEIGHT="1054" WIDTH="30">
            <SP ID="Textword_13" HPOS="1511" VPOS="2838" />
            <String ID="Textword_301" HPOS="1511" VPOS="2838" HEIGHT="1054" WIDTH="30" CONTENT=" " WC="0.95" />
          </TextLine>
        </TextBlock>
        <TextBlock ID="TextBlock_39" HPOS="1524" VPOS="3861" HEIGHT="58" WIDTH="1146">
          <TextLine ID="TextLine_82" HPOS="1524" VPOS="3861" HEIGHT="58" WIDTH="1146">
            <SP ID="Textword_14" HPOS="1524" VPOS="3861" />
            <String ID="Textword_302" HPOS="1524" VPOS="3861" HEIGHT="58" WIDTH="1146" CONTENT=" " WC="0.95" />
          </TextLine>
        </TextBlock>
        <TextBlock ID="TextBlock_40" HPOS="1524" VPOS="3914" HEIGHT="25" WIDTH="1143">
          <TextLine ID="TextLine_83" HPOS="1524" VPOS="3914" HEIGHT="25" WIDTH="1143">
            <SP ID="Textword_15" HPOS="1524" VPOS="3914" />
            <String ID="Textword_303" HPOS="1524" VPOS="3914" HEIGHT="25" WIDTH="1143" CONTENT=" " WC="0.95" />
          </TextLine>
        </TextBlock>
        <TextBlock ID="TextBlock_41" HPOS="478" VPOS="3822" HEIGHT="131" WIDTH="2410">
          <TextLine ID="TextLine_84" HPOS="478" VPOS="3822" HEIGHT="131" WIDTH="2410">
            <String ID="Textword_304" HPOS="478" VPOS="3823" HEIGHT="130" WIDTH="487" CONTENT="Gebrüder" WC="0.96" />
            <String ID="Textword_305" HPOS="1023" VPOS="3822" HEIGHT="130" WIDTH="346" CONTENT="Sulzer" WC="0.96" />
            <String ID="Textword_306" HPOS="2726" VPOS="3921" HEIGHT="57" WIDTH="162" CONTENT="=" WC="0.45" />
          </TextLine>
        </TextBlock>
        <TextBlock ID="TextBlock_42" HPOS="749" VPOS="3948" HEIGHT="70" WIDTH="2426">
          <TextLine ID="TextLine_85" HPOS="749" VPOS="3948" HEIGHT="70" WIDTH="2426">
            <String ID="Textword_307" HPOS="749" VPOS="3981" HEIGHT="34" WIDTH="328" CONTENT="WINTERTHUR." WC="0.90" />
            <String ID="Textword_308" HPOS="1455" VPOS="3976" HEIGHT="41" WIDTH="24" CONTENT="#" WC="0.47" />
            <String ID="Textword_309" HPOS="1479" VPOS="3948" HEIGHT="31" WIDTH="6" CONTENT="|" WC="0.82" />
            <String ID="Textword_310" HPOS="1537" VPOS="3951" HEIGHT="67" WIDTH="525" CONTENT="Handelsauskunfts-" WC="0.82" />
            <String ID="Textword_311" HPOS="2116" VPOS="3951" HEIGHT="66" WIDTH="48" CONTENT="&amp;" WC="0.93" />
            <String ID="Textword_312" HPOS="2212" VPOS="3952" HEIGHT="65" WIDTH="644" CONTENT="Incassobureaux|ÿ_mi" WC="0.35" />
            <String ID="Textword_313" HPOS="3101" VPOS="3963" HEIGHT="30" WIDTH="74" CONTENT="Hit" WC="0.55" />
          </TextLine>
        </TextBlock>
        <TextBlock ID="TextBlock_43" HPOS="2744" VPOS="4008" HEIGHT="41" WIDTH="438">
          <TextLine ID="TextLine_86" HPOS="2744" VPOS="4008" HEIGHT="41" WIDTH="438">
            <String ID="Textword_314" HPOS="2744" VPOS="4020" HEIGHT="29" WIDTH="131" CONTENT="Konstruktion" WC="0.56" />
            <String ID="Textword_315" HPOS="3096" VPOS="4008" HEIGHT="35" WIDTH="86" CONTENT="Leistung" WC="0.92" />
          </TextLine>
        </TextBlock>
        <TextBlock ID="TextBlock_44" HPOS="7" VPOS="4038" HEIGHT="155" WIDTH="3109">
          <TextLine ID="TextLine_87" HPOS="7" VPOS="4038" HEIGHT="131" WIDTH="3083">
            <String ID="Textword_316" HPOS="7" VPOS="4103" HEIGHT="44" WIDTH="3" CONTENT="|" WC="0.48" />
            <String ID="Textword_317" HPOS="32" VPOS="4140" HEIGHT="5" WIDTH="5" CONTENT="i" WC="0.27" />
            <String ID="Textword_318" HPOS="546" VPOS="4116" HEIGHT="28" WIDTH="51" CONTENT="Die" WC="0.93" />
            <String ID="Textword_319" HPOS="617" VPOS="4116" HEIGHT="28" WIDTH="124" CONTENT="Motoren" WC="0.90" />
            <String ID="Textword_320" HPOS="754" VPOS="4116" HEIGHT="26" WIDTH="108" CONTENT="werden" WC="0.96" />
            <String ID="Textword_321" HPOS="880" VPOS="4115" HEIGHT="27" WIDTH="29" CONTENT="in" WC="0.93" />
            <String ID="Textword_322" HPOS="923" VPOS="4116" HEIGHT="26" WIDTH="118" CONTENT="Grässen" WC="0.90" />
            <String ID="Textword_323" HPOS="1060" VPOS="4123" HEIGHT="19" WIDTH="53" CONTENT="von" WC="0.96" />
            <String ID="Textword_324" HPOS="1132" VPOS="4115" HEIGHT="26" WIDTH="34" CONTENT="20" WC="0.92" />
            <String ID="Textword_325" HPOS="1180" VPOS="4114" HEIGHT="28" WIDTH="67" CONTENT="P.S." WC="0.89" />
            <String ID="Textword_326" HPOS="1262" VPOS="4122" HEIGHT="20" WIDTH="34" CONTENT="an" WC="0.96" />
            <String ID="Textword_327" HPOS="1467" VPOS="4124" HEIGHT="22" WIDTH="17" CONTENT="=" WC="0.64" />
            <String ID="Textword_328" HPOS="1645" VPOS="4040" HEIGHT="127" WIDTH="61" CONTENT="E" WC="0.73" />
            <String ID="Textword_329" HPOS="1776" VPOS="4039" HEIGHT="127" WIDTH="63" CONTENT="X" WC="0.94" />
            <String ID="Textword_330" HPOS="2007" VPOS="4038" HEIGHT="131" WIDTH="55" CONTENT="0" WC="0.71" />
            <String ID="Textword_331" HPOS="2158" VPOS="4038" HEIGHT="131" WIDTH="56" CONTENT="$" WC="0.86" />
            <String ID="Textword_332" HPOS="2230" VPOS="4038" HEIGHT="130" WIDTH="126" CONTENT="GH" WC="0.91" />
            <String ID="Textword_333" HPOS="2447" VPOS="4039" HEIGHT="127" WIDTH="104" CONTENT="IN" WC="0.89" />
            <String ID="Textword_334" HPOS="2948" VPOS="4099" HEIGHT="28" WIDTH="46" CONTENT="as" WC="0.21" />
            <String ID="Textword_335" HPOS="3006" VPOS="4119" HEIGHT="25" WIDTH="12" CONTENT="ag" WC="0.46" />
            <String ID="Textword_336" HPOS="3045" VPOS="4137" HEIGHT="8" WIDTH="45" CONTENT="Dame" WC="0.29" />
          </TextLine>
          <TextLine ID="TextLine_88" HPOS="8" VPOS="4039" HEIGHT="154" WIDTH="3108">
            <String ID="Textword_337" HPOS="8" VPOS="4158" HEIGHT="4" WIDTH="3" CONTENT="|" WC="0.76" />
            <String ID="Textword_338" HPOS="1713" VPOS="4142" HEIGHT="24" WIDTH="20" CONTENT="e" WC="0.67" />
            <String ID="Textword_339" HPOS="1847" VPOS="4141" HEIGHT="26" WIDTH="19" CONTENT="è" WC="0.64" />
            <String ID="Textword_340" HPOS="1911" VPOS="4039" HEIGHT="128" WIDTH="81" CONTENT="M" WC="0.96" />
            <String ID="Textword_341" HPOS="2082" VPOS="4039" HEIGHT="128" WIDTH="62" CONTENT="E" WC="0.91" />
            <String ID="Textword_342" HPOS="2374" VPOS="4040" HEIGHT="125" WIDTH="66" CONTENT="L" WC="0.92" />
            <String ID="Textword_343" HPOS="2937" VPOS="4145" HEIGHT="48" WIDTH="179" CONTENT="Ei" WC="0.29" />
          </TextLine>
        </TextBlock>
        <TextBlock ID="TextBlock_45" HPOS="759" VPOS="4159" HEIGHT="88" WIDTH="1694">
          <TextLine ID="TextLine_89" HPOS="759" VPOS="4159" HEIGHT="35" WIDTH="323">
            <String ID="Textword_344" HPOS="759" VPOS="4160" HEIGHT="27" WIDTH="132" CONTENT="aufwärts" WC="0.96" />
            <String ID="Textword_345" HPOS="910" VPOS="4159" HEIGHT="35" WIDTH="172" CONTENT="ausgeführt." WC="0.92" />
          </TextLine>
          <TextLine ID="TextLine_90" HPOS="1736" VPOS="4197" HEIGHT="50" WIDTH="717">
            <String ID="Textword_346" HPOS="1736" VPOS="4199" HEIGHT="40" WIDTH="41" CONTENT="J." WC="0.62" />
            <String ID="Textword_347" HPOS="1802" VPOS="4199" HEIGHT="40" WIDTH="49" CONTENT="A." WC="0.83" />
            <String ID="Textword_348" HPOS="1882" VPOS="4198" HEIGHT="42" WIDTH="277" CONTENT="Tritschler’s" WC="0.90" />
            <String ID="Textword_349" HPOS="2187" VPOS="4197" HEIGHT="50" WIDTH="266" CONTENT="Nachfolger" WC="0.96" />
          </TextLine>
        </TextBlock>
        <TextBlock ID="TextBlock_46" HPOS="1545" VPOS="4249" HEIGHT="152" WIDTH="1618">
          <TextLine ID="TextLine_91" HPOS="1562" VPOS="4249" HEIGHT="69" WIDTH="1483">
            <String ID="Textword_350" HPOS="1562" VPOS="4252" HEIGHT="49" WIDTH="150" CONTENT="Basel" WC="0.91" />
            <String ID="Textword_351" HPOS="1948" VPOS="4269" HEIGHT="34" WIDTH="151" CONTENT="Gegründet" WC="0.95" />
            <String ID="Textword_352" HPOS="2114" VPOS="4270" HEIGHT="26" WIDTH="64" CONTENT="1869." WC="0.68" />
            <String ID="Textword_353" HPOS="2287" VPOS="4249" HEIGHT="50" WIDTH="192" CONTENT="Zürich" WC="0.84" />
            <String ID="Textword_354" HPOS="2513" VPOS="4250" HEIGHT="49" WIDTH="30" CONTENT="X" WC="0.82" />
            <String ID="Textword_355" HPOS="0" VPOS="0" HEIGHT="4974" WIDTH="3401" CONTENT="N" WC="0.28" />
            <String ID="Textword_356" HPOS="2879" VPOS="4291" HEIGHT="27" WIDTH="166" CONTENT="Verbote" WC="0.00" />
          </TextLine>
          <TextLine ID="TextLine_92" HPOS="1545" VPOS="4312" HEIGHT="44" WIDTH="1576">
            <String ID="Textword_357" HPOS="1545" VPOS="4313" HEIGHT="38" WIDTH="178" CONTENT="Falknerstrasse" WC="0.74" />
            <String ID="Textword_358" HPOS="1738" VPOS="4315" HEIGHT="35" WIDTH="12" CONTENT="7" WC="0.96" />
            <String ID="Textword_359" HPOS="2220" VPOS="4312" HEIGHT="37" WIDTH="244" CONTENT="Fraumünsterstrasse" WC="0.90" />
            <String ID="Textword_360" HPOS="2479" VPOS="4314" HEIGHT="35" WIDTH="26" CONTENT="14" WC="0.96" />
            <String ID="Textword_361" HPOS="2518" VPOS="4312" HEIGHT="44" WIDTH="122" CONTENT="(Metropol)" WC="0.96" />
            <String ID="Textword_362" HPOS="3039" VPOS="4313" HEIGHT="32" WIDTH="82" CONTENT="sax" WC="0.19" />
          </TextLine>
          <TextLine ID="TextLine_93" HPOS="1594" VPOS="4334" HEIGHT="67" WIDTH="1569">
            <String ID="Textword_363" HPOS="1594" VPOS="4368" HEIGHT="33" WIDTH="188" CONTENT="Prompteste" WC="0.92" />
            <String ID="Textword_364" HPOS="1809" VPOS="4368" HEIGHT="26" WIDTH="61" CONTENT="und" WC="0.93" />
            <String ID="Textword_365" HPOS="1897" VPOS="4367" HEIGHT="34" WIDTH="277" CONTENT="gewissenhafteste" WC="0.90" />
            <String ID="Textword_366" HPOS="2193" VPOS="4367" HEIGHT="32" WIDTH="181" CONTENT="Bedienung." WC="0.90" />
            <String ID="Textword_367" HPOS="2411" VPOS="4366" HEIGHT="28" WIDTH="251" CONTENT="Vorteilhafteste" WC="0.89" />
            <String ID="Textword_368" HPOS="2772" VPOS="4334" HEIGHT="46" WIDTH="189" CONTENT="Schmassmann" WC="0.87" />
            <String ID="Textword_369" HPOS="2975" VPOS="4340" HEIGHT="41" WIDTH="19" CONTENT="&amp;" WC="0.89" />
            <String ID="Textword_370" HPOS="3008" VPOS="4337" HEIGHT="51" WIDTH="44" CONTENT="Co," WC="0.54" />
            <String ID="Textword_371" HPOS="3068" VPOS="4336" HEIGHT="45" WIDTH="95" CONTENT="Zürich." WC="0.72" />
          </TextLine>
        </TextBlock>
        <TextBlock ID="TextBlock_47" HPOS="1522" VPOS="4389" HEIGHT="83" WIDTH="1665">
          <TextLine ID="TextLine_94" HPOS="1522" VPOS="4389" HEIGHT="72" WIDTH="1665">
            <String ID="Textword_372" HPOS="1522" VPOS="4403" HEIGHT="42" WIDTH="222" CONTENT="Bedingungen." WC="0.93" />
            <String ID="Textword_373" HPOS="1780" VPOS="4404" HEIGHT="26" WIDTH="124" CONTENT="Direkte" WC="0.96" />
            <String ID="Textword_374" HPOS="1921" VPOS="4403" HEIGHT="32" WIDTH="229" CONTENT="Verbindungen" WC="0.96" />
            <String ID="Textword_375" HPOS="2162" VPOS="4403" HEIGHT="34" WIDTH="87" CONTENT="(über" WC="0.96" />
            <String ID="Textword_376" HPOS="2267" VPOS="4402" HEIGHT="32" WIDTH="98" CONTENT="20,000" WC="0.93" />
            <String ID="Textword_377" HPOS="2379" VPOS="4402" HEIGHT="28" WIDTH="158" CONTENT="Berichter" WC="0.92" />
            <String ID="Textword_378" HPOS="2539" VPOS="4401" HEIGHT="60" WIDTH="127" CONTENT="statter)" WC="0.74" />
            <String ID="Textword_379" HPOS="2733" VPOS="4389" HEIGHT="43" WIDTH="32" CONTENT="F." WC="0.84" />
            <String ID="Textword_380" HPOS="2783" VPOS="4389" HEIGHT="51" WIDTH="144" CONTENT="Mattick," WC="0.91" />
            <String ID="Textword_381" HPOS="2941" VPOS="4399" HEIGHT="38" WIDTH="105" CONTENT="Pulsnitz" WC="0.79" />
            <String ID="Textword_382" HPOS="3057" VPOS="4399" HEIGHT="43" WIDTH="36" CONTENT="21," WC="0.95" />
            <String ID="Textword_383" HPOS="3106" VPOS="4399" HEIGHT="43" WIDTH="81" CONTENT="Sachs," WC="0.94" />
          </TextLine>
          <TextLine ID="TextLine_95" HPOS="1522" VPOS="4420" HEIGHT="52" WIDTH="845">
            <String ID="Textword_384" HPOS="1522" VPOS="4438" HEIGHT="26" WIDTH="31" CONTENT="in" WC="0.96" />
            <String ID="Textword_385" HPOS="1572" VPOS="4439" HEIGHT="26" WIDTH="82" CONTENT="allen" WC="0.84" />
            <String ID="Textword_386" HPOS="1671" VPOS="4439" HEIGHT="27" WIDTH="181" CONTENT="Weltteilen." WC="0.85" />
            <String ID="Textword_387" HPOS="1888" VPOS="4439" HEIGHT="33" WIDTH="149" CONTENT="Prospekt" WC="0.85" />
            <String ID="Textword_388" HPOS="2055" VPOS="4438" HEIGHT="33" WIDTH="97" CONTENT="gratis" WC="0.96" />
            <String ID="Textword_389" HPOS="2171" VPOS="4439" HEIGHT="25" WIDTH="60" CONTENT="und" WC="0.96" />
            <String ID="Textword_390" HPOS="2250" VPOS="4420" HEIGHT="44" WIDTH="117" CONTENT="franko." WC="0.92" />
          </TextLine>
        </TextBlock>
        <TextBlock ID="TextBlock_48" HPOS="425" VPOS="4457" HEIGHT="214" WIDTH="2823">
          <TextLine ID="TextLine_96" HPOS="1814" VPOS="4517" HEIGHT="42" WIDTH="1434">
            <String ID="Textword_391" HPOS="1814" VPOS="4521" HEIGHT="31" WIDTH="138" CONTENT="Grösste" WC="0.92" />
            <String ID="Textword_392" HPOS="1975" VPOS="4520" HEIGHT="30" WIDTH="67" CONTENT="und" WC="0.96" />
            <String ID="Textword_393" HPOS="2068" VPOS="4520" HEIGHT="30" WIDTH="93" CONTENT="beste" WC="0.96" />
            <String ID="Textword_394" HPOS="2186" VPOS="4520" HEIGHT="39" WIDTH="239" CONTENT="Bezugsquelle" WC="0.96" />
            <String ID="Textword_395" HPOS="2458" VPOS="4519" HEIGHT="31" WIDTH="107" CONTENT="dieser" WC="0.96" />
            <String ID="Textword_396" HPOS="2598" VPOS="4517" HEIGHT="31" WIDTH="160" CONTENT="Branche." WC="0.92" />
            <String ID="Textword_397" HPOS="2792" VPOS="4537" HEIGHT="3" WIDTH="41" CONTENT="—" WC="0.92" />
            <String ID="Textword_398" HPOS="2865" VPOS="4518" HEIGHT="31" WIDTH="144" CONTENT="Neueste" WC="0.92" />
            <String ID="Textword_399" HPOS="3044" VPOS="4517" HEIGHT="32" WIDTH="204" CONTENT="Maschinen-" WC="0.91" />
          </TextLine>
          <TextLine ID="TextLine_97" HPOS="425" VPOS="4457" HEIGHT="214" WIDTH="2821">
            <String ID="Textword_400" HPOS="425" VPOS="4457" HEIGHT="175" WIDTH="248" CONTENT="sten}" WC="0.74" />
            <String ID="Textword_401" HPOS="675" VPOS="4557" HEIGHT="73" WIDTH="52" CONTENT="à" WC="0.91" />
            <String ID="Textword_402" HPOS="784" VPOS="4517" HEIGHT="114" WIDTH="59" CONTENT="ri" WC="0.95" />
            <String ID="Textword_403" HPOS="1010" VPOS="4462" HEIGHT="207" WIDTH="151" CONTENT="ug" WC="0.79" />
            <String ID="Textword_404" HPOS="1363" VPOS="4520" HEIGHT="114" WIDTH="138" CONTENT="in" WC="0.54" />
            <String ID="Textword_405" HPOS="1617" VPOS="4562" HEIGHT="109" WIDTH="121" CONTENT="Ud." WC="0.75" />
            <String ID="Textword_406" HPOS="1814" VPOS="4582" HEIGHT="38" WIDTH="271" CONTENT="Einrichtungen." WC="0.93" />
            <String ID="Textword_407" HPOS="2126" VPOS="4600" HEIGHT="3" WIDTH="41" CONTENT="—" WC="0.90" />
            <String ID="Textword_408" HPOS="2208" VPOS="4582" HEIGHT="31" WIDTH="91" CONTENT="Ganz" WC="0.92" />
            <String ID="Textword_409" HPOS="2340" VPOS="4590" HEIGHT="31" WIDTH="114" CONTENT="grosse" WC="0.92" />
            <String ID="Textword_410" HPOS="2487" VPOS="4580" HEIGHT="39" WIDTH="230" CONTENT="Lagerräume." WC="0.91" />
            <String ID="Textword_411" HPOS="2759" VPOS="4599" HEIGHT="3" WIDTH="40" CONTENT="—" WC="0.91" />
            <String ID="Textword_412" HPOS="2839" VPOS="4581" HEIGHT="39" WIDTH="144" CONTENT="Eigenes" WC="0.83" />
            <String ID="Textword_413" HPOS="3019" VPOS="4579" HEIGHT="40" WIDTH="227" CONTENT="Bahngeleise." WC="0.91" />
          </TextLine>
        </TextBlock>
        <TextBlock ID="TextBlock_49" HPOS="1955" VPOS="4641" HEIGHT="34" WIDTH="1190">
          <TextLine ID="TextLine_98" HPOS="1955" VPOS="4641" HEIGHT="34" WIDTH="1190">
            <String ID="Textword_414" HPOS="1955" VPOS="4642" HEIGHT="33" WIDTH="199" CONTENT="Telephonruf:" WC="0.91" />
            <String ID="Textword_415" HPOS="2173" VPOS="4642" HEIGHT="26" WIDTH="240" CONTENT="Kistenfabrik" WC="0.92" />
            <String ID="Textword_416" HPOS="2433" VPOS="4641" HEIGHT="33" WIDTH="82" CONTENT="Zug." WC="0.96" />
            <String ID="Textword_417" HPOS="3093" VPOS="4641" HEIGHT="25" WIDTH="52" CONTENT="214" WC="0.96" />
          </TextLine>
        </TextBlock>
        <TextBlock ID="TextBlock_50" HPOS="2905" VPOS="3732" HEIGHT="539" WIDTH="189">
          <TextLine ID="TextLine_99" HPOS="2905" VPOS="3732" HEIGHT="539" WIDTH="189">
            <SP ID="Textword_16" HPOS="2905" VPOS="3732" />
            <String ID="Textword_418" HPOS="2905" VPOS="3732" HEIGHT="539" WIDTH="189" CONTENT=" " WC="0.95" />
          </TextLine>
        </TextBlock>
        <TextBlock ID="TextBlock_51" HPOS="2649" VPOS="394" HEIGHT="4064" WIDTH="66">
          <TextLine ID="TextLine_100" HPOS="2649" VPOS="394" HEIGHT="4064" WIDTH="66">
            <SP ID="Textword_17" HPOS="2649" VPOS="394" />
            <String ID="Textword_419" HPOS="2649" VPOS="394" HEIGHT="4064" WIDTH="66" CONTENT=" " WC="0.95" />
          </TextLine>
        </TextBlock>
        <TextBlock ID="TextBlock_52" HPOS="1492" VPOS="2770" HEIGHT="1701" WIDTH="34">
          <TextLine ID="TextLine_101" HPOS="1492" VPOS="2770" HEIGHT="1701" WIDTH="34">
            <SP ID="Textword_18" HPOS="1492" VPOS="2770" />
            <String ID="Textword_420" HPOS="1492" VPOS="2770" HEIGHT="1701" WIDTH="34" CONTENT=" " WC="0.95" />
          </TextLine>
        </TextBlock>
        <TextBlock ID="TextBlock_53" HPOS="341" VPOS="2757" HEIGHT="1727" WIDTH="1159">
          <TextLine ID="TextLine_102" HPOS="341" VPOS="2757" HEIGHT="1727" WIDTH="1159">
            <SP ID="Textword_19" HPOS="341" VPOS="2757" />
            <String ID="Textword_421" HPOS="341" VPOS="2757" HEIGHT="1727" WIDTH="1159" CONTENT=" " WC="0.95" />
          </TextLine>
        </TextBlock>
        <TextBlock ID="TextBlock_54" HPOS="1814" VPOS="4549" HEIGHT="31" WIDTH="1431">
          <TextLine ID="TextLine_103" HPOS="1814" VPOS="4549" HEIGHT="31" WIDTH="1431">
            <SP ID="Textword_20" HPOS="1814" VPOS="4549" />
            <String ID="Textword_422" HPOS="1814" VPOS="4549" HEIGHT="31" WIDTH="1431" CONTENT=" " WC="0.95" />
          </TextLine>
        </TextBlock>
        <TextBlock ID="TextBlock_55" HPOS="1817" VPOS="4611" HEIGHT="31" WIDTH="1428">
          <TextLine ID="TextLine_104" HPOS="1817" VPOS="4611" HEIGHT="31" WIDTH="1428">
            <SP ID="Textword_21" HPOS="1817" VPOS="4611" />
            <String ID="Textword_423" HPOS="1817" VPOS="4611" HEIGHT="31" WIDTH="1428" CONTENT=" " WC="0.95" />
          </TextLine>
        </TextBlock>
        <TextBlock ID="TextBlock_56" HPOS="1239" VPOS="4704" HEIGHT="35" WIDTH="1133">
          <TextLine ID="TextLine_105" HPOS="1239" VPOS="4704" HEIGHT="35" WIDTH="1133">
            <String ID="Textword_424" HPOS="1239" VPOS="4704" HEIGHT="26" WIDTH="92" CONTENT="Druck" WC="0.96" />
            <String ID="Textword_425" HPOS="1350" VPOS="4704" HEIGHT="26" WIDTH="56" CONTENT="und" WC="0.96" />
            <String ID="Textword_426" HPOS="1424" VPOS="4704" HEIGHT="34" WIDTH="166" CONTENT="Expedition" WC="0.96" />
            <String ID="Textword_427" HPOS="1609" VPOS="4713" HEIGHT="19" WIDTH="52" CONTENT="von" WC="0.96" />
            <String ID="Textword_428" HPOS="1681" VPOS="4704" HEIGHT="35" WIDTH="108" CONTENT="Müller," WC="0.96" />
            <String ID="Textword_429" HPOS="1807" VPOS="4704" HEIGHT="27" WIDTH="116" CONTENT="Werder" WC="0.93" />
            <String ID="Textword_430" HPOS="1943" VPOS="4705" HEIGHT="26" WIDTH="24" CONTENT="&amp;" WC="0.90" />
            <String ID="Textword_431" HPOS="1988" VPOS="4705" HEIGHT="33" WIDTH="64" CONTENT="Cie.," WC="0.90" />
            <String ID="Textword_432" HPOS="2073" VPOS="4705" HEIGHT="33" WIDTH="108" CONTENT="Schipfe" WC="0.92" />
            <String ID="Textword_433" HPOS="2200" VPOS="4704" HEIGHT="34" WIDTH="43" CONTENT="33," WC="0.93" />
            <String ID="Textword_434" HPOS="2263" VPOS="4704" HEIGHT="26" WIDTH="109" CONTENT="Zürich." WC="0.89" />
          </TextLine>
        </TextBlock>
        <TextBlock ID="TextBlock_57" HPOS="3253" VPOS="240" HEIGHT="4603" WIDTH="79">
          <TextLine ID="TextLine_106" HPOS="3253" VPOS="240" HEIGHT="4603" WIDTH="79">
            <SP ID="Textword_22" HPOS="3253" VPOS="240" />
            <String ID="Textword_435" HPOS="3253" VPOS="240" HEIGHT="4603" WIDTH="79" CONTENT=" " WC="0.95" />
          </TextLine>
        </TextBlock>
        <TextBlock ID="TextBlock_58" HPOS="1761" VPOS="4807" HEIGHT="9" WIDTH="7">
          <TextLine ID="TextLine_107" HPOS="1761" VPOS="4807" HEIGHT="9" WIDTH="7">
            <String ID="Textword_436" HPOS="1761" VPOS="4807" HEIGHT="9" WIDTH="7" CONTENT="*" WC="0.58" />
          </TextLine>
        </TextBlock>
        <TextBlock ID="TextBlock_59" HPOS="0" VPOS="939" HEIGHT="4033" WIDTH="39">
          <TextLine ID="TextLine_108" HPOS="0" VPOS="939" HEIGHT="4033" WIDTH="39">
            <SP ID="Textword_23" HPOS="0" VPOS="939" />
            <String ID="Textword_437" HPOS="0" VPOS="939" HEIGHT="4033" WIDTH="39" CONTENT=" " WC="0.95" />
          </TextLine>
        </TextBlock>
        <TextBlock ID="TextBlock_60" HPOS="0" VPOS="4751" HEIGHT="223" WIDTH="3373">
          <TextLine ID="TextLine_109" HPOS="0" VPOS="4751" HEIGHT="223" WIDTH="3373">
            <SP ID="Textword_24" HPOS="0" VPOS="4751" />
            <String ID="Textword_438" HPOS="0" VPOS="4751" HEIGHT="223" WIDTH="1270" CONTENT=" " WC="0.95" />
            <SP ID="Textword_25" HPOS="3230" VPOS="4820" />
            <String ID="Textword_439" HPOS="3230" VPOS="4820" HEIGHT="154" WIDTH="143" CONTENT=" " WC="0.95" />
          </TextLine>
        </TextBlock>
      </PrintSpace>
    </Page>
  </Layout>
</alto>
