<?xml version="1.0" encoding="UTF-8"?>
<alto xmlns="http://www.loc.gov/standards/alto/ns-v2#" xmlns:xsi="http://www.w3.org/2001/XMLSchema-instance" xsi:schemaLocation="http://www.loc.gov/standards/alto/ns-v2# http://www.loc.gov/standards/alto/alto.xsd">
  <Description>
    <MeasurementUnit>pixel</MeasurementUnit>
    <sourceImageInformation />
    <OCRProcessing ID="OCR_1">
      <preProcessingStep>
        <processingDateTime>2019-05-09T12:19:19</processingDateTime>
        <processingAgency>intranda GmbH, www.intranda.com</processingAgency>
        <processingSoftware>
          <softwareCreator>intranda GmbH, Germany</softwareCreator>
          <softwareName>intranda OCR Module for TaskManager</softwareName>
          <softwareVersion>1.0r42</softwareVersion>
        </processingSoftware>
      </preProcessingStep>
      <ocrProcessingStep>
        <processingSoftware>
          <softwareCreator>Tesseract contributors</softwareCreator>
          <softwareName>Tesseract Open Source OCR Engine</softwareName>
          <softwareVersion>4.0.0-beta.1-270-g5a56</softwareVersion>
        </processingSoftware>
      </ocrProcessingStep>
    </OCRProcessing>
  </Description>
  <Layout>
    <Page ID="PAGE_1" HEIGHT="4975" WIDTH="3308" PHYSICAL_IMG_NR="1">
      <PrintSpace ID="PrintSpace_1" HPOS="0" VPOS="0" HEIGHT="4975" WIDTH="3308">
        <TextBlock ID="TextBlock_1" HPOS="0" VPOS="10" HEIGHT="84" WIDTH="31">
          <TextLine ID="TextLine_1" HPOS="0" VPOS="10" HEIGHT="84" WIDTH="31">
            <SP ID="Textword_1" HPOS="0" VPOS="10" />
            <String ID="Textword_1" HPOS="0" VPOS="10" HEIGHT="84" WIDTH="31" CONTENT=" " WC="0.95" />
          </TextLine>
        </TextBlock>
        <TextBlock ID="TextBlock_2" HPOS="0" VPOS="1981" HEIGHT="1581" WIDTH="22">
          <TextLine ID="TextLine_2" HPOS="0" VPOS="1981" HEIGHT="1581" WIDTH="22">
            <SP ID="Textword_2" HPOS="0" VPOS="1981" />
            <String ID="Textword_2" HPOS="0" VPOS="1981" HEIGHT="1581" WIDTH="22" CONTENT=" " WC="0.95" />
          </TextLine>
        </TextBlock>
        <TextBlock ID="TextBlock_3" HPOS="0" VPOS="1053" HEIGHT="3922" WIDTH="75">
          <TextLine ID="TextLine_3" HPOS="0" VPOS="1053" HEIGHT="3922" WIDTH="75">
            <SP ID="Textword_3" HPOS="0" VPOS="1053" />
            <String ID="Textword_3" HPOS="0" VPOS="1053" HEIGHT="3922" WIDTH="75" CONTENT=" " WC="0.95" />
          </TextLine>
        </TextBlock>
        <TextBlock ID="TextBlock_4" HPOS="1475" VPOS="328" HEIGHT="34" WIDTH="568">
          <TextLine ID="TextLine_4" HPOS="1475" VPOS="328" HEIGHT="34" WIDTH="568">
            <String ID="Textword_4" HPOS="1475" VPOS="331" HEIGHT="28" WIDTH="224" CONTENT="Schweizerische" WC="0.92" />
            <String ID="Textword_5" HPOS="1728" VPOS="328" HEIGHT="34" WIDTH="315" CONTENT="Arbeitgeber-Zeitung." WC="0.88" />
          </TextLine>
        </TextBlock>
        <TextBlock ID="TextBlock_5" HPOS="3068" VPOS="317" HEIGHT="26" WIDTH="98">
          <TextLine ID="TextLine_5" HPOS="3068" VPOS="317" HEIGHT="26" WIDTH="98">
            <String ID="Textword_6" HPOS="3068" VPOS="317" HEIGHT="26" WIDTH="45" CONTENT="Nr." WC="0.95" />
            <String ID="Textword_7" HPOS="3133" VPOS="317" HEIGHT="25" WIDTH="33" CONTENT="37" WC="0.95" />
          </TextLine>
        </TextBlock>
        <TextBlock ID="TextBlock_6" HPOS="352" VPOS="361" HEIGHT="32" WIDTH="2816">
          <TextLine ID="TextLine_6" HPOS="352" VPOS="361" HEIGHT="32" WIDTH="2816">
            <SP ID="Textword_4" HPOS="352" VPOS="361" />
            <String ID="Textword_8" HPOS="352" VPOS="361" HEIGHT="32" WIDTH="2816" CONTENT=" " WC="0.95" />
          </TextLine>
        </TextBlock>
        <TextBlock ID="TextBlock_7" HPOS="521" VPOS="851" HEIGHT="1402" WIDTH="27">
          <TextLine ID="TextLine_7" HPOS="521" VPOS="851" HEIGHT="1402" WIDTH="27">
            <SP ID="Textword_5" HPOS="521" VPOS="851" />
            <String ID="Textword_9" HPOS="521" VPOS="851" HEIGHT="1402" WIDTH="27" CONTENT=" " WC="0.95" />
          </TextLine>
        </TextBlock>
        <TextBlock ID="TextBlock_8" HPOS="507" VPOS="444" HEIGHT="1935" WIDTH="1904">
          <TextLine ID="TextLine_8" HPOS="507" VPOS="444" HEIGHT="1935" WIDTH="1904">
            <SP ID="Textword_6" HPOS="507" VPOS="444" />
            <String ID="Textword_10" HPOS="507" VPOS="444" HEIGHT="1935" WIDTH="1904" CONTENT=" " WC="0.95" />
          </TextLine>
        </TextBlock>
        <TextBlock ID="TextBlock_9" HPOS="612" VPOS="2418" HEIGHT="195" WIDTH="1720">
          <TextLine ID="TextLine_9" HPOS="612" VPOS="2418" HEIGHT="86" WIDTH="1720">
            <String ID="Textword_11" HPOS="612" VPOS="2431" HEIGHT="73" WIDTH="708" CONTENT="ALLEINVERKAUF" WC="0.91" />
            <String ID="Textword_12" HPOS="1380" VPOS="2429" HEIGHT="69" WIDTH="169" CONTENT="UND" WC="0.93" />
            <String ID="Textword_13" HPOS="1613" VPOS="2418" HEIGHT="78" WIDTH="719" CONTENT="GENERALDEPOT" WC="0.92" />
          </TextLine>
          <TextLine ID="TextLine_10" HPOS="1165" VPOS="2541" HEIGHT="72" WIDTH="883">
            <String ID="Textword_14" HPOS="1165" VPOS="2547" HEIGHT="66" WIDTH="96" CONTENT="für" WC="0.96" />
            <String ID="Textword_15" HPOS="1309" VPOS="2547" HEIGHT="65" WIDTH="96" CONTENT="die" WC="0.96" />
            <String ID="Textword_16" HPOS="1456" VPOS="2544" HEIGHT="69" WIDTH="314" CONTENT="Schweiz:" WC="0.95" />
            <String ID="Textword_17" HPOS="2044" VPOS="2541" HEIGHT="7" WIDTH="4" CONTENT="|" WC="0.90" />
          </TextLine>
        </TextBlock>
        <TextBlock ID="TextBlock_10" HPOS="577" VPOS="2647" HEIGHT="134" WIDTH="1790">
          <TextLine ID="TextLine_11" HPOS="577" VPOS="2647" HEIGHT="134" WIDTH="1790">
            <String ID="Textword_18" HPOS="577" VPOS="2663" HEIGHT="99" WIDTH="248" CONTENT="ROB." WC="0.91" />
            <String ID="Textword_19" HPOS="887" VPOS="2661" HEIGHT="120" WIDTH="365" CONTENT="JACOB" WC="0.71" />
            <String ID="Textword_20" HPOS="1322" VPOS="2667" HEIGHT="89" WIDTH="69" CONTENT="&amp;" WC="0.92" />
            <String ID="Textword_21" HPOS="1462" VPOS="2658" HEIGHT="121" WIDTH="123" CONTENT="Ce," WC="0.85" />
            <String ID="Textword_22" HPOS="1660" VPOS="2647" HEIGHT="104" WIDTH="707" CONTENT="WINTERTHUR" WC="0.96" />
          </TextLine>
        </TextBlock>
        <TextBlock ID="TextBlock_11" HPOS="326" VPOS="2783" HEIGHT="35" WIDTH="2308">
          <TextLine ID="TextLine_12" HPOS="326" VPOS="2783" HEIGHT="35" WIDTH="2308">
            <SP ID="Textword_7" HPOS="326" VPOS="2783" />
            <String ID="Textword_23" HPOS="326" VPOS="2783" HEIGHT="35" WIDTH="2308" CONTENT=" " WC="0.95" />
          </TextLine>
        </TextBlock>
        <TextBlock ID="TextBlock_12" HPOS="321" VPOS="3363" HEIGHT="1174" WIDTH="1173">
          <TextLine ID="TextLine_13" HPOS="321" VPOS="3363" HEIGHT="94" WIDTH="1160">
            <SP ID="Textword_8" HPOS="321" VPOS="3363" />
            <String ID="Textword_24" HPOS="321" VPOS="3363" HEIGHT="94" WIDTH="69" CONTENT="  " WC="0.95" />
            <SP ID="Textword_9" HPOS="1412" VPOS="3363" />
            <String ID="Textword_25" HPOS="1412" VPOS="3363" HEIGHT="94" WIDTH="69" CONTENT="  " WC="0.95" />
          </TextLine>
          <TextLine ID="TextLine_14" HPOS="326" VPOS="3457" HEIGHT="120" WIDTH="1156">
            <SP ID="Textword_10" HPOS="326" VPOS="3457" />
            <String ID="Textword_26" HPOS="326" VPOS="3457" HEIGHT="120" WIDTH="64" CONTENT="  " WC="0.95" />
            <SP ID="Textword_11" HPOS="1418" VPOS="3457" />
            <String ID="Textword_27" HPOS="1418" VPOS="3457" HEIGHT="120" WIDTH="64" CONTENT="  " WC="0.95" />
          </TextLine>
          <TextLine ID="TextLine_15" HPOS="1419" VPOS="3577" HEIGHT="63" WIDTH="64">
            <SP ID="Textword_12" HPOS="1419" VPOS="3577" />
            <String ID="Textword_28" HPOS="1419" VPOS="3577" HEIGHT="63" WIDTH="64" CONTENT=" " WC="0.95" />
          </TextLine>
          <TextLine ID="TextLine_16" HPOS="1420" VPOS="3640" HEIGHT="101" WIDTH="65">
            <SP ID="Textword_13" HPOS="1420" VPOS="3640" />
            <String ID="Textword_29" HPOS="1420" VPOS="3640" HEIGHT="101" WIDTH="65" CONTENT="   " WC="0.95" />
          </TextLine>
          <TextLine ID="TextLine_17" HPOS="1422" VPOS="3741" HEIGHT="123" WIDTH="67">
            <SP ID="Textword_14" HPOS="1422" VPOS="3741" />
            <String ID="Textword_30" HPOS="1422" VPOS="3741" HEIGHT="123" WIDTH="67" CONTENT="   " WC="0.95" />
          </TextLine>
          <TextLine ID="TextLine_18" HPOS="1424" VPOS="3864" HEIGHT="281" WIDTH="68">
            <SP ID="Textword_15" HPOS="1424" VPOS="3864" />
            <String ID="Textword_31" HPOS="1424" VPOS="3864" HEIGHT="281" WIDTH="68" CONTENT="   " WC="0.95" />
          </TextLine>
          <TextLine ID="TextLine_19" HPOS="343" VPOS="4145" HEIGHT="392" WIDTH="1151">
            <SP ID="Textword_16" HPOS="343" VPOS="4145" />
            <String ID="Textword_32" HPOS="343" VPOS="4145" HEIGHT="392" WIDTH="1151" CONTENT="    " WC="0.95" />
          </TextLine>
        </TextBlock>
        <TextBlock ID="TextBlock_13" HPOS="423" VPOS="3126" HEIGHT="158" WIDTH="946">
          <TextLine ID="TextLine_20" HPOS="423" VPOS="3126" HEIGHT="158" WIDTH="946">
            <String ID="Textword_33" HPOS="423" VPOS="3126" HEIGHT="158" WIDTH="946" CONTENT="Diesel-Motoren" WC="0.89" />
          </TextLine>
        </TextBlock>
        <TextBlock ID="TextBlock_14" HPOS="636" VPOS="3337" HEIGHT="169" WIDTH="519">
          <TextLine ID="TextLine_21" HPOS="676" VPOS="3337" HEIGHT="38" WIDTH="440">
            <String ID="Textword_34" HPOS="676" VPOS="3342" HEIGHT="33" WIDTH="215" CONTENT="(Eingetragene" WC="0.92" />
            <String ID="Textword_35" HPOS="911" VPOS="3337" HEIGHT="32" WIDTH="205" CONTENT="Schutzmarke)" WC="0.92" />
          </TextLine>
          <TextLine ID="TextLine_22" HPOS="636" VPOS="3399" HEIGHT="39" WIDTH="519">
            <String ID="Textword_36" HPOS="636" VPOS="3402" HEIGHT="36" WIDTH="242" CONTENT="Wirtschaftlich" WC="0.90" />
            <String ID="Textword_37" HPOS="904" VPOS="3399" HEIGHT="36" WIDTH="251" CONTENT="vorteilhafteste" WC="0.92" />
          </TextLine>
          <TextLine ID="TextLine_23" HPOS="694" VPOS="3466" HEIGHT="40" WIDTH="382">
            <String ID="Textword_38" HPOS="694" VPOS="3466" HEIGHT="40" WIDTH="382" CONTENT="Verbrennungsmotoren" WC="0.91" />
          </TextLine>
        </TextBlock>
        <TextBlock ID="TextBlock_15" HPOS="726" VPOS="3535" HEIGHT="143" WIDTH="351">
          <TextLine ID="TextLine_24" HPOS="767" VPOS="3535" HEIGHT="28" WIDTH="275">
            <String ID="Textword_39" HPOS="767" VPOS="3545" HEIGHT="18" WIDTH="62" CONTENT="zum" WC="0.93" />
            <String ID="Textword_40" HPOS="848" VPOS="3535" HEIGHT="28" WIDTH="125" CONTENT="Betriebe" WC="0.91" />
            <String ID="Textword_41" HPOS="992" VPOS="3535" HEIGHT="25" WIDTH="50" CONTENT="mit" WC="0.96" />
          </TextLine>
          <TextLine ID="TextLine_25" HPOS="832" VPOS="3589" HEIGHT="34" WIDTH="145">
            <String ID="Textword_42" HPOS="832" VPOS="3589" HEIGHT="34" WIDTH="145" CONTENT="billigen" WC="0.92" />
          </TextLine>
          <TextLine ID="TextLine_26" HPOS="726" VPOS="3632" HEIGHT="46" WIDTH="351">
            <String ID="Textword_43" HPOS="726" VPOS="3645" HEIGHT="33" WIDTH="131" CONTENT="flüssigen" WC="0.87" />
            <String ID="Textword_44" HPOS="876" VPOS="3632" HEIGHT="37" WIDTH="201" CONTENT="Brennstoffen." WC="0.90" />
          </TextLine>
        </TextBlock>
        <TextBlock ID="TextBlock_16" HPOS="824" VPOS="3723" HEIGHT="16" WIDTH="158">
          <TextLine ID="TextLine_27" HPOS="824" VPOS="3723" HEIGHT="16" WIDTH="158">
            <String ID="Textword_45" HPOS="824" VPOS="3723" HEIGHT="16" WIDTH="158" CONTENT="—_ic—" WC="0.28" />
          </TextLine>
        </TextBlock>
        <TextBlock ID="TextBlock_17" HPOS="501" VPOS="3801" HEIGHT="42" WIDTH="706">
          <TextLine ID="TextLine_28" HPOS="501" VPOS="3801" HEIGHT="42" WIDTH="706">
            <String ID="Textword_46" HPOS="501" VPOS="3825" HEIGHT="4" WIDTH="11" CONTENT="-" WC="0.91" />
            <String ID="Textword_47" HPOS="587" VPOS="3808" HEIGHT="35" WIDTH="139" CONTENT="Alleinige" WC="0.91" />
            <String ID="Textword_48" HPOS="746" VPOS="3806" HEIGHT="27" WIDTH="184" CONTENT="Fabrikanten" WC="0.92" />
            <String ID="Textword_49" HPOS="948" VPOS="3803" HEIGHT="27" WIDTH="45" CONTENT="für" WC="0.96" />
            <String ID="Textword_50" HPOS="1012" VPOS="3803" HEIGHT="25" WIDTH="42" CONTENT="die" WC="0.97" />
            <String ID="Textword_51" HPOS="1073" VPOS="3801" HEIGHT="27" WIDTH="134" CONTENT="Schweiz:" WC="0.89" />
          </TextLine>
        </TextBlock>
        <TextBlock ID="TextBlock_18" HPOS="470" VPOS="3873" HEIGHT="139" WIDTH="887">
          <TextLine ID="TextLine_29" HPOS="470" VPOS="3873" HEIGHT="139" WIDTH="887">
            <String ID="Textword_52" HPOS="470" VPOS="3879" HEIGHT="133" WIDTH="485" CONTENT="Gebrüder" WC="0.95" />
            <String ID="Textword_53" HPOS="1013" VPOS="3873" HEIGHT="131" WIDTH="344" CONTENT="Sulzer" WC="0.94" />
          </TextLine>
        </TextBlock>
        <TextBlock ID="TextBlock_19" HPOS="740" VPOS="4032" HEIGHT="39" WIDTH="326">
          <TextLine ID="TextLine_30" HPOS="740" VPOS="4032" HEIGHT="39" WIDTH="326">
            <String ID="Textword_54" HPOS="740" VPOS="4032" HEIGHT="39" WIDTH="326" CONTENT="WINTERTHUR." WC="0.95" />
          </TextLine>
        </TextBlock>
        <TextBlock ID="TextBlock_20" HPOS="539" VPOS="4164" HEIGHT="83" WIDTH="749">
          <TextLine ID="TextLine_31" HPOS="539" VPOS="4164" HEIGHT="38" WIDTH="749">
            <String ID="Textword_55" HPOS="539" VPOS="4175" HEIGHT="27" WIDTH="52" CONTENT="Die" WC="0.93" />
            <String ID="Textword_56" HPOS="604" VPOS="4174" HEIGHT="27" WIDTH="124" CONTENT="Motoren" WC="0.92" />
            <String ID="Textword_57" HPOS="747" VPOS="4171" HEIGHT="27" WIDTH="108" CONTENT="werden" WC="0.96" />
            <String ID="Textword_58" HPOS="872" VPOS="4170" HEIGHT="26" WIDTH="30" CONTENT="in" WC="0.93" />
            <String ID="Textword_59" HPOS="916" VPOS="4169" HEIGHT="27" WIDTH="117" CONTENT="Grässen" WC="0.92" />
            <String ID="Textword_60" HPOS="1051" VPOS="4175" HEIGHT="19" WIDTH="55" CONTENT="von" WC="0.96" />
            <String ID="Textword_61" HPOS="1124" VPOS="4165" HEIGHT="26" WIDTH="34" CONTENT="20" WC="0.93" />
            <String ID="Textword_62" HPOS="1171" VPOS="4164" HEIGHT="27" WIDTH="68" CONTENT="P.S." WC="0.92" />
            <String ID="Textword_63" HPOS="1253" VPOS="4171" HEIGHT="19" WIDTH="35" CONTENT="an" WC="0.96" />
          </TextLine>
          <TextLine ID="TextLine_32" HPOS="753" VPOS="4212" HEIGHT="35" WIDTH="322">
            <String ID="Textword_64" HPOS="753" VPOS="4216" HEIGHT="27" WIDTH="132" CONTENT="aufwärts" WC="0.88" />
            <String ID="Textword_65" HPOS="904" VPOS="4212" HEIGHT="35" WIDTH="171" CONTENT="ausgeführt." WC="0.91" />
          </TextLine>
        </TextBlock>
        <TextBlock ID="TextBlock_21" HPOS="350" VPOS="4540" HEIGHT="28" WIDTH="1140">
          <TextLine ID="TextLine_33" HPOS="350" VPOS="4540" HEIGHT="28" WIDTH="1140">
            <SP ID="Textword_17" HPOS="350" VPOS="4540" />
            <String ID="Textword_66" HPOS="350" VPOS="4540" HEIGHT="28" WIDTH="1140" CONTENT=" " WC="0.95" />
          </TextLine>
        </TextBlock>
        <TextBlock ID="TextBlock_22" HPOS="457" VPOS="4586" HEIGHT="72" WIDTH="930">
          <TextLine ID="TextLine_34" HPOS="457" VPOS="4586" HEIGHT="72" WIDTH="930">
            <String ID="Textword_67" HPOS="457" VPOS="4596" HEIGHT="62" WIDTH="340" CONTENT="Hochelegante" WC="0.91" />
            <String ID="Textword_68" HPOS="835" VPOS="4586" HEIGHT="70" WIDTH="552" CONTENT="Herrschaftsequipagen" WC="0.81" />
          </TextLine>
        </TextBlock>
        <TextBlock ID="TextBlock_23" HPOS="351" VPOS="4660" HEIGHT="88" WIDTH="1140">
          <TextLine ID="TextLine_35" HPOS="352" VPOS="4660" HEIGHT="48" WIDTH="1139">
            <String ID="Textword_69" HPOS="352" VPOS="4679" HEIGHT="27" WIDTH="83" CONTENT="sowie" WC="0.92" />
            <String ID="Textword_70" HPOS="455" VPOS="4675" HEIGHT="33" WIDTH="241" CONTENT="Geschäftswagen" WC="0.92" />
            <String ID="Textword_71" HPOS="715" VPOS="4672" HEIGHT="27" WIDTH="91" CONTENT="liefert" WC="0.92" />
            <String ID="Textword_72" HPOS="825" VPOS="4671" HEIGHT="26" WIDTH="29" CONTENT="in" WC="0.93" />
            <String ID="Textword_73" HPOS="872" VPOS="4669" HEIGHT="27" WIDTH="98" CONTENT="solider" WC="0.93" />
            <String ID="Textword_74" HPOS="982" VPOS="4668" HEIGHT="27" WIDTH="57" CONTENT="und" WC="0.95" />
            <String ID="Textword_75" HPOS="1051" VPOS="4663" HEIGHT="38" WIDTH="248" CONTENT="geschmackvoller" WC="0.88" />
            <String ID="Textword_76" HPOS="1311" VPOS="4660" HEIGHT="32" WIDTH="180" CONTENT="Ausführung" WC="0.96" />
          </TextLine>
          <TextLine ID="TextLine_36" HPOS="351" VPOS="4694" HEIGHT="54" WIDTH="1140">
            <String ID="Textword_77" HPOS="351" VPOS="4710" HEIGHT="38" WIDTH="107" CONTENT="billigst" WC="0.88" />
            <String ID="Textword_78" HPOS="477" VPOS="4712" HEIGHT="28" WIDTH="54" CONTENT="K." WC="0.90" />
            <String ID="Textword_79" HPOS="550" VPOS="4708" HEIGHT="32" WIDTH="267" CONTENT="Kässbohrer," WC="0.91" />
            <String ID="Textword_80" HPOS="837" VPOS="4704" HEIGHT="36" WIDTH="209" CONTENT="Wagenfabrik," WC="0.90" />
            <String ID="Textword_81" HPOS="1064" VPOS="4701" HEIGHT="29" WIDTH="105" CONTENT="Ulm." WC="0.86" />
            <String ID="Textword_82" HPOS="1384" VPOS="4695" HEIGHT="34" WIDTH="80" CONTENT="[2246" WC="0.79" />
            <String ID="Textword_83" HPOS="1475" VPOS="4694" HEIGHT="26" WIDTH="16" CONTENT="8" WC="0.79" />
          </TextLine>
        </TextBlock>
        <TextBlock ID="TextBlock_24" HPOS="1492" VPOS="2802" HEIGHT="21" WIDTH="1121">
          <TextLine ID="TextLine_37" HPOS="1492" VPOS="2802" HEIGHT="21" WIDTH="1121">
            <SP ID="Textword_18" HPOS="1492" VPOS="2802" />
            <String ID="Textword_84" HPOS="1492" VPOS="2802" HEIGHT="21" WIDTH="1121" CONTENT=" " WC="0.95" />
          </TextLine>
        </TextBlock>
        <TextBlock ID="TextBlock_25" HPOS="1578" VPOS="2852" HEIGHT="102" WIDTH="955">
          <TextLine ID="TextLine_38" HPOS="1578" VPOS="2852" HEIGHT="102" WIDTH="955">
            <String ID="Textword_85" HPOS="1578" VPOS="2857" HEIGHT="97" WIDTH="500" CONTENT="Schweizerische" WC="0.93" />
            <String ID="Textword_86" HPOS="2125" VPOS="2852" HEIGHT="87" WIDTH="408" CONTENT="Kreditansfalt" WC="0.89" />
          </TextLine>
        </TextBlock>
        <TextBlock ID="TextBlock_26" HPOS="1525" VPOS="2967" HEIGHT="200" WIDTH="1063">
          <TextLine ID="TextLine_39" HPOS="1578" VPOS="2967" HEIGHT="49" WIDTH="953">
            <String ID="Textword_87" HPOS="1578" VPOS="2974" HEIGHT="42" WIDTH="160" CONTENT="Zürich" WC="0.93" />
            <String ID="Textword_88" HPOS="1766" VPOS="2997" HEIGHT="3" WIDTH="51" CONTENT="—" WC="0.92" />
            <String ID="Textword_89" HPOS="1845" VPOS="2972" HEIGHT="41" WIDTH="131" CONTENT="Basel" WC="0.92" />
            <String ID="Textword_90" HPOS="2004" VPOS="2994" HEIGHT="4" WIDTH="51" CONTENT="—" WC="0.92" />
            <String ID="Textword_91" HPOS="2086" VPOS="2969" HEIGHT="42" WIDTH="117" CONTENT="Genf" WC="0.91" />
            <String ID="Textword_92" HPOS="2217" VPOS="2992" HEIGHT="4" WIDTH="52" CONTENT="—" WC="0.91" />
            <String ID="Textword_93" HPOS="2290" VPOS="2968" HEIGHT="41" WIDTH="59" CONTENT="St." WC="0.93" />
            <String ID="Textword_94" HPOS="2362" VPOS="2967" HEIGHT="42" WIDTH="169" CONTENT="Gallen." WC="0.96" />
          </TextLine>
          <TextLine ID="TextLine_40" HPOS="1843" VPOS="3025" HEIGHT="37" WIDTH="445">
            <String ID="Textword_95" HPOS="1843" VPOS="3025" HEIGHT="37" WIDTH="308" CONTENT="GEGRÜNDET" WC="0.94" />
            <String ID="Textword_96" HPOS="2176" VPOS="3029" HEIGHT="29" WIDTH="112" CONTENT="1856." WC="0.94" />
          </TextLine>
          <TextLine ID="TextLine_41" HPOS="1525" VPOS="3072" HEIGHT="45" WIDTH="1063">
            <String ID="Textword_97" HPOS="1525" VPOS="3079" HEIGHT="34" WIDTH="276" CONTENT="Einbezahltes" WC="0.91" />
            <String ID="Textword_98" HPOS="1825" VPOS="3077" HEIGHT="40" WIDTH="301" CONTENT="Aktienkapital" WC="0.96" />
            <String ID="Textword_99" HPOS="2245" VPOS="3075" HEIGHT="32" WIDTH="60" CONTENT="Fr." WC="0.92" />
            <String ID="Textword_100" HPOS="2324" VPOS="3072" HEIGHT="40" WIDTH="264" CONTENT="65,000,000." WC="0.90" />
          </TextLine>
          <TextLine ID="TextLine_42" HPOS="1527" VPOS="3126" HEIGHT="41" WIDTH="1061">
            <String ID="Textword_101" HPOS="1527" VPOS="3136" HEIGHT="31" WIDTH="197" CONTENT="Reserven" WC="0.96" />
            <String ID="Textword_102" HPOS="2240" VPOS="3128" HEIGHT="33" WIDTH="61" CONTENT="Fr." WC="0.93" />
            <String ID="Textword_103" HPOS="2320" VPOS="3126" HEIGHT="39" WIDTH="268" CONTENT="20,000,000." WC="0.90" />
          </TextLine>
        </TextBlock>
        <TextBlock ID="TextBlock_27" HPOS="1636" VPOS="3247" HEIGHT="113" WIDTH="644">
          <TextLine ID="TextLine_43" HPOS="1636" VPOS="3247" HEIGHT="34" WIDTH="644">
            <String ID="Textword_104" HPOS="1636" VPOS="3250" HEIGHT="27" WIDTH="61" CONTENT="Wir" WC="0.96" />
            <String ID="Textword_105" HPOS="1716" VPOS="3248" HEIGHT="27" WIDTH="113" CONTENT="nehmen" WC="0.96" />
            <String ID="Textword_106" HPOS="1850" VPOS="3247" HEIGHT="27" WIDTH="98" CONTENT="Gelder" WC="0.96" />
            <String ID="Textword_107" HPOS="1968" VPOS="3255" HEIGHT="18" WIDTH="34" CONTENT="an" WC="0.96" />
            <String ID="Textword_108" HPOS="2021" VPOS="3254" HEIGHT="27" WIDTH="91" CONTENT="gegen" WC="0.96" />
            <String ID="Textword_109" HPOS="2131" VPOS="3253" HEIGHT="19" WIDTH="95" CONTENT="unsere" WC="0.96" />
            <String ID="Textword_110" HPOS="2246" VPOS="3253" HEIGHT="18" WIDTH="34" CONTENT="zu" WC="0.96" />
          </TextLine>
          <TextLine ID="TextLine_44" HPOS="2080" VPOS="3291" HEIGHT="25" WIDTH="19">
            <String ID="Textword_111" HPOS="2080" VPOS="3291" HEIGHT="25" WIDTH="19" CONTENT="0" WC="0.76" />
          </TextLine>
          <TextLine ID="TextLine_45" HPOS="2016" VPOS="3289" HEIGHT="71" WIDTH="119">
            <String ID="Textword_112" HPOS="2016" VPOS="3289" HEIGHT="71" WIDTH="119" CONTENT="4°" WC="0.48" />
          </TextLine>
        </TextBlock>
        <TextBlock ID="TextBlock_28" HPOS="1531" VPOS="3365" HEIGHT="28" WIDTH="199">
          <TextLine ID="TextLine_46" HPOS="1531" VPOS="3365" HEIGHT="28" WIDTH="199">
            <String ID="Textword_113" HPOS="1531" VPOS="3365" HEIGHT="28" WIDTH="199" CONTENT="verzinslichen" WC="0.92" />
          </TextLine>
        </TextBlock>
        <TextBlock ID="TextBlock_29" HPOS="1614" VPOS="3406" HEIGHT="122" WIDTH="907">
          <TextLine ID="TextLine_47" HPOS="1614" VPOS="3406" HEIGHT="122" WIDTH="907">
            <String ID="Textword_114" HPOS="1614" VPOS="3406" HEIGHT="122" WIDTH="907" CONTENT="Kassa-Obligationen" WC="0.91" />
          </TextLine>
        </TextBlock>
        <TextBlock ID="TextBlock_30" HPOS="1534" VPOS="3535" HEIGHT="68" WIDTH="1060">
          <TextLine ID="TextLine_48" HPOS="1534" VPOS="3535" HEIGHT="40" WIDTH="1060">
            <String ID="Textword_115" HPOS="1534" VPOS="3544" HEIGHT="26" WIDTH="49" CONTENT="auf" WC="0.93" />
            <String ID="Textword_116" HPOS="1602" VPOS="3544" HEIGHT="26" WIDTH="56" CONTENT="drei" WC="0.93" />
            <String ID="Textword_117" HPOS="1678" VPOS="3542" HEIGHT="27" WIDTH="83" CONTENT="Jahre" WC="0.92" />
            <String ID="Textword_118" HPOS="1781" VPOS="3541" HEIGHT="34" WIDTH="62" CONTENT="fest," WC="0.93" />
            <String ID="Textword_119" HPOS="1862" VPOS="3541" HEIGHT="27" WIDTH="119" CONTENT="nachher" WC="0.92" />
            <String ID="Textword_120" HPOS="2001" VPOS="3540" HEIGHT="34" WIDTH="174" CONTENT="gegenseitig" WC="0.92" />
            <String ID="Textword_121" HPOS="2194" VPOS="3538" HEIGHT="27" WIDTH="49" CONTENT="auf" WC="0.93" />
            <String ID="Textword_122" HPOS="2261" VPOS="3538" HEIGHT="26" WIDTH="56" CONTENT="drei" WC="0.92" />
            <String ID="Textword_123" HPOS="2331" VPOS="3537" HEIGHT="26" WIDTH="110" CONTENT="Monate" WC="0.93" />
            <String ID="Textword_124" HPOS="2460" VPOS="3535" HEIGHT="32" WIDTH="134" CONTENT="kündbar," WC="0.91" />
          </TextLine>
          <TextLine ID="TextLine_49" HPOS="1913" VPOS="3575" HEIGHT="28" WIDTH="303">
            <String ID="Textword_125" HPOS="1913" VPOS="3577" HEIGHT="26" WIDTH="56" CONTENT="und" WC="0.93" />
            <String ID="Textword_126" HPOS="1988" VPOS="3584" HEIGHT="18" WIDTH="72" CONTENT="zwar" WC="0.92" />
            <String ID="Textword_127" HPOS="2080" VPOS="3575" HEIGHT="26" WIDTH="136" CONTENT="entweder" WC="0.92" />
          </TextLine>
        </TextBlock>
        <TextBlock ID="TextBlock_31" HPOS="1559" VPOS="3619" HEIGHT="141" WIDTH="1011">
          <TextLine ID="TextLine_50" HPOS="1813" VPOS="3619" HEIGHT="43" WIDTH="518">
            <String ID="Textword_128" HPOS="1813" VPOS="3619" HEIGHT="43" WIDTH="518" CONTENT="Inhaber-Obligationen" WC="0.90" />
          </TextLine>
          <TextLine ID="TextLine_51" HPOS="1559" VPOS="3667" HEIGHT="41" WIDTH="1011">
            <String ID="Textword_129" HPOS="1559" VPOS="3685" HEIGHT="18" WIDTH="35" CONTENT="zu" WC="0.96" />
            <String ID="Textword_130" HPOS="1613" VPOS="3677" HEIGHT="26" WIDTH="43" CONTENT="Fr." WC="0.95" />
            <String ID="Textword_131" HPOS="1673" VPOS="3674" HEIGHT="28" WIDTH="66" CONTENT="1000" WC="0.96" />
            <String ID="Textword_132" HPOS="1759" VPOS="3674" HEIGHT="27" WIDTH="55" CONTENT="und" WC="0.96" />
            <String ID="Textword_133" HPOS="1833" VPOS="3675" HEIGHT="25" WIDTH="43" CONTENT="Fr." WC="0.96" />
            <String ID="Textword_134" HPOS="1891" VPOS="3674" HEIGHT="34" WIDTH="77" CONTENT="5000," WC="0.96" />
            <String ID="Textword_135" HPOS="1987" VPOS="3674" HEIGHT="26" WIDTH="50" CONTENT="mit" WC="0.93" />
            <String ID="Textword_136" HPOS="2055" VPOS="3672" HEIGHT="35" WIDTH="219" CONTENT="halbjährlichen" WC="0.92" />
            <String ID="Textword_137" HPOS="2292" VPOS="3671" HEIGHT="30" WIDTH="194" CONTENT="Zinscoupons," WC="0.93" />
            <String ID="Textword_138" HPOS="2505" VPOS="3667" HEIGHT="27" WIDTH="65" CONTENT="oder" WC="0.96" />
          </TextLine>
          <TextLine ID="TextLine_52" HPOS="1825" VPOS="3717" HEIGHT="43" WIDTH="488">
            <String ID="Textword_139" HPOS="1825" VPOS="3717" HEIGHT="43" WIDTH="488" CONTENT="Namen-Obligationen" WC="0.90" />
          </TextLine>
        </TextBlock>
        <TextBlock ID="TextBlock_32" HPOS="1537" VPOS="3765" HEIGHT="76" WIDTH="1063">
          <TextLine ID="TextLine_53" HPOS="1537" VPOS="3765" HEIGHT="43" WIDTH="1063">
            <String ID="Textword_140" HPOS="1537" VPOS="3775" HEIGHT="26" WIDTH="28" CONTENT="in" WC="0.96" />
            <String ID="Textword_141" HPOS="1584" VPOS="3773" HEIGHT="35" WIDTH="161" CONTENT="beliebigen," WC="0.96" />
            <String ID="Textword_142" HPOS="1776" VPOS="3772" HEIGHT="26" WIDTH="86" CONTENT="durch" WC="0.96" />
            <String ID="Textword_143" HPOS="1892" VPOS="3771" HEIGHT="26" WIDTH="49" CONTENT="100" WC="0.93" />
            <String ID="Textword_144" HPOS="1969" VPOS="3771" HEIGHT="26" WIDTH="135" CONTENT="teilbaren" WC="0.92" />
            <String ID="Textword_145" HPOS="2123" VPOS="3770" HEIGHT="32" WIDTH="136" CONTENT="Beträgen" WC="0.89" />
            <String ID="Textword_146" HPOS="2278" VPOS="3775" HEIGHT="19" WIDTH="53" CONTENT="von" WC="0.96" />
            <String ID="Textword_147" HPOS="2350" VPOS="3766" HEIGHT="27" WIDTH="44" CONTENT="Fr." WC="0.96" />
            <String ID="Textword_148" HPOS="2408" VPOS="3766" HEIGHT="26" WIDTH="51" CONTENT="500" WC="0.96" />
            <String ID="Textword_149" HPOS="2479" VPOS="3773" HEIGHT="25" WIDTH="44" CONTENT="an," WC="0.96" />
            <String ID="Textword_150" HPOS="2550" VPOS="3765" HEIGHT="26" WIDTH="50" CONTENT="mit" WC="0.96" />
          </TextLine>
          <TextLine ID="TextLine_54" HPOS="1891" VPOS="3805" HEIGHT="36" WIDTH="354">
            <String ID="Textword_151" HPOS="1891" VPOS="3807" HEIGHT="34" WIDTH="200" CONTENT="ganzjährigen" WC="0.92" />
            <String ID="Textword_152" HPOS="2111" VPOS="3805" HEIGHT="32" WIDTH="134" CONTENT="Coupons." WC="0.96" />
          </TextLine>
        </TextBlock>
        <TextBlock ID="TextBlock_33" HPOS="2151" VPOS="3858" HEIGHT="32" WIDTH="344">
          <TextLine ID="TextLine_55" HPOS="2151" VPOS="3858" HEIGHT="32" WIDTH="344">
            <String ID="Textword_153" HPOS="2151" VPOS="3859" HEIGHT="31" WIDTH="83" CONTENT="Die" WC="0.93" />
            <String ID="Textword_154" HPOS="2258" VPOS="3858" HEIGHT="32" WIDTH="237" CONTENT="Direktion." WC="0.88" />
          </TextLine>
        </TextBlock>
        <TextBlock ID="TextBlock_34" HPOS="1495" VPOS="2885" HEIGHT="1065" WIDTH="27">
          <TextLine ID="TextLine_56" HPOS="1495" VPOS="2885" HEIGHT="1065" WIDTH="27">
            <SP ID="Textword_19" HPOS="1495" VPOS="2885" />
            <String ID="Textword_155" HPOS="1495" VPOS="2885" HEIGHT="1065" WIDTH="27" CONTENT=" " WC="0.95" />
          </TextLine>
        </TextBlock>
        <TextBlock ID="TextBlock_35" HPOS="1519" VPOS="3934" HEIGHT="26" WIDTH="1115">
          <TextLine ID="TextLine_57" HPOS="1519" VPOS="3934" HEIGHT="26" WIDTH="1115">
            <SP ID="Textword_20" HPOS="1519" VPOS="3934" />
            <String ID="Textword_156" HPOS="1519" VPOS="3934" HEIGHT="26" WIDTH="1115" CONTENT=" " WC="0.95" />
          </TextLine>
        </TextBlock>
        <TextBlock ID="TextBlock_36" HPOS="1514" VPOS="3975" HEIGHT="20" WIDTH="1140">
          <TextLine ID="TextLine_58" HPOS="1514" VPOS="3975" HEIGHT="20" WIDTH="1140">
            <SP ID="Textword_21" HPOS="1514" VPOS="3975" />
            <String ID="Textword_157" HPOS="1514" VPOS="3975" HEIGHT="20" WIDTH="1140" CONTENT=" " WC="0.95" />
          </TextLine>
        </TextBlock>
        <TextBlock ID="TextBlock_37" HPOS="1513" VPOS="4013" HEIGHT="27" WIDTH="1138">
          <TextLine ID="TextLine_59" HPOS="1513" VPOS="4013" HEIGHT="27" WIDTH="1138">
            <SP ID="Textword_22" HPOS="1513" VPOS="4013" />
            <String ID="Textword_158" HPOS="1513" VPOS="4013" HEIGHT="27" WIDTH="1138" CONTENT=" " WC="0.95" />
          </TextLine>
        </TextBlock>
        <TextBlock ID="TextBlock_38" HPOS="1519" VPOS="4066" HEIGHT="123" WIDTH="1135">
          <TextLine ID="TextLine_60" HPOS="1519" VPOS="4066" HEIGHT="123" WIDTH="1135">
            <String ID="Textword_159" HPOS="1519" VPOS="4069" HEIGHT="120" WIDTH="580" CONTENT="Erfindungen" WC="0.96" />
            <String ID="Textword_160" HPOS="2149" VPOS="4070" HEIGHT="90" WIDTH="185" CONTENT="und" WC="0.93" />
            <String ID="Textword_161" HPOS="2361" VPOS="4066" HEIGHT="93" WIDTH="293" CONTENT="Jdeen" WC="0.88" />
          </TextLine>
        </TextBlock>
        <TextBlock ID="TextBlock_39" HPOS="1518" VPOS="4194" HEIGHT="489" WIDTH="1144">
          <TextLine ID="TextLine_61" HPOS="1518" VPOS="4194" HEIGHT="41" WIDTH="1137">
            <String ID="Textword_162" HPOS="1518" VPOS="4200" HEIGHT="32" WIDTH="108" CONTENT="aller" WC="0.96" />
            <String ID="Textword_163" HPOS="1642" VPOS="4200" HEIGHT="31" WIDTH="82" CONTENT="Art" WC="0.96" />
            <String ID="Textword_164" HPOS="1741" VPOS="4198" HEIGHT="33" WIDTH="59" CONTENT="auf" WC="0.96" />
            <String ID="Textword_165" HPOS="1821" VPOS="4200" HEIGHT="31" WIDTH="71" CONTENT="dem" WC="0.96" />
            <String ID="Textword_166" HPOS="1910" VPOS="4198" HEIGHT="33" WIDTH="139" CONTENT="Gebiete" WC="0.96" />
            <String ID="Textword_167" HPOS="2075" VPOS="4199" HEIGHT="30" WIDTH="57" CONTENT="der" WC="0.96" />
            <String ID="Textword_168" HPOS="2149" VPOS="4196" HEIGHT="39" WIDTH="157" CONTENT="Technik," WC="0.96" />
            <String ID="Textword_169" HPOS="2332" VPOS="4195" HEIGHT="33" WIDTH="101" CONTENT="sowie" WC="0.95" />
            <String ID="Textword_170" HPOS="2450" VPOS="4194" HEIGHT="33" WIDTH="205" CONTENT="chemischen" WC="0.96" />
          </TextLine>
          <TextLine ID="TextLine_62" HPOS="1519" VPOS="4239" HEIGHT="42" WIDTH="1137">
            <String ID="Textword_171" HPOS="1519" VPOS="4245" HEIGHT="31" WIDTH="163" CONTENT="Industrie" WC="0.96" />
            <String ID="Textword_172" HPOS="1708" VPOS="4246" HEIGHT="29" WIDTH="60" CONTENT="etc." WC="0.88" />
            <String ID="Textword_173" HPOS="1794" VPOS="4245" HEIGHT="30" WIDTH="132" CONTENT="werden" WC="0.95" />
            <String ID="Textword_174" HPOS="1950" VPOS="4243" HEIGHT="32" WIDTH="60" CONTENT="auf" WC="0.93" />
            <String ID="Textword_175" HPOS="2030" VPOS="4241" HEIGHT="40" WIDTH="288" CONTENT="Patentfähigkeit" WC="0.91" />
            <String ID="Textword_176" HPOS="2341" VPOS="4239" HEIGHT="42" WIDTH="143" CONTENT="geprüft." WC="0.93" />
            <String ID="Textword_177" HPOS="2520" VPOS="4239" HEIGHT="32" WIDTH="136" CONTENT="Patent-" WC="0.93" />
          </TextLine>
          <TextLine ID="TextLine_63" HPOS="1518" VPOS="4283" HEIGHT="43" WIDTH="1139">
            <String ID="Textword_178" HPOS="1518" VPOS="4290" HEIGHT="31" WIDTH="114" CONTENT="schutz" WC="0.96" />
            <String ID="Textword_179" HPOS="1664" VPOS="4287" HEIGHT="33" WIDTH="125" CONTENT="hierfür" WC="0.93" />
            <String ID="Textword_180" HPOS="1824" VPOS="4288" HEIGHT="32" WIDTH="135" CONTENT="erwirkt" WC="0.93" />
            <String ID="Textword_181" HPOS="1990" VPOS="4288" HEIGHT="31" WIDTH="66" CONTENT="und" WC="0.96" />
            <String ID="Textword_182" HPOS="2079" VPOS="4285" HEIGHT="34" WIDTH="155" CONTENT="verkauft" WC="0.96" />
            <String ID="Textword_183" HPOS="2258" VPOS="4294" HEIGHT="32" WIDTH="108" CONTENT="gegen" WC="0.96" />
            <String ID="Textword_184" HPOS="2390" VPOS="4283" HEIGHT="41" WIDTH="158" CONTENT="sofortige" WC="0.96" />
            <String ID="Textword_185" HPOS="2572" VPOS="4284" HEIGHT="31" WIDTH="85" CONTENT="hohe" WC="0.96" />
          </TextLine>
          <TextLine ID="TextLine_64" HPOS="1519" VPOS="4328" HEIGHT="44" WIDTH="1139">
            <String ID="Textword_186" HPOS="1519" VPOS="4333" HEIGHT="39" WIDTH="260" CONTENT="Barbezahlung," WC="0.91" />
            <String ID="Textword_187" HPOS="1805" VPOS="4335" HEIGHT="30" WIDTH="108" CONTENT="event," WC="0.81" />
            <String ID="Textword_188" HPOS="1936" VPOS="4332" HEIGHT="31" WIDTH="60" CONTENT="mit" WC="0.93" />
            <String ID="Textword_189" HPOS="2020" VPOS="4330" HEIGHT="33" WIDTH="244" CONTENT="Gewinnanteil" WC="0.92" />
            <String ID="Textword_190" HPOS="2294" VPOS="4329" HEIGHT="32" WIDTH="54" CONTENT="bei" WC="0.96" />
            <String ID="Textword_191" HPOS="2371" VPOS="4328" HEIGHT="41" WIDTH="200" CONTENT="Vergebung" WC="0.96" />
            <String ID="Textword_192" HPOS="2593" VPOS="4337" HEIGHT="24" WIDTH="65" CONTENT="von" WC="0.95" />
          </TextLine>
          <TextLine ID="TextLine_65" HPOS="1520" VPOS="4375" HEIGHT="41" WIDTH="1096">
            <String ID="Textword_193" HPOS="1520" VPOS="4377" HEIGHT="32" WIDTH="163" CONTENT="Licenzen" WC="0.91" />
            <String ID="Textword_194" HPOS="1707" VPOS="4377" HEIGHT="31" WIDTH="156" CONTENT="während" WC="0.96" />
            <String ID="Textword_195" HPOS="1887" VPOS="4378" HEIGHT="30" WIDTH="57" CONTENT="der" WC="0.96" />
            <String ID="Textword_196" HPOS="1970" VPOS="4385" HEIGHT="31" WIDTH="129" CONTENT="ganzen" WC="0.93" />
            <String ID="Textword_197" HPOS="2123" VPOS="4375" HEIGHT="31" WIDTH="233" CONTENT="Patentdauer." WC="0.88" />
            <String ID="Textword_198" HPOS="2613" VPOS="4379" HEIGHT="2" WIDTH="3" CONTENT=":" WC="0.67" />
          </TextLine>
          <TextLine ID="TextLine_66" HPOS="1607" VPOS="4417" HEIGHT="43" WIDTH="1051">
            <String ID="Textword_199" HPOS="1607" VPOS="4421" HEIGHT="32" WIDTH="196" CONTENT="Kostenlose" WC="0.88" />
            <String ID="Textword_200" HPOS="1826" VPOS="4421" HEIGHT="39" WIDTH="201" CONTENT="Ratschläge" WC="0.91" />
            <String ID="Textword_201" HPOS="2051" VPOS="4420" HEIGHT="31" WIDTH="67" CONTENT="und" WC="0.93" />
            <String ID="Textword_202" HPOS="2141" VPOS="4417" HEIGHT="33" WIDTH="188" CONTENT="Auskünfte" WC="0.92" />
            <String ID="Textword_203" HPOS="2360" VPOS="4417" HEIGHT="32" WIDTH="140" CONTENT="erteilen" WC="0.92" />
            <String ID="Textword_204" HPOS="2523" VPOS="4417" HEIGHT="31" WIDTH="135" CONTENT="Patent-" WC="0.91" />
          </TextLine>
          <TextLine ID="TextLine_67" HPOS="1520" VPOS="4459" HEIGHT="48" WIDTH="1139">
            <String ID="Textword_205" HPOS="1520" VPOS="4465" HEIGHT="32" WIDTH="141" CONTENT="anwälte" WC="0.88" />
            <String ID="Textword_206" HPOS="1680" VPOS="4465" HEIGHT="32" WIDTH="53" CONTENT="H." WC="0.90" />
            <String ID="Textword_207" HPOS="1749" VPOS="4465" HEIGHT="42" WIDTH="128" CONTENT="Krug" WC="0.91" />
            <String ID="Textword_208" HPOS="1892" VPOS="4466" HEIGHT="31" WIDTH="66" CONTENT="und" WC="0.96" />
            <String ID="Textword_209" HPOS="1974" VPOS="4464" HEIGHT="32" WIDTH="229" CONTENT="Professor" WC="0.93" />
            <String ID="Textword_210" HPOS="2220" VPOS="4462" HEIGHT="32" WIDTH="42" CONTENT="S." WC="0.62" />
            <String ID="Textword_211" HPOS="2279" VPOS="4461" HEIGHT="42" WIDTH="185" CONTENT="Aquilar" WC="0.92" />
            <String ID="Textword_212" HPOS="2479" VPOS="4461" HEIGHT="31" WIDTH="34" CONTENT="in" WC="0.96" />
            <String ID="Textword_213" HPOS="2530" VPOS="4459" HEIGHT="33" WIDTH="129" CONTENT="Basel" WC="0.95" />
          </TextLine>
          <TextLine ID="TextLine_68" HPOS="1521" VPOS="4509" HEIGHT="41" WIDTH="500">
            <String ID="Textword_214" HPOS="1521" VPOS="4510" HEIGHT="40" WIDTH="185" CONTENT="(Schweiz)," WC="0.91" />
            <String ID="Textword_215" HPOS="1732" VPOS="4509" HEIGHT="32" WIDTH="212" CONTENT="Freiestrabe" WC="0.89" />
            <String ID="Textword_216" HPOS="1951" VPOS="4512" HEIGHT="36" WIDTH="70" CONTENT="32." WC="0.95" />
          </TextLine>
          <TextLine ID="TextLine_69" HPOS="1609" VPOS="4548" HEIGHT="44" WIDTH="1052">
            <String ID="Textword_217" HPOS="1609" VPOS="4554" HEIGHT="32" WIDTH="153" CONTENT="Bureaux" WC="0.96" />
            <String ID="Textword_218" HPOS="1786" VPOS="4553" HEIGHT="32" WIDTH="53" CONTENT="für" WC="0.93" />
            <String ID="Textword_219" HPOS="1862" VPOS="4553" HEIGHT="39" WIDTH="313" CONTENT="Patenterwirkung" WC="0.90" />
            <String ID="Textword_220" HPOS="2197" VPOS="4552" HEIGHT="31" WIDTH="67" CONTENT="und" WC="0.93" />
            <String ID="Textword_221" HPOS="2279" VPOS="4551" HEIGHT="38" WIDTH="219" CONTENT="Verwertung" WC="0.91" />
            <String ID="Textword_222" HPOS="2521" VPOS="4549" HEIGHT="31" WIDTH="34" CONTENT="in" WC="0.93" />
            <String ID="Textword_223" HPOS="2575" VPOS="4548" HEIGHT="31" WIDTH="86" CONTENT="allen" WC="0.93" />
          </TextLine>
          <TextLine ID="TextLine_70" HPOS="1522" VPOS="4592" HEIGHT="43" WIDTH="1140">
            <String ID="Textword_224" HPOS="1522" VPOS="4598" HEIGHT="33" WIDTH="120" CONTENT="Schutz" WC="0.90" />
            <String ID="Textword_225" HPOS="1678" VPOS="4598" HEIGHT="32" WIDTH="201" CONTENT="erteilenden" WC="0.90" />
            <String ID="Textword_226" HPOS="1909" VPOS="4598" HEIGHT="32" WIDTH="164" CONTENT="Ländern." WC="0.91" />
            <String ID="Textword_227" HPOS="2120" VPOS="4597" HEIGHT="31" WIDTH="68" CONTENT="Der" WC="0.92" />
            <String ID="Textword_228" HPOS="2211" VPOS="4595" HEIGHT="40" WIDTH="148" CONTENT="Anfrage" WC="0.90" />
            <String ID="Textword_229" HPOS="2389" VPOS="4595" HEIGHT="31" WIDTH="45" CONTENT="ist" WC="0.96" />
            <String ID="Textword_230" HPOS="2465" VPOS="4595" HEIGHT="30" WIDTH="58" CONTENT="das" WC="0.93" />
            <String ID="Textword_231" HPOS="2554" VPOS="4592" HEIGHT="33" WIDTH="108" CONTENT="Rück-" WC="0.90" />
          </TextLine>
          <TextLine ID="TextLine_71" HPOS="1522" VPOS="4642" HEIGHT="41" WIDTH="767">
            <String ID="Textword_232" HPOS="1522" VPOS="4645" HEIGHT="37" WIDTH="92" CONTENT="porto" WC="0.92" />
            <String ID="Textword_233" HPOS="1639" VPOS="4642" HEIGHT="41" WIDTH="207" CONTENT="beizufügen." WC="0.91" />
          </TextLine>
        </TextBlock>
        <TextBlock ID="TextBlock_40" HPOS="1478" VPOS="2817" HEIGHT="1911" WIDTH="34">
          <TextLine ID="TextLine_72" HPOS="1478" VPOS="2817" HEIGHT="1911" WIDTH="34">
            <SP ID="Textword_23" HPOS="1478" VPOS="2817" />
            <String ID="Textword_234" HPOS="1478" VPOS="2817" HEIGHT="1911" WIDTH="34" CONTENT=" " WC="0.95" />
          </TextLine>
        </TextBlock>
        <TextBlock ID="TextBlock_41" HPOS="1239" VPOS="4755" HEIGHT="43" WIDTH="1129">
          <TextLine ID="TextLine_73" HPOS="1239" VPOS="4755" HEIGHT="43" WIDTH="1129">
            <String ID="Textword_235" HPOS="1239" VPOS="4765" HEIGHT="27" WIDTH="92" CONTENT="Druck" WC="0.92" />
            <String ID="Textword_236" HPOS="1350" VPOS="4764" HEIGHT="27" WIDTH="55" CONTENT="und" WC="0.93" />
            <String ID="Textword_237" HPOS="1423" VPOS="4764" HEIGHT="34" WIDTH="166" CONTENT="Expedition" WC="0.48" />
            <String ID="Textword_238" HPOS="1608" VPOS="4768" HEIGHT="19" WIDTH="53" CONTENT="von" WC="0.96" />
            <String ID="Textword_239" HPOS="1680" VPOS="4759" HEIGHT="34" WIDTH="107" CONTENT="Müller," WC="0.92" />
            <String ID="Textword_240" HPOS="1806" VPOS="4759" HEIGHT="27" WIDTH="115" CONTENT="Werder" WC="0.93" />
            <String ID="Textword_241" HPOS="1940" VPOS="4759" HEIGHT="26" WIDTH="25" CONTENT="&amp;" WC="0.93" />
            <String ID="Textword_242" HPOS="1985" VPOS="4758" HEIGHT="33" WIDTH="64" CONTENT="Cie," WC="0.82" />
            <String ID="Textword_243" HPOS="2070" VPOS="4756" HEIGHT="35" WIDTH="108" CONTENT="Schipfe" WC="0.92" />
            <String ID="Textword_244" HPOS="2197" VPOS="4756" HEIGHT="34" WIDTH="43" CONTENT="33," WC="0.84" />
            <String ID="Textword_245" HPOS="2260" VPOS="4755" HEIGHT="27" WIDTH="108" CONTENT="Zürich." WC="0.95" />
          </TextLine>
        </TextBlock>
        <TextBlock ID="TextBlock_42" HPOS="2706" VPOS="431" HEIGHT="81" WIDTH="440">
          <TextLine ID="TextLine_74" HPOS="2706" VPOS="431" HEIGHT="81" WIDTH="440">
            <String ID="Textword_246" HPOS="2706" VPOS="431" HEIGHT="81" WIDTH="440" CONTENT="Kopierbureau" WC="0.91" />
          </TextLine>
        </TextBlock>
        <TextBlock ID="TextBlock_43" HPOS="2647" VPOS="514" HEIGHT="136" WIDTH="556">
          <TextLine ID="TextLine_75" HPOS="2648" VPOS="514" HEIGHT="34" WIDTH="554">
            <String ID="Textword_247" HPOS="2648" VPOS="517" HEIGHT="28" WIDTH="237" CONTENT="Steinmann" WC="0.88" />
            <String ID="Textword_248" HPOS="2915" VPOS="515" HEIGHT="28" WIDTH="35" CONTENT="&amp;" WC="0.92" />
            <String ID="Textword_249" HPOS="2976" VPOS="514" HEIGHT="33" WIDTH="111" CONTENT="Erni," WC="0.90" />
            <String ID="Textword_250" HPOS="3124" VPOS="521" HEIGHT="27" WIDTH="78" CONTENT="gegr." WC="0.92" />
          </TextLine>
          <TextLine ID="TextLine_76" HPOS="2648" VPOS="548" HEIGHT="38" WIDTH="555">
            <String ID="Textword_251" HPOS="2648" VPOS="554" HEIGHT="32" WIDTH="77" CONTENT="1892," WC="0.93" />
            <String ID="Textword_252" HPOS="2741" VPOS="554" HEIGHT="25" WIDTH="206" CONTENT="Börsenstrasse" WC="0.91" />
            <String ID="Textword_253" HPOS="2959" VPOS="551" HEIGHT="33" WIDTH="41" CONTENT="10," WC="0.96" />
            <String ID="Textword_254" HPOS="3013" VPOS="549" HEIGHT="28" WIDTH="147" CONTENT="Zürich" WC="0.96" />
            <String ID="Textword_255" HPOS="3170" VPOS="548" HEIGHT="28" WIDTH="33" CONTENT="I." WC="0.95" />
          </TextLine>
          <TextLine ID="TextLine_77" HPOS="2647" VPOS="585" HEIGHT="31" WIDTH="556">
            <String ID="Textword_256" HPOS="2647" VPOS="587" HEIGHT="29" WIDTH="329" CONTENT="Schreibmaschinenarb." WC="0.90" />
            <String ID="Textword_257" HPOS="3030" VPOS="585" HEIGHT="28" WIDTH="173" CONTENT="Vervielfält." WC="0.68" />
          </TextLine>
          <TextLine ID="TextLine_78" HPOS="2648" VPOS="625" HEIGHT="25" WIDTH="105">
            <String ID="Textword_258" HPOS="2648" VPOS="625" HEIGHT="25" WIDTH="105" CONTENT="Diktat." WC="0.94" />
          </TextLine>
        </TextBlock>
        <TextBlock ID="TextBlock_44" HPOS="2682" VPOS="700" HEIGHT="109" WIDTH="502">
          <TextLine ID="TextLine_79" HPOS="2682" VPOS="700" HEIGHT="109" WIDTH="502">
            <String ID="Textword_259" HPOS="2682" VPOS="700" HEIGHT="109" WIDTH="502" CONTENT="Buchführung." WC="0.87" />
          </TextLine>
        </TextBlock>
        <TextBlock ID="TextBlock_45" HPOS="2647" VPOS="817" HEIGHT="398" WIDTH="560">
          <TextLine ID="TextLine_80" HPOS="2684" VPOS="817" HEIGHT="36" WIDTH="520">
            <String ID="Textword_260" HPOS="2684" VPOS="820" HEIGHT="33" WIDTH="168" CONTENT="Neuanlage," WC="0.92" />
            <String ID="Textword_261" HPOS="2888" VPOS="818" HEIGHT="32" WIDTH="138" CONTENT="Revision," WC="0.89" />
            <String ID="Textword_262" HPOS="3070" VPOS="817" HEIGHT="26" WIDTH="134" CONTENT="Nachtra-" WC="0.90" />
          </TextLine>
          <TextLine ID="TextLine_81" HPOS="2648" VPOS="853" HEIGHT="37" WIDTH="557">
            <String ID="Textword_263" HPOS="2648" VPOS="864" HEIGHT="26" WIDTH="86" CONTENT="gung," WC="0.95" />
            <String ID="Textword_264" HPOS="2762" VPOS="855" HEIGHT="26" WIDTH="109" CONTENT="Ordnen" WC="0.96" />
            <String ID="Textword_265" HPOS="2898" VPOS="854" HEIGHT="31" WIDTH="56" CONTENT="und" WC="0.96" />
            <String ID="Textword_266" HPOS="2972" VPOS="853" HEIGHT="27" WIDTH="151" CONTENT="Abschluss" WC="0.95" />
            <String ID="Textword_267" HPOS="3152" VPOS="860" HEIGHT="19" WIDTH="53" CONTENT="von" WC="0.96" />
          </TextLine>
          <TextLine ID="TextLine_82" HPOS="2649" VPOS="888" HEIGHT="33" WIDTH="557">
            <String ID="Textword_268" HPOS="2649" VPOS="890" HEIGHT="31" WIDTH="278" CONTENT="Geschäftsbüchern;" WC="0.91" />
            <String ID="Textword_269" HPOS="2954" VPOS="888" HEIGHT="28" WIDTH="127" CONTENT="Gewinn-" WC="0.92" />
            <String ID="Textword_270" HPOS="3100" VPOS="896" HEIGHT="18" WIDTH="25" CONTENT="u." WC="0.92" />
            <String ID="Textword_271" HPOS="3140" VPOS="888" HEIGHT="26" WIDTH="66" CONTENT="Ver-" WC="0.90" />
          </TextLine>
          <TextLine ID="TextLine_83" HPOS="2647" VPOS="923" HEIGHT="36" WIDTH="559">
            <String ID="Textword_272" HPOS="2647" VPOS="927" HEIGHT="32" WIDTH="241" CONTENT="lustrechnungen," WC="0.91" />
            <String ID="Textword_273" HPOS="2912" VPOS="925" HEIGHT="26" WIDTH="133" CONTENT="Bilanzen" WC="0.96" />
            <String ID="Textword_274" HPOS="3064" VPOS="924" HEIGHT="26" WIDTH="56" CONTENT="und" WC="0.89" />
            <String ID="Textword_275" HPOS="3140" VPOS="923" HEIGHT="27" WIDTH="66" CONTENT="Gut-" WC="0.89" />
          </TextLine>
          <TextLine ID="TextLine_84" HPOS="2649" VPOS="959" HEIGHT="35" WIDTH="555">
            <String ID="Textword_276" HPOS="2649" VPOS="963" HEIGHT="25" WIDTH="97" CONTENT="achten" WC="0.96" />
            <String ID="Textword_277" HPOS="2770" VPOS="962" HEIGHT="26" WIDTH="46" CONTENT="für" WC="0.96" />
            <String ID="Textword_278" HPOS="2836" VPOS="961" HEIGHT="33" WIDTH="137" CONTENT="Gewerbe," WC="0.96" />
            <String ID="Textword_279" HPOS="2993" VPOS="960" HEIGHT="33" WIDTH="106" CONTENT="Hotels," WC="0.92" />
            <String ID="Textword_280" HPOS="3129" VPOS="959" HEIGHT="26" WIDTH="75" CONTENT="Han-" WC="0.92" />
          </TextLine>
          <TextLine ID="TextLine_85" HPOS="2649" VPOS="994" HEIGHT="36" WIDTH="556">
            <String ID="Textword_281" HPOS="2649" VPOS="998" HEIGHT="25" WIDTH="55" CONTENT="del-" WC="0.92" />
            <String ID="Textword_282" HPOS="2733" VPOS="998" HEIGHT="26" WIDTH="55" CONTENT="und" WC="0.83" />
            <String ID="Textword_283" HPOS="2816" VPOS="995" HEIGHT="35" WIDTH="255" CONTENT="Fabrikgeschäfte," WC="0.91" />
            <String ID="Textword_284" HPOS="3103" VPOS="994" HEIGHT="27" WIDTH="102" CONTENT="Gesell-" WC="0.92" />
          </TextLine>
          <TextLine ID="TextLine_86" HPOS="2649" VPOS="1029" HEIGHT="37" WIDTH="558">
            <String ID="Textword_285" HPOS="2649" VPOS="1033" HEIGHT="26" WIDTH="123" CONTENT="schaften" WC="0.94" />
            <String ID="Textword_286" HPOS="2801" VPOS="1033" HEIGHT="33" WIDTH="78" CONTENT="jeder" WC="0.94" />
            <String ID="Textword_287" HPOS="2909" VPOS="1033" HEIGHT="25" WIDTH="60" CONTENT="Art." WC="0.92" />
            <String ID="Textword_288" HPOS="3006" VPOS="1031" HEIGHT="26" WIDTH="112" CONTENT="Diskret" WC="0.91" />
            <String ID="Textword_289" HPOS="3149" VPOS="1029" HEIGHT="27" WIDTH="58" CONTENT="und" WC="0.96" />
          </TextLine>
          <TextLine ID="TextLine_87" HPOS="2649" VPOS="1067" HEIGHT="36" WIDTH="480">
            <String ID="Textword_290" HPOS="2649" VPOS="1067" HEIGHT="36" WIDTH="203" CONTENT="gewissenhaft." WC="0.94" />
            <String ID="Textword_291" HPOS="3127" VPOS="1092" HEIGHT="4" WIDTH="2" CONTENT="i" WC="0.47" />
          </TextLine>
          <TextLine ID="TextLine_88" HPOS="2706" VPOS="1103" HEIGHT="34" WIDTH="449">
            <String ID="Textword_292" HPOS="2706" VPOS="1105" HEIGHT="32" WIDTH="42" CONTENT="C." WC="0.83" />
            <String ID="Textword_293" HPOS="2765" VPOS="1104" HEIGHT="31" WIDTH="50" CONTENT="A." WC="0.92" />
            <String ID="Textword_294" HPOS="2832" VPOS="1103" HEIGHT="33" WIDTH="47" CONTENT="O0." WC="0.65" />
            <String ID="Textword_295" HPOS="2898" VPOS="1103" HEIGHT="33" WIDTH="257" CONTENT="Gademann" WC="0.92" />
          </TextLine>
          <TextLine ID="TextLine_89" HPOS="2821" VPOS="1147" HEIGHT="26" WIDTH="213">
            <String ID="Textword_296" HPOS="2821" VPOS="1147" HEIGHT="26" WIDTH="213" CONTENT="Bücherrevisor" WC="0.92" />
          </TextLine>
          <TextLine ID="TextLine_90" HPOS="2694" VPOS="1180" HEIGHT="35" WIDTH="468">
            <String ID="Textword_297" HPOS="2694" VPOS="1182" HEIGHT="28" WIDTH="146" CONTENT="Zürich" WC="0.95" />
            <String ID="Textword_298" HPOS="2859" VPOS="1182" HEIGHT="33" WIDTH="32" CONTENT="I," WC="0.77" />
            <String ID="Textword_299" HPOS="2911" VPOS="1182" HEIGHT="27" WIDTH="189" CONTENT="Gessnerallee" WC="0.92" />
            <String ID="Textword_300" HPOS="3120" VPOS="1180" HEIGHT="26" WIDTH="42" CONTENT="50." WC="0.95" />
          </TextLine>
        </TextBlock>
        <TextBlock ID="TextBlock_46" HPOS="2646" VPOS="674" HEIGHT="11" WIDTH="558">
          <TextLine ID="TextLine_91" HPOS="2646" VPOS="674" HEIGHT="11" WIDTH="558">
            <SP ID="Textword_24" HPOS="2646" VPOS="674" />
            <String ID="Textword_301" HPOS="2646" VPOS="674" HEIGHT="11" WIDTH="558" CONTENT=" " WC="0.95" />
          </TextLine>
        </TextBlock>
        <TextBlock ID="TextBlock_47" HPOS="2649" VPOS="1224" HEIGHT="11" WIDTH="559">
          <TextLine ID="TextLine_92" HPOS="2649" VPOS="1224" HEIGHT="11" WIDTH="559">
            <SP ID="Textword_25" HPOS="2649" VPOS="1224" />
            <String ID="Textword_302" HPOS="2649" VPOS="1224" HEIGHT="11" WIDTH="559" CONTENT=" " WC="0.95" />
          </TextLine>
        </TextBlock>
        <TextBlock ID="TextBlock_48" HPOS="2689" VPOS="1329" HEIGHT="64" WIDTH="493">
          <TextLine ID="TextLine_93" HPOS="2689" VPOS="1329" HEIGHT="64" WIDTH="493">
            <String ID="Textword_303" HPOS="2689" VPOS="1329" HEIGHT="64" WIDTH="493" CONTENT="Buchhaltung." WC="0.96" />
          </TextLine>
        </TextBlock>
        <TextBlock ID="TextBlock_49" HPOS="2650" VPOS="1404" HEIGHT="286" WIDTH="560">
          <TextLine ID="TextLine_94" HPOS="2650" VPOS="1404" HEIGHT="37" WIDTH="558">
            <String ID="Textword_304" HPOS="2650" VPOS="1409" HEIGHT="26" WIDTH="70" CONTENT="nach" WC="0.94" />
            <String ID="Textword_305" HPOS="2741" VPOS="1409" HEIGHT="25" WIDTH="70" CONTENT="allen" WC="0.96" />
            <String ID="Textword_306" HPOS="2826" VPOS="1408" HEIGHT="33" WIDTH="140" CONTENT="Systemen" WC="0.96" />
            <String ID="Textword_307" HPOS="2986" VPOS="1405" HEIGHT="27" WIDTH="54" CONTENT="und" WC="0.96" />
            <String ID="Textword_308" HPOS="3051" VPOS="1405" HEIGHT="34" WIDTH="90" CONTENT="jedem" WC="0.93" />
            <String ID="Textword_309" HPOS="3156" VPOS="1404" HEIGHT="26" WIDTH="52" CONTENT="Ge-" WC="0.92" />
          </TextLine>
          <TextLine ID="TextLine_95" HPOS="2652" VPOS="1439" HEIGHT="37" WIDTH="556">
            <String ID="Textword_310" HPOS="2652" VPOS="1442" HEIGHT="28" WIDTH="207" CONTENT="schäftsbetrieb" WC="0.91" />
            <String ID="Textword_311" HPOS="2915" VPOS="1444" HEIGHT="32" WIDTH="157" CONTENT="angepasst," WC="0.86" />
            <String ID="Textword_312" HPOS="3122" VPOS="1439" HEIGHT="27" WIDTH="86" CONTENT="Nach-" WC="0.69" />
          </TextLine>
          <TextLine ID="TextLine_96" HPOS="2652" VPOS="1477" HEIGHT="37" WIDTH="557">
            <String ID="Textword_313" HPOS="2652" VPOS="1482" HEIGHT="32" WIDTH="120" CONTENT="tragung" WC="0.92" />
            <String ID="Textword_314" HPOS="2809" VPOS="1486" HEIGHT="21" WIDTH="55" CONTENT="von" WC="0.96" />
            <String ID="Textword_315" HPOS="2907" VPOS="1478" HEIGHT="33" WIDTH="133" CONTENT="Büchern," WC="0.88" />
            <String ID="Textword_316" HPOS="3087" VPOS="1477" HEIGHT="27" WIDTH="122" CONTENT="Bücher-" WC="0.91" />
          </TextLine>
          <TextLine ID="TextLine_97" HPOS="2651" VPOS="1515" HEIGHT="32" WIDTH="558">
            <String ID="Textword_317" HPOS="2651" VPOS="1523" HEIGHT="19" WIDTH="32" CONTENT="ex" WC="0.93" />
            <String ID="Textword_318" HPOS="2704" VPOS="1517" HEIGHT="24" WIDTH="102" CONTENT="ertisen" WC="0.92" />
            <String ID="Textword_319" HPOS="2848" VPOS="1515" HEIGHT="26" WIDTH="55" CONTENT="und" WC="0.96" />
            <String ID="Textword_320" HPOS="2947" VPOS="1515" HEIGHT="32" WIDTH="160" CONTENT="Erstellung" WC="0.39" />
            <String ID="Textword_321" HPOS="3153" VPOS="1520" HEIGHT="19" WIDTH="56" CONTENT="von" WC="0.96" />
          </TextLine>
          <TextLine ID="TextLine_98" HPOS="2651" VPOS="1549" HEIGHT="35" WIDTH="559">
            <String ID="Textword_322" HPOS="2651" VPOS="1550" HEIGHT="27" WIDTH="133" CONTENT="Bilanzen" WC="0.95" />
            <String ID="Textword_323" HPOS="2812" VPOS="1550" HEIGHT="34" WIDTH="111" CONTENT="besorgt" WC="0.95" />
            <String ID="Textword_324" HPOS="2950" VPOS="1549" HEIGHT="34" WIDTH="171" CONTENT="zuverlässig" WC="0.96" />
            <String ID="Textword_325" HPOS="3153" VPOS="1549" HEIGHT="26" WIDTH="57" CONTENT="und" WC="0.96" />
          </TextLine>
          <TextLine ID="TextLine_99" HPOS="2651" VPOS="1584" HEIGHT="36" WIDTH="558">
            <String ID="Textword_326" HPOS="2651" VPOS="1585" HEIGHT="35" WIDTH="431" CONTENT="diskretK.Muggli-Isler," WC="0.60" />
            <String ID="Textword_327" HPOS="3090" VPOS="1584" HEIGHT="27" WIDTH="119" CONTENT="Bücher-" WC="0.92" />
          </TextLine>
          <TextLine ID="TextLine_100" HPOS="2652" VPOS="1620" HEIGHT="35" WIDTH="558">
            <String ID="Textword_328" HPOS="2652" VPOS="1624" HEIGHT="31" WIDTH="110" CONTENT="experte" WC="0.91" />
            <String ID="Textword_329" HPOS="2775" VPOS="1622" HEIGHT="33" WIDTH="91" CONTENT="ehem." WC="0.94" />
            <String ID="Textword_330" HPOS="2874" VPOS="1621" HEIGHT="27" WIDTH="145" CONTENT="Prokurist" WC="0.95" />
            <String ID="Textword_331" HPOS="3025" VPOS="1621" HEIGHT="26" WIDTH="48" CONTENT="der" WC="0.95" />
            <String ID="Textword_332" HPOS="3078" VPOS="1620" HEIGHT="28" WIDTH="132" CONTENT="Schweiz." WC="0.76" />
          </TextLine>
          <TextLine ID="TextLine_101" HPOS="2655" VPOS="1655" HEIGHT="35" WIDTH="422">
            <String ID="Textword_333" HPOS="2655" VPOS="1658" HEIGHT="32" WIDTH="170" CONTENT="Volksoank)" WC="0.84" />
            <String ID="Textword_334" HPOS="2843" VPOS="1656" HEIGHT="28" WIDTH="147" CONTENT="Zürich" WC="0.96" />
            <String ID="Textword_335" HPOS="3009" VPOS="1655" HEIGHT="28" WIDTH="68" CONTENT="IV." WC="0.88" />
          </TextLine>
        </TextBlock>
        <TextBlock ID="TextBlock_50" HPOS="2728" VPOS="1823" HEIGHT="131" WIDTH="426">
          <TextLine ID="TextLine_102" HPOS="2728" VPOS="1823" HEIGHT="131" WIDTH="426">
            <String ID="Textword_336" HPOS="2728" VPOS="1823" HEIGHT="131" WIDTH="426" CONTENT="Modelle" WC="0.94" />
          </TextLine>
        </TextBlock>
        <TextBlock ID="TextBlock_51" HPOS="2655" VPOS="1974" HEIGHT="283" WIDTH="559">
          <TextLine ID="TextLine_103" HPOS="2656" VPOS="1974" HEIGHT="38" WIDTH="556">
            <String ID="Textword_337" HPOS="2656" VPOS="1979" HEIGHT="33" WIDTH="83" CONTENT="5" WC="0.53" />
            <String ID="Textword_338" HPOS="2759" VPOS="1978" HEIGHT="26" WIDTH="47" CONTENT="für" WC="0.90" />
            <String ID="Textword_339" HPOS="2825" VPOS="1977" HEIGHT="27" WIDTH="169" CONTENT="Giessereien" WC="0.91" />
            <String ID="Textword_340" HPOS="3019" VPOS="1976" HEIGHT="26" WIDTH="57" CONTENT="und" WC="0.93" />
            <String ID="Textword_341" HPOS="3096" VPOS="1974" HEIGHT="27" WIDTH="116" CONTENT="Maschi-" WC="0.92" />
          </TextLine>
          <TextLine ID="TextLine_104" HPOS="2655" VPOS="2010" HEIGHT="37" WIDTH="558">
            <String ID="Textword_342" HPOS="2655" VPOS="2014" HEIGHT="33" WIDTH="189" CONTENT="nenfabriken," WC="0.89" />
            <String ID="Textword_343" HPOS="2862" VPOS="2013" HEIGHT="26" WIDTH="83" CONTENT="sowie" WC="0.96" />
            <String ID="Textword_344" HPOS="2964" VPOS="2012" HEIGHT="27" WIDTH="45" CONTENT="für" WC="0.93" />
            <String ID="Textword_345" HPOS="3029" VPOS="2011" HEIGHT="27" WIDTH="96" CONTENT="Schul-" WC="0.92" />
            <String ID="Textword_346" HPOS="3154" VPOS="2010" HEIGHT="26" WIDTH="59" CONTENT="und" WC="0.96" />
          </TextLine>
          <TextLine ID="TextLine_105" HPOS="2655" VPOS="2046" HEIGHT="34" WIDTH="556">
            <String ID="Textword_347" HPOS="2655" VPOS="2050" HEIGHT="26" WIDTH="210" CONTENT="Patentzwecke" WC="0.91" />
            <String ID="Textword_348" HPOS="2891" VPOS="2047" HEIGHT="33" WIDTH="148" CONTENT="verfertigt" WC="0.91" />
            <String ID="Textword_349" HPOS="3066" VPOS="2047" HEIGHT="25" WIDTH="70" CONTENT="nach" WC="0.92" />
            <String ID="Textword_350" HPOS="3155" VPOS="2046" HEIGHT="25" WIDTH="56" CONTENT="ein-" WC="0.92" />
          </TextLine>
          <TextLine ID="TextLine_106" HPOS="2656" VPOS="2081" HEIGHT="38" WIDTH="557">
            <String ID="Textword_351" HPOS="2656" VPOS="2085" HEIGHT="34" WIDTH="147" CONTENT="gesandter" WC="0.92" />
            <String ID="Textword_352" HPOS="2828" VPOS="2084" HEIGHT="32" WIDTH="158" CONTENT="Zeichnung" WC="0.96" />
            <String ID="Textword_353" HPOS="3015" VPOS="2083" HEIGHT="26" WIDTH="66" CONTENT="oder" WC="0.95" />
            <String ID="Textword_354" HPOS="3109" VPOS="2081" HEIGHT="26" WIDTH="104" CONTENT="Muster" WC="0.96" />
          </TextLine>
          <TextLine ID="TextLine_107" HPOS="2656" VPOS="2117" HEIGHT="36" WIDTH="556">
            <String ID="Textword_355" HPOS="2656" VPOS="2121" HEIGHT="26" WIDTH="41" CONTENT="bei" WC="0.94" />
            <String ID="Textword_356" HPOS="2728" VPOS="2120" HEIGHT="33" WIDTH="141" CONTENT="billigsten" WC="0.94" />
            <String ID="Textword_357" HPOS="2896" VPOS="2119" HEIGHT="26" WIDTH="114" CONTENT="Preisen" WC="0.96" />
            <String ID="Textword_358" HPOS="3041" VPOS="2117" HEIGHT="32" WIDTH="66" CONTENT="und," WC="0.93" />
            <String ID="Textword_359" HPOS="3125" VPOS="2117" HEIGHT="26" WIDTH="87" CONTENT="tadel-" WC="0.93" />
          </TextLine>
          <TextLine ID="TextLine_108" HPOS="2656" VPOS="2155" HEIGHT="34" WIDTH="275">
            <String ID="Textword_360" HPOS="2656" VPOS="2157" HEIGHT="25" WIDTH="70" CONTENT="loser" WC="0.95" />
            <String ID="Textword_361" HPOS="2745" VPOS="2155" HEIGHT="34" WIDTH="186" CONTENT="Ausführung" WC="0.96" />
          </TextLine>
          <TextLine ID="TextLine_109" HPOS="2832" VPOS="2188" HEIGHT="34" WIDTH="222">
            <String ID="Textword_362" HPOS="2832" VPOS="2190" HEIGHT="27" WIDTH="47" CONTENT="A." WC="0.94" />
            <String ID="Textword_363" HPOS="2889" VPOS="2188" HEIGHT="34" WIDTH="165" CONTENT="Locher," WC="0.94" />
          </TextLine>
          <TextLine ID="TextLine_110" HPOS="2739" VPOS="2223" HEIGHT="34" WIDTH="475">
            <String ID="Textword_364" HPOS="2739" VPOS="2226" HEIGHT="26" WIDTH="86" CONTENT="mech." WC="0.90" />
            <String ID="Textword_365" HPOS="2840" VPOS="2223" HEIGHT="34" WIDTH="275" CONTENT="Modellschreinerei," WC="0.91" />
            <String ID="Textword_366" HPOS="3135" VPOS="2223" HEIGHT="26" WIDTH="79" CONTENT="Bern." WC="0.95" />
          </TextLine>
        </TextBlock>
        <TextBlock ID="TextBlock_52" HPOS="2786" VPOS="2501" HEIGHT="182" WIDTH="393">
          <TextLine ID="TextLine_111" HPOS="2786" VPOS="2501" HEIGHT="182" WIDTH="393">
            <String ID="Textword_367" HPOS="2786" VPOS="2516" HEIGHT="47" WIDTH="73" CONTENT="i" WC="0.37" />
            <String ID="Textword_368" HPOS="2945" VPOS="2501" HEIGHT="182" WIDTH="234" CONTENT="SOON" WC="0.00" />
          </TextLine>
        </TextBlock>
        <TextBlock ID="TextBlock_53" HPOS="2990" VPOS="2718" HEIGHT="26" WIDTH="153">
          <TextLine ID="TextLine_112" HPOS="2990" VPOS="2718" HEIGHT="26" WIDTH="153">
            <String ID="Textword_369" HPOS="2990" VPOS="2718" HEIGHT="26" WIDTH="92" CONTENT="liefert" WC="0.91" />
            <String ID="Textword_370" HPOS="3101" VPOS="2718" HEIGHT="26" WIDTH="42" CONTENT="die" WC="0.96" />
          </TextLine>
        </TextBlock>
        <TextBlock ID="TextBlock_54" HPOS="2654" VPOS="1751" HEIGHT="24" WIDTH="556">
          <TextLine ID="TextLine_113" HPOS="2654" VPOS="1751" HEIGHT="24" WIDTH="556">
            <SP ID="Textword_26" HPOS="2654" VPOS="1751" />
            <String ID="Textword_371" HPOS="2654" VPOS="1751" HEIGHT="24" WIDTH="556" CONTENT=" " WC="0.95" />
          </TextLine>
        </TextBlock>
        <TextBlock ID="TextBlock_55" HPOS="2652" VPOS="1789" HEIGHT="10" WIDTH="559">
          <TextLine ID="TextLine_114" HPOS="2652" VPOS="1789" HEIGHT="10" WIDTH="559">
            <SP ID="Textword_27" HPOS="2652" VPOS="1789" />
            <String ID="Textword_372" HPOS="2652" VPOS="1789" HEIGHT="10" WIDTH="559" CONTENT=" " WC="0.95" />
          </TextLine>
        </TextBlock>
        <TextBlock ID="TextBlock_56" HPOS="2657" VPOS="2266" HEIGHT="11" WIDTH="559">
          <TextLine ID="TextLine_115" HPOS="2657" VPOS="2266" HEIGHT="11" WIDTH="559">
            <SP ID="Textword_28" HPOS="2657" VPOS="2266" />
            <String ID="Textword_373" HPOS="2657" VPOS="2266" HEIGHT="11" WIDTH="559" CONTENT=" " WC="0.95" />
          </TextLine>
        </TextBlock>
        <TextBlock ID="TextBlock_57" HPOS="2661" VPOS="2319" HEIGHT="442" WIDTH="191">
          <TextLine ID="TextLine_116" HPOS="2661" VPOS="2319" HEIGHT="442" WIDTH="191">
            <SP ID="Textword_29" HPOS="2661" VPOS="2319" />
            <String ID="Textword_374" HPOS="2661" VPOS="2319" HEIGHT="442" WIDTH="191" CONTENT=" " WC="0.95" />
          </TextLine>
        </TextBlock>
        <TextBlock ID="TextBlock_58" HPOS="2921" VPOS="2791" HEIGHT="45" WIDTH="279">
          <TextLine ID="TextLine_117" HPOS="2921" VPOS="2791" HEIGHT="45" WIDTH="279">
            <String ID="Textword_375" HPOS="2921" VPOS="2791" HEIGHT="45" WIDTH="279" CONTENT="Kartonfabrik" WC="0.90" />
          </TextLine>
        </TextBlock>
        <TextBlock ID="TextBlock_59" HPOS="2905" VPOS="2871" HEIGHT="86" WIDTH="317">
          <TextLine ID="TextLine_118" HPOS="2905" VPOS="2871" HEIGHT="45" WIDTH="317">
            <String ID="Textword_376" HPOS="2905" VPOS="2871" HEIGHT="45" WIDTH="148" CONTENT="Ellikon" WC="0.89" />
            <String ID="Textword_377" HPOS="3066" VPOS="2877" HEIGHT="33" WIDTH="60" CONTENT="a.d." WC="0.90" />
            <String ID="Textword_378" HPOS="3138" VPOS="2877" HEIGHT="32" WIDTH="84" CONTENT="Thur" WC="0.92" />
          </TextLine>
          <TextLine ID="TextLine_119" HPOS="2959" VPOS="2931" HEIGHT="26" WIDTH="50">
            <String ID="Textword_379" HPOS="2959" VPOS="2931" HEIGHT="26" WIDTH="50" CONTENT="201" WC="0.96" />
          </TextLine>
        </TextBlock>
        <TextBlock ID="TextBlock_60" HPOS="2679" VPOS="2788" HEIGHT="165" WIDTH="183">
          <TextLine ID="TextLine_120" HPOS="2679" VPOS="2788" HEIGHT="165" WIDTH="183">
            <SP ID="Textword_30" HPOS="2679" VPOS="2788" />
            <String ID="Textword_380" HPOS="2679" VPOS="2788" HEIGHT="165" WIDTH="183" CONTENT=" " WC="0.95" />
          </TextLine>
        </TextBlock>
        <TextBlock ID="TextBlock_61" HPOS="2661" VPOS="2974" HEIGHT="11" WIDTH="560">
          <TextLine ID="TextLine_121" HPOS="2661" VPOS="2974" HEIGHT="11" WIDTH="560">
            <SP ID="Textword_31" HPOS="2661" VPOS="2974" />
            <String ID="Textword_381" HPOS="2661" VPOS="2974" HEIGHT="11" WIDTH="560" CONTENT=" " WC="0.95" />
          </TextLine>
        </TextBlock>
        <TextBlock ID="TextBlock_62" HPOS="2720" VPOS="3039" HEIGHT="93" WIDTH="427">
          <TextLine ID="TextLine_122" HPOS="2723" VPOS="3039" HEIGHT="58" WIDTH="424">
            <String ID="Textword_382" HPOS="2719" VPOS="3039" HEIGHT="58" WIDTH="428" CONTENT="NEST" WC="0.32" />
          </TextLine>
          <TextLine ID="TextLine_123" HPOS="2720" VPOS="3095" HEIGHT="37" WIDTH="319">
            <String ID="Textword_383" HPOS="2720" VPOS="3100" HEIGHT="4" WIDTH="2" CONTENT="|" WC="0.85" />
            <String ID="Textword_384" HPOS="2863" VPOS="3095" HEIGHT="37" WIDTH="176" CONTENT="ZURICH" WC="0.89" />
          </TextLine>
        </TextBlock>
        <TextBlock ID="TextBlock_63" HPOS="2715" VPOS="3136" HEIGHT="45" WIDTH="437">
          <TextLine ID="TextLine_124" HPOS="2715" VPOS="3136" HEIGHT="45" WIDTH="437">
            <String ID="Textword_385" HPOS="2715" VPOS="3136" HEIGHT="45" WIDTH="294" CONTENT="AT" WC="0.12" />
            <String ID="Textword_386" HPOS="3008" VPOS="3141" HEIGHT="26" WIDTH="144" CONTENT="e" WC="0.31" />
          </TextLine>
        </TextBlock>
        <TextBlock ID="TextBlock_64" HPOS="2833" VPOS="3238" HEIGHT="262" WIDTH="204">
          <TextLine ID="TextLine_125" HPOS="2833" VPOS="3238" HEIGHT="50" WIDTH="204">
            <String ID="Textword_387" HPOS="2833" VPOS="3238" HEIGHT="50" WIDTH="204" CONTENT="Maschinenguss" WC="0.90" />
          </TextLine>
          <TextLine ID="TextLine_126" HPOS="2878" VPOS="3292" HEIGHT="50" WIDTH="112">
            <String ID="Textword_388" HPOS="2878" VPOS="3292" HEIGHT="50" WIDTH="112" CONTENT="Bauguss" WC="0.72" />
          </TextLine>
          <TextLine ID="TextLine_127" HPOS="2893" VPOS="3344" HEIGHT="45" WIDTH="89">
            <String ID="Textword_389" HPOS="2893" VPOS="3344" HEIGHT="45" WIDTH="89" CONTENT="Säulen" WC="0.94" />
          </TextLine>
          <TextLine ID="TextLine_128" HPOS="2857" VPOS="3397" HEIGHT="50" WIDTH="165">
            <String ID="Textword_390" HPOS="2857" VPOS="3397" HEIGHT="50" WIDTH="165" CONTENT="Handelsguss" WC="0.88" />
          </TextLine>
          <TextLine ID="TextLine_129" HPOS="2842" VPOS="3449" HEIGHT="51" WIDTH="189">
            <String ID="Textword_391" HPOS="2842" VPOS="3449" HEIGHT="51" WIDTH="189" CONTENT="Kochherdguss" WC="0.87" />
          </TextLine>
        </TextBlock>
        <TextBlock ID="TextBlock_65" HPOS="2853" VPOS="3505" HEIGHT="26" WIDTH="175">
          <TextLine ID="TextLine_130" HPOS="2853" VPOS="3505" HEIGHT="26" WIDTH="175">
            <String ID="Textword_392" HPOS="2853" VPOS="3507" HEIGHT="24" WIDTH="50" CONTENT="etc." WC="0.93" />
            <String ID="Textword_393" HPOS="2976" VPOS="3505" HEIGHT="24" WIDTH="52" CONTENT="etc." WC="0.92" />
          </TextLine>
        </TextBlock>
        <TextBlock ID="TextBlock_66" HPOS="2738" VPOS="3648" HEIGHT="88" WIDTH="451">
          <TextLine ID="TextLine_131" HPOS="2738" VPOS="3648" HEIGHT="42" WIDTH="451">
            <String ID="Textword_394" HPOS="2738" VPOS="3650" HEIGHT="40" WIDTH="74" CONTENT="und" WC="0.80" />
            <String ID="Textword_395" HPOS="2815" VPOS="3648" HEIGHT="42" WIDTH="374" CONTENT="Lisenkonshukhionen" WC="0.10" />
          </TextLine>
          <TextLine ID="TextLine_132" HPOS="2824" VPOS="3707" HEIGHT="29" WIDTH="267">
            <String ID="Textword_396" HPOS="2824" VPOS="3709" HEIGHT="27" WIDTH="118" CONTENT="VEDER" WC="0.34" />
            <String ID="Textword_397" HPOS="2954" VPOS="3707" HEIGHT="27" WIDTH="74" CONTENT="ART." WC="0.92" />
            <String ID="Textword_398" HPOS="3047" VPOS="3707" HEIGHT="22" WIDTH="44" CONTENT="=" WC="0.85" />
          </TextLine>
        </TextBlock>
        <TextBlock ID="TextBlock_67" HPOS="2680" VPOS="3006" HEIGHT="764" WIDTH="534">
          <TextLine ID="TextLine_133" HPOS="2680" VPOS="3006" HEIGHT="764" WIDTH="534">
            <SP ID="Textword_32" HPOS="2680" VPOS="3006" />
            <String ID="Textword_399" HPOS="2680" VPOS="3006" HEIGHT="764" WIDTH="534" CONTENT=" " WC="0.95" />
          </TextLine>
        </TextBlock>
        <TextBlock ID="TextBlock_68" HPOS="2675" VPOS="3787" HEIGHT="13" WIDTH="560">
          <TextLine ID="TextLine_134" HPOS="2675" VPOS="3787" HEIGHT="13" WIDTH="560">
            <SP ID="Textword_33" HPOS="2675" VPOS="3787" />
            <String ID="Textword_400" HPOS="2675" VPOS="3787" HEIGHT="13" WIDTH="560" CONTENT=" " WC="0.95" />
          </TextLine>
        </TextBlock>
        <TextBlock ID="TextBlock_69" HPOS="2709" VPOS="3846" HEIGHT="89" WIDTH="495">
          <TextLine ID="TextLine_135" HPOS="2709" VPOS="3846" HEIGHT="89" WIDTH="495">
            <String ID="Textword_401" HPOS="2709" VPOS="3850" HEIGHT="85" WIDTH="230" CONTENT="Gegenstrom" WC="0.85" />
            <String ID="Textword_402" HPOS="2952" VPOS="3883" HEIGHT="13" WIDTH="17" CONTENT="-" WC="0.85" />
            <String ID="Textword_403" HPOS="2980" VPOS="3846" HEIGHT="74" WIDTH="224" CONTENT="Vorwärmer" WC="0.85" />
          </TextLine>
        </TextBlock>
        <TextBlock ID="TextBlock_70" HPOS="2742" VPOS="3930" HEIGHT="27" WIDTH="403">
          <TextLine ID="TextLine_136" HPOS="2742" VPOS="3930" HEIGHT="27" WIDTH="403">
            <String ID="Textword_404" HPOS="2742" VPOS="3937" HEIGHT="20" WIDTH="29" CONTENT="D." WC="0.83" />
            <String ID="Textword_405" HPOS="2782" VPOS="3936" HEIGHT="20" WIDTH="29" CONTENT="B." WC="0.83" />
            <String ID="Textword_406" HPOS="2822" VPOS="3935" HEIGHT="20" WIDTH="17" CONTENT="P" WC="0.88" />
            <String ID="Textword_407" HPOS="2864" VPOS="3934" HEIGHT="21" WIDTH="47" CONTENT="und" WC="0.95" />
            <String ID="Textword_408" HPOS="2925" VPOS="3934" HEIGHT="22" WIDTH="116" CONTENT="Schweiz." WC="0.91" />
            <String ID="Textword_409" HPOS="3052" VPOS="3930" HEIGHT="22" WIDTH="93" CONTENT="Patent." WC="0.96" />
          </TextLine>
        </TextBlock>
        <TextBlock ID="TextBlock_71" HPOS="2933" VPOS="3976" HEIGHT="100" WIDTH="44">
          <TextLine ID="TextLine_137" HPOS="2933" VPOS="3986" HEIGHT="63" WIDTH="15">
            <String ID="Textword_410" HPOS="2933" VPOS="3986" HEIGHT="63" WIDTH="15" CONTENT="WASSER." WC="0.82" />
          </TextLine>
          <TextLine ID="TextLine_138" HPOS="2949" VPOS="3993" HEIGHT="83" WIDTH="13">
            <String ID="Textword_411" HPOS="2954" VPOS="4075" HEIGHT="1" WIDTH="4" CONTENT="N" WC="0.33" />
            <String ID="Textword_412" HPOS="2949" VPOS="3993" HEIGHT="52" WIDTH="13" CONTENT="=&gt;" WC="0.10" />
          </TextLine>
          <TextLine ID="TextLine_139" HPOS="2964" VPOS="3976" HEIGHT="71" WIDTH="13">
            <String ID="Textword_413" HPOS="2964" VPOS="3976" HEIGHT="71" WIDTH="13" CONTENT="AUSTRITT" WC="0.87" />
          </TextLine>
        </TextBlock>
        <TextBlock ID="TextBlock_72" HPOS="3051" VPOS="4169" HEIGHT="9" WIDTH="159">
          <TextLine ID="TextLine_140" HPOS="3051" VPOS="4169" HEIGHT="9" WIDTH="159">
            <SP ID="Textword_34" HPOS="3051" VPOS="4169" />
            <String ID="Textword_414" HPOS="3051" VPOS="4169" HEIGHT="9" WIDTH="159" CONTENT=" " WC="0.95" />
          </TextLine>
        </TextBlock>
        <TextBlock ID="TextBlock_73" HPOS="3051" VPOS="4179" HEIGHT="9" WIDTH="159">
          <TextLine ID="TextLine_141" HPOS="3051" VPOS="4179" HEIGHT="9" WIDTH="159">
            <SP ID="Textword_35" HPOS="3051" VPOS="4179" />
            <String ID="Textword_415" HPOS="3051" VPOS="4179" HEIGHT="9" WIDTH="159" CONTENT=" " WC="0.95" />
          </TextLine>
        </TextBlock>
        <TextBlock ID="TextBlock_74" HPOS="2745" VPOS="4203" HEIGHT="30" WIDTH="101">
          <TextLine ID="TextLine_142" HPOS="2745" VPOS="4203" HEIGHT="30" WIDTH="101">
            <String ID="Textword_416" HPOS="2745" VPOS="4203" HEIGHT="30" WIDTH="101" CONTENT="einfachste" WC="0.87" />
          </TextLine>
        </TextBlock>
        <TextBlock ID="TextBlock_75" HPOS="3053" VPOS="4312" HEIGHT="9" WIDTH="159">
          <TextLine ID="TextLine_143" HPOS="3053" VPOS="4312" HEIGHT="9" WIDTH="159">
            <SP ID="Textword_36" HPOS="3053" VPOS="4312" />
            <String ID="Textword_417" HPOS="3053" VPOS="4312" HEIGHT="9" WIDTH="159" CONTENT=" " WC="0.95" />
          </TextLine>
        </TextBlock>
        <TextBlock ID="TextBlock_76" HPOS="2717" VPOS="4317" HEIGHT="9" WIDTH="158">
          <TextLine ID="TextLine_144" HPOS="2717" VPOS="4317" HEIGHT="9" WIDTH="158">
            <SP ID="Textword_37" HPOS="2717" VPOS="4317" />
            <String ID="Textword_418" HPOS="2717" VPOS="4317" HEIGHT="9" WIDTH="158" CONTENT=" " WC="0.95" />
          </TextLine>
        </TextBlock>
        <TextBlock ID="TextBlock_77" HPOS="3053" VPOS="4321" HEIGHT="10" WIDTH="159">
          <TextLine ID="TextLine_145" HPOS="3053" VPOS="4321" HEIGHT="10" WIDTH="159">
            <SP ID="Textword_38" HPOS="3053" VPOS="4321" />
            <String ID="Textword_419" HPOS="3053" VPOS="4321" HEIGHT="10" WIDTH="159" CONTENT=" " WC="0.95" />
          </TextLine>
        </TextBlock>
        <TextBlock ID="TextBlock_78" HPOS="2903" VPOS="4062" HEIGHT="466" WIDTH="178">
          <TextLine ID="TextLine_146" HPOS="2903" VPOS="4062" HEIGHT="466" WIDTH="178">
            <SP ID="Textword_39" HPOS="2903" VPOS="4062" />
            <String ID="Textword_420" HPOS="2903" VPOS="4062" HEIGHT="466" WIDTH="178" CONTENT=" " WC="0.95" />
          </TextLine>
        </TextBlock>
        <TextBlock ID="TextBlock_79" HPOS="2732" VPOS="4215" HEIGHT="358" WIDTH="440">
          <TextLine ID="TextLine_147" HPOS="2744" VPOS="4215" HEIGHT="53" WIDTH="420">
            <String ID="Textword_421" HPOS="2744" VPOS="4238" HEIGHT="30" WIDTH="37" CONTENT="und" WC="0.56" />
            <String ID="Textword_422" HPOS="2793" VPOS="4238" HEIGHT="29" WIDTH="52" CONTENT="besto" WC="0.86" />
            <String ID="Textword_423" HPOS="3089" VPOS="4215" HEIGHT="30" WIDTH="75" CONTENT="höchste" WC="0.63" />
          </TextLine>
          <TextLine ID="TextLine_148" HPOS="2732" VPOS="4260" HEIGHT="43" WIDTH="440">
            <String ID="Textword_424" HPOS="2732" VPOS="4273" HEIGHT="30" WIDTH="131" CONTENT="Konstraktion" WC="0.85" />
            <String ID="Textword_425" HPOS="3085" VPOS="4260" HEIGHT="35" WIDTH="87" CONTENT="Leistung" WC="0.93" />
          </TextLine>
          <TextLine ID="TextLine_149" HPOS="3067" VPOS="4376" HEIGHT="40" WIDTH="39">
            <String ID="Textword_426" HPOS="3067" VPOS="4376" HEIGHT="40" WIDTH="39" CONTENT="ea" WC="0.18" />
          </TextLine>
          <TextLine ID="TextLine_150" HPOS="2879" VPOS="4546" HEIGHT="27" WIDTH="161">
            <String ID="Textword_427" HPOS="2879" VPOS="4546" HEIGHT="27" WIDTH="144" CONTENT="Vertreter" WC="0.90" />
            <String ID="Textword_428" HPOS="3034" VPOS="4553" HEIGHT="17" WIDTH="6" CONTENT=":" WC="0.92" />
          </TextLine>
        </TextBlock>
        <TextBlock ID="TextBlock_80" HPOS="2767" VPOS="4588" HEIGHT="52" WIDTH="390">
          <TextLine ID="TextLine_151" HPOS="2767" VPOS="4588" HEIGHT="52" WIDTH="390">
            <String ID="Textword_429" HPOS="2767" VPOS="4590" HEIGHT="45" WIDTH="189" CONTENT="Schmassmann" WC="0.72" />
            <String ID="Textword_430" HPOS="2970" VPOS="4592" HEIGHT="41" WIDTH="18" CONTENT="&amp;" WC="0.93" />
            <String ID="Textword_431" HPOS="3003" VPOS="4589" HEIGHT="51" WIDTH="44" CONTENT="Co.," WC="0.45" />
            <String ID="Textword_432" HPOS="3062" VPOS="4588" HEIGHT="45" WIDTH="95" CONTENT="Zürich," WC="0.81" />
          </TextLine>
        </TextBlock>
        <TextBlock ID="TextBlock_81" HPOS="2630" VPOS="438" HEIGHT="4275" WIDTH="52">
          <TextLine ID="TextLine_152" HPOS="2630" VPOS="438" HEIGHT="4275" WIDTH="52">
            <SP ID="Textword_40" HPOS="2630" VPOS="438" />
            <String ID="Textword_433" HPOS="2630" VPOS="438" HEIGHT="4275" WIDTH="52" CONTENT=" " WC="0.95" />
          </TextLine>
        </TextBlock>
        <TextBlock ID="TextBlock_82" HPOS="2727" VPOS="4643" HEIGHT="80" WIDTH="515">
          <TextLine ID="TextLine_153" HPOS="2727" VPOS="4643" HEIGHT="51" WIDTH="450">
            <String ID="Textword_434" HPOS="2727" VPOS="4643" HEIGHT="44" WIDTH="32" CONTENT="F." WC="0.86" />
            <String ID="Textword_435" HPOS="2777" VPOS="4643" HEIGHT="50" WIDTH="144" CONTENT="Mattick," WC="0.83" />
            <String ID="Textword_436" HPOS="2935" VPOS="4651" HEIGHT="38" WIDTH="103" CONTENT="Pulsnitz" WC="0.91" />
            <String ID="Textword_437" HPOS="3050" VPOS="4651" HEIGHT="43" WIDTH="36" CONTENT="21," WC="0.96" />
            <String ID="Textword_438" HPOS="3098" VPOS="4651" HEIGHT="37" WIDTH="79" CONTENT="Sachs." WC="0.95" />
          </TextLine>
          <TextLine ID="TextLine_154" HPOS="2836" VPOS="4698" HEIGHT="25" WIDTH="406">
            <String ID="Textword_439" HPOS="2836" VPOS="4698" HEIGHT="25" WIDTH="406" CONTENT="KIN" WC="0.40" />
          </TextLine>
        </TextBlock>
        <TextBlock ID="TextBlock_83" HPOS="3069" VPOS="4789" HEIGHT="186" WIDTH="239">
          <TextLine ID="TextLine_155" HPOS="3069" VPOS="4789" HEIGHT="186" WIDTH="239">
            <SP ID="Textword_41" HPOS="3069" VPOS="4789" />
            <String ID="Textword_440" HPOS="3069" VPOS="4789" HEIGHT="186" WIDTH="239" CONTENT=" " WC="0.95" />
          </TextLine>
        </TextBlock>
        <TextBlock ID="TextBlock_84" HPOS="3205" VPOS="0" HEIGHT="167" WIDTH="103">
          <TextLine ID="TextLine_156" HPOS="3205" VPOS="0" HEIGHT="167" WIDTH="103">
            <SP ID="Textword_42" HPOS="3205" VPOS="0" />
            <String ID="Textword_441" HPOS="3205" VPOS="0" HEIGHT="167" WIDTH="103" CONTENT=" " WC="0.95" />
          </TextLine>
        </TextBlock>
        <TextBlock ID="TextBlock_85" HPOS="3247" VPOS="105" HEIGHT="4739" WIDTH="60">
          <TextLine ID="TextLine_157" HPOS="3247" VPOS="105" HEIGHT="4739" WIDTH="60">
            <SP ID="Textword_43" HPOS="3247" VPOS="105" />
            <String ID="Textword_442" HPOS="3247" VPOS="105" HEIGHT="4739" WIDTH="60" CONTENT=" " WC="0.95" />
          </TextLine>
        </TextBlock>
      </PrintSpace>
    </Page>
  </Layout>
</alto>
