<?xml version="1.0" encoding="UTF-8"?>
<alto xmlns="http://www.loc.gov/standards/alto/ns-v2#" xmlns:xsi="http://www.w3.org/2001/XMLSchema-instance" xsi:schemaLocation="http://www.loc.gov/standards/alto/ns-v2# http://www.loc.gov/standards/alto/alto.xsd">
  <Description>
    <MeasurementUnit>pixel</MeasurementUnit>
    <sourceImageInformation />
    <OCRProcessing ID="OCR_1">
      <preProcessingStep>
        <processingDateTime>2019-05-09T06:50:50</processingDateTime>
        <processingAgency>intranda GmbH, www.intranda.com</processingAgency>
        <processingSoftware>
          <softwareCreator>intranda GmbH, Germany</softwareCreator>
          <softwareName>intranda OCR Module for TaskManager</softwareName>
          <softwareVersion>1.0r42</softwareVersion>
        </processingSoftware>
      </preProcessingStep>
      <ocrProcessingStep>
        <processingSoftware>
          <softwareCreator>Tesseract contributors</softwareCreator>
          <softwareName>Tesseract Open Source OCR Engine</softwareName>
          <softwareVersion>4.0.0-beta.1-270-g5a56</softwareVersion>
        </processingSoftware>
      </ocrProcessingStep>
    </OCRProcessing>
  </Description>
  <Layout>
    <Page ID="PAGE_1" HEIGHT="4984" WIDTH="3444" PHYSICAL_IMG_NR="1">
      <PrintSpace ID="PrintSpace_1" HPOS="0" VPOS="0" HEIGHT="4984" WIDTH="3444">
        <TextBlock ID="TextBlock_1" HPOS="392" VPOS="0" HEIGHT="14" WIDTH="108">
          <TextLine ID="TextLine_1" HPOS="392" VPOS="0" HEIGHT="14" WIDTH="108">
            <SP ID="Textword_1" HPOS="392" VPOS="0" />
            <String ID="Textword_1" HPOS="392" VPOS="0" HEIGHT="14" WIDTH="108" CONTENT=" " WC="0.95" />
          </TextLine>
        </TextBlock>
        <TextBlock ID="TextBlock_2" HPOS="584" VPOS="0" HEIGHT="133" WIDTH="2860">
          <TextLine ID="TextLine_2" HPOS="584" VPOS="0" HEIGHT="133" WIDTH="2860">
            <SP ID="Textword_2" HPOS="584" VPOS="0" />
            <String ID="Textword_2" HPOS="584" VPOS="0" HEIGHT="133" WIDTH="2860" CONTENT="  " WC="0.95" />
          </TextLine>
        </TextBlock>
        <TextBlock ID="TextBlock_3" HPOS="3377" VPOS="124" HEIGHT="164" WIDTH="9">
          <TextLine ID="TextLine_3" HPOS="3377" VPOS="124" HEIGHT="164" WIDTH="9">
            <String ID="Textword_3" HPOS="3377" VPOS="124" HEIGHT="164" WIDTH="9" CONTENT="de" WC="0.23" />
          </TextLine>
        </TextBlock>
        <TextBlock ID="TextBlock_4" HPOS="327" VPOS="335" HEIGHT="16" WIDTH="2809">
          <TextLine ID="TextLine_4" HPOS="327" VPOS="335" HEIGHT="16" WIDTH="2809">
            <SP ID="Textword_3" HPOS="327" VPOS="335" />
            <String ID="Textword_4" HPOS="327" VPOS="335" HEIGHT="16" WIDTH="2809" CONTENT=" " WC="0.95" />
          </TextLine>
        </TextBlock>
        <TextBlock ID="TextBlock_5" HPOS="327" VPOS="296" HEIGHT="34" WIDTH="2808">
          <TextLine ID="TextLine_5" HPOS="327" VPOS="296" HEIGHT="34" WIDTH="2808">
            <String ID="Textword_5" HPOS="327" VPOS="296" HEIGHT="25" WIDTH="15" CONTENT="8" WC="0.96" />
            <String ID="Textword_6" HPOS="1082" VPOS="305" HEIGHT="7" WIDTH="6" CONTENT=";" WC="0.48" />
            <String ID="Textword_7" HPOS="1448" VPOS="296" HEIGHT="26" WIDTH="222" CONTENT="Schweizerische" WC="0.92" />
            <String ID="Textword_8" HPOS="1698" VPOS="296" HEIGHT="34" WIDTH="315" CONTENT="Arbeitgeber-Zeitung." WC="0.92" />
            <String ID="Textword_9" HPOS="3036" VPOS="297" HEIGHT="26" WIDTH="46" CONTENT="Nr." WC="0.96" />
            <String ID="Textword_10" HPOS="3102" VPOS="297" HEIGHT="26" WIDTH="33" CONTENT="52" WC="0.96" />
          </TextLine>
        </TextBlock>
        <TextBlock ID="TextBlock_6" HPOS="2665" VPOS="408" HEIGHT="81" WIDTH="447">
          <TextLine ID="TextLine_6" HPOS="2665" VPOS="408" HEIGHT="81" WIDTH="447">
            <String ID="Textword_11" HPOS="2665" VPOS="408" HEIGHT="81" WIDTH="447" CONTENT="Kopierbureau" WC="0.90" />
          </TextLine>
        </TextBlock>
        <TextBlock ID="TextBlock_7" HPOS="2614" VPOS="493" HEIGHT="134" WIDTH="558">
          <TextLine ID="TextLine_7" HPOS="2615" VPOS="493" HEIGHT="39" WIDTH="555">
            <String ID="Textword_12" HPOS="2615" VPOS="493" HEIGHT="28" WIDTH="237" CONTENT="Steinmann" WC="0.90" />
            <String ID="Textword_13" HPOS="2884" VPOS="493" HEIGHT="28" WIDTH="35" CONTENT="&amp;" WC="0.91" />
            <String ID="Textword_14" HPOS="2944" VPOS="493" HEIGHT="34" WIDTH="111" CONTENT="Erni," WC="0.89" />
            <String ID="Textword_15" HPOS="3093" VPOS="505" HEIGHT="27" WIDTH="77" CONTENT="gegr." WC="0.82" />
          </TextLine>
          <TextLine ID="TextLine_8" HPOS="2617" VPOS="529" HEIGHT="33" WIDTH="553">
            <String ID="Textword_16" HPOS="2617" VPOS="529" HEIGHT="33" WIDTH="76" CONTENT="1892," WC="0.93" />
            <String ID="Textword_17" HPOS="2708" VPOS="530" HEIGHT="26" WIDTH="207" CONTENT="Börsenstrasse" WC="0.91" />
            <String ID="Textword_18" HPOS="2928" VPOS="530" HEIGHT="32" WIDTH="39" CONTENT="10," WC="0.95" />
            <String ID="Textword_19" HPOS="2981" VPOS="529" HEIGHT="29" WIDTH="147" CONTENT="Zürich" WC="0.95" />
            <String ID="Textword_20" HPOS="3138" VPOS="533" HEIGHT="28" WIDTH="32" CONTENT="I." WC="0.85" />
          </TextLine>
          <TextLine ID="TextLine_9" HPOS="2614" VPOS="565" HEIGHT="30" WIDTH="558">
            <String ID="Textword_21" HPOS="2614" VPOS="565" HEIGHT="27" WIDTH="330" CONTENT="Schreibmaschinenarb." WC="0.91" />
            <String ID="Textword_22" HPOS="2999" VPOS="567" HEIGHT="28" WIDTH="173" CONTENT="Vervielfält." WC="0.85" />
          </TextLine>
          <TextLine ID="TextLine_10" HPOS="2614" VPOS="600" HEIGHT="27" WIDTH="107">
            <String ID="Textword_23" HPOS="2614" VPOS="600" HEIGHT="27" WIDTH="107" CONTENT="Diktat." WC="0.89" />
          </TextLine>
        </TextBlock>
        <TextBlock ID="TextBlock_8" HPOS="2639" VPOS="690" HEIGHT="112" WIDTH="511">
          <TextLine ID="TextLine_11" HPOS="2639" VPOS="690" HEIGHT="112" WIDTH="511">
            <String ID="Textword_24" HPOS="2639" VPOS="690" HEIGHT="112" WIDTH="511" CONTENT="Buchführung." WC="0.96" />
          </TextLine>
        </TextBlock>
        <TextBlock ID="TextBlock_9" HPOS="2612" VPOS="807" HEIGHT="282" WIDTH="768">
          <TextLine ID="TextLine_12" HPOS="2641" VPOS="807" HEIGHT="34" WIDTH="530">
            <String ID="Textword_25" HPOS="2641" VPOS="807" HEIGHT="34" WIDTH="171" CONTENT="Neuanlage," WC="0.91" />
            <String ID="Textword_26" HPOS="2850" VPOS="808" HEIGHT="32" WIDTH="138" CONTENT="Revision," WC="0.93" />
            <String ID="Textword_27" HPOS="3034" VPOS="809" HEIGHT="27" WIDTH="137" CONTENT="Nachtra-" WC="0.81" />
          </TextLine>
          <TextLine ID="TextLine_13" HPOS="2613" VPOS="843" HEIGHT="34" WIDTH="558">
            <String ID="Textword_28" HPOS="2613" VPOS="850" HEIGHT="27" WIDTH="86" CONTENT="gung," WC="0.96" />
            <String ID="Textword_29" HPOS="2728" VPOS="843" HEIGHT="26" WIDTH="106" CONTENT="Ordnen" WC="0.95" />
            <String ID="Textword_30" HPOS="2865" VPOS="844" HEIGHT="26" WIDTH="55" CONTENT="und" WC="0.94" />
            <String ID="Textword_31" HPOS="2939" VPOS="844" HEIGHT="27" WIDTH="151" CONTENT="Abschluss" WC="0.96" />
            <String ID="Textword_32" HPOS="3118" VPOS="853" HEIGHT="19" WIDTH="53" CONTENT="von" WC="0.96" />
          </TextLine>
          <TextLine ID="TextLine_14" HPOS="2614" VPOS="878" HEIGHT="32" WIDTH="558">
            <String ID="Textword_33" HPOS="2614" VPOS="878" HEIGHT="32" WIDTH="279" CONTENT="Geschäftsbüchern;" WC="0.91" />
            <String ID="Textword_34" HPOS="2920" VPOS="879" HEIGHT="27" WIDTH="126" CONTENT="Gewinn-" WC="0.91" />
            <String ID="Textword_35" HPOS="3067" VPOS="888" HEIGHT="19" WIDTH="25" CONTENT="u." WC="0.86" />
            <String ID="Textword_36" HPOS="3107" VPOS="881" HEIGHT="26" WIDTH="65" CONTENT="Ver-" WC="0.93" />
          </TextLine>
          <TextLine ID="TextLine_15" HPOS="2612" VPOS="913" HEIGHT="35" WIDTH="560">
            <String ID="Textword_37" HPOS="2612" VPOS="913" HEIGHT="35" WIDTH="240" CONTENT="lustrechnungen," WC="0.89" />
            <String ID="Textword_38" HPOS="2880" VPOS="915" HEIGHT="27" WIDTH="129" CONTENT="Bilanzen" WC="0.92" />
            <String ID="Textword_39" HPOS="3029" VPOS="916" HEIGHT="26" WIDTH="57" CONTENT="und" WC="0.93" />
            <String ID="Textword_40" HPOS="3107" VPOS="916" HEIGHT="27" WIDTH="65" CONTENT="Gut-" WC="0.92" />
          </TextLine>
          <TextLine ID="TextLine_16" HPOS="2613" VPOS="948" HEIGHT="37" WIDTH="557">
            <String ID="Textword_41" HPOS="2613" VPOS="948" HEIGHT="31" WIDTH="97" CONTENT="achten" WC="0.92" />
            <String ID="Textword_42" HPOS="2734" VPOS="951" HEIGHT="25" WIDTH="46" CONTENT="für" WC="0.93" />
            <String ID="Textword_43" HPOS="2800" VPOS="950" HEIGHT="34" WIDTH="139" CONTENT="Gewerbe," WC="0.90" />
            <String ID="Textword_44" HPOS="2961" VPOS="951" HEIGHT="34" WIDTH="103" CONTENT="Hotels," WC="0.88" />
            <String ID="Textword_45" HPOS="3095" VPOS="952" HEIGHT="26" WIDTH="75" CONTENT="Han-" WC="0.88" />
          </TextLine>
          <TextLine ID="TextLine_17" HPOS="2613" VPOS="984" HEIGHT="36" WIDTH="764">
            <String ID="Textword_46" HPOS="2613" VPOS="984" HEIGHT="26" WIDTH="55" CONTENT="del-" WC="0.90" />
            <String ID="Textword_47" HPOS="2696" VPOS="986" HEIGHT="25" WIDTH="56" CONTENT="usd" WC="0.54" />
            <String ID="Textword_48" HPOS="2781" VPOS="986" HEIGHT="34" WIDTH="254" CONTENT="Fabrikgeschäfte," WC="0.87" />
            <String ID="Textword_49" HPOS="3068" VPOS="987" HEIGHT="27" WIDTH="103" CONTENT="Gesell-" WC="0.90" />
            <String ID="Textword_50" HPOS="3330" VPOS="995" HEIGHT="23" WIDTH="47" CONTENT="3" WC="0.72" />
          </TextLine>
          <TextLine ID="TextLine_18" HPOS="2613" VPOS="1020" HEIGHT="39" WIDTH="767">
            <String ID="Textword_51" HPOS="2613" VPOS="1020" HEIGHT="26" WIDTH="124" CONTENT="schaften" WC="0.95" />
            <String ID="Textword_52" HPOS="2765" VPOS="1021" HEIGHT="34" WIDTH="78" CONTENT="jeder" WC="0.96" />
            <String ID="Textword_53" HPOS="2874" VPOS="1023" HEIGHT="25" WIDTH="59" CONTENT="Art." WC="0.93" />
            <String ID="Textword_54" HPOS="2972" VPOS="1022" HEIGHT="27" WIDTH="111" CONTENT="Diskret" WC="0.91" />
            <String ID="Textword_55" HPOS="3115" VPOS="1023" HEIGHT="26" WIDTH="57" CONTENT="und" WC="0.96" />
            <String ID="Textword_56" HPOS="3332" VPOS="1024" HEIGHT="35" WIDTH="48" CONTENT="Ÿ" WC="0.46" />
          </TextLine>
          <TextLine ID="TextLine_19" HPOS="2612" VPOS="1056" HEIGHT="33" WIDTH="732">
            <String ID="Textword_57" HPOS="2612" VPOS="1056" HEIGHT="33" WIDTH="204" CONTENT="gewissenhaft." WC="0.95" />
            <String ID="Textword_58" HPOS="3323" VPOS="1060" HEIGHT="9" WIDTH="21" CONTENT="$" WC="0.64" />
          </TextLine>
        </TextBlock>
        <TextBlock ID="TextBlock_10" HPOS="2656" VPOS="1092" HEIGHT="113" WIDTH="689">
          <TextLine ID="TextLine_20" HPOS="2669" VPOS="1092" HEIGHT="47" WIDTH="665">
            <String ID="Textword_59" HPOS="2669" VPOS="1092" HEIGHT="32" WIDTH="43" CONTENT="C." WC="0.89" />
            <String ID="Textword_60" HPOS="2730" VPOS="1092" HEIGHT="31" WIDTH="49" CONTENT="À." WC="0.73" />
            <String ID="Textword_61" HPOS="2796" VPOS="1092" HEIGHT="33" WIDTH="47" CONTENT="0." WC="0.29" />
            <String ID="Textword_62" HPOS="2863" VPOS="1093" HEIGHT="33" WIDTH="256" CONTENT="Gademann" WC="0.91" />
            <String ID="Textword_63" HPOS="3326" VPOS="1126" HEIGHT="13" WIDTH="8" CONTENT="i" WC="0.69" />
          </TextLine>
          <TextLine ID="TextLine_21" HPOS="2786" VPOS="1137" HEIGHT="28" WIDTH="559">
            <String ID="Textword_64" HPOS="2786" VPOS="1137" HEIGHT="27" WIDTH="211" CONTENT="Biicherrevisor" WC="0.91" />
            <String ID="Textword_65" HPOS="3323" VPOS="1137" HEIGHT="34" WIDTH="22" CONTENT="©" WC="0.42" />
          </TextLine>
          <TextLine ID="TextLine_22" HPOS="2656" VPOS="1170" HEIGHT="35" WIDTH="471">
            <String ID="Textword_66" HPOS="2656" VPOS="1170" HEIGHT="28" WIDTH="147" CONTENT="Zürich" WC="0.93" />
            <String ID="Textword_67" HPOS="2823" VPOS="1171" HEIGHT="34" WIDTH="31" CONTENT="I," WC="0.93" />
            <String ID="Textword_68" HPOS="2875" VPOS="1172" HEIGHT="27" WIDTH="190" CONTENT="Gessnerallee" WC="0.91" />
            <String ID="Textword_69" HPOS="3085" VPOS="1173" HEIGHT="26" WIDTH="42" CONTENT="50." WC="0.96" />
            <String ID="Textword_70" HPOS="3331" VPOS="1175" HEIGHT="12" WIDTH="13" CONTENT="€" WC="0.37" />
          </TextLine>
        </TextBlock>
        <TextBlock ID="TextBlock_11" HPOS="2652" VPOS="1254" HEIGHT="70" WIDTH="494">
          <TextLine ID="TextLine_23" HPOS="2652" VPOS="1254" HEIGHT="70" WIDTH="494">
            <String ID="Textword_71" HPOS="2652" VPOS="1254" HEIGHT="70" WIDTH="494" CONTENT="Buchhaltung." WC="0.88" />
          </TextLine>
        </TextBlock>
        <TextBlock ID="TextBlock_12" HPOS="2612" VPOS="1323" HEIGHT="280" WIDTH="732">
          <TextLine ID="TextLine_24" HPOS="2613" VPOS="1323" HEIGHT="37" WIDTH="731">
            <String ID="Textword_72" HPOS="2613" VPOS="1323" HEIGHT="25" WIDTH="68" CONTENT="nach" WC="0.93" />
            <String ID="Textword_73" HPOS="2703" VPOS="1323" HEIGHT="26" WIDTH="70" CONTENT="allen" WC="0.91" />
            <String ID="Textword_74" HPOS="2788" VPOS="1324" HEIGHT="33" WIDTH="142" CONTENT="Systemen" WC="0.92" />
            <String ID="Textword_75" HPOS="2948" VPOS="1324" HEIGHT="27" WIDTH="53" CONTENT="nnd" WC="0.92" />
            <String ID="Textword_76" HPOS="3013" VPOS="1325" HEIGHT="34" WIDTH="92" CONTENT="jedem" WC="0.92" />
            <String ID="Textword_77" HPOS="3121" VPOS="1325" HEIGHT="26" WIDTH="51" CONTENT="Ge-" WC="0.92" />
            <String ID="Textword_78" HPOS="3337" VPOS="1335" HEIGHT="25" WIDTH="7" CONTENT="i" WC="0.36" />
          </TextLine>
          <TextLine ID="TextLine_25" HPOS="2612" VPOS="1357" HEIGHT="36" WIDTH="732">
            <String ID="Textword_79" HPOS="2612" VPOS="1357" HEIGHT="28" WIDTH="208" CONTENT="schäftsbetrieb" WC="0.91" />
            <String ID="Textword_80" HPOS="2878" VPOS="1366" HEIGHT="27" WIDTH="156" CONTENT="angepasst," WC="0.63" />
            <String ID="Textword_81" HPOS="3086" VPOS="1361" HEIGHT="26" WIDTH="87" CONTENT=" Nach-" WC="0.61" />
            <String ID="Textword_82" HPOS="3330" VPOS="1360" HEIGHT="22" WIDTH="14" CONTENT="3" WC="0.42" />
          </TextLine>
          <TextLine ID="TextLine_26" HPOS="2613" VPOS="1395" HEIGHT="32" WIDTH="560">
            <String ID="Textword_83" HPOS="2613" VPOS="1397" HEIGHT="30" WIDTH="120" CONTENT="fragung" WC="0.87" />
            <String ID="Textword_84" HPOS="2775" VPOS="1402" HEIGHT="18" WIDTH="50" CONTENT="von" WC="0.92" />
            <String ID="Textword_85" HPOS="2871" VPOS="1395" HEIGHT="32" WIDTH="130" CONTENT="Büchern," WC="0.92" />
            <String ID="Textword_86" HPOS="3051" VPOS="1397" HEIGHT="26" WIDTH="122" CONTENT="Biicher-" WC="0.64" />
          </TextLine>
          <TextLine ID="TextLine_27" HPOS="2612" VPOS="1430" HEIGHT="34" WIDTH="559">
            <String ID="Textword_87" HPOS="2612" VPOS="1436" HEIGHT="18" WIDTH="31" CONTENT="ex" WC="0.93" />
            <String ID="Textword_88" HPOS="2665" VPOS="1432" HEIGHT="23" WIDTH="101" CONTENT="ertisen" WC="0.86" />
            <String ID="Textword_89" HPOS="2811" VPOS="1430" HEIGHT="26" WIDTH="52" CONTENT="und" WC="0.90" />
            <String ID="Textword_90" HPOS="2913" VPOS="1431" HEIGHT="33" WIDTH="156" CONTENT="Erstellung" WC="0.84" />
            <String ID="Textword_91" HPOS="3118" VPOS="1440" HEIGHT="18" WIDTH="53" CONTENT="von" WC="0.94" />
          </TextLine>
          <TextLine ID="TextLine_28" HPOS="2614" VPOS="1464" HEIGHT="37" WIDTH="563">
            <String ID="Textword_92" HPOS="2614" VPOS="1464" HEIGHT="27" WIDTH="130" CONTENT="Bilanzen" WC="0.94" />
            <String ID="Textword_93" HPOS="2774" VPOS="1464" HEIGHT="35" WIDTH="109" CONTENT="besorgt" WC="0.96" />
            <String ID="Textword_94" HPOS="2914" VPOS="1466" HEIGHT="35" WIDTH="170" CONTENT="zuverlässig" WC="0.96" />
            <String ID="Textword_95" HPOS="3117" VPOS="1468" HEIGHT="27" WIDTH="60" CONTENT="und" WC="0.96" />
          </TextLine>
          <TextLine ID="TextLine_29" HPOS="2612" VPOS="1499" HEIGHT="35" WIDTH="561">
            <String ID="Textword_96" HPOS="2612" VPOS="1500" HEIGHT="26" WIDTH="105" CONTENT="diskret" WC="0.27" />
            <String ID="Textword_97" HPOS="2720" VPOS="1499" HEIGHT="35" WIDTH="324" CONTENT="E.Muggli-Isler," WC="0.27" />
            <String ID="Textword_98" HPOS="3054" VPOS="1503" HEIGHT="26" WIDTH="119" CONTENT="Bücher-" WC="0.91" />
          </TextLine>
          <TextLine ID="TextLine_30" HPOS="2613" VPOS="1536" HEIGHT="32" WIDTH="560">
            <String ID="Textword_99" HPOS="2613" VPOS="1538" HEIGHT="30" WIDTH="110" CONTENT="experte" WC="0.93" />
            <String ID="Textword_100" HPOS="2737" VPOS="1536" HEIGHT="32" WIDTH="83" CONTENT="ehem" WC="0.91" />
            <String ID="Textword_101" HPOS="2837" VPOS="1537" HEIGHT="26" WIDTH="143" CONTENT="Prokurist" WC="0.92" />
            <String ID="Textword_102" HPOS="2988" VPOS="1538" HEIGHT="26" WIDTH="46" CONTENT="der" WC="0.93" />
            <String ID="Textword_103" HPOS="3040" VPOS="1539" HEIGHT="26" WIDTH="133" CONTENT="Schweiz." WC="0.93" />
          </TextLine>
          <TextLine ID="TextLine_31" HPOS="2616" VPOS="1570" HEIGHT="33" WIDTH="423">
            <String ID="Textword_104" HPOS="2616" VPOS="1571" HEIGHT="32" WIDTH="170" CONTENT="Volksoank)" WC="0.62" />
            <String ID="Textword_105" HPOS="2805" VPOS="1570" HEIGHT="29" WIDTH="153" CONTENT="Zürich" WC="0.88" />
            <String ID="Textword_106" HPOS="2975" VPOS="1572" HEIGHT="28" WIDTH="64" CONTENT="IV." WC="0.93" />
          </TextLine>
        </TextBlock>
        <TextBlock ID="TextBlock_13" HPOS="2693" VPOS="1658" HEIGHT="130" WIDTH="424">
          <TextLine ID="TextLine_32" HPOS="2693" VPOS="1658" HEIGHT="130" WIDTH="424">
            <String ID="Textword_107" HPOS="2693" VPOS="1658" HEIGHT="130" WIDTH="424" CONTENT="Modelle" WC="0.72" />
            <String ID="Textword_108" HPOS="3305" VPOS="1706" HEIGHT="53" WIDTH="83" CONTENT="|" WC="0.47" />
          </TextLine>
        </TextBlock>
        <TextBlock ID="TextBlock_14" HPOS="2618" VPOS="1812" HEIGHT="33" WIDTH="557">
          <TextLine ID="TextLine_33" HPOS="2618" VPOS="1812" HEIGHT="33" WIDTH="557">
            <String ID="Textword_109" HPOS="2618" VPOS="1813" HEIGHT="32" WIDTH="84" CONTENT="85" WC="0.65" />
            <String ID="Textword_110" HPOS="2723" VPOS="1812" HEIGHT="27" WIDTH="45" CONTENT="für" WC="0.93" />
            <String ID="Textword_111" HPOS="2788" VPOS="1812" HEIGHT="28" WIDTH="169" CONTENT="Giessereien" WC="0.88" />
            <String ID="Textword_112" HPOS="2982" VPOS="1814" HEIGHT="26" WIDTH="55" CONTENT="und" WC="0.93" />
            <String ID="Textword_113" HPOS="3058" VPOS="1814" HEIGHT="27" WIDTH="117" CONTENT="Maschi-" WC="0.93" />
          </TextLine>
        </TextBlock>
        <TextBlock ID="TextBlock_15" HPOS="2608" VPOS="653" HEIGHT="12" WIDTH="561">
          <TextLine ID="TextLine_34" HPOS="2608" VPOS="653" HEIGHT="12" WIDTH="561">
            <SP ID="Textword_4" HPOS="2608" VPOS="653" />
            <String ID="Textword_114" HPOS="2608" VPOS="653" HEIGHT="12" WIDTH="561" CONTENT=" " WC="0.95" />
          </TextLine>
        </TextBlock>
        <TextBlock ID="TextBlock_16" HPOS="3327" VPOS="674" HEIGHT="237" WIDTH="26">
          <TextLine ID="TextLine_35" HPOS="3327" VPOS="674" HEIGHT="237" WIDTH="26">
            <String ID="Textword_115" HPOS="3327" VPOS="674" HEIGHT="237" WIDTH="26" CONTENT="N" WC="0.12" />
          </TextLine>
        </TextBlock>
        <TextBlock ID="TextBlock_17" HPOS="2613" VPOS="1224" HEIGHT="11" WIDTH="559">
          <TextLine ID="TextLine_36" HPOS="2613" VPOS="1224" HEIGHT="11" WIDTH="559">
            <SP ID="Textword_5" HPOS="2613" VPOS="1224" />
            <String ID="Textword_116" HPOS="2613" VPOS="1224" HEIGHT="11" WIDTH="559" CONTENT=" " WC="0.95" />
          </TextLine>
        </TextBlock>
        <TextBlock ID="TextBlock_18" HPOS="670" VPOS="1346" HEIGHT="100" WIDTH="3">
          <TextLine ID="TextLine_37" HPOS="670" VPOS="1346" HEIGHT="100" WIDTH="3">
            <SP ID="Textword_6" HPOS="670" VPOS="1346" />
            <String ID="Textword_117" HPOS="670" VPOS="1346" HEIGHT="100" WIDTH="3" CONTENT=" " WC="0.95" />
          </TextLine>
        </TextBlock>
        <TextBlock ID="TextBlock_19" HPOS="2613" VPOS="1624" HEIGHT="10" WIDTH="559">
          <TextLine ID="TextLine_38" HPOS="2613" VPOS="1624" HEIGHT="10" WIDTH="559">
            <SP ID="Textword_7" HPOS="2613" VPOS="1624" />
            <String ID="Textword_118" HPOS="2613" VPOS="1624" HEIGHT="10" WIDTH="559" CONTENT=" " WC="0.95" />
          </TextLine>
        </TextBlock>
        <TextBlock ID="TextBlock_20" HPOS="586" VPOS="1460" HEIGHT="221" WIDTH="3">
          <TextLine ID="TextLine_39" HPOS="586" VPOS="1460" HEIGHT="221" WIDTH="3">
            <SP ID="Textword_8" HPOS="586" VPOS="1460" />
            <String ID="Textword_119" HPOS="586" VPOS="1460" HEIGHT="221" WIDTH="3" CONTENT=" " WC="0.95" />
          </TextLine>
        </TextBlock>
        <TextBlock ID="TextBlock_21" HPOS="558" VPOS="1828" HEIGHT="76" WIDTH="1">
          <TextLine ID="TextLine_40" HPOS="558" VPOS="1828" HEIGHT="76" WIDTH="1">
            <SP ID="Textword_9" HPOS="558" VPOS="1828" />
            <String ID="Textword_120" HPOS="558" VPOS="1828" HEIGHT="76" WIDTH="1" CONTENT=" " WC="0.95" />
          </TextLine>
        </TextBlock>
        <TextBlock ID="TextBlock_22" HPOS="489" VPOS="1877" HEIGHT="4" WIDTH="87">
          <TextLine ID="TextLine_41" HPOS="489" VPOS="1877" HEIGHT="4" WIDTH="87">
            <SP ID="Textword_10" HPOS="489" VPOS="1877" />
            <String ID="Textword_121" HPOS="489" VPOS="1877" HEIGHT="4" WIDTH="87" CONTENT=" " WC="0.95" />
          </TextLine>
        </TextBlock>
        <TextBlock ID="TextBlock_23" HPOS="489" VPOS="1890" HEIGHT="1" WIDTH="108">
          <TextLine ID="TextLine_42" HPOS="489" VPOS="1890" HEIGHT="1" WIDTH="108">
            <SP ID="Textword_11" HPOS="489" VPOS="1890" />
            <String ID="Textword_122" HPOS="489" VPOS="1890" HEIGHT="1" WIDTH="108" CONTENT=" " WC="0.95" />
          </TextLine>
        </TextBlock>
        <TextBlock ID="TextBlock_24" HPOS="3340" VPOS="1384" HEIGHT="579" WIDTH="8">
          <TextLine ID="TextLine_43" HPOS="3340" VPOS="1384" HEIGHT="579" WIDTH="8">
            <SP ID="Textword_12" HPOS="3340" VPOS="1384" />
            <String ID="Textword_123" HPOS="3340" VPOS="1384" HEIGHT="579" WIDTH="8" CONTENT=" " WC="0.95" />
          </TextLine>
        </TextBlock>
        <TextBlock ID="TextBlock_25" HPOS="954" VPOS="1867" HEIGHT="102" WIDTH="12">
          <TextLine ID="TextLine_44" HPOS="954" VPOS="1867" HEIGHT="102" WIDTH="12">
            <SP ID="Textword_13" HPOS="954" VPOS="1867" />
            <String ID="Textword_124" HPOS="954" VPOS="1867" HEIGHT="102" WIDTH="12" CONTENT=" " WC="0.95" />
          </TextLine>
        </TextBlock>
        <TextBlock ID="TextBlock_26" HPOS="2617" VPOS="2112" HEIGHT="9" WIDTH="557">
          <TextLine ID="TextLine_45" HPOS="2617" VPOS="2112" HEIGHT="9" WIDTH="557">
            <SP ID="Textword_14" HPOS="2617" VPOS="2112" />
            <String ID="Textword_125" HPOS="2617" VPOS="2112" HEIGHT="9" WIDTH="557" CONTENT=" " WC="0.95" />
          </TextLine>
        </TextBlock>
        <TextBlock ID="TextBlock_27" HPOS="2655" VPOS="2144" HEIGHT="8" WIDTH="500">
          <TextLine ID="TextLine_46" HPOS="2655" VPOS="2144" HEIGHT="8" WIDTH="500">
            <SP ID="Textword_15" HPOS="2655" VPOS="2144" />
            <String ID="Textword_126" HPOS="2655" VPOS="2144" HEIGHT="8" WIDTH="500" CONTENT=" " WC="0.95" />
          </TextLine>
        </TextBlock>
        <TextBlock ID="TextBlock_28" HPOS="812" VPOS="2083" HEIGHT="113" WIDTH="12">
          <TextLine ID="TextLine_47" HPOS="812" VPOS="2083" HEIGHT="113" WIDTH="12">
            <SP ID="Textword_16" HPOS="812" VPOS="2083" />
            <String ID="Textword_127" HPOS="812" VPOS="2083" HEIGHT="113" WIDTH="12" CONTENT=" " WC="0.95" />
          </TextLine>
        </TextBlock>
        <TextBlock ID="TextBlock_29" HPOS="2650" VPOS="2145" HEIGHT="315" WIDTH="523">
          <TextLine ID="TextLine_48" HPOS="2650" VPOS="2145" HEIGHT="146" WIDTH="523">
            <SP ID="Textword_17" HPOS="2650" VPOS="2145" />
            <String ID="Textword_128" HPOS="2650" VPOS="2145" HEIGHT="146" WIDTH="523" CONTENT="     " WC="0.95" />
          </TextLine>
          <TextLine ID="TextLine_49" HPOS="2650" VPOS="2291" HEIGHT="169" WIDTH="523">
            <SP ID="Textword_18" HPOS="2650" VPOS="2291" />
            <String ID="Textword_129" HPOS="2650" VPOS="2291" HEIGHT="169" WIDTH="523" CONTENT=" " WC="0.95" />
          </TextLine>
        </TextBlock>
        <TextBlock ID="TextBlock_30" HPOS="840" VPOS="2215" HEIGHT="79" WIDTH="1">
          <TextLine ID="TextLine_50" HPOS="840" VPOS="2215" HEIGHT="79" WIDTH="1">
            <SP ID="Textword_19" HPOS="840" VPOS="2215" />
            <String ID="Textword_130" HPOS="840" VPOS="2215" HEIGHT="79" WIDTH="1" CONTENT=" " WC="0.95" />
          </TextLine>
        </TextBlock>
        <TextBlock ID="TextBlock_31" HPOS="479" VPOS="392" HEIGHT="1960" WIDTH="1884">
          <TextLine ID="TextLine_51" HPOS="479" VPOS="392" HEIGHT="1960" WIDTH="1884">
            <SP ID="Textword_20" HPOS="479" VPOS="392" />
            <String ID="Textword_131" HPOS="479" VPOS="392" HEIGHT="1960" WIDTH="1884" CONTENT=" " WC="0.95" />
          </TextLine>
        </TextBlock>
        <TextBlock ID="TextBlock_32" HPOS="487" VPOS="1026" HEIGHT="1316" WIDTH="13">
          <TextLine ID="TextLine_52" HPOS="487" VPOS="1026" HEIGHT="1316" WIDTH="13">
            <SP ID="Textword_21" HPOS="487" VPOS="1026" />
            <String ID="Textword_132" HPOS="487" VPOS="1026" HEIGHT="1316" WIDTH="13" CONTENT=" " WC="0.95" />
          </TextLine>
        </TextBlock>
        <TextBlock ID="TextBlock_33" HPOS="1647" VPOS="2335" HEIGHT="13" WIDTH="701">
          <TextLine ID="TextLine_53" HPOS="1647" VPOS="2335" HEIGHT="13" WIDTH="701">
            <SP ID="Textword_22" HPOS="1647" VPOS="2335" />
            <String ID="Textword_133" HPOS="1647" VPOS="2335" HEIGHT="13" WIDTH="701" CONTENT=" " WC="0.95" />
          </TextLine>
        </TextBlock>
        <TextBlock ID="TextBlock_34" HPOS="2616" VPOS="1827" HEIGHT="404" WIDTH="736">
          <TextLine ID="TextLine_54" HPOS="2617" VPOS="1827" HEIGHT="59" WIDTH="735">
            <String ID="Textword_134" HPOS="2617" VPOS="1848" HEIGHT="33" WIDTH="189" CONTENT="neufabriken," WC="0.92" />
            <String ID="Textword_135" HPOS="2825" VPOS="1849" HEIGHT="25" WIDTH="82" CONTENT="sowie" WC="0.92" />
            <String ID="Textword_136" HPOS="2928" VPOS="1849" HEIGHT="26" WIDTH="44" CONTENT="für" WC="0.93" />
            <String ID="Textword_137" HPOS="2991" VPOS="1849" HEIGHT="27" WIDTH="96" CONTENT="Schul-" WC="0.92" />
            <String ID="Textword_138" HPOS="3117" VPOS="1850" HEIGHT="26" WIDTH="57" CONTENT="und" WC="0.96" />
            <String ID="Textword_139" HPOS="3330" VPOS="1827" HEIGHT="59" WIDTH="22" CONTENT="i" WC="0.34" />
          </TextLine>
          <TextLine ID="TextLine_55" HPOS="2616" VPOS="1883" HEIGHT="35" WIDTH="731">
            <String ID="Textword_140" HPOS="2616" VPOS="1883" HEIGHT="26" WIDTH="210" CONTENT="Patentzwecke" WC="0.91" />
            <String ID="Textword_141" HPOS="2853" VPOS="1884" HEIGHT="34" WIDTH="147" CONTENT="verfertigt" WC="0.92" />
            <String ID="Textword_142" HPOS="3027" VPOS="1885" HEIGHT="25" WIDTH="70" CONTENT="nach" WC="0.93" />
            <String ID="Textword_143" HPOS="3117" VPOS="1886" HEIGHT="25" WIDTH="56" CONTENT="ein-" WC="0.92" />
            <String ID="Textword_144" HPOS="3341" VPOS="1887" HEIGHT="14" WIDTH="6" CONTENT="4" WC="0.56" />
          </TextLine>
          <TextLine ID="TextLine_56" HPOS="2617" VPOS="1919" HEIGHT="33" WIDTH="557">
            <String ID="Textword_145" HPOS="2617" VPOS="1919" HEIGHT="32" WIDTH="147" CONTENT="gesandter" WC="0.92" />
            <String ID="Textword_146" HPOS="2790" VPOS="1919" HEIGHT="33" WIDTH="158" CONTENT="Zeichnung" WC="0.95" />
            <String ID="Textword_147" HPOS="2976" VPOS="1920" HEIGHT="26" WIDTH="65" CONTENT="oder" WC="0.96" />
            <String ID="Textword_148" HPOS="3070" VPOS="1920" HEIGHT="26" WIDTH="104" CONTENT="Muster" WC="0.96" />
            <String ID="Textword_149" HPOS="3324" VPOS="1926" HEIGHT="26" WIDTH="22" CONTENT="$" WC="0.51" />
          </TextLine>
          <TextLine ID="TextLine_57" HPOS="2618" VPOS="1953" HEIGHT="39" WIDTH="729">
            <String ID="Textword_150" HPOS="2618" VPOS="1954" HEIGHT="25" WIDTH="41" CONTENT="bei" WC="0.93" />
            <String ID="Textword_151" HPOS="2690" VPOS="1953" HEIGHT="29" WIDTH="139" CONTENT="billigsten" WC="0.90" />
            <String ID="Textword_152" HPOS="2859" VPOS="1954" HEIGHT="27" WIDTH="112" CONTENT="Preisen" WC="0.90" />
            <String ID="Textword_153" HPOS="3001" VPOS="1955" HEIGHT="26" WIDTH="57" CONTENT="und" WC="0.92" />
            <String ID="Textword_154" HPOS="3086" VPOS="1956" HEIGHT="25" WIDTH="87" CONTENT="tadel-" WC="0.92" />
            <String ID="Textword_155" HPOS="3329" VPOS="1960" HEIGHT="32" WIDTH="18" CONTENT="$" WC="0.48" />
          </TextLine>
          <TextLine ID="TextLine_58" HPOS="2616" VPOS="1988" HEIGHT="40" WIDTH="727">
            <String ID="Textword_156" HPOS="2616" VPOS="1989" HEIGHT="26" WIDTH="71" CONTENT="loser" WC="0.92" />
            <String ID="Textword_157" HPOS="2706" VPOS="1988" HEIGHT="36" WIDTH="186" CONTENT="Ausführung" WC="0.91" />
            <String ID="Textword_158" HPOS="3125" VPOS="1995" HEIGHT="8" WIDTH="8" CONTENT=":" WC="0.13" />
            <String ID="Textword_159" HPOS="3329" VPOS="1993" HEIGHT="35" WIDTH="16" CONTENT="5" WC="0.44" />
          </TextLine>
          <TextLine ID="TextLine_59" HPOS="2792" VPOS="2024" HEIGHT="33" WIDTH="221">
            <String ID="Textword_160" HPOS="2792" VPOS="2024" HEIGHT="27" WIDTH="47" CONTENT="A." WC="0.93" />
            <String ID="Textword_161" HPOS="2849" VPOS="2024" HEIGHT="33" WIDTH="164" CONTENT="Locher," WC="0.95" />
            <String ID="Textword_162" HPOS="3333" VPOS="2029" HEIGHT="28" WIDTH="31" CONTENT="a" WC="0.03" />
          </TextLine>
          <TextLine ID="TextLine_60" HPOS="2700" VPOS="2060" HEIGHT="45" WIDTH="649">
            <String ID="Textword_163" HPOS="2700" VPOS="2060" HEIGHT="25" WIDTH="85" CONTENT="mech." WC="0.91" />
            <String ID="Textword_164" HPOS="2801" VPOS="2061" HEIGHT="34" WIDTH="273" CONTENT="Modellschreinerei," WC="0.91" />
            <String ID="Textword_165" HPOS="3095" VPOS="2061" HEIGHT="27" WIDTH="78" CONTENT="Bern." WC="0.96" />
            <String ID="Textword_166" HPOS="3324" VPOS="2061" HEIGHT="44" WIDTH="25" CONTENT="$" WC="0.84" />
          </TextLine>
          <TextLine ID="TextLine_61" HPOS="2655" VPOS="2133" HEIGHT="53" WIDTH="692">
            <String ID="Textword_167" HPOS="2655" VPOS="2145" HEIGHT="2" WIDTH="3" CONTENT="|" WC="0.76" />
            <String ID="Textword_168" HPOS="2688" VPOS="2167" HEIGHT="17" WIDTH="74" CONTENT="TS" WC="0.35" />
            <String ID="Textword_169" HPOS="2772" VPOS="2169" HEIGHT="14" WIDTH="103" CONTENT="RUE" WC="0.42" />
            <String ID="Textword_170" HPOS="2876" VPOS="2167" HEIGHT="14" WIDTH="177" CONTENT="rider" WC="0.05" />
            <String ID="Textword_171" HPOS="3058" VPOS="2170" HEIGHT="3" WIDTH="57" CONTENT="ia" WC="0.00" />
            <String ID="Textword_172" HPOS="3330" VPOS="2133" HEIGHT="53" WIDTH="17" CONTENT="i" WC="0.26" />
          </TextLine>
          <TextLine ID="TextLine_62" HPOS="2677" VPOS="2173" HEIGHT="58" WIDTH="449">
            <String ID="Textword_173" HPOS="2677" VPOS="2173" HEIGHT="72" WIDTH="670" CONTENT="Sa)" WC="0.43" />
          </TextLine>
        </TextBlock>
        <TextBlock ID="TextBlock_35" HPOS="563" VPOS="2392" HEIGHT="217" WIDTH="2517">
          <TextLine ID="TextLine_63" HPOS="563" VPOS="2392" HEIGHT="94" WIDTH="1968">
            <String ID="Textword_174" HPOS="563" VPOS="2392" HEIGHT="81" WIDTH="708" CONTENT="ALLEINVERKAUF" WC="0.92" />
            <String ID="Textword_175" HPOS="1330" VPOS="2394" HEIGHT="68" WIDTH="170" CONTENT="UND" WC="0.93" />
            <String ID="Textword_176" HPOS="1562" VPOS="2392" HEIGHT="71" WIDTH="719" CONTENT="GENERALDEPOT" WC="0.90" />
          </TextLine>
          <TextLine ID="TextLine_64" HPOS="1116" VPOS="2507" HEIGHT="102" WIDTH="1964">
            <String ID="Textword_177" HPOS="1116" VPOS="2510" HEIGHT="65" WIDTH="94" CONTENT="für" WC="0.95" />
            <String ID="Textword_178" HPOS="1259" VPOS="2511" HEIGHT="64" WIDTH="95" CONTENT="die" WC="0.95" />
            <String ID="Textword_179" HPOS="1404" VPOS="2507" HEIGHT="71" WIDTH="572" CONTENT="Schweiz:" WC="0.65" />
            <String ID="Textword_180" HPOS="2613" VPOS="2515" HEIGHT="94" WIDTH="236" CONTENT="Clichés" WC="0.24" />
            <String ID="Textword_181" HPOS="2875" VPOS="2513" HEIGHT="83" WIDTH="205" CONTENT="moï" WC="0.00" />
          </TextLine>
        </TextBlock>
        <TextBlock ID="TextBlock_36" HPOS="2917" VPOS="2555" HEIGHT="43" WIDTH="237">
          <TextLine ID="TextLine_65" HPOS="2917" VPOS="2555" HEIGHT="43" WIDTH="237">
            <String ID="Textword_182" HPOS="2917" VPOS="2555" HEIGHT="43" WIDTH="237" CONTENT="olzschnitt" WC="0.82" />
          </TextLine>
        </TextBlock>
        <TextBlock ID="TextBlock_37" HPOS="227" VPOS="2609" HEIGHT="143" WIDTH="2917">
          <TextLine ID="TextLine_66" HPOS="227" VPOS="2609" HEIGHT="143" WIDTH="2917">
            <String ID="Textword_183" HPOS="102" VPOS="2658" HEIGHT="66" WIDTH="127" CONTENT="&gt;" WC="0.16" />
            <String ID="Textword_184" HPOS="526" VPOS="2621" HEIGHT="99" WIDTH="248" CONTENT="ROB." WC="0.89" />
            <String ID="Textword_185" HPOS="835" VPOS="2621" HEIGHT="119" WIDTH="365" CONTENT="JACOB" WC="0.90" />
            <String ID="Textword_186" HPOS="1270" VPOS="2630" HEIGHT="89" WIDTH="69" CONTENT="&amp;" WC="0.90" />
            <String ID="Textword_187" HPOS="1410" VPOS="2624" HEIGHT="119" WIDTH="122" CONTENT="Ce," WC="0.70" />
            <String ID="Textword_188" HPOS="1608" VPOS="2620" HEIGHT="132" WIDTH="801" CONTENT="WINTERTHUR" WC="0.91" />
            <String ID="Textword_189" HPOS="2480" VPOS="2682" HEIGHT="17" WIDTH="51" CONTENT="[75" WC="0.40" />
            <String ID="Textword_190" HPOS="2611" VPOS="2609" HEIGHT="114" WIDTH="355" CONTENT="Bogpram," WC="0.00" />
            <String ID="Textword_191" HPOS="2969" VPOS="2609" HEIGHT="105" WIDTH="175" CONTENT="ziert" WC="0.23" />
          </TextLine>
        </TextBlock>
        <TextBlock ID="TextBlock_38" HPOS="2699" VPOS="2723" HEIGHT="25" WIDTH="384">
          <TextLine ID="TextLine_67" HPOS="2699" VPOS="2723" HEIGHT="25" WIDTH="384">
            <String ID="Textword_192" HPOS="2699" VPOS="2733" HEIGHT="6" WIDTH="53" CONTENT="—" WC="0.51" />
            <String ID="Textword_193" HPOS="2767" VPOS="2723" HEIGHT="25" WIDTH="116" CONTENT="Telephon" WC="0.91" />
            <String ID="Textword_194" HPOS="2899" VPOS="2723" HEIGHT="21" WIDTH="39" CONTENT="Nr." WC="0.96" />
            <String ID="Textword_195" HPOS="2954" VPOS="2723" HEIGHT="20" WIDTH="61" CONTENT="7508." WC="0.73" />
            <String ID="Textword_196" HPOS="3029" VPOS="2733" HEIGHT="7" WIDTH="54" CONTENT="—" WC="0.76" />
          </TextLine>
        </TextBlock>
        <TextBlock ID="TextBlock_39" HPOS="2612" VPOS="2475" HEIGHT="11" WIDTH="558">
          <TextLine ID="TextLine_68" HPOS="2612" VPOS="2475" HEIGHT="11" WIDTH="558">
            <SP ID="Textword_23" HPOS="2612" VPOS="2475" />
            <String ID="Textword_197" HPOS="2612" VPOS="2475" HEIGHT="11" WIDTH="558" CONTENT=" " WC="0.95" />
          </TextLine>
        </TextBlock>
        <TextBlock ID="TextBlock_40" HPOS="3312" VPOS="2479" HEIGHT="69" WIDTH="63">
          <TextLine ID="TextLine_69" HPOS="3312" VPOS="2501" HEIGHT="18" WIDTH="17">
            <String ID="Textword_198" HPOS="3312" VPOS="2501" HEIGHT="18" WIDTH="17" CONTENT="x" WC="0.21" />
          </TextLine>
          <TextLine ID="TextLine_70" HPOS="3366" VPOS="2479" HEIGHT="69" WIDTH="9">
            <String ID="Textword_199" HPOS="3366" VPOS="2479" HEIGHT="69" WIDTH="9" CONTENT="es" WC="0.42" />
          </TextLine>
        </TextBlock>
        <TextBlock ID="TextBlock_41" HPOS="277" VPOS="2760" HEIGHT="12" WIDTH="2307">
          <TextLine ID="TextLine_71" HPOS="277" VPOS="2760" HEIGHT="12" WIDTH="2307">
            <SP ID="Textword_24" HPOS="277" VPOS="2760" />
            <String ID="Textword_200" HPOS="277" VPOS="2760" HEIGHT="12" WIDTH="2307" CONTENT=" " WC="0.95" />
          </TextLine>
        </TextBlock>
        <TextBlock ID="TextBlock_42" HPOS="2614" VPOS="2768" HEIGHT="9" WIDTH="558">
          <TextLine ID="TextLine_72" HPOS="2614" VPOS="2768" HEIGHT="9" WIDTH="558">
            <SP ID="Textword_25" HPOS="2614" VPOS="2768" />
            <String ID="Textword_201" HPOS="2614" VPOS="2768" HEIGHT="9" WIDTH="558" CONTENT=" " WC="0.95" />
          </TextLine>
        </TextBlock>
        <TextBlock ID="TextBlock_43" HPOS="269" VPOS="2783" HEIGHT="787" WIDTH="2911">
          <TextLine ID="TextLine_73" HPOS="269" VPOS="2783" HEIGHT="106" WIDTH="2911">
            <SP ID="Textword_26" HPOS="269" VPOS="2783" />
            <String ID="Textword_202" HPOS="269" VPOS="2783" HEIGHT="106" WIDTH="2911" CONTENT=" " WC="0.95" />
          </TextLine>
          <TextLine ID="TextLine_74" HPOS="269" VPOS="2889" HEIGHT="134" WIDTH="1331">
            <SP ID="Textword_27" HPOS="269" VPOS="2889" />
            <String ID="Textword_203" HPOS="269" VPOS="2889" HEIGHT="134" WIDTH="1331" CONTENT=" " WC="0.95" />
          </TextLine>
          <TextLine ID="TextLine_75" HPOS="269" VPOS="3023" HEIGHT="110" WIDTH="102">
            <SP ID="Textword_28" HPOS="269" VPOS="3023" />
            <String ID="Textword_204" HPOS="269" VPOS="3023" HEIGHT="110" WIDTH="102" CONTENT=" " WC="0.95" />
          </TextLine>
          <TextLine ID="TextLine_76" HPOS="270" VPOS="3133" HEIGHT="242" WIDTH="68">
            <SP ID="Textword_29" HPOS="270" VPOS="3133" />
            <String ID="Textword_205" HPOS="270" VPOS="3133" HEIGHT="242" WIDTH="68" CONTENT="   " WC="0.95" />
          </TextLine>
          <TextLine ID="TextLine_77" HPOS="270" VPOS="3411" HEIGHT="159" WIDTH="68">
            <SP ID="Textword_30" HPOS="270" VPOS="3411" />
            <String ID="Textword_206" HPOS="270" VPOS="3411" HEIGHT="159" WIDTH="68" CONTENT="     " WC="0.95" />
          </TextLine>
        </TextBlock>
        <TextBlock ID="TextBlock_44" HPOS="1505" VPOS="2850" HEIGHT="11" WIDTH="1017">
          <TextLine ID="TextLine_78" HPOS="1505" VPOS="2850" HEIGHT="11" WIDTH="1017">
            <SP ID="Textword_31" HPOS="1505" VPOS="2850" />
            <String ID="Textword_207" HPOS="1505" VPOS="2850" HEIGHT="11" WIDTH="1017" CONTENT=" " WC="0.95" />
          </TextLine>
        </TextBlock>
        <TextBlock ID="TextBlock_45" HPOS="1568" VPOS="2913" HEIGHT="9" WIDTH="891">
          <TextLine ID="TextLine_79" HPOS="1568" VPOS="2913" HEIGHT="9" WIDTH="891">
            <SP ID="Textword_32" HPOS="1568" VPOS="2913" />
            <String ID="Textword_208" HPOS="1568" VPOS="2913" HEIGHT="9" WIDTH="891" CONTENT=" " WC="0.95" />
          </TextLine>
        </TextBlock>
        <TextBlock ID="TextBlock_46" HPOS="3322" VPOS="3004" HEIGHT="11" WIDTH="28">
          <TextLine ID="TextLine_80" HPOS="3322" VPOS="3004" HEIGHT="11" WIDTH="28">
            <String ID="Textword_209" HPOS="3322" VPOS="3004" HEIGHT="11" WIDTH="28" CONTENT="E" WC="0.16" />
          </TextLine>
        </TextBlock>
        <TextBlock ID="TextBlock_47" HPOS="1600" VPOS="2950" HEIGHT="122" WIDTH="833">
          <TextLine ID="TextLine_81" HPOS="1600" VPOS="2950" HEIGHT="122" WIDTH="833">
            <String ID="Textword_210" HPOS="1600" VPOS="2950" HEIGHT="122" WIDTH="833" CONTENT="EINLADUNG" WC="0.95" />
          </TextLine>
        </TextBlock>
        <TextBlock ID="TextBlock_48" HPOS="1602" VPOS="3157" HEIGHT="64" WIDTH="829">
          <TextLine ID="TextLine_82" HPOS="1604" VPOS="3157" HEIGHT="28" WIDTH="827">
            <String ID="Textword_211" HPOS="1604" VPOS="3157" HEIGHT="26" WIDTH="66" CONTENT="DIE" WC="0.96" />
            <String ID="Textword_212" HPOS="1690" VPOS="3157" HEIGHT="27" WIDTH="357" CONTENT="UNTERZEICHNETE" WC="0.92" />
            <String ID="Textword_213" HPOS="2067" VPOS="3159" HEIGHT="26" WIDTH="364" CONTENT="KUNSTANSTALT" WC="0.91" />
          </TextLine>
          <TextLine ID="TextLine_83" HPOS="1602" VPOS="3192" HEIGHT="29" WIDTH="829">
            <String ID="Textword_214" HPOS="1602" VPOS="3193" HEIGHT="26" WIDTH="226" CONTENT="EMPFIEHLT" WC="0.95" />
            <String ID="Textword_215" HPOS="1842" VPOS="3192" HEIGHT="26" WIDTH="89" CONTENT="SICH" WC="0.95" />
            <String ID="Textword_216" HPOS="1947" VPOS="3194" HEIGHT="26" WIDTH="79" CONTENT="ZUR" WC="0.96" />
            <String ID="Textword_217" HPOS="2040" VPOS="3194" HEIGHT="27" WIDTH="292" CONTENT="ANFERTIGUNG" WC="0.96" />
            <String ID="Textword_218" HPOS="2347" VPOS="3194" HEIGHT="27" WIDTH="84" CONTENT="VON" WC="0.96" />
          </TextLine>
        </TextBlock>
        <TextBlock ID="TextBlock_49" HPOS="3311" VPOS="2612" HEIGHT="475" WIDTH="79">
          <TextLine ID="TextLine_84" HPOS="3311" VPOS="2612" HEIGHT="51" WIDTH="35">
            <String ID="Textword_219" HPOS="3311" VPOS="2612" HEIGHT="51" WIDTH="35" CONTENT="à" WC="0.10" />
          </TextLine>
          <TextLine ID="TextLine_85" HPOS="3315" VPOS="2674" HEIGHT="22" WIDTH="29">
            <String ID="Textword_220" HPOS="3315" VPOS="2674" HEIGHT="22" WIDTH="29" CONTENT="RE" WC="0.59" />
          </TextLine>
          <TextLine ID="TextLine_86" HPOS="3319" VPOS="2763" HEIGHT="19" WIDTH="25">
            <String ID="Textword_221" HPOS="3319" VPOS="2763" HEIGHT="19" WIDTH="25" CONTENT="AR" WC="0.50" />
          </TextLine>
          <TextLine ID="TextLine_87" HPOS="3332" VPOS="2789" HEIGHT="8" WIDTH="17">
            <String ID="Textword_222" HPOS="3332" VPOS="2789" HEIGHT="8" WIDTH="17" CONTENT="&gt;" WC="0.50" />
          </TextLine>
          <TextLine ID="TextLine_88" HPOS="3330" VPOS="2802" HEIGHT="10" WIDTH="12">
            <String ID="Textword_223" HPOS="3330" VPOS="2802" HEIGHT="10" WIDTH="12" CONTENT="5" WC="0.35" />
          </TextLine>
          <TextLine ID="TextLine_89" HPOS="3322" VPOS="2818" HEIGHT="23" WIDTH="56">
            <String ID="Textword_224" HPOS="3322" VPOS="2818" HEIGHT="23" WIDTH="56" CONTENT="I" WC="0.32" />
          </TextLine>
          <TextLine ID="TextLine_90" HPOS="3326" VPOS="2839" HEIGHT="29" WIDTH="22">
            <String ID="Textword_225" HPOS="3326" VPOS="2839" HEIGHT="29" WIDTH="22" CONTENT="x" WC="0.63" />
          </TextLine>
          <TextLine ID="TextLine_91" HPOS="3321" VPOS="2868" HEIGHT="24" WIDTH="69">
            <String ID="Textword_226" HPOS="3321" VPOS="2868" HEIGHT="24" WIDTH="69" CONTENT="ME" WC="0.40" />
          </TextLine>
          <TextLine ID="TextLine_92" HPOS="3330" VPOS="2903" HEIGHT="7" WIDTH="16">
            <String ID="Textword_227" HPOS="3330" VPOS="2893" HEIGHT="22" WIDTH="16" CONTENT="&amp;" WC="0.42" />
          </TextLine>
          <TextLine ID="TextLine_93" HPOS="3327" VPOS="2921" HEIGHT="18" WIDTH="26">
            <String ID="Textword_228" HPOS="3327" VPOS="2921" HEIGHT="18" WIDTH="26" CONTENT="LS" WC="0.27" />
          </TextLine>
          <TextLine ID="TextLine_94" HPOS="3334" VPOS="2963" HEIGHT="15" WIDTH="13">
            <String ID="Textword_229" HPOS="3334" VPOS="2954" HEIGHT="24" WIDTH="13" CONTENT="£" WC="0.81" />
          </TextLine>
          <TextLine ID="TextLine_95" HPOS="3336" VPOS="3014" HEIGHT="7" WIDTH="7">
            <String ID="Textword_230" HPOS="3336" VPOS="3014" HEIGHT="7" WIDTH="7" CONTENT="È" WC="0.37" />
          </TextLine>
          <TextLine ID="TextLine_96" HPOS="3337" VPOS="3027" HEIGHT="10" WIDTH="5">
            <String ID="Textword_231" HPOS="3337" VPOS="3027" HEIGHT="10" WIDTH="5" CONTENT="x" WC="0.72" />
          </TextLine>
          <TextLine ID="TextLine_97" HPOS="3335" VPOS="3041" HEIGHT="8" WIDTH="8">
            <String ID="Textword_232" HPOS="3335" VPOS="3041" HEIGHT="8" WIDTH="8" CONTENT="è" WC="0.52" />
          </TextLine>
          <TextLine ID="TextLine_98" HPOS="3345" VPOS="3080" HEIGHT="7" WIDTH="3">
            <String ID="Textword_233" HPOS="3345" VPOS="3080" HEIGHT="7" WIDTH="3" CONTENT=";" WC="0.72" />
          </TextLine>
        </TextBlock>
        <TextBlock ID="TextBlock_50" HPOS="1594" VPOS="3106" HEIGHT="11" WIDTH="849">
          <TextLine ID="TextLine_99" HPOS="1594" VPOS="3106" HEIGHT="11" WIDTH="849">
            <SP ID="Textword_33" HPOS="1594" VPOS="3106" />
            <String ID="Textword_234" HPOS="1594" VPOS="3106" HEIGHT="11" WIDTH="849" CONTENT=" " WC="0.95" />
          </TextLine>
        </TextBlock>
        <TextBlock ID="TextBlock_51" HPOS="790" VPOS="2889" HEIGHT="244" WIDTH="2390">
          <TextLine ID="TextLine_100" HPOS="790" VPOS="2889" HEIGHT="244" WIDTH="2390">
            <SP ID="Textword_34" HPOS="790" VPOS="3023" />
            <String ID="Textword_235" HPOS="790" VPOS="3023" HEIGHT="110" WIDTH="733" CONTENT=" " WC="0.95" />
            <SP ID="Textword_35" HPOS="2433" VPOS="2889" />
            <String ID="Textword_236" HPOS="2433" VPOS="2889" HEIGHT="244" WIDTH="747" CONTENT=" " WC="0.95" />
          </TextLine>
        </TextBlock>
        <TextBlock ID="TextBlock_52" HPOS="796" VPOS="3133" HEIGHT="407" WIDTH="2384">
          <TextLine ID="TextLine_101" HPOS="796" VPOS="3133" HEIGHT="66" WIDTH="2384">
            <SP ID="Textword_36" HPOS="796" VPOS="3133" />
            <String ID="Textword_237" HPOS="796" VPOS="3133" HEIGHT="66" WIDTH="2384" CONTENT="   " WC="0.95" />
          </TextLine>
          <TextLine ID="TextLine_102" HPOS="796" VPOS="3199" HEIGHT="117" WIDTH="2384">
            <SP ID="Textword_37" HPOS="796" VPOS="3199" />
            <String ID="Textword_238" HPOS="796" VPOS="3199" HEIGHT="36" WIDTH="727" CONTENT=" " WC="0.95" />
            <SP ID="Textword_38" HPOS="2528" VPOS="3199" />
            <String ID="Textword_239" HPOS="2528" VPOS="3199" HEIGHT="117" WIDTH="652" CONTENT="  " WC="0.95" />
          </TextLine>
          <TextLine ID="TextLine_103" HPOS="2528" VPOS="3316" HEIGHT="59" WIDTH="652">
            <SP ID="Textword_39" HPOS="2528" VPOS="3316" />
            <String ID="Textword_240" HPOS="2528" VPOS="3316" HEIGHT="59" WIDTH="652" CONTENT="   " WC="0.95" />
          </TextLine>
          <TextLine ID="TextLine_104" HPOS="2528" VPOS="3375" HEIGHT="36" WIDTH="652">
            <SP ID="Textword_40" HPOS="2528" VPOS="3375" />
            <String ID="Textword_241" HPOS="2528" VPOS="3375" HEIGHT="36" WIDTH="652" CONTENT=" " WC="0.95" />
          </TextLine>
          <TextLine ID="TextLine_105" HPOS="2528" VPOS="3411" HEIGHT="62" WIDTH="652">
            <SP ID="Textword_41" HPOS="2528" VPOS="3411" />
            <String ID="Textword_242" HPOS="2528" VPOS="3411" HEIGHT="62" WIDTH="652" CONTENT="  " WC="0.95" />
          </TextLine>
          <TextLine ID="TextLine_106" HPOS="1359" VPOS="3473" HEIGHT="67" WIDTH="1821">
            <SP ID="Textword_42" HPOS="1359" VPOS="3473" />
            <String ID="Textword_243" HPOS="1359" VPOS="3473" HEIGHT="67" WIDTH="1821" CONTENT="    " WC="0.95" />
          </TextLine>
        </TextBlock>
        <TextBlock ID="TextBlock_53" HPOS="371" VPOS="3099" HEIGHT="153" WIDTH="419">
          <TextLine ID="TextLine_107" HPOS="371" VPOS="3099" HEIGHT="153" WIDTH="419">
            <String ID="Textword_244" HPOS="371" VPOS="3099" HEIGHT="153" WIDTH="419" CONTENT="Diesel-" WC="0.92" />
          </TextLine>
        </TextBlock>
        <TextBlock ID="TextBlock_54" HPOS="796" VPOS="3235" HEIGHT="238" WIDTH="727">
          <TextLine ID="TextLine_108" HPOS="796" VPOS="3235" HEIGHT="46" WIDTH="727">
            <SP ID="Textword_43" HPOS="796" VPOS="3235" />
            <String ID="Textword_245" HPOS="796" VPOS="3235" HEIGHT="46" WIDTH="727" CONTENT=" " WC="0.95" />
          </TextLine>
          <TextLine ID="TextLine_109" HPOS="1356" VPOS="3281" HEIGHT="47" WIDTH="152">
            <SP ID="Textword_44" HPOS="1356" VPOS="3281" />
            <String ID="Textword_246" HPOS="1356" VPOS="3281" HEIGHT="47" WIDTH="152" CONTENT="  " WC="0.95" />
          </TextLine>
          <TextLine ID="TextLine_110" HPOS="1356" VPOS="3328" HEIGHT="96" WIDTH="152">
            <SP ID="Textword_45" HPOS="1356" VPOS="3328" />
            <String ID="Textword_247" HPOS="1356" VPOS="3328" HEIGHT="96" WIDTH="152" CONTENT="    " WC="0.95" />
          </TextLine>
          <TextLine ID="TextLine_111" HPOS="1359" VPOS="3424" HEIGHT="49" WIDTH="149">
            <SP ID="Textword_46" HPOS="1359" VPOS="3424" />
            <String ID="Textword_248" HPOS="1359" VPOS="3424" HEIGHT="49" WIDTH="149" CONTENT=" " WC="0.95" />
          </TextLine>
        </TextBlock>
        <TextBlock ID="TextBlock_55" HPOS="0" VPOS="158" HEIGHT="3301" WIDTH="17">
          <TextLine ID="TextLine_112" HPOS="0" VPOS="158" HEIGHT="3301" WIDTH="17">
            <SP ID="Textword_47" HPOS="0" VPOS="158" />
            <String ID="Textword_249" HPOS="0" VPOS="158" HEIGHT="3301" WIDTH="17" CONTENT=" " WC="0.95" />
          </TextLine>
        </TextBlock>
        <TextBlock ID="TextBlock_56" HPOS="579" VPOS="3255" HEIGHT="210" WIDTH="1704">
          <TextLine ID="TextLine_113" HPOS="1725" VPOS="3255" HEIGHT="52" WIDTH="558">
            <String ID="Textword_250" HPOS="1725" VPOS="3255" HEIGHT="52" WIDTH="558" CONTENT="REKLAMEPLAKATEN" WC="0.91" />
          </TextLine>
          <TextLine ID="TextLine_114" HPOS="622" VPOS="3298" HEIGHT="61" WIDTH="1661">
            <String ID="Textword_251" HPOS="622" VPOS="3302" HEIGHT="31" WIDTH="210" CONTENT="(=uZetragene" WC="0.00" />
            <String ID="Textword_252" HPOS="851" VPOS="3298" HEIGHT="32" WIDTH="206" CONTENT="Schutzmarke)" WC="0.91" />
            <String ID="Textword_253" HPOS="1726" VPOS="3308" HEIGHT="39" WIDTH="225" CONTENT="GESCHÂ" WC="0.81" />
            <String ID="Textword_254" HPOS="1961" VPOS="3308" HEIGHT="51" WIDTH="96" CONTENT="FTS" WC="0.93" />
            <String ID="Textword_255" HPOS="2066" VPOS="3310" HEIGHT="41" WIDTH="217" CONTENT="KARTEN" WC="0.92" />
          </TextLine>
          <TextLine ID="TextLine_115" HPOS="579" VPOS="3359" HEIGHT="43" WIDTH="1704">
            <String ID="Textword_256" HPOS="579" VPOS="3360" HEIGHT="34" WIDTH="240" CONTENT="Wirtschaftlich" WC="0.92" />
            <String ID="Textword_257" HPOS="844" VPOS="3359" HEIGHT="34" WIDTH="253" CONTENT="vorteilhafteste" WC="0.91" />
            <String ID="Textword_258" HPOS="1723" VPOS="3361" HEIGHT="39" WIDTH="212" CONTENT="ILLUSTR." WC="0.90" />
            <String ID="Textword_259" HPOS="1969" VPOS="3362" HEIGHT="40" WIDTH="314" CONTENT="KATALOGEN" WC="0.90" />
          </TextLine>
          <TextLine ID="TextLine_116" HPOS="637" VPOS="3415" HEIGHT="50" WIDTH="1532">
            <String ID="Textword_260" HPOS="637" VPOS="3422" HEIGHT="43" WIDTH="380" CONTENT="Verbrennungsmotoren" WC="0.83" />
            <String ID="Textword_261" HPOS="1860" VPOS="3415" HEIGHT="39" WIDTH="309" CONTENT="KALENDERN" WC="0.91" />
          </TextLine>
        </TextBlock>
        <TextBlock ID="TextBlock_57" HPOS="270" VPOS="3479" HEIGHT="845" WIDTH="2326">
          <TextLine ID="TextLine_117" HPOS="1359" VPOS="3479" HEIGHT="61" WIDTH="149">
            <SP ID="Textword_48" HPOS="1359" VPOS="3479" />
            <String ID="Textword_262" HPOS="1359" VPOS="3479" HEIGHT="61" WIDTH="149" CONTENT="   " WC="0.95" />
          </TextLine>
          <TextLine ID="TextLine_118" HPOS="270" VPOS="3540" HEIGHT="57" WIDTH="1238">
            <SP ID="Textword_49" HPOS="270" VPOS="3570" />
            <String ID="Textword_263" HPOS="270" VPOS="3570" HEIGHT="27" WIDTH="68" CONTENT=" " WC="0.95" />
            <SP ID="Textword_50" HPOS="1360" VPOS="3540" />
            <String ID="Textword_264" HPOS="1360" VPOS="3540" HEIGHT="57" WIDTH="148" CONTENT="  " WC="0.95" />
          </TextLine>
          <TextLine ID="TextLine_119" HPOS="270" VPOS="3597" HEIGHT="84" WIDTH="1238">
            <SP ID="Textword_51" HPOS="270" VPOS="3597" />
            <String ID="Textword_265" HPOS="270" VPOS="3597" HEIGHT="84" WIDTH="1238" CONTENT="    " WC="0.95" />
          </TextLine>
          <TextLine ID="TextLine_120" HPOS="270" VPOS="3681" HEIGHT="63" WIDTH="1238">
            <SP ID="Textword_52" HPOS="270" VPOS="3681" />
            <String ID="Textword_266" HPOS="270" VPOS="3681" HEIGHT="63" WIDTH="1238" CONTENT="    " WC="0.95" />
          </TextLine>
          <TextLine ID="TextLine_121" HPOS="270" VPOS="3744" HEIGHT="292" WIDTH="1238">
            <SP ID="Textword_53" HPOS="270" VPOS="3744" />
            <String ID="Textword_267" HPOS="270" VPOS="3744" HEIGHT="292" WIDTH="68" CONTENT="   " WC="0.95" />
            <SP ID="Textword_54" HPOS="1361" VPOS="3744" />
            <String ID="Textword_268" HPOS="1361" VPOS="3744" HEIGHT="292" WIDTH="147" CONTENT="   " WC="0.95" />
          </TextLine>
          <TextLine ID="TextLine_122" HPOS="270" VPOS="4036" HEIGHT="67" WIDTH="1238">
            <SP ID="Textword_55" HPOS="270" VPOS="4036" />
            <String ID="Textword_269" HPOS="270" VPOS="4036" HEIGHT="67" WIDTH="1238" CONTENT="     " WC="0.95" />
          </TextLine>
          <TextLine ID="TextLine_123" HPOS="270" VPOS="4103" HEIGHT="69" WIDTH="2326">
            <SP ID="Textword_56" HPOS="270" VPOS="4103" />
            <String ID="Textword_270" HPOS="270" VPOS="4103" HEIGHT="69" WIDTH="2326" CONTENT="  " WC="0.95" />
          </TextLine>
          <TextLine ID="TextLine_124" HPOS="270" VPOS="4112" HEIGHT="134" WIDTH="2326">
            <SP ID="Textword_57" HPOS="270" VPOS="4112" />
            <String ID="Textword_271" HPOS="270" VPOS="4112" HEIGHT="134" WIDTH="2326" CONTENT="    " WC="0.95" />
          </TextLine>
          <TextLine ID="TextLine_125" HPOS="270" VPOS="4246" HEIGHT="78" WIDTH="1158">
            <SP ID="Textword_58" HPOS="270" VPOS="4246" />
            <String ID="Textword_272" HPOS="270" VPOS="4246" HEIGHT="78" WIDTH="1158" CONTENT=" " WC="0.95" />
          </TextLine>
        </TextBlock>
        <TextBlock ID="TextBlock_58" HPOS="666" VPOS="3494" HEIGHT="141" WIDTH="351">
          <TextLine ID="TextLine_126" HPOS="707" VPOS="3494" HEIGHT="27" WIDTH="274">
            <String ID="Textword_273" HPOS="707" VPOS="3501" HEIGHT="20" WIDTH="62" CONTENT="zum" WC="0.93" />
            <String ID="Textword_274" HPOS="788" VPOS="3494" HEIGHT="26" WIDTH="124" CONTENT="Betriebe" WC="0.92" />
            <String ID="Textword_275" HPOS="933" VPOS="3495" HEIGHT="25" WIDTH="48" CONTENT="mit" WC="0.96" />
          </TextLine>
          <TextLine ID="TextLine_127" HPOS="772" VPOS="3546" HEIGHT="34" WIDTH="144">
            <String ID="Textword_276" HPOS="772" VPOS="3546" HEIGHT="34" WIDTH="144" CONTENT="billigen" WC="0.91" />
          </TextLine>
          <TextLine ID="TextLine_128" HPOS="666" VPOS="3601" HEIGHT="34" WIDTH="351">
            <String ID="Textword_277" HPOS="666" VPOS="3601" HEIGHT="34" WIDTH="131" CONTENT="flüssigen" WC="0.72" />
            <String ID="Textword_278" HPOS="817" VPOS="3601" HEIGHT="27" WIDTH="200" CONTENT="Brennstoffen." WC="0.84" />
          </TextLine>
        </TextBlock>
        <TextBlock ID="TextBlock_59" HPOS="1789" VPOS="3494" HEIGHT="63" WIDTH="461">
          <TextLine ID="TextLine_129" HPOS="1790" VPOS="3494" HEIGHT="31" WIDTH="459">
            <String ID="Textword_279" HPOS="1790" VPOS="3494" HEIGHT="26" WIDTH="124" CONTENT="SOWIE" WC="0.91" />
            <String ID="Textword_280" HPOS="1934" VPOS="3495" HEIGHT="30" WIDTH="132" CONTENT="ALLEN" WC="0.91" />
            <String ID="Textword_281" HPOS="2087" VPOS="3496" HEIGHT="25" WIDTH="162" CONTENT="ANDERN" WC="0.91" />
          </TextLine>
          <TextLine ID="TextLine_130" HPOS="1789" VPOS="3530" HEIGHT="27" WIDTH="461">
            <String ID="Textword_282" HPOS="1789" VPOS="3530" HEIGHT="27" WIDTH="392" CONTENT="DRUCKARBEITEN" WC="0.90" />
            <String ID="Textword_283" HPOS="2210" VPOS="3531" HEIGHT="26" WIDTH="40" CONTENT="IN" WC="0.96" />
          </TextLine>
        </TextBlock>
        <TextBlock ID="TextBlock_60" HPOS="1635" VPOS="3587" HEIGHT="125" WIDTH="1537">
          <TextLine ID="TextLine_131" HPOS="1791" VPOS="3587" HEIGHT="52" WIDTH="1381">
            <String ID="Textword_284" HPOS="1791" VPOS="3587" HEIGHT="52" WIDTH="455" CONTENT="LITHOGRAPHIE" WC="0.91" />
            <String ID="Textword_285" HPOS="2623" VPOS="3591" HEIGHT="42" WIDTH="549" CONTENT="open," WC="0.18" />
          </TextLine>
          <TextLine ID="TextLine_132" HPOS="1635" VPOS="3613" HEIGHT="99" WIDTH="1511">
            <String ID="Textword_286" HPOS="1635" VPOS="3657" HEIGHT="52" WIDTH="367" CONTENT="LICHTDRUCK" WC="0.91" />
            <String ID="Textword_287" HPOS="2058" VPOS="3661" HEIGHT="50" WIDTH="353" CONTENT="BUCHDRUCK" WC="0.90" />
            <String ID="Textword_288" HPOS="2466" VPOS="3710" HEIGHT="2" WIDTH="2" CONTENT="|" WC="0.96" />
            <String ID="Textword_289" HPOS="2647" VPOS="3613" HEIGHT="83" WIDTH="232" CONTENT="aegenstron" WC="0.00" />
            <String ID="Textword_290" HPOS="2894" VPOS="3653" HEIGHT="7" WIDTH="11" CONTENT="-" WC="0.90" />
            <String ID="Textword_291" HPOS="2923" VPOS="3613" HEIGHT="75" WIDTH="223" CONTENT="Vorwärmer" WC="0.72" />
          </TextLine>
        </TextBlock>
        <TextBlock ID="TextBlock_61" HPOS="1685" VPOS="3698" HEIGHT="144" WIDTH="1400">
          <TextLine ID="TextLine_133" HPOS="2673" VPOS="3698" HEIGHT="26" WIDTH="412">
            <String ID="Textword_292" HPOS="2673" VPOS="3698" HEIGHT="25" WIDTH="36" CONTENT="D." WC="0.56" />
            <String ID="Textword_293" HPOS="2722" VPOS="3698" HEIGHT="21" WIDTH="27" CONTENT="R." WC="0.49" />
            <String ID="Textword_294" HPOS="2763" VPOS="3700" HEIGHT="19" WIDTH="16" CONTENT="P" WC="0.91" />
            <String ID="Textword_295" HPOS="2804" VPOS="3701" HEIGHT="20" WIDTH="45" CONTENT="und" WC="0.92" />
            <String ID="Textword_296" HPOS="2866" VPOS="3701" HEIGHT="23" WIDTH="114" CONTENT="Schweiz." WC="0.80" />
            <String ID="Textword_297" HPOS="2993" VPOS="3702" HEIGHT="21" WIDTH="92" CONTENT="Patent." WC="0.14" />
          </TextLine>
          <TextLine ID="TextLine_134" HPOS="1685" VPOS="3742" HEIGHT="28" WIDTH="677">
            <String ID="Textword_298" HPOS="1685" VPOS="3742" HEIGHT="27" WIDTH="290" CONTENT="INDUSTRIELLE" WC="0.96" />
            <String ID="Textword_299" HPOS="1997" VPOS="3744" HEIGHT="26" WIDTH="125" CONTENT="ALLER" WC="0.93" />
            <String ID="Textword_300" HPOS="2144" VPOS="3744" HEIGHT="26" WIDTH="218" CONTENT="BRANCHEN" WC="0.91" />
          </TextLine>
          <TextLine ID="TextLine_135" HPOS="1835" VPOS="3779" HEIGHT="29" WIDTH="438">
            <String ID="Textword_301" HPOS="1835" VPOS="3779" HEIGHT="25" WIDTH="164" CONTENT="WERDEN" WC="0.95" />
            <String ID="Textword_302" HPOS="2025" VPOS="3779" HEIGHT="26" WIDTH="180" CONTENT="GEBETEN" WC="0.96" />
            <String ID="Textword_303" HPOS="2269" VPOS="3805" HEIGHT="3" WIDTH="4" CONTENT=":" WC="0.64" />
          </TextLine>
          <TextLine ID="TextLine_136" HPOS="1805" VPOS="3813" HEIGHT="29" WIDTH="437">
            <String ID="Textword_304" HPOS="1805" VPOS="3814" HEIGHT="26" WIDTH="89" CONTENT="SICH" WC="0.91" />
            <String ID="Textword_305" HPOS="1918" VPOS="3815" HEIGHT="26" WIDTH="51" CONTENT="ZU" WC="0.93" />
            <String ID="Textword_306" HPOS="1994" VPOS="3815" HEIGHT="27" WIDTH="169" CONTENT="WENDEN" WC="0.91" />
            <String ID="Textword_307" HPOS="2188" VPOS="3813" HEIGHT="26" WIDTH="54" CONTENT="AN" WC="0.96" />
          </TextLine>
        </TextBlock>
        <TextBlock ID="TextBlock_62" HPOS="1600" VPOS="3884" HEIGHT="103" WIDTH="844">
          <TextLine ID="TextLine_137" HPOS="1600" VPOS="3884" HEIGHT="103" WIDTH="844">
            <String ID="Textword_308" HPOS="1600" VPOS="3884" HEIGHT="103" WIDTH="844" CONTENT="N" WC="0.23" />
            <String ID="Textword_309" HPOS="2650" VPOS="3834" HEIGHT="217" WIDTH="287" CONTENT="=" WC="0.41" />
          </TextLine>
        </TextBlock>
        <TextBlock ID="TextBlock_63" HPOS="1601" VPOS="4003" HEIGHT="67" WIDTH="1178">
          <TextLine ID="TextLine_138" HPOS="1601" VPOS="4003" HEIGHT="67" WIDTH="1178">
            <String ID="Textword_310" HPOS="1601" VPOS="4003" HEIGHT="67" WIDTH="183" CONTENT="ZÜRICH" WC="0.94" />
            <String ID="Textword_311" HPOS="1816" VPOS="4011" HEIGHT="36" WIDTH="47" CONTENT="IV" WC="0.95" />
            <String ID="Textword_312" HPOS="2013" VPOS="4008" HEIGHT="42" WIDTH="350" CONTENT="CLAUSIUSSTR." WC="0.90" />
            <String ID="Textword_313" HPOS="2396" VPOS="4011" HEIGHT="45" WIDTH="117" CONTENT="21|" WC="0.91" />
            <String ID="Textword_314" HPOS="2677" VPOS="4004" HEIGHT="29" WIDTH="37" CONTENT="and" WC="0.50" />
            <String ID="Textword_315" HPOS="2727" VPOS="4004" HEIGHT="29" WIDTH="52" CONTENT="desto" WC="0.46" />
          </TextLine>
        </TextBlock>
        <TextBlock ID="TextBlock_64" HPOS="2665" VPOS="4039" HEIGHT="30" WIDTH="130">
          <TextLine ID="TextLine_139" HPOS="2665" VPOS="4039" HEIGHT="30" WIDTH="130">
            <String ID="Textword_316" HPOS="2665" VPOS="4039" HEIGHT="30" WIDTH="130" CONTENT="Konsteuktion" WC="0.54" />
          </TextLine>
        </TextBlock>
        <TextBlock ID="TextBlock_65" HPOS="2617" VPOS="3555" HEIGHT="10" WIDTH="559">
          <TextLine ID="TextLine_140" HPOS="2617" VPOS="3555" HEIGHT="10" WIDTH="559">
            <SP ID="Textword_59" HPOS="2617" VPOS="3555" />
            <String ID="Textword_317" HPOS="2617" VPOS="3555" HEIGHT="10" WIDTH="559" CONTENT=" " WC="0.95" />
          </TextLine>
        </TextBlock>
        <TextBlock ID="TextBlock_66" HPOS="763" VPOS="3682" HEIGHT="15" WIDTH="156">
          <TextLine ID="TextLine_141" HPOS="763" VPOS="3682" HEIGHT="15" WIDTH="156">
            <String ID="Textword_318" HPOS="763" VPOS="3682" HEIGHT="15" WIDTH="70" CONTENT="———" WC="0.03" />
            <String ID="Textword_319" HPOS="835" VPOS="3682" HEIGHT="15" WIDTH="84" CONTENT="—_——" WC="0.00" />
          </TextLine>
        </TextBlock>
        <TextBlock ID="TextBlock_67" HPOS="526" VPOS="3762" HEIGHT="37" WIDTH="620">
          <TextLine ID="TextLine_142" HPOS="526" VPOS="3762" HEIGHT="37" WIDTH="620">
            <String ID="Textword_320" HPOS="526" VPOS="3764" HEIGHT="35" WIDTH="138" CONTENT="Alleinige" WC="0.92" />
            <String ID="Textword_321" HPOS="683" VPOS="3763" HEIGHT="27" WIDTH="183" CONTENT="Fabrikanten" WC="0.91" />
            <String ID="Textword_322" HPOS="887" VPOS="3762" HEIGHT="26" WIDTH="44" CONTENT="für" WC="0.94" />
            <String ID="Textword_323" HPOS="951" VPOS="3763" HEIGHT="26" WIDTH="42" CONTENT="die" WC="0.96" />
            <String ID="Textword_324" HPOS="1011" VPOS="3763" HEIGHT="26" WIDTH="135" CONTENT="Schweiz:" WC="0.95" />
          </TextLine>
        </TextBlock>
        <TextBlock ID="TextBlock_68" HPOS="408" VPOS="3834" HEIGHT="135" WIDTH="887">
          <TextLine ID="TextLine_143" HPOS="408" VPOS="3834" HEIGHT="135" WIDTH="887">
            <String ID="Textword_325" HPOS="408" VPOS="3836" HEIGHT="133" WIDTH="484" CONTENT="Gebrüder" WC="0.95" />
            <String ID="Textword_326" HPOS="950" VPOS="3834" HEIGHT="131" WIDTH="345" CONTENT="Sulzer" WC="0.96" />
          </TextLine>
        </TextBlock>
        <TextBlock ID="TextBlock_69" HPOS="677" VPOS="3988" HEIGHT="41" WIDTH="2424">
          <TextLine ID="TextLine_144" HPOS="677" VPOS="3988" HEIGHT="41" WIDTH="2424">
            <String ID="Textword_327" HPOS="677" VPOS="3994" HEIGHT="35" WIDTH="327" CONTENT="WINTERTHUR." WC="0.96" />
            <String ID="Textword_328" HPOS="3027" VPOS="3988" HEIGHT="28" WIDTH="74" CONTENT="höchste" WC="0.76" />
          </TextLine>
        </TextBlock>
        <TextBlock ID="TextBlock_70" HPOS="3021" VPOS="4031" HEIGHT="36" WIDTH="86">
          <TextLine ID="TextLine_145" HPOS="3021" VPOS="4031" HEIGHT="36" WIDTH="86">
            <String ID="Textword_329" HPOS="3021" VPOS="4031" HEIGHT="36" WIDTH="86" CONTENT="Leistung" WC="0.49" />
          </TextLine>
        </TextBlock>
        <TextBlock ID="TextBlock_71" HPOS="1568" VPOS="2916" HEIGHT="1176" WIDTH="14">
          <TextLine ID="TextLine_146" HPOS="1568" VPOS="2916" HEIGHT="1176" WIDTH="14">
            <SP ID="Textword_60" HPOS="1568" VPOS="2916" />
            <String ID="Textword_330" HPOS="1568" VPOS="2916" HEIGHT="1176" WIDTH="14" CONTENT=" " WC="0.95" />
          </TextLine>
        </TextBlock>
        <TextBlock ID="TextBlock_72" HPOS="2454" VPOS="2925" HEIGHT="1172" WIDTH="11">
          <TextLine ID="TextLine_147" HPOS="2454" VPOS="2925" HEIGHT="1172" WIDTH="11">
            <SP ID="Textword_61" HPOS="2454" VPOS="2925" />
            <String ID="Textword_331" HPOS="2454" VPOS="2925" HEIGHT="1172" WIDTH="11" CONTENT=" " WC="0.95" />
          </TextLine>
        </TextBlock>
        <TextBlock ID="TextBlock_73" HPOS="1573" VPOS="4085" HEIGHT="13" WIDTH="892">
          <TextLine ID="TextLine_148" HPOS="1573" VPOS="4085" HEIGHT="13" WIDTH="892">
            <SP ID="Textword_62" HPOS="1573" VPOS="4085" />
            <String ID="Textword_332" HPOS="1573" VPOS="4085" HEIGHT="13" WIDTH="892" CONTENT=" " WC="0.95" />
          </TextLine>
        </TextBlock>
        <TextBlock ID="TextBlock_74" HPOS="1505" VPOS="2853" HEIGHT="1300" WIDTH="17">
          <TextLine ID="TextLine_149" HPOS="1505" VPOS="2853" HEIGHT="1300" WIDTH="17">
            <SP ID="Textword_63" HPOS="1505" VPOS="2853" />
            <String ID="Textword_333" HPOS="1505" VPOS="2853" HEIGHT="1300" WIDTH="17" CONTENT=" " WC="0.95" />
          </TextLine>
        </TextBlock>
        <TextBlock ID="TextBlock_75" HPOS="2515" VPOS="2892" HEIGHT="1268" WIDTH="16">
          <TextLine ID="TextLine_150" HPOS="2515" VPOS="2892" HEIGHT="1268" WIDTH="16">
            <SP ID="Textword_64" HPOS="2515" VPOS="2892" />
            <String ID="Textword_334" HPOS="2515" VPOS="2892" HEIGHT="1268" WIDTH="16" CONTENT=" " WC="0.95" />
          </TextLine>
        </TextBlock>
        <TextBlock ID="TextBlock_76" HPOS="476" VPOS="4127" HEIGHT="79" WIDTH="747">
          <TextLine ID="TextLine_151" HPOS="476" VPOS="4127" HEIGHT="30" WIDTH="747">
            <String ID="Textword_335" HPOS="476" VPOS="4131" HEIGHT="26" WIDTH="51" CONTENT="Die" WC="0.96" />
            <String ID="Textword_336" HPOS="547" VPOS="4131" HEIGHT="26" WIDTH="123" CONTENT="Motoren" WC="0.96" />
            <String ID="Textword_337" HPOS="683" VPOS="4130" HEIGHT="26" WIDTH="107" CONTENT="werden" WC="0.96" />
            <String ID="Textword_338" HPOS="809" VPOS="4129" HEIGHT="26" WIDTH="28" CONTENT="in" WC="0.96" />
            <String ID="Textword_339" HPOS="851" VPOS="4128" HEIGHT="27" WIDTH="118" CONTENT="Grössen" WC="0.96" />
            <String ID="Textword_340" HPOS="987" VPOS="4136" HEIGHT="19" WIDTH="54" CONTENT="von" WC="0.96" />
            <String ID="Textword_341" HPOS="1059" VPOS="4127" HEIGHT="27" WIDTH="35" CONTENT="20" WC="0.93" />
            <String ID="Textword_342" HPOS="1107" VPOS="4127" HEIGHT="27" WIDTH="68" CONTENT="P.S." WC="0.89" />
            <String ID="Textword_343" HPOS="1189" VPOS="4135" HEIGHT="19" WIDTH="34" CONTENT="an" WC="0.96" />
          </TextLine>
          <TextLine ID="TextLine_152" HPOS="689" VPOS="4172" HEIGHT="34" WIDTH="322">
            <String ID="Textword_344" HPOS="689" VPOS="4174" HEIGHT="27" WIDTH="131" CONTENT="aufwärts" WC="0.96" />
            <String ID="Textword_345" HPOS="840" VPOS="4172" HEIGHT="34" WIDTH="171" CONTENT="ausgeführt." WC="0.96" />
          </TextLine>
        </TextBlock>
        <TextBlock ID="TextBlock_77" HPOS="1512" VPOS="4145" HEIGHT="18" WIDTH="1016">
          <TextLine ID="TextLine_153" HPOS="1512" VPOS="4145" HEIGHT="18" WIDTH="1016">
            <SP ID="Textword_65" HPOS="1512" VPOS="4145" />
            <String ID="Textword_346" HPOS="1512" VPOS="4145" HEIGHT="18" WIDTH="1016" CONTENT=" " WC="0.95" />
          </TextLine>
        </TextBlock>
        <TextBlock ID="TextBlock_78" HPOS="2840" VPOS="3753" HEIGHT="541" WIDTH="179">
          <TextLine ID="TextLine_154" HPOS="2840" VPOS="3753" HEIGHT="541" WIDTH="179">
            <SP ID="Textword_66" HPOS="2840" VPOS="3753" />
            <String ID="Textword_347" HPOS="2840" VPOS="3753" HEIGHT="541" WIDTH="179" CONTENT=" " WC="0.95" />
          </TextLine>
        </TextBlock>
        <TextBlock ID="TextBlock_79" HPOS="1451" VPOS="4258" HEIGHT="16" WIDTH="1139">
          <TextLine ID="TextLine_155" HPOS="1451" VPOS="4258" HEIGHT="16" WIDTH="1139">
            <SP ID="Textword_67" HPOS="1451" VPOS="4258" />
            <String ID="Textword_348" HPOS="1451" VPOS="4258" HEIGHT="16" WIDTH="1139" CONTENT=" " WC="0.95" />
          </TextLine>
        </TextBlock>
        <TextBlock ID="TextBlock_80" HPOS="1426" VPOS="2782" HEIGHT="1546" WIDTH="16">
          <TextLine ID="TextLine_156" HPOS="1426" VPOS="2782" HEIGHT="1546" WIDTH="16">
            <SP ID="Textword_68" HPOS="1426" VPOS="2782" />
            <String ID="Textword_349" HPOS="1426" VPOS="2782" HEIGHT="1546" WIDTH="16" CONTENT=" " WC="0.95" />
          </TextLine>
        </TextBlock>
        <TextBlock ID="TextBlock_81" HPOS="1450" VPOS="4318" HEIGHT="168" WIDTH="8">
          <TextLine ID="TextLine_157" HPOS="1450" VPOS="4318" HEIGHT="168" WIDTH="8">
            <SP ID="Textword_69" HPOS="1450" VPOS="4318" />
            <String ID="Textword_350" HPOS="1450" VPOS="4318" HEIGHT="168" WIDTH="8" CONTENT="  " WC="0.95" />
          </TextLine>
        </TextBlock>
        <TextBlock ID="TextBlock_82" HPOS="2797" VPOS="4313" HEIGHT="26" WIDTH="160">
          <TextLine ID="TextLine_158" HPOS="2797" VPOS="4313" HEIGHT="26" WIDTH="160">
            <String ID="Textword_351" HPOS="2797" VPOS="4313" HEIGHT="26" WIDTH="142" CONTENT="Vertreter" WC="0.92" />
            <String ID="Textword_352" HPOS="2951" VPOS="4322" HEIGHT="16" WIDTH="6" CONTENT=":" WC="0.92" />
          </TextLine>
        </TextBlock>
        <TextBlock ID="TextBlock_83" HPOS="2617" VPOS="4355" HEIGHT="109" WIDTH="494">
          <TextLine ID="TextLine_159" HPOS="2617" VPOS="4355" HEIGHT="105" WIDTH="494">
            <String ID="Textword_353" HPOS="2617" VPOS="4355" HEIGHT="105" WIDTH="20" CONTENT="|" WC="0.82" />
            <String ID="Textword_354" HPOS="2694" VPOS="4357" HEIGHT="61" WIDTH="188" CONTENT="Schmassmann" WC="0.50" />
            <String ID="Textword_355" HPOS="2897" VPOS="4359" HEIGHT="41" WIDTH="18" CONTENT="&amp;" WC="0.92" />
            <String ID="Textword_356" HPOS="2930" VPOS="4357" HEIGHT="52" WIDTH="44" CONTENT="Co," WC="0.73" />
            <String ID="Textword_357" HPOS="2988" VPOS="4359" HEIGHT="45" WIDTH="96" CONTENT="Zürich," WC="0.75" />
            <String ID="Textword_358" HPOS="3105" VPOS="4395" HEIGHT="8" WIDTH="6" CONTENT="." WC="0.80" />
          </TextLine>
          <TextLine ID="TextLine_160" HPOS="2656" VPOS="4411" HEIGHT="53" WIDTH="450">
            <String ID="Textword_359" HPOS="2656" VPOS="4411" HEIGHT="42" WIDTH="31" CONTENT="F." WC="0.87" />
            <String ID="Textword_360" HPOS="2707" VPOS="4412" HEIGHT="46" WIDTH="142" CONTENT="Martick," WC="0.89" />
            <String ID="Textword_361" HPOS="2866" VPOS="4419" HEIGHT="39" WIDTH="103" CONTENT="Puisnits" WC="0.76" />
            <String ID="Textword_362" HPOS="2982" VPOS="4424" HEIGHT="40" WIDTH="38" CONTENT="91," WC="0.73" />
            <String ID="Textword_363" HPOS="3035" VPOS="4425" HEIGHT="35" WIDTH="71" CONTENT="Sachs" WC="0.91" />
          </TextLine>
        </TextBlock>
        <TextBlock ID="TextBlock_84" HPOS="1961" VPOS="4318" HEIGHT="168" WIDTH="601">
          <TextLine ID="TextLine_161" HPOS="2543" VPOS="4318" HEIGHT="81" WIDTH="19">
            <SP ID="Textword_70" HPOS="2543" VPOS="4318" />
            <String ID="Textword_364" HPOS="2543" VPOS="4318" HEIGHT="81" WIDTH="19" CONTENT=" " WC="0.95" />
          </TextLine>
          <TextLine ID="TextLine_162" HPOS="1961" VPOS="4318" HEIGHT="168" WIDTH="601">
            <SP ID="Textword_71" HPOS="1961" VPOS="4318" />
            <String ID="Textword_365" HPOS="1961" VPOS="4318" HEIGHT="81" WIDTH="34" CONTENT=" " WC="0.95" />
            <SP ID="Textword_72" HPOS="2548" VPOS="4399" />
            <String ID="Textword_366" HPOS="2548" VPOS="4399" HEIGHT="87" WIDTH="14" CONTENT="  " WC="0.95" />
          </TextLine>
        </TextBlock>
        <TextBlock ID="TextBlock_85" HPOS="2594" VPOS="405" HEIGHT="4079" WIDTH="18">
          <TextLine ID="TextLine_163" HPOS="2594" VPOS="405" HEIGHT="4079" WIDTH="18">
            <SP ID="Textword_73" HPOS="2594" VPOS="405" />
            <String ID="Textword_367" HPOS="2594" VPOS="405" HEIGHT="4079" WIDTH="18" CONTENT=" " WC="0.95" />
          </TextLine>
        </TextBlock>
        <TextBlock ID="TextBlock_86" HPOS="1369" VPOS="4324" HEIGHT="172" WIDTH="1179">
          <TextLine ID="TextLine_164" HPOS="1369" VPOS="4324" HEIGHT="99" WIDTH="1174">
            <String ID="Textword_368" HPOS="1369" VPOS="4339" HEIGHT="56" WIDTH="48" CONTENT="i" WC="0.19" />
            <String ID="Textword_369" HPOS="1995" VPOS="4324" HEIGHT="99" WIDTH="548" CONTENT="TOILE" WC="0.00" />
          </TextLine>
          <TextLine ID="TextLine_165" HPOS="1434" VPOS="4426" HEIGHT="70" WIDTH="1114">
            <String ID="Textword_370" HPOS="1434" VPOS="4447" HEIGHT="4" WIDTH="1" CONTENT="|" WC="0.84" />
            <String ID="Textword_371" HPOS="1729" VPOS="4489" HEIGHT="7" WIDTH="15" CONTENT=":" WC="0.00" />
            <String ID="Textword_372" HPOS="1957" VPOS="4430" HEIGHT="30" WIDTH="71" CONTENT="Unt." WC="0.91" />
            <String ID="Textword_373" HPOS="2043" VPOS="4429" HEIGHT="51" WIDTH="216" CONTENT="Münlesteg" WC="0.26" />
            <String ID="Textword_374" HPOS="2265" VPOS="4433" HEIGHT="28" WIDTH="30" CONTENT="8." WC="0.53" />
            <String ID="Textword_375" HPOS="2305" VPOS="4426" HEIGHT="47" WIDTH="159" CONTENT="Télephon" WC="0.68" />
            <String ID="Textword_376" HPOS="2473" VPOS="4434" HEIGHT="32" WIDTH="75" CONTENT="1908." WC="0.95" />
          </TextLine>
        </TextBlock>
        <TextBlock ID="TextBlock_87" HPOS="283" VPOS="4494" HEIGHT="27" WIDTH="2888">
          <TextLine ID="TextLine_166" HPOS="283" VPOS="4494" HEIGHT="27" WIDTH="2888">
            <SP ID="Textword_74" HPOS="283" VPOS="4494" />
            <String ID="Textword_377" HPOS="283" VPOS="4494" HEIGHT="27" WIDTH="2888" CONTENT=" " WC="0.95" />
          </TextLine>
        </TextBlock>
        <TextBlock ID="TextBlock_88" HPOS="1477" VPOS="4532" HEIGHT="121" WIDTH="119">
          <TextLine ID="TextLine_167" HPOS="1477" VPOS="4532" HEIGHT="121" WIDTH="119">
            <SP ID="Textword_75" HPOS="1477" VPOS="4532" />
            <String ID="Textword_378" HPOS="1477" VPOS="4532" HEIGHT="121" WIDTH="119" CONTENT="   " WC="0.95" />
          </TextLine>
        </TextBlock>
        <TextBlock ID="TextBlock_89" HPOS="1743" VPOS="4570" HEIGHT="20" WIDTH="1430">
          <TextLine ID="TextLine_168" HPOS="1743" VPOS="4570" HEIGHT="20" WIDTH="1430">
            <SP ID="Textword_76" HPOS="1743" VPOS="4570" />
            <String ID="Textword_379" HPOS="1743" VPOS="4570" HEIGHT="20" WIDTH="1430" CONTENT=" " WC="0.95" />
          </TextLine>
        </TextBlock>
        <TextBlock ID="TextBlock_90" HPOS="1743" VPOS="4634" HEIGHT="19" WIDTH="1430">
          <TextLine ID="TextLine_169" HPOS="1743" VPOS="4634" HEIGHT="19" WIDTH="1430">
            <SP ID="Textword_77" HPOS="1743" VPOS="4634" />
            <String ID="Textword_380" HPOS="1743" VPOS="4634" HEIGHT="19" WIDTH="1430" CONTENT=" " WC="0.95" />
          </TextLine>
        </TextBlock>
        <TextBlock ID="TextBlock_91" HPOS="289" VPOS="4532" HEIGHT="161" WIDTH="2886">
          <TextLine ID="TextLine_170" HPOS="358" VPOS="4532" HEIGHT="48" WIDTH="2817">
            <String ID="Textword_381" HPOS="358" VPOS="4532" HEIGHT="17" WIDTH="15" CONTENT="a" WC="0.46" />
            <String ID="Textword_382" HPOS="761" VPOS="4532" HEIGHT="16" WIDTH="14" CONTENT=":" WC="0.58" />
            <String ID="Textword_383" HPOS="1363" VPOS="4535" HEIGHT="33" WIDTH="39" CONTENT="“" WC="0.79" />
            <String ID="Textword_384" HPOS="1440" VPOS="4553" HEIGHT="27" WIDTH="17" CONTENT="4" WC="0.61" />
            <String ID="Textword_385" HPOS="1487" VPOS="4532" HEIGHT="46" WIDTH="146" CONTENT="“I." WC="0.07" />
            <String ID="Textword_386" HPOS="1630" VPOS="4533" HEIGHT="40" WIDTH="250" CONTENT=" Grôsste" WC="0.49" />
            <String ID="Textword_387" HPOS="1905" VPOS="4535" HEIGHT="29" WIDTH="63" CONTENT="und" WC="0.70" />
            <String ID="Textword_388" HPOS="1998" VPOS="4534" HEIGHT="31" WIDTH="93" CONTENT="beste" WC="0.70" />
            <String ID="Textword_389" HPOS="2114" VPOS="4534" HEIGHT="39" WIDTH="241" CONTENT="Bezugsquelle" WC="0.92" />
            <String ID="Textword_390" HPOS="2388" VPOS="4536" HEIGHT="31" WIDTH="107" CONTENT="dieser" WC="0.96" />
            <String ID="Textword_391" HPOS="2528" VPOS="4537" HEIGHT="31" WIDTH="159" CONTENT="Branche." WC="0.92" />
            <String ID="Textword_392" HPOS="2720" VPOS="4554" HEIGHT="4" WIDTH="41" CONTENT="—" WC="0.92" />
            <String ID="Textword_393" HPOS="2792" VPOS="4538" HEIGHT="32" WIDTH="144" CONTENT="Neueste" WC="0.93" />
            <String ID="Textword_394" HPOS="2970" VPOS="4538" HEIGHT="33" WIDTH="205" CONTENT="Maschinen-" WC="0.91" />
          </TextLine>
          <TextLine ID="TextLine_171" HPOS="289" VPOS="4532" HEIGHT="151" WIDTH="2884">
            <String ID="Textword_395" HPOS="289" VPOS="4532" HEIGHT="116" WIDTH="539" CONTENT="Kistenfabrik" WC="0.92" />
            <String ID="Textword_396" HPOS="942" VPOS="4572" HEIGHT="111" WIDTH="97" CONTENT="ud" WC="0.87" />
            <String ID="Textword_397" HPOS="1163" VPOS="4604" HEIGHT="41" WIDTH="50" CONTENT="a”" WC="0.42" />
            <String ID="Textword_398" HPOS="1293" VPOS="4628" HEIGHT="18" WIDTH="15" CONTENT="è" WC="0.44" />
            <String ID="Textword_399" HPOS="1348" VPOS="4540" HEIGHT="106" WIDTH="139" CONTENT="in." WC="0.80" />
            <String ID="Textword_400" HPOS="1518" VPOS="4594" HEIGHT="12" WIDTH="14" CONTENT="a" WC="0.39" />
            <String ID="Textword_401" HPOS="1597" VPOS="4575" HEIGHT="107" WIDTH="75" CONTENT="g-" WC="0.30" />
            <String ID="Textword_402" HPOS="1742" VPOS="4595" HEIGHT="35" WIDTH="269" CONTENT="Einrichtungen." WC="0.76" />
            <String ID="Textword_403" HPOS="2052" VPOS="4614" HEIGHT="4" WIDTH="41" CONTENT="—" WC="0.92" />
            <String ID="Textword_404" HPOS="2133" VPOS="4595" HEIGHT="33" WIDTH="92" CONTENT="Ganz" WC="0.94" />
            <String ID="Textword_405" HPOS="2267" VPOS="4606" HEIGHT="30" WIDTH="115" CONTENT="grosse" WC="0.93" />
            <String ID="Textword_406" HPOS="2416" VPOS="4598" HEIGHT="35" WIDTH="229" CONTENT="Lagerräume." WC="0.90" />
            <String ID="Textword_407" HPOS="2685" VPOS="4616" HEIGHT="5" WIDTH="41" CONTENT="—" WC="0.92" />
            <String ID="Textword_408" HPOS="2765" VPOS="4600" HEIGHT="39" WIDTH="144" CONTENT="Eigenes" WC="0.83" />
            <String ID="Textword_409" HPOS="2945" VPOS="4600" HEIGHT="39" WIDTH="228" CONTENT="Bahngeleise." WC="0.91" />
          </TextLine>
          <TextLine ID="TextLine_172" HPOS="769" VPOS="4657" HEIGHT="36" WIDTH="2300">
            <String ID="Textword_410" HPOS="769" VPOS="4681" HEIGHT="2" WIDTH="2" CONTENT=":" WC="0.86" />
            <String ID="Textword_411" HPOS="1882" VPOS="4657" HEIGHT="32" WIDTH="198" CONTENT="Telephonruf:" WC="0.92" />
            <String ID="Textword_412" HPOS="2100" VPOS="4657" HEIGHT="28" WIDTH="241" CONTENT="Kistenfabrik" WC="0.91" />
            <String ID="Textword_413" HPOS="2360" VPOS="4659" HEIGHT="34" WIDTH="82" CONTENT="Zug." WC="0.92" />
            <String ID="Textword_414" HPOS="3017" VPOS="4660" HEIGHT="27" WIDTH="52" CONTENT="214" WC="0.96" />
          </TextLine>
        </TextBlock>
        <TextBlock ID="TextBlock_92" HPOS="308" VPOS="4690" HEIGHT="25" WIDTH="2866">
          <TextLine ID="TextLine_173" HPOS="308" VPOS="4690" HEIGHT="25" WIDTH="2866">
            <SP ID="Textword_78" HPOS="308" VPOS="4690" />
            <String ID="Textword_415" HPOS="308" VPOS="4690" HEIGHT="25" WIDTH="2866" CONTENT=" " WC="0.95" />
          </TextLine>
        </TextBlock>
        <TextBlock ID="TextBlock_93" HPOS="1171" VPOS="4716" HEIGHT="36" WIDTH="1129">
          <TextLine ID="TextLine_174" HPOS="1171" VPOS="4716" HEIGHT="36" WIDTH="1129">
            <String ID="Textword_416" HPOS="1171" VPOS="4717" HEIGHT="26" WIDTH="92" CONTENT="Druck" WC="0.92" />
            <String ID="Textword_417" HPOS="1283" VPOS="4718" HEIGHT="25" WIDTH="55" CONTENT="und" WC="0.93" />
            <String ID="Textword_418" HPOS="1357" VPOS="4716" HEIGHT="32" WIDTH="164" CONTENT="Espedition" WC="0.91" />
            <String ID="Textword_419" HPOS="1540" VPOS="4724" HEIGHT="19" WIDTH="52" CONTENT="von" WC="0.96" />
            <String ID="Textword_420" HPOS="1611" VPOS="4717" HEIGHT="32" WIDTH="107" CONTENT="Müller," WC="0.94" />
            <String ID="Textword_421" HPOS="1739" VPOS="4717" HEIGHT="27" WIDTH="113" CONTENT="Werder" WC="0.91" />
            <String ID="Textword_422" HPOS="1871" VPOS="4718" HEIGHT="26" WIDTH="25" CONTENT="&amp;" WC="0.91" />
            <String ID="Textword_423" HPOS="1915" VPOS="4718" HEIGHT="33" WIDTH="66" CONTENT="Cie," WC="0.20" />
            <String ID="Textword_424" HPOS="2002" VPOS="4719" HEIGHT="32" WIDTH="109" CONTENT="Schipfe" WC="0.92" />
            <String ID="Textword_425" HPOS="2129" VPOS="4719" HEIGHT="33" WIDTH="43" CONTENT="33," WC="0.95" />
            <String ID="Textword_426" HPOS="2192" VPOS="4720" HEIGHT="27" WIDTH="108" CONTENT="Zürich." WC="0.96" />
          </TextLine>
        </TextBlock>
        <TextBlock ID="TextBlock_94" HPOS="3371" VPOS="109" HEIGHT="4720" WIDTH="31">
          <TextLine ID="TextLine_175" HPOS="3371" VPOS="109" HEIGHT="4720" WIDTH="31">
            <SP ID="Textword_79" HPOS="3371" VPOS="109" />
            <String ID="Textword_427" HPOS="3371" VPOS="109" HEIGHT="4720" WIDTH="31" CONTENT=" " WC="0.95" />
          </TextLine>
        </TextBlock>
        <TextBlock ID="TextBlock_95" HPOS="2189" VPOS="4804" HEIGHT="46" WIDTH="34">
          <TextLine ID="TextLine_176" HPOS="2189" VPOS="4804" HEIGHT="46" WIDTH="34">
            <String ID="Textword_428" HPOS="2189" VPOS="4804" HEIGHT="46" WIDTH="34" CONTENT="4" WC="0.85" />
          </TextLine>
        </TextBlock>
        <TextBlock ID="TextBlock_96" HPOS="0" VPOS="0" HEIGHT="4984" WIDTH="3436">
          <TextLine ID="TextLine_177" HPOS="0" VPOS="0" HEIGHT="4984" WIDTH="3436">
            <SP ID="Textword_80" HPOS="0" VPOS="0" />
            <String ID="Textword_429" HPOS="0" VPOS="0" HEIGHT="4984" WIDTH="3436" CONTENT=" " WC="0.95" />
          </TextLine>
        </TextBlock>
      </PrintSpace>
    </Page>
  </Layout>
</alto>
