<?xml version="1.0" encoding="UTF-8"?>
<alto xmlns="http://www.loc.gov/standards/alto/ns-v2#" xmlns:xsi="http://www.w3.org/2001/XMLSchema-instance" xsi:schemaLocation="http://www.loc.gov/standards/alto/ns-v2# http://www.loc.gov/standards/alto/alto.xsd">
  <Description>
    <MeasurementUnit>pixel</MeasurementUnit>
    <sourceImageInformation />
    <OCRProcessing ID="OCR_1">
      <preProcessingStep>
        <processingDateTime>2019-05-09T02:47:43</processingDateTime>
        <processingAgency>intranda GmbH, www.intranda.com</processingAgency>
        <processingSoftware>
          <softwareCreator>intranda GmbH, Germany</softwareCreator>
          <softwareName>intranda OCR Module for TaskManager</softwareName>
          <softwareVersion>1.0r42</softwareVersion>
        </processingSoftware>
      </preProcessingStep>
      <ocrProcessingStep>
        <processingSoftware>
          <softwareCreator>Tesseract contributors</softwareCreator>
          <softwareName>Tesseract Open Source OCR Engine</softwareName>
          <softwareVersion>4.0.0-beta.1-270-g5a56</softwareVersion>
        </processingSoftware>
      </ocrProcessingStep>
    </OCRProcessing>
  </Description>
  <Layout>
    <Page ID="PAGE_1" HEIGHT="4977" WIDTH="3388" PHYSICAL_IMG_NR="1">
      <PrintSpace ID="PrintSpace_1" HPOS="0" VPOS="0" HEIGHT="4977" WIDTH="3388">
        <TextBlock ID="TextBlock_1" HPOS="0" VPOS="466" HEIGHT="4020" WIDTH="29">
          <TextLine ID="TextLine_1" HPOS="0" VPOS="466" HEIGHT="4020" WIDTH="29">
            <SP ID="Textword_1" HPOS="0" VPOS="466" />
            <String ID="Textword_1" HPOS="0" VPOS="466" HEIGHT="4020" WIDTH="29" CONTENT=" " WC="0.95" />
          </TextLine>
        </TextBlock>
        <TextBlock ID="TextBlock_2" HPOS="0" VPOS="4778" HEIGHT="199" WIDTH="1221">
          <TextLine ID="TextLine_2" HPOS="0" VPOS="4778" HEIGHT="199" WIDTH="1221">
            <SP ID="Textword_2" HPOS="0" VPOS="4778" />
            <String ID="Textword_2" HPOS="0" VPOS="4778" HEIGHT="199" WIDTH="1221" CONTENT=" " WC="0.95" />
          </TextLine>
        </TextBlock>
        <TextBlock ID="TextBlock_3" HPOS="1520" VPOS="297" HEIGHT="36" WIDTH="567">
          <TextLine ID="TextLine_3" HPOS="1520" VPOS="297" HEIGHT="36" WIDTH="567">
            <String ID="Textword_3" HPOS="1520" VPOS="297" HEIGHT="27" WIDTH="224" CONTENT="Schweizerische" WC="0.92" />
            <String ID="Textword_4" HPOS="1771" VPOS="298" HEIGHT="35" WIDTH="316" CONTENT="Arbeitgeber-Zeitung." WC="0.91" />
          </TextLine>
        </TextBlock>
        <TextBlock ID="TextBlock_4" HPOS="1561" VPOS="0" HEIGHT="145" WIDTH="1827">
          <TextLine ID="TextLine_4" HPOS="1561" VPOS="0" HEIGHT="145" WIDTH="1827">
            <SP ID="Textword_3" HPOS="1561" VPOS="0" />
            <String ID="Textword_5" HPOS="1561" VPOS="0" HEIGHT="145" WIDTH="1827" CONTENT=" " WC="0.95" />
          </TextLine>
        </TextBlock>
        <TextBlock ID="TextBlock_5" HPOS="3108" VPOS="303" HEIGHT="27" WIDTH="101">
          <TextLine ID="TextLine_5" HPOS="3108" VPOS="303" HEIGHT="27" WIDTH="101">
            <String ID="Textword_6" HPOS="3108" VPOS="303" HEIGHT="27" WIDTH="47" CONTENT="Nr." WC="0.94" />
            <String ID="Textword_7" HPOS="3174" VPOS="304" HEIGHT="26" WIDTH="35" CONTENT="45" WC="0.95" />
          </TextLine>
        </TextBlock>
        <TextBlock ID="TextBlock_6" HPOS="396" VPOS="336" HEIGHT="19" WIDTH="2813">
          <TextLine ID="TextLine_6" HPOS="396" VPOS="336" HEIGHT="19" WIDTH="2813">
            <SP ID="Textword_4" HPOS="396" VPOS="336" />
            <String ID="Textword_8" HPOS="396" VPOS="336" HEIGHT="19" WIDTH="2813" CONTENT=" " WC="0.95" />
          </TextLine>
        </TextBlock>
        <TextBlock ID="TextBlock_7" HPOS="661" VPOS="647" HEIGHT="54" WIDTH="13">
          <TextLine ID="TextLine_7" HPOS="661" VPOS="647" HEIGHT="54" WIDTH="13">
            <String ID="Textword_9" HPOS="661" VPOS="647" HEIGHT="54" WIDTH="13" CONTENT="gran" WC="0.31" />
          </TextLine>
        </TextBlock>
        <TextBlock ID="TextBlock_8" HPOS="1093" VPOS="1649" HEIGHT="67" WIDTH="14">
          <TextLine ID="TextLine_8" HPOS="1093" VPOS="1649" HEIGHT="67" WIDTH="14">
            <String ID="Textword_10" HPOS="1093" VPOS="1649" HEIGHT="67" WIDTH="14" CONTENT="tm»" WC="0.04" />
          </TextLine>
        </TextBlock>
        <TextBlock ID="TextBlock_9" HPOS="1992" VPOS="627" HEIGHT="78" WIDTH="16">
          <TextLine ID="TextLine_9" HPOS="1992" VPOS="627" HEIGHT="78" WIDTH="16">
            <String ID="Textword_11" HPOS="1992" VPOS="627" HEIGHT="78" WIDTH="16" CONTENT="LT" WC="0.33" />
          </TextLine>
        </TextBlock>
        <TextBlock ID="TextBlock_10" HPOS="1501" VPOS="1998" HEIGHT="91" WIDTH="16">
          <TextLine ID="TextLine_10" HPOS="1501" VPOS="1998" HEIGHT="91" WIDTH="16">
            <String ID="Textword_12" HPOS="1501" VPOS="2038" HEIGHT="51" WIDTH="14" CONTENT="vH" WC="0.00" />
            <String ID="Textword_13" HPOS="1502" VPOS="1998" HEIGHT="38" WIDTH="15" CONTENT="gio." WC="0.22" />
          </TextLine>
        </TextBlock>
        <TextBlock ID="TextBlock_11" HPOS="554" VPOS="396" HEIGHT="1964" WIDTH="1880">
          <TextLine ID="TextLine_11" HPOS="554" VPOS="396" HEIGHT="1964" WIDTH="1880">
            <SP ID="Textword_5" HPOS="554" VPOS="396" />
            <String ID="Textword_14" HPOS="554" VPOS="396" HEIGHT="1964" WIDTH="1880" CONTENT=" " WC="0.95" />
          </TextLine>
        </TextBlock>
        <TextBlock ID="TextBlock_12" HPOS="630" VPOS="2388" HEIGHT="188" WIDTH="1722">
          <TextLine ID="TextLine_12" HPOS="630" VPOS="2388" HEIGHT="81" WIDTH="1722">
            <String ID="Textword_15" HPOS="630" VPOS="2388" HEIGHT="71" WIDTH="710" CONTENT="ALLEINVERKAUF" WC="0.91" />
            <String ID="Textword_16" HPOS="1399" VPOS="2393" HEIGHT="67" WIDTH="171" CONTENT="UND" WC="0.93" />
            <String ID="Textword_17" HPOS="1633" VPOS="2392" HEIGHT="77" WIDTH="719" CONTENT="GENERALDEPOT" WC="0.91" />
          </TextLine>
          <TextLine ID="TextLine_13" HPOS="1183" VPOS="2507" HEIGHT="69" WIDTH="605">
            <String ID="Textword_18" HPOS="1183" VPOS="2507" HEIGHT="66" WIDTH="96" CONTENT="für" WC="0.96" />
            <String ID="Textword_19" HPOS="1328" VPOS="2509" HEIGHT="64" WIDTH="95" CONTENT="die" WC="0.95" />
            <String ID="Textword_20" HPOS="1473" VPOS="2508" HEIGHT="68" WIDTH="315" CONTENT="Schweiz:" WC="0.96" />
          </TextLine>
        </TextBlock>
        <TextBlock ID="TextBlock_13" HPOS="337" VPOS="2750" HEIGHT="26" WIDTH="2311">
          <TextLine ID="TextLine_14" HPOS="337" VPOS="2750" HEIGHT="26" WIDTH="2311">
            <SP ID="Textword_6" HPOS="337" VPOS="2750" />
            <String ID="Textword_21" HPOS="337" VPOS="2750" HEIGHT="26" WIDTH="2311" CONTENT=" " WC="0.95" />
          </TextLine>
        </TextBlock>
        <TextBlock ID="TextBlock_14" HPOS="331" VPOS="2777" HEIGHT="573" WIDTH="1154">
          <TextLine ID="TextLine_15" HPOS="331" VPOS="2777" HEIGHT="573" WIDTH="1154">
            <SP ID="Textword_7" HPOS="331" VPOS="2777" />
            <String ID="Textword_22" HPOS="331" VPOS="2777" HEIGHT="573" WIDTH="1154" CONTENT="   " WC="0.95" />
          </TextLine>
        </TextBlock>
        <TextBlock ID="TextBlock_15" HPOS="432" VPOS="3083" HEIGHT="167" WIDTH="944">
          <TextLine ID="TextLine_16" HPOS="432" VPOS="3083" HEIGHT="167" WIDTH="944">
            <String ID="Textword_23" HPOS="432" VPOS="3083" HEIGHT="167" WIDTH="944" CONTENT="Diesel-Motoren" WC="0.88" />
          </TextLine>
        </TextBlock>
        <TextBlock ID="TextBlock_16" HPOS="682" VPOS="3294" HEIGHT="34" WIDTH="440">
          <TextLine ID="TextLine_17" HPOS="682" VPOS="3294" HEIGHT="34" WIDTH="440">
            <String ID="Textword_24" HPOS="682" VPOS="3294" HEIGHT="34" WIDTH="214" CONTENT="(Eingetragene" WC="0.93" />
            <String ID="Textword_25" HPOS="916" VPOS="3294" HEIGHT="33" WIDTH="206" CONTENT="Schutzmarke)" WC="0.92" />
          </TextLine>
        </TextBlock>
        <TextBlock ID="TextBlock_17" HPOS="643" VPOS="3355" HEIGHT="105" WIDTH="518">
          <TextLine ID="TextLine_18" HPOS="643" VPOS="3355" HEIGHT="35" WIDTH="518">
            <String ID="Textword_26" HPOS="643" VPOS="3355" HEIGHT="34" WIDTH="240" CONTENT="Wirtschaftlich" WC="0.92" />
            <String ID="Textword_27" HPOS="910" VPOS="3355" HEIGHT="35" WIDTH="251" CONTENT="vorteilhafteste" WC="0.91" />
          </TextLine>
          <TextLine ID="TextLine_19" HPOS="699" VPOS="3418" HEIGHT="42" WIDTH="381">
            <String ID="Textword_28" HPOS="699" VPOS="3418" HEIGHT="42" WIDTH="381" CONTENT="Verbrennungsmotoren" WC="0.91" />
          </TextLine>
        </TextBlock>
        <TextBlock ID="TextBlock_18" HPOS="331" VPOS="2994" HEIGHT="600" WIDTH="1154">
          <TextLine ID="TextLine_20" HPOS="331" VPOS="2994" HEIGHT="413" WIDTH="1154">
            <SP ID="Textword_8" HPOS="331" VPOS="3350" />
            <String ID="Textword_29" HPOS="331" VPOS="3350" HEIGHT="57" WIDTH="62" CONTENT=" " WC="0.95" />
            <SP ID="Textword_9" HPOS="1376" VPOS="2994" />
            <String ID="Textword_30" HPOS="1376" VPOS="2994" HEIGHT="413" WIDTH="109" CONTENT="  " WC="0.95" />
          </TextLine>
          <TextLine ID="TextLine_21" HPOS="331" VPOS="3407" HEIGHT="187" WIDTH="1154">
            <SP ID="Textword_10" HPOS="331" VPOS="3407" />
            <String ID="Textword_31" HPOS="331" VPOS="3407" HEIGHT="187" WIDTH="62" CONTENT="   " WC="0.95" />
            <SP ID="Textword_11" HPOS="1423" VPOS="3407" />
            <String ID="Textword_32" HPOS="1423" VPOS="3407" HEIGHT="122" WIDTH="62" CONTENT="  " WC="0.95" />
          </TextLine>
        </TextBlock>
        <TextBlock ID="TextBlock_19" HPOS="727" VPOS="3490" HEIGHT="141" WIDTH="351">
          <TextLine ID="TextLine_22" HPOS="769" VPOS="3490" HEIGHT="26" WIDTH="276">
            <String ID="Textword_33" HPOS="769" VPOS="3497" HEIGHT="18" WIDTH="62" CONTENT="zum" WC="0.96" />
            <String ID="Textword_34" HPOS="850" VPOS="3490" HEIGHT="26" WIDTH="126" CONTENT="Betriebe" WC="0.96" />
            <String ID="Textword_35" HPOS="994" VPOS="3490" HEIGHT="26" WIDTH="51" CONTENT="mit" WC="0.97" />
          </TextLine>
          <TextLine ID="TextLine_23" HPOS="834" VPOS="3542" HEIGHT="35" WIDTH="145">
            <String ID="Textword_36" HPOS="834" VPOS="3542" HEIGHT="35" WIDTH="145" CONTENT="billigen" WC="0.96" />
          </TextLine>
          <TextLine ID="TextLine_24" HPOS="727" VPOS="3596" HEIGHT="35" WIDTH="351">
            <String ID="Textword_37" HPOS="727" VPOS="3596" HEIGHT="35" WIDTH="132" CONTENT="flüssigen" WC="0.93" />
            <String ID="Textword_38" HPOS="878" VPOS="3596" HEIGHT="27" WIDTH="200" CONTENT="Brennstoffen." WC="0.91" />
          </TextLine>
        </TextBlock>
        <TextBlock ID="TextBlock_20" HPOS="330" VPOS="3529" HEIGHT="280" WIDTH="1155">
          <TextLine ID="TextLine_25" HPOS="1423" VPOS="3529" HEIGHT="65" WIDTH="62">
            <SP ID="Textword_12" HPOS="1423" VPOS="3529" />
            <String ID="Textword_39" HPOS="1423" VPOS="3529" HEIGHT="65" WIDTH="62" CONTENT=" " WC="0.95" />
          </TextLine>
          <TextLine ID="TextLine_26" HPOS="330" VPOS="3594" HEIGHT="75" WIDTH="1155">
            <SP ID="Textword_13" HPOS="330" VPOS="3594" />
            <String ID="Textword_40" HPOS="330" VPOS="3594" HEIGHT="75" WIDTH="1155" CONTENT="   " WC="0.95" />
          </TextLine>
          <TextLine ID="TextLine_27" HPOS="330" VPOS="3669" HEIGHT="32" WIDTH="1155">
            <SP ID="Textword_14" HPOS="330" VPOS="3669" />
            <String ID="Textword_41" HPOS="330" VPOS="3669" HEIGHT="32" WIDTH="493" CONTENT=" " WC="0.95" />
            <SP ID="Textword_15" HPOS="895" VPOS="3669" />
            <String ID="Textword_42" HPOS="895" VPOS="3669" HEIGHT="32" WIDTH="590" CONTENT="   " WC="0.95" />
          </TextLine>
          <TextLine ID="TextLine_28" HPOS="330" VPOS="3701" HEIGHT="40" WIDTH="1155">
            <SP ID="Textword_16" HPOS="330" VPOS="3701" />
            <String ID="Textword_43" HPOS="330" VPOS="3701" HEIGHT="40" WIDTH="1155" CONTENT=" " WC="0.95" />
          </TextLine>
          <TextLine ID="TextLine_29" HPOS="1206" VPOS="3741" HEIGHT="68" WIDTH="279">
            <SP ID="Textword_17" HPOS="1206" VPOS="3741" />
            <String ID="Textword_44" HPOS="1206" VPOS="3741" HEIGHT="68" WIDTH="279" CONTENT="  " WC="0.95" />
          </TextLine>
        </TextBlock>
        <TextBlock ID="TextBlock_21" HPOS="914" VPOS="3682" HEIGHT="7" WIDTH="68">
          <TextLine ID="TextLine_30" HPOS="914" VPOS="3682" HEIGHT="7" WIDTH="68">
            <String ID="Textword_45" HPOS="914" VPOS="3682" HEIGHT="7" WIDTH="68" CONTENT="—m—" WC="0.23" />
          </TextLine>
        </TextBlock>
        <TextBlock ID="TextBlock_22" HPOS="823" VPOS="3677" HEIGHT="16" WIDTH="93">
          <TextLine ID="TextLine_31" HPOS="823" VPOS="3677" HEIGHT="16" WIDTH="93">
            <String ID="Textword_46" HPOS="823" VPOS="3677" HEIGHT="16" WIDTH="93" CONTENT="——n" WC="0.00" />
          </TextLine>
        </TextBlock>
        <TextBlock ID="TextBlock_23" HPOS="330" VPOS="3741" HEIGHT="282" WIDTH="255">
          <TextLine ID="TextLine_32" HPOS="330" VPOS="3741" HEIGHT="282" WIDTH="255">
            <SP ID="Textword_18" HPOS="330" VPOS="3741" />
            <String ID="Textword_47" HPOS="330" VPOS="3741" HEIGHT="282" WIDTH="255" CONTENT="   " WC="0.95" />
          </TextLine>
        </TextBlock>
        <TextBlock ID="TextBlock_24" HPOS="585" VPOS="3758" HEIGHT="34" WIDTH="621">
          <TextLine ID="TextLine_33" HPOS="585" VPOS="3758" HEIGHT="34" WIDTH="621">
            <String ID="Textword_48" HPOS="585" VPOS="3758" HEIGHT="34" WIDTH="139" CONTENT="Alleinige" WC="0.91" />
            <String ID="Textword_49" HPOS="743" VPOS="3758" HEIGHT="26" WIDTH="185" CONTENT="Fabrikanten" WC="0.92" />
            <String ID="Textword_50" HPOS="947" VPOS="3758" HEIGHT="26" WIDTH="45" CONTENT="für" WC="0.96" />
            <String ID="Textword_51" HPOS="1011" VPOS="3758" HEIGHT="26" WIDTH="43" CONTENT="die" WC="0.96" />
            <String ID="Textword_52" HPOS="1072" VPOS="3758" HEIGHT="26" WIDTH="134" CONTENT="Schweiz:" WC="0.96" />
          </TextLine>
        </TextBlock>
        <TextBlock ID="TextBlock_25" HPOS="465" VPOS="3830" HEIGHT="129" WIDTH="889">
          <TextLine ID="TextLine_34" HPOS="465" VPOS="3830" HEIGHT="129" WIDTH="889">
            <String ID="Textword_53" HPOS="465" VPOS="3830" HEIGHT="129" WIDTH="487" CONTENT="Gebrüder" WC="0.96" />
            <String ID="Textword_54" HPOS="1009" VPOS="3830" HEIGHT="129" WIDTH="345" CONTENT="Sulzer" WC="0.95" />
          </TextLine>
        </TextBlock>
        <TextBlock ID="TextBlock_26" HPOS="735" VPOS="3988" HEIGHT="34" WIDTH="327">
          <TextLine ID="TextLine_35" HPOS="735" VPOS="3988" HEIGHT="34" WIDTH="327">
            <String ID="Textword_55" HPOS="735" VPOS="3988" HEIGHT="34" WIDTH="327" CONTENT="WINTERTHUR." WC="0.96" />
          </TextLine>
        </TextBlock>
        <TextBlock ID="TextBlock_27" HPOS="330" VPOS="4023" HEIGHT="140" WIDTH="1155">
          <TextLine ID="TextLine_36" HPOS="330" VPOS="4023" HEIGHT="84" WIDTH="1155">
            <SP ID="Textword_19" HPOS="330" VPOS="4023" />
            <String ID="Textword_56" HPOS="330" VPOS="4023" HEIGHT="84" WIDTH="1155" CONTENT="   " WC="0.95" />
          </TextLine>
          <TextLine ID="TextLine_37" HPOS="331" VPOS="4107" HEIGHT="56" WIDTH="200">
            <SP ID="Textword_20" HPOS="331" VPOS="4107" />
            <String ID="Textword_57" HPOS="331" VPOS="4107" HEIGHT="56" WIDTH="200" CONTENT=" " WC="0.95" />
          </TextLine>
        </TextBlock>
        <TextBlock ID="TextBlock_28" HPOS="531" VPOS="4121" HEIGHT="79" WIDTH="750">
          <TextLine ID="TextLine_38" HPOS="531" VPOS="4121" HEIGHT="28" WIDTH="750">
            <String ID="Textword_58" HPOS="531" VPOS="4122" HEIGHT="27" WIDTH="52" CONTENT="Die" WC="0.96" />
            <String ID="Textword_59" HPOS="602" VPOS="4122" HEIGHT="27" WIDTH="124" CONTENT="Motoren" WC="0.96" />
            <String ID="Textword_60" HPOS="740" VPOS="4122" HEIGHT="27" WIDTH="106" CONTENT="werden" WC="0.96" />
            <String ID="Textword_61" HPOS="866" VPOS="4121" HEIGHT="27" WIDTH="28" CONTENT="in" WC="0.96" />
            <String ID="Textword_62" HPOS="908" VPOS="4122" HEIGHT="27" WIDTH="118" CONTENT="Grössen" WC="0.96" />
            <String ID="Textword_63" HPOS="1045" VPOS="4130" HEIGHT="19" WIDTH="53" CONTENT="von" WC="0.96" />
            <String ID="Textword_64" HPOS="1117" VPOS="4122" HEIGHT="26" WIDTH="34" CONTENT="20" WC="0.92" />
            <String ID="Textword_65" HPOS="1164" VPOS="4122" HEIGHT="27" WIDTH="69" CONTENT="P.S." WC="0.90" />
            <String ID="Textword_66" HPOS="1247" VPOS="4130" HEIGHT="19" WIDTH="34" CONTENT="an" WC="0.96" />
          </TextLine>
          <TextLine ID="TextLine_39" HPOS="745" VPOS="4166" HEIGHT="34" WIDTH="322">
            <String ID="Textword_67" HPOS="745" VPOS="4166" HEIGHT="27" WIDTH="131" CONTENT="aufwärts" WC="0.96" />
            <String ID="Textword_68" HPOS="896" VPOS="4166" HEIGHT="34" WIDTH="171" CONTENT="ausgeführt." WC="0.96" />
          </TextLine>
        </TextBlock>
        <TextBlock ID="TextBlock_29" HPOS="331" VPOS="4107" HEIGHT="246" WIDTH="1154">
          <TextLine ID="TextLine_40" HPOS="1281" VPOS="4107" HEIGHT="56" WIDTH="204">
            <SP ID="Textword_21" HPOS="1281" VPOS="4107" />
            <String ID="Textword_69" HPOS="1281" VPOS="4107" HEIGHT="56" WIDTH="204" CONTENT=" " WC="0.95" />
          </TextLine>
          <TextLine ID="TextLine_41" HPOS="331" VPOS="4163" HEIGHT="190" WIDTH="1154">
            <SP ID="Textword_22" HPOS="331" VPOS="4163" />
            <String ID="Textword_70" HPOS="331" VPOS="4163" HEIGHT="190" WIDTH="1154" CONTENT="   " WC="0.95" />
          </TextLine>
        </TextBlock>
        <TextBlock ID="TextBlock_30" HPOS="1484" VPOS="2781" HEIGHT="1700" WIDTH="22">
          <TextLine ID="TextLine_42" HPOS="1484" VPOS="2781" HEIGHT="1700" WIDTH="22">
            <SP ID="Textword_23" HPOS="1484" VPOS="2781" />
            <String ID="Textword_71" HPOS="1484" VPOS="2781" HEIGHT="1700" WIDTH="22" CONTENT=" " WC="0.95" />
          </TextLine>
        </TextBlock>
        <TextBlock ID="TextBlock_31" HPOS="331" VPOS="4353" HEIGHT="125" WIDTH="1153">
          <TextLine ID="TextLine_43" HPOS="331" VPOS="4353" HEIGHT="125" WIDTH="1153">
            <SP ID="Textword_24" HPOS="331" VPOS="4353" />
            <String ID="Textword_72" HPOS="331" VPOS="4353" HEIGHT="125" WIDTH="9" CONTENT=" " WC="0.95" />
            <SP ID="Textword_25" HPOS="1483" VPOS="4353" />
            <String ID="Textword_73" HPOS="1483" VPOS="4353" HEIGHT="125" WIDTH="1" CONTENT=" " WC="0.95" />
          </TextLine>
        </TextBlock>
        <TextBlock ID="TextBlock_32" HPOS="1513" VPOS="2774" HEIGHT="18" WIDTH="1115">
          <TextLine ID="TextLine_44" HPOS="1513" VPOS="2774" HEIGHT="18" WIDTH="1115">
            <SP ID="Textword_26" HPOS="1513" VPOS="2774" />
            <String ID="Textword_74" HPOS="1513" VPOS="2774" HEIGHT="18" WIDTH="1115" CONTENT=" " WC="0.95" />
          </TextLine>
        </TextBlock>
        <TextBlock ID="TextBlock_33" HPOS="507" VPOS="2617" HEIGHT="125" WIDTH="1876">
          <TextLine ID="TextLine_45" HPOS="507" VPOS="2617" HEIGHT="125" WIDTH="1876">
            <String ID="Textword_75" HPOS="507" VPOS="2720" HEIGHT="2" WIDTH="2" CONTENT="-" WC="0.05" />
            <String ID="Textword_76" HPOS="593" VPOS="2617" HEIGHT="98" WIDTH="247" CONTENT="ROB." WC="0.84" />
            <String ID="Textword_77" HPOS="903" VPOS="2618" HEIGHT="119" WIDTH="364" CONTENT="JACOB" WC="0.92" />
            <String ID="Textword_78" HPOS="1338" VPOS="2628" HEIGHT="89" WIDTH="69" CONTENT="&amp;" WC="0.91" />
            <String ID="Textword_79" HPOS="1479" VPOS="2622" HEIGHT="120" WIDTH="122" CONTENT="Ce," WC="0.78" />
            <String ID="Textword_80" HPOS="1640" VPOS="2620" HEIGHT="98" WIDTH="743" CONTENT="WINTERTHUR" WC="0.75" />
          </TextLine>
        </TextBlock>
        <TextBlock ID="TextBlock_34" HPOS="1590" VPOS="2825" HEIGHT="95" WIDTH="957">
          <TextLine ID="TextLine_46" HPOS="1590" VPOS="2825" HEIGHT="95" WIDTH="957">
            <String ID="Textword_81" HPOS="1590" VPOS="2825" HEIGHT="95" WIDTH="501" CONTENT="Schweizerische" WC="0.91" />
            <String ID="Textword_82" HPOS="2137" VPOS="2826" HEIGHT="85" WIDTH="410" CONTENT="Kreditansfalt" WC="0.67" />
          </TextLine>
        </TextBlock>
        <TextBlock ID="TextBlock_35" HPOS="1535" VPOS="2939" HEIGHT="199" WIDTH="1063">
          <TextLine ID="TextLine_47" HPOS="1590" VPOS="2939" HEIGHT="43" WIDTH="954">
            <String ID="Textword_83" HPOS="1590" VPOS="2939" HEIGHT="41" WIDTH="160" CONTENT="Zürich" WC="0.93" />
            <String ID="Textword_84" HPOS="1778" VPOS="2964" HEIGHT="3" WIDTH="51" CONTENT="—" WC="0.91" />
            <String ID="Textword_85" HPOS="1857" VPOS="2941" HEIGHT="39" WIDTH="131" CONTENT="Basel" WC="0.93" />
            <String ID="Textword_86" HPOS="2016" VPOS="2964" HEIGHT="4" WIDTH="51" CONTENT="—" WC="0.93" />
            <String ID="Textword_87" HPOS="2098" VPOS="2940" HEIGHT="41" WIDTH="119" CONTENT="Genf" WC="0.91" />
            <String ID="Textword_88" HPOS="2230" VPOS="2964" HEIGHT="3" WIDTH="51" CONTENT="—" WC="0.91" />
            <String ID="Textword_89" HPOS="2302" VPOS="2940" HEIGHT="41" WIDTH="59" CONTENT="St." WC="0.95" />
            <String ID="Textword_90" HPOS="2374" VPOS="2940" HEIGHT="42" WIDTH="170" CONTENT="Gallen." WC="0.95" />
          </TextLine>
          <TextLine ID="TextLine_48" HPOS="1854" VPOS="2994" HEIGHT="36" WIDTH="445">
            <String ID="Textword_91" HPOS="1854" VPOS="2994" HEIGHT="36" WIDTH="309" CONTENT="GEGRÜNDET" WC="0.96" />
            <String ID="Textword_92" HPOS="2186" VPOS="3001" HEIGHT="28" WIDTH="113" CONTENT="1856." WC="0.96" />
          </TextLine>
          <TextLine ID="TextLine_49" HPOS="1535" VPOS="3045" HEIGHT="41" WIDTH="1063">
            <String ID="Textword_93" HPOS="1535" VPOS="3045" HEIGHT="32" WIDTH="275" CONTENT="Einbezahltes" WC="0.92" />
            <String ID="Textword_94" HPOS="1835" VPOS="3046" HEIGHT="40" WIDTH="300" CONTENT="Aktienkapital" WC="0.96" />
            <String ID="Textword_95" HPOS="2255" VPOS="3047" HEIGHT="32" WIDTH="60" CONTENT="Fr." WC="0.92" />
            <String ID="Textword_96" HPOS="2333" VPOS="3047" HEIGHT="38" WIDTH="265" CONTENT="65,000,000." WC="0.91" />
          </TextLine>
          <TextLine ID="TextLine_50" HPOS="1536" VPOS="3099" HEIGHT="39" WIDTH="1060">
            <String ID="Textword_97" HPOS="1536" VPOS="3099" HEIGHT="37" WIDTH="197" CONTENT="Reserven" WC="0.96" />
            <String ID="Textword_98" HPOS="2250" VPOS="3100" HEIGHT="33" WIDTH="61" CONTENT="Fr." WC="0.90" />
            <String ID="Textword_99" HPOS="2329" VPOS="3100" HEIGHT="38" WIDTH="267" CONTENT="20,000,000." WC="0.90" />
          </TextLine>
        </TextBlock>
        <TextBlock ID="TextBlock_36" HPOS="1642" VPOS="3214" HEIGHT="35" WIDTH="646">
          <TextLine ID="TextLine_51" HPOS="1642" VPOS="3214" HEIGHT="35" WIDTH="646">
            <String ID="Textword_100" HPOS="1642" VPOS="3214" HEIGHT="27" WIDTH="61" CONTENT="Wir" WC="0.96" />
            <String ID="Textword_101" HPOS="1723" VPOS="3215" HEIGHT="27" WIDTH="113" CONTENT="nehmen" WC="0.96" />
            <String ID="Textword_102" HPOS="1857" VPOS="3215" HEIGHT="27" WIDTH="98" CONTENT="Gelder" WC="0.95" />
            <String ID="Textword_103" HPOS="1971" VPOS="3224" HEIGHT="17" WIDTH="38" CONTENT="an" WC="0.95" />
            <String ID="Textword_104" HPOS="2029" VPOS="3223" HEIGHT="26" WIDTH="90" CONTENT="gegen" WC="0.96" />
            <String ID="Textword_105" HPOS="2139" VPOS="3224" HEIGHT="18" WIDTH="95" CONTENT="unsere" WC="0.96" />
            <String ID="Textword_106" HPOS="2254" VPOS="3225" HEIGHT="18" WIDTH="34" CONTENT="zu" WC="0.96" />
          </TextLine>
        </TextBlock>
        <TextBlock ID="TextBlock_37" HPOS="2022" VPOS="3261" HEIGHT="52" WIDTH="83">
          <TextLine ID="TextLine_52" HPOS="2022" VPOS="3261" HEIGHT="52" WIDTH="83">
            <String ID="Textword_107" HPOS="2022" VPOS="3261" HEIGHT="52" WIDTH="83" CONTENT="4°" WC="0.80" />
          </TextLine>
        </TextBlock>
        <TextBlock ID="TextBlock_38" HPOS="2111" VPOS="3259" HEIGHT="71" WIDTH="6">
          <TextLine ID="TextLine_53" HPOS="2111" VPOS="3259" HEIGHT="71" WIDTH="6">
            <SP ID="Textword_27" HPOS="2111" VPOS="3259" />
            <String ID="Textword_108" HPOS="2111" VPOS="3259" HEIGHT="71" WIDTH="6" CONTENT=" " WC="0.95" />
          </TextLine>
        </TextBlock>
        <TextBlock ID="TextBlock_39" HPOS="1537" VPOS="3296" HEIGHT="60" WIDTH="604">
          <TextLine ID="TextLine_54" HPOS="2120" VPOS="3296" HEIGHT="25" WIDTH="21">
            <String ID="Textword_109" HPOS="2120" VPOS="3296" HEIGHT="25" WIDTH="21" CONTENT="o" WC="0.69" />
          </TextLine>
          <TextLine ID="TextLine_55" HPOS="1537" VPOS="3330" HEIGHT="26" WIDTH="199">
            <String ID="Textword_110" HPOS="1537" VPOS="3330" HEIGHT="26" WIDTH="199" CONTENT="verzinslichen" WC="0.91" />
          </TextLine>
        </TextBlock>
        <TextBlock ID="TextBlock_40" HPOS="1618" VPOS="3375" HEIGHT="123" WIDTH="908">
          <TextLine ID="TextLine_56" HPOS="1618" VPOS="3375" HEIGHT="123" WIDTH="908">
            <String ID="Textword_111" HPOS="1618" VPOS="3375" HEIGHT="123" WIDTH="908" CONTENT="Kassa-Obligationen" WC="0.90" />
          </TextLine>
        </TextBlock>
        <TextBlock ID="TextBlock_41" HPOS="1537" VPOS="3507" HEIGHT="64" WIDTH="1061">
          <TextLine ID="TextLine_57" HPOS="1537" VPOS="3507" HEIGHT="36" WIDTH="1061">
            <String ID="Textword_112" HPOS="1537" VPOS="3507" HEIGHT="27" WIDTH="51" CONTENT="auf" WC="0.96" />
            <String ID="Textword_113" HPOS="1605" VPOS="3508" HEIGHT="26" WIDTH="56" CONTENT="drei" WC="0.96" />
            <String ID="Textword_114" HPOS="1681" VPOS="3507" HEIGHT="27" WIDTH="83" CONTENT="Jahre" WC="0.92" />
            <String ID="Textword_115" HPOS="1784" VPOS="3507" HEIGHT="35" WIDTH="62" CONTENT="fest," WC="0.93" />
            <String ID="Textword_116" HPOS="1865" VPOS="3508" HEIGHT="27" WIDTH="120" CONTENT="nachher" WC="0.91" />
            <String ID="Textword_117" HPOS="2005" VPOS="3509" HEIGHT="34" WIDTH="174" CONTENT="gegenseitig" WC="0.90" />
            <String ID="Textword_118" HPOS="2199" VPOS="3509" HEIGHT="27" WIDTH="49" CONTENT="auf" WC="0.96" />
            <String ID="Textword_119" HPOS="2265" VPOS="3510" HEIGHT="26" WIDTH="57" CONTENT="drei" WC="0.96" />
            <String ID="Textword_120" HPOS="2335" VPOS="3510" HEIGHT="26" WIDTH="110" CONTENT="Monate" WC="0.93" />
            <String ID="Textword_121" HPOS="2465" VPOS="3509" HEIGHT="34" WIDTH="133" CONTENT="kiindbar," WC="0.89" />
          </TextLine>
          <TextLine ID="TextLine_58" HPOS="1646" VPOS="3544" HEIGHT="27" WIDTH="574">
            <String ID="Textword_122" HPOS="1646" VPOS="3556" HEIGHT="4" WIDTH="2" CONTENT="i" WC="0.78" />
            <String ID="Textword_123" HPOS="1916" VPOS="3544" HEIGHT="27" WIDTH="56" CONTENT="und" WC="0.92" />
            <String ID="Textword_124" HPOS="1991" VPOS="3553" HEIGHT="17" WIDTH="72" CONTENT="zwar" WC="0.92" />
            <String ID="Textword_125" HPOS="2083" VPOS="3545" HEIGHT="26" WIDTH="137" CONTENT="entweder" WC="0.92" />
          </TextLine>
        </TextBlock>
        <TextBlock ID="TextBlock_42" HPOS="1537" VPOS="3589" HEIGHT="219" WIDTH="1064">
          <TextLine ID="TextLine_59" HPOS="1814" VPOS="3589" HEIGHT="42" WIDTH="518">
            <String ID="Textword_126" HPOS="1814" VPOS="3589" HEIGHT="42" WIDTH="518" CONTENT="Inhaber-Obligationen" WC="0.81" />
          </TextLine>
          <TextLine ID="TextLine_60" HPOS="1561" VPOS="3640" HEIGHT="36" WIDTH="1012">
            <String ID="Textword_127" HPOS="1561" VPOS="3649" HEIGHT="18" WIDTH="34" CONTENT="zu" WC="0.96" />
            <String ID="Textword_128" HPOS="1615" VPOS="3641" HEIGHT="26" WIDTH="42" CONTENT="Fr." WC="0.95" />
            <String ID="Textword_129" HPOS="1675" VPOS="3640" HEIGHT="26" WIDTH="66" CONTENT="1000" WC="0.96" />
            <String ID="Textword_130" HPOS="1761" VPOS="3641" HEIGHT="26" WIDTH="53" CONTENT="und" WC="0.94" />
            <String ID="Textword_131" HPOS="1835" VPOS="3642" HEIGHT="25" WIDTH="42" CONTENT="Fr." WC="0.95" />
            <String ID="Textword_132" HPOS="1892" VPOS="3642" HEIGHT="33" WIDTH="77" CONTENT="5000," WC="0.95" />
            <String ID="Textword_133" HPOS="1990" VPOS="3643" HEIGHT="25" WIDTH="49" CONTENT="mit" WC="0.93" />
            <String ID="Textword_134" HPOS="2058" VPOS="3642" HEIGHT="34" WIDTH="218" CONTENT="halbjährlichen" WC="0.92" />
            <String ID="Textword_135" HPOS="2295" VPOS="3643" HEIGHT="32" WIDTH="193" CONTENT="Zinscoupons," WC="0.90" />
            <String ID="Textword_136" HPOS="2509" VPOS="3642" HEIGHT="26" WIDTH="64" CONTENT="oder" WC="0.96" />
          </TextLine>
          <TextLine ID="TextLine_61" HPOS="1828" VPOS="3687" HEIGHT="42" WIDTH="487">
            <String ID="Textword_137" HPOS="1828" VPOS="3687" HEIGHT="42" WIDTH="487" CONTENT="Namen-Obligationen" WC="0.90" />
          </TextLine>
          <TextLine ID="TextLine_62" HPOS="1537" VPOS="3738" HEIGHT="34" WIDTH="1064">
            <String ID="Textword_138" HPOS="1537" VPOS="3739" HEIGHT="25" WIDTH="27" CONTENT="in" WC="0.93" />
            <String ID="Textword_139" HPOS="1585" VPOS="3738" HEIGHT="29" WIDTH="160" CONTENT="beliebigen," WC="0.91" />
            <String ID="Textword_140" HPOS="1776" VPOS="3738" HEIGHT="25" WIDTH="85" CONTENT="durch" WC="0.96" />
            <String ID="Textword_141" HPOS="1892" VPOS="3739" HEIGHT="25" WIDTH="48" CONTENT="100" WC="0.93" />
            <String ID="Textword_142" HPOS="1969" VPOS="3739" HEIGHT="26" WIDTH="133" CONTENT="teilbaren" WC="0.92" />
            <String ID="Textword_143" HPOS="2124" VPOS="3740" HEIGHT="32" WIDTH="136" CONTENT="Beträgen" WC="0.91" />
            <String ID="Textword_144" HPOS="2278" VPOS="3747" HEIGHT="18" WIDTH="53" CONTENT="von" WC="0.96" />
            <String ID="Textword_145" HPOS="2351" VPOS="3738" HEIGHT="26" WIDTH="43" CONTENT="Fr." WC="0.95" />
            <String ID="Textword_146" HPOS="2409" VPOS="3739" HEIGHT="25" WIDTH="51" CONTENT="500" WC="0.95" />
            <String ID="Textword_147" HPOS="2480" VPOS="3747" HEIGHT="25" WIDTH="44" CONTENT="an," WC="0.96" />
            <String ID="Textword_148" HPOS="2551" VPOS="3739" HEIGHT="27" WIDTH="50" CONTENT="mit" WC="0.96" />
          </TextLine>
          <TextLine ID="TextLine_63" HPOS="1891" VPOS="3775" HEIGHT="33" WIDTH="354">
            <String ID="Textword_149" HPOS="1891" VPOS="3775" HEIGHT="33" WIDTH="198" CONTENT="ganzjährigen" WC="0.73" />
            <String ID="Textword_150" HPOS="2112" VPOS="3775" HEIGHT="31" WIDTH="133" CONTENT="Coupons." WC="0.96" />
          </TextLine>
        </TextBlock>
        <TextBlock ID="TextBlock_43" HPOS="2152" VPOS="3829" HEIGHT="33" WIDTH="342">
          <TextLine ID="TextLine_64" HPOS="2152" VPOS="3829" HEIGHT="33" WIDTH="342">
            <String ID="Textword_151" HPOS="2152" VPOS="3829" HEIGHT="30" WIDTH="81" CONTENT="Die" WC="0.93" />
            <String ID="Textword_152" HPOS="2258" VPOS="3829" HEIGHT="33" WIDTH="236" CONTENT="Direktion." WC="0.92" />
          </TextLine>
        </TextBlock>
        <TextBlock ID="TextBlock_44" HPOS="1502" VPOS="2849" HEIGHT="1042" WIDTH="25">
          <TextLine ID="TextLine_65" HPOS="1502" VPOS="2849" HEIGHT="1042" WIDTH="25">
            <SP ID="Textword_28" HPOS="1502" VPOS="2849" />
            <String ID="Textword_153" HPOS="1502" VPOS="2849" HEIGHT="1042" WIDTH="25" CONTENT=" " WC="0.95" />
          </TextLine>
        </TextBlock>
        <TextBlock ID="TextBlock_45" HPOS="1513" VPOS="3901" HEIGHT="30" WIDTH="1118">
          <TextLine ID="TextLine_66" HPOS="1513" VPOS="3901" HEIGHT="30" WIDTH="1118">
            <SP ID="Textword_29" HPOS="1513" VPOS="3901" />
            <String ID="Textword_154" HPOS="1513" VPOS="3901" HEIGHT="30" WIDTH="1118" CONTENT=" " WC="0.95" />
          </TextLine>
        </TextBlock>
        <TextBlock ID="TextBlock_46" HPOS="1508" VPOS="3939" HEIGHT="11" WIDTH="1140">
          <TextLine ID="TextLine_67" HPOS="1508" VPOS="3939" HEIGHT="11" WIDTH="1140">
            <SP ID="Textword_30" HPOS="1508" VPOS="3939" />
            <String ID="Textword_155" HPOS="1508" VPOS="3939" HEIGHT="11" WIDTH="1140" CONTENT=" " WC="0.95" />
          </TextLine>
        </TextBlock>
        <TextBlock ID="TextBlock_47" HPOS="1512" VPOS="3970" HEIGHT="32" WIDTH="1137">
          <TextLine ID="TextLine_68" HPOS="1512" VPOS="3970" HEIGHT="32" WIDTH="1137">
            <SP ID="Textword_31" HPOS="1512" VPOS="3970" />
            <String ID="Textword_156" HPOS="1512" VPOS="3970" HEIGHT="32" WIDTH="1137" CONTENT=" " WC="0.95" />
          </TextLine>
        </TextBlock>
        <TextBlock ID="TextBlock_48" HPOS="1554" VPOS="4031" HEIGHT="57" WIDTH="1041">
          <TextLine ID="TextLine_69" HPOS="1554" VPOS="4031" HEIGHT="57" WIDTH="1041">
            <String ID="Textword_157" HPOS="1554" VPOS="4031" HEIGHT="57" WIDTH="356" CONTENT="Renseignements" WC="0.96" />
            <String ID="Textword_158" HPOS="1945" VPOS="4033" HEIGHT="45" WIDTH="293" CONTENT="commerciaux" WC="0.96" />
            <String ID="Textword_159" HPOS="2274" VPOS="4038" HEIGHT="40" WIDTH="38" CONTENT="et" WC="0.96" />
            <String ID="Textword_160" HPOS="2346" VPOS="4035" HEIGHT="44" WIDTH="249" CONTENT="contentieux" WC="0.96" />
          </TextLine>
        </TextBlock>
        <TextBlock ID="TextBlock_49" HPOS="1557" VPOS="4098" HEIGHT="89" WIDTH="1046">
          <TextLine ID="TextLine_70" HPOS="1557" VPOS="4098" HEIGHT="89" WIDTH="1046">
            <String ID="Textword_161" HPOS="1557" VPOS="4101" HEIGHT="82" WIDTH="99" CONTENT="F." WC="0.91" />
            <String ID="Textword_162" HPOS="1701" VPOS="4098" HEIGHT="84" WIDTH="119" CONTENT="X." WC="0.84" />
            <String ID="Textword_163" HPOS="1869" VPOS="4101" HEIGHT="86" WIDTH="734" CONTENT="MOESCHLIN" WC="0.84" />
          </TextLine>
        </TextBlock>
        <TextBlock ID="TextBlock_50" HPOS="1507" VPOS="4196" HEIGHT="120" WIDTH="1139">
          <TextLine ID="TextLine_71" HPOS="1712" VPOS="4196" HEIGHT="42" WIDTH="819">
            <String ID="Textword_164" HPOS="1712" VPOS="4196" HEIGHT="33" WIDTH="238" CONTENT="Successeur" WC="0.91" />
            <String ID="Textword_165" HPOS="1974" VPOS="4199" HEIGHT="30" WIDTH="48" CONTENT="de" WC="0.93" />
            <String ID="Textword_166" HPOS="2045" VPOS="4199" HEIGHT="31" WIDTH="33" CONTENT="J." WC="0.92" />
            <String ID="Textword_167" HPOS="2095" VPOS="4199" HEIGHT="31" WIDTH="43" CONTENT="A." WC="0.93" />
            <String ID="Textword_168" HPOS="2157" VPOS="4198" HEIGHT="40" WIDTH="374" CONTENT="TRITSCHLER" WC="0.91" />
          </TextLine>
          <TextLine ID="TextLine_72" HPOS="1574" VPOS="4241" HEIGHT="36" WIDTH="985">
            <String ID="Textword_169" HPOS="1574" VPOS="4241" HEIGHT="33" WIDTH="107" CONTENT="Bâle" WC="0.96" />
            <String ID="Textword_170" HPOS="2395" VPOS="4244" HEIGHT="33" WIDTH="164" CONTENT="Zurich" WC="0.93" />
          </TextLine>
          <TextLine ID="TextLine_73" HPOS="1507" VPOS="4285" HEIGHT="31" WIDTH="1139">
            <String ID="Textword_171" HPOS="1507" VPOS="4285" HEIGHT="27" WIDTH="221" CONTENT="Falknerstrasse" WC="0.91" />
            <String ID="Textword_172" HPOS="1743" VPOS="4285" HEIGHT="25" WIDTH="14" CONTENT="7" WC="0.96" />
            <String ID="Textword_173" HPOS="2302" VPOS="4288" HEIGHT="28" WIDTH="300" CONTENT="Fraumiinsterstrasse" WC="0.67" />
            <String ID="Textword_174" HPOS="2613" VPOS="4290" HEIGHT="25" WIDTH="33" CONTENT="14" WC="0.96" />
          </TextLine>
        </TextBlock>
        <TextBlock ID="TextBlock_51" HPOS="1506" VPOS="4330" HEIGHT="107" WIDTH="1140">
          <TextLine ID="TextLine_74" HPOS="1578" VPOS="4330" HEIGHT="34" WIDTH="1068">
            <String ID="Textword_175" HPOS="1578" VPOS="4330" HEIGHT="27" WIDTH="118" CONTENT="Service" WC="0.96" />
            <String ID="Textword_176" HPOS="1716" VPOS="4332" HEIGHT="32" WIDTH="118" CONTENT="prompt" WC="0.96" />
            <String ID="Textword_177" HPOS="1853" VPOS="4332" HEIGHT="26" WIDTH="30" CONTENT="et" WC="0.93" />
            <String ID="Textword_178" HPOS="1902" VPOS="4332" HEIGHT="27" WIDTH="232" CONTENT="consciencieux." WC="0.90" />
            <String ID="Textword_179" HPOS="2163" VPOS="4331" HEIGHT="27" WIDTH="177" CONTENT="Conditions" WC="0.93" />
            <String ID="Textword_180" HPOS="2360" VPOS="4331" HEIGHT="30" WIDTH="214" CONTENT="d’abonnement" WC="0.89" />
            <String ID="Textword_181" HPOS="2576" VPOS="4335" HEIGHT="27" WIDTH="70" CONTENT="les" WC="0.96" />
          </TextLine>
          <TextLine ID="TextLine_75" HPOS="1506" VPOS="4365" HEIGHT="38" WIDTH="1139">
            <String ID="Textword_182" HPOS="1506" VPOS="4365" HEIGHT="33" WIDTH="68" CONTENT="plus" WC="0.96" />
            <String ID="Textword_183" HPOS="1592" VPOS="4366" HEIGHT="27" WIDTH="182" CONTENT="favorables." WC="0.86" />
            <String ID="Textword_184" HPOS="1806" VPOS="4382" HEIGHT="3" WIDTH="32" CONTENT="—" WC="0.91" />
            <String ID="Textword_185" HPOS="1866" VPOS="4367" HEIGHT="27" WIDTH="154" CONTENT="Relations" WC="0.93" />
            <String ID="Textword_186" HPOS="2040" VPOS="4367" HEIGHT="26" WIDTH="129" CONTENT="directes" WC="0.96" />
            <String ID="Textword_187" HPOS="2196" VPOS="4368" HEIGHT="33" WIDTH="80" CONTENT="(plus" WC="0.96" />
            <String ID="Textword_188" HPOS="2295" VPOS="4369" HEIGHT="24" WIDTH="34" CONTENT="de" WC="0.96" />
            <String ID="Textword_189" HPOS="2349" VPOS="4367" HEIGHT="34" WIDTH="101" CONTENT="20,000" WC="0.93" />
            <String ID="Textword_190" HPOS="2470" VPOS="4376" HEIGHT="27" WIDTH="175" CONTENT="correspon-" WC="0.91" />
          </TextLine>
          <TextLine ID="TextLine_76" HPOS="1506" VPOS="4401" HEIGHT="36" WIDTH="1046">
            <String ID="Textword_191" HPOS="1506" VPOS="4401" HEIGHT="33" WIDTH="103" CONTENT="dants)" WC="0.92" />
            <String ID="Textword_192" HPOS="1645" VPOS="4402" HEIGHT="26" WIDTH="74" CONTENT="dans" WC="0.96" />
            <String ID="Textword_193" HPOS="1738" VPOS="4402" HEIGHT="26" WIDTH="66" CONTENT="tous" WC="0.96" />
            <String ID="Textword_194" HPOS="1823" VPOS="4402" HEIGHT="27" WIDTH="43" CONTENT="les" WC="0.95" />
            <String ID="Textword_195" HPOS="1886" VPOS="4410" HEIGHT="26" WIDTH="72" CONTENT="pays" WC="0.96" />
            <String ID="Textword_196" HPOS="1977" VPOS="4403" HEIGHT="25" WIDTH="37" CONTENT="du" WC="0.95" />
            <String ID="Textword_197" HPOS="2032" VPOS="4402" HEIGHT="26" WIDTH="115" CONTENT="monde." WC="0.91" />
            <String ID="Textword_198" HPOS="2184" VPOS="4403" HEIGHT="26" WIDTH="165" CONTENT="Demandez" WC="0.91" />
            <String ID="Textword_199" HPOS="2368" VPOS="4405" HEIGHT="32" WIDTH="184" CONTENT="prospectus." WC="0.95" />
          </TextLine>
        </TextBlock>
        <TextBlock ID="TextBlock_52" HPOS="1869" VPOS="4269" HEIGHT="27" WIDTH="354">
          <TextLine ID="TextLine_77" HPOS="1869" VPOS="4269" HEIGHT="27" WIDTH="354">
            <String ID="Textword_200" HPOS="1869" VPOS="4269" HEIGHT="27" WIDTH="102" CONTENT="Maison" WC="0.96" />
            <String ID="Textword_201" HPOS="1992" VPOS="4269" HEIGHT="27" WIDTH="94" CONTENT="fondée" WC="0.96" />
            <String ID="Textword_202" HPOS="2106" VPOS="4277" HEIGHT="19" WIDTH="31" CONTENT="en" WC="0.96" />
            <String ID="Textword_203" HPOS="2159" VPOS="4270" HEIGHT="26" WIDTH="64" CONTENT="1869" WC="0.87" />
          </TextLine>
        </TextBlock>
        <TextBlock ID="TextBlock_53" HPOS="1507" VPOS="4457" HEIGHT="32" WIDTH="1138">
          <TextLine ID="TextLine_78" HPOS="1507" VPOS="4457" HEIGHT="32" WIDTH="1138">
            <SP ID="Textword_32" HPOS="1507" VPOS="4457" />
            <String ID="Textword_204" HPOS="1507" VPOS="4457" HEIGHT="32" WIDTH="1138" CONTENT=" " WC="0.95" />
          </TextLine>
        </TextBlock>
        <TextBlock ID="TextBlock_54" HPOS="2655" VPOS="414" HEIGHT="4068" WIDTH="30">
          <TextLine ID="TextLine_79" HPOS="2655" VPOS="414" HEIGHT="4068" WIDTH="30">
            <SP ID="Textword_33" HPOS="2655" VPOS="414" />
            <String ID="Textword_205" HPOS="2655" VPOS="414" HEIGHT="4068" WIDTH="30" CONTENT=" " WC="0.95" />
          </TextLine>
        </TextBlock>
        <TextBlock ID="TextBlock_55" HPOS="2753" VPOS="413" HEIGHT="82" WIDTH="440">
          <TextLine ID="TextLine_80" HPOS="2753" VPOS="413" HEIGHT="82" WIDTH="440">
            <String ID="Textword_206" HPOS="2753" VPOS="413" HEIGHT="82" WIDTH="440" CONTENT="Kopierbureau" WC="0.92" />
          </TextLine>
        </TextBlock>
        <TextBlock ID="TextBlock_56" HPOS="2691" VPOS="497" HEIGHT="134" WIDTH="557">
          <TextLine ID="TextLine_81" HPOS="2692" VPOS="497" HEIGHT="40" WIDTH="556">
            <String ID="Textword_207" HPOS="2692" VPOS="497" HEIGHT="29" WIDTH="238" CONTENT="Steinmann" WC="0.89" />
            <String ID="Textword_208" HPOS="2960" VPOS="499" HEIGHT="28" WIDTH="36" CONTENT="&amp;" WC="0.92" />
            <String ID="Textword_209" HPOS="3022" VPOS="500" HEIGHT="34" WIDTH="111" CONTENT="Erni," WC="0.90" />
            <String ID="Textword_210" HPOS="3170" VPOS="510" HEIGHT="27" WIDTH="78" CONTENT="gegr." WC="0.84" />
          </TextLine>
          <TextLine ID="TextLine_82" HPOS="2693" VPOS="534" HEIGHT="35" WIDTH="555">
            <String ID="Textword_211" HPOS="2693" VPOS="534" HEIGHT="31" WIDTH="76" CONTENT="1892," WC="0.92" />
            <String ID="Textword_212" HPOS="2787" VPOS="535" HEIGHT="27" WIDTH="205" CONTENT="Börsenstrasse" WC="0.92" />
            <String ID="Textword_213" HPOS="3005" VPOS="536" HEIGHT="33" WIDTH="40" CONTENT="10," WC="0.96" />
            <String ID="Textword_214" HPOS="3058" VPOS="535" HEIGHT="29" WIDTH="148" CONTENT="Zürich" WC="0.96" />
            <String ID="Textword_215" HPOS="3216" VPOS="538" HEIGHT="28" WIDTH="32" CONTENT="I." WC="0.94" />
          </TextLine>
          <TextLine ID="TextLine_83" HPOS="2691" VPOS="569" HEIGHT="32" WIDTH="557">
            <String ID="Textword_216" HPOS="2691" VPOS="569" HEIGHT="29" WIDTH="330" CONTENT="Schreibmaschinenarb." WC="0.91" />
            <String ID="Textword_217" HPOS="3077" VPOS="572" HEIGHT="29" WIDTH="171" CONTENT="Vervielfält." WC="0.72" />
          </TextLine>
          <TextLine ID="TextLine_84" HPOS="2691" VPOS="605" HEIGHT="26" WIDTH="388">
            <String ID="Textword_218" HPOS="2691" VPOS="605" HEIGHT="26" WIDTH="106" CONTENT="Diktat." WC="0.93" />
            <String ID="Textword_219" HPOS="2884" VPOS="613" HEIGHT="10" WIDTH="60" CONTENT="KO" WC="0.07" />
            <String ID="Textword_220" HPOS="3041" VPOS="620" HEIGHT="4" WIDTH="38" CONTENT="&gt;" WC="0.42" />
          </TextLine>
        </TextBlock>
        <TextBlock ID="TextBlock_57" HPOS="2723" VPOS="676" HEIGHT="112" WIDTH="504">
          <TextLine ID="TextLine_85" HPOS="2723" VPOS="676" HEIGHT="112" WIDTH="504">
            <String ID="Textword_221" HPOS="2723" VPOS="676" HEIGHT="112" WIDTH="504" CONTENT="Buchführung." WC="0.96" />
          </TextLine>
        </TextBlock>
        <TextBlock ID="TextBlock_58" HPOS="2686" VPOS="792" HEIGHT="397" WIDTH="561">
          <TextLine ID="TextLine_86" HPOS="2725" VPOS="792" HEIGHT="35" WIDTH="521">
            <String ID="Textword_222" HPOS="2725" VPOS="792" HEIGHT="35" WIDTH="169" CONTENT="Neuanlage," WC="0.90" />
            <String ID="Textword_223" HPOS="2931" VPOS="793" HEIGHT="33" WIDTH="136" CONTENT="Revision," WC="0.93" />
            <String ID="Textword_224" HPOS="3111" VPOS="795" HEIGHT="27" WIDTH="135" CONTENT="Nachtra-" WC="0.78" />
          </TextLine>
          <TextLine ID="TextLine_87" HPOS="2688" VPOS="828" HEIGHT="34" WIDTH="559">
            <String ID="Textword_225" HPOS="2688" VPOS="836" HEIGHT="26" WIDTH="86" CONTENT="gung," WC="0.95" />
            <String ID="Textword_226" HPOS="2803" VPOS="828" HEIGHT="27" WIDTH="108" CONTENT="Ordnen" WC="0.95" />
            <String ID="Textword_227" HPOS="2940" VPOS="830" HEIGHT="25" WIDTH="54" CONTENT="und" WC="0.95" />
            <String ID="Textword_228" HPOS="3015" VPOS="830" HEIGHT="27" WIDTH="150" CONTENT="Abschluss" WC="0.96" />
            <String ID="Textword_229" HPOS="3195" VPOS="839" HEIGHT="19" WIDTH="52" CONTENT="von" WC="0.96" />
          </TextLine>
          <TextLine ID="TextLine_88" HPOS="2689" VPOS="863" HEIGHT="31" WIDTH="558">
            <String ID="Textword_230" HPOS="2689" VPOS="863" HEIGHT="31" WIDTH="279" CONTENT="Geschäftsbüchern;" WC="0.72" />
            <String ID="Textword_231" HPOS="2995" VPOS="865" HEIGHT="27" WIDTH="126" CONTENT="Gewinn-" WC="0.91" />
            <String ID="Textword_232" HPOS="3142" VPOS="874" HEIGHT="18" WIDTH="24" CONTENT="u." WC="0.93" />
            <String ID="Textword_233" HPOS="3182" VPOS="867" HEIGHT="26" WIDTH="65" CONTENT="Ver-" WC="0.92" />
          </TextLine>
          <TextLine ID="TextLine_89" HPOS="2688" VPOS="900" HEIGHT="33" WIDTH="558">
            <String ID="Textword_234" HPOS="2688" VPOS="900" HEIGHT="33" WIDTH="239" CONTENT="lustrechnungen," WC="0.91" />
            <String ID="Textword_235" HPOS="2954" VPOS="901" HEIGHT="26" WIDTH="131" CONTENT="Bilanzen" WC="0.91" />
            <String ID="Textword_236" HPOS="3105" VPOS="902" HEIGHT="26" WIDTH="55" CONTENT="und" WC="0.93" />
            <String ID="Textword_237" HPOS="3181" VPOS="903" HEIGHT="26" WIDTH="65" CONTENT="Gut-" WC="0.91" />
          </TextLine>
          <TextLine ID="TextLine_90" HPOS="2688" VPOS="935" HEIGHT="35" WIDTH="556">
            <String ID="Textword_238" HPOS="2688" VPOS="935" HEIGHT="26" WIDTH="96" CONTENT="achten" WC="0.92" />
            <String ID="Textword_239" HPOS="2810" VPOS="935" HEIGHT="26" WIDTH="45" CONTENT="für" WC="0.88" />
            <String ID="Textword_240" HPOS="2876" VPOS="935" HEIGHT="35" WIDTH="137" CONTENT="Gewerbe," WC="0.92" />
            <String ID="Textword_241" HPOS="3036" VPOS="937" HEIGHT="29" WIDTH="103" CONTENT="Hotels," WC="0.90" />
            <String ID="Textword_242" HPOS="3170" VPOS="938" HEIGHT="26" WIDTH="74" CONTENT="Han-" WC="0.90" />
          </TextLine>
          <TextLine ID="TextLine_91" HPOS="2687" VPOS="970" HEIGHT="35" WIDTH="558">
            <String ID="Textword_243" HPOS="2687" VPOS="970" HEIGHT="26" WIDTH="55" CONTENT="del-" WC="0.92" />
            <String ID="Textword_244" HPOS="2772" VPOS="971" HEIGHT="25" WIDTH="54" CONTENT="uud" WC="0.79" />
            <String ID="Textword_245" HPOS="2857" VPOS="971" HEIGHT="34" WIDTH="253" CONTENT="Fabrikgeschäfte," WC="0.84" />
            <String ID="Textword_246" HPOS="3143" VPOS="973" HEIGHT="26" WIDTH="102" CONTENT="Gesell-" WC="0.92" />
          </TextLine>
          <TextLine ID="TextLine_92" HPOS="2687" VPOS="1006" HEIGHT="34" WIDTH="558">
            <String ID="Textword_247" HPOS="2687" VPOS="1006" HEIGHT="26" WIDTH="123" CONTENT="schaften" WC="0.92" />
            <String ID="Textword_248" HPOS="2839" VPOS="1006" HEIGHT="34" WIDTH="79" CONTENT="jeder" WC="0.92" />
            <String ID="Textword_249" HPOS="2949" VPOS="1008" HEIGHT="25" WIDTH="58" CONTENT="Art." WC="0.92" />
            <String ID="Textword_250" HPOS="3046" VPOS="1008" HEIGHT="27" WIDTH="123" CONTENT="Diskret" WC="0.92" />
            <String ID="Textword_251" HPOS="3189" VPOS="1010" HEIGHT="25" WIDTH="56" CONTENT="und" WC="0.86" />
          </TextLine>
          <TextLine ID="TextLine_93" HPOS="2686" VPOS="1042" HEIGHT="32" WIDTH="203">
            <String ID="Textword_252" HPOS="2686" VPOS="1042" HEIGHT="32" WIDTH="203" CONTENT="gewissenbaft." WC="0.88" />
          </TextLine>
          <TextLine ID="TextLine_94" HPOS="2743" VPOS="1078" HEIGHT="33" WIDTH="449">
            <String ID="Textword_253" HPOS="2743" VPOS="1078" HEIGHT="31" WIDTH="42" CONTENT="C." WC="0.90" />
            <String ID="Textword_254" HPOS="2803" VPOS="1078" HEIGHT="31" WIDTH="49" CONTENT="A." WC="0.78" />
            <String ID="Textword_255" HPOS="2870" VPOS="1078" HEIGHT="32" WIDTH="47" CONTENT="©." WC="0.53" />
            <String ID="Textword_256" HPOS="2936" VPOS="1078" HEIGHT="33" WIDTH="256" CONTENT="Gademann" WC="0.91" />
          </TextLine>
          <TextLine ID="TextLine_95" HPOS="2861" VPOS="1123" HEIGHT="26" WIDTH="210">
            <String ID="Textword_257" HPOS="2861" VPOS="1123" HEIGHT="26" WIDTH="210" CONTENT="Bücherrevisor" WC="0.70" />
          </TextLine>
          <TextLine ID="TextLine_96" HPOS="2730" VPOS="1155" HEIGHT="34" WIDTH="497">
            <String ID="Textword_258" HPOS="2730" VPOS="1155" HEIGHT="28" WIDTH="146" CONTENT="Zürich" WC="0.78" />
            <String ID="Textword_259" HPOS="2896" VPOS="1157" HEIGHT="32" WIDTH="32" CONTENT="I," WC="0.93" />
            <String ID="Textword_260" HPOS="2948" VPOS="1158" HEIGHT="26" WIDTH="189" CONTENT="Géssnerallee" WC="0.91" />
            <String ID="Textword_261" HPOS="3156" VPOS="1159" HEIGHT="25" WIDTH="71" CONTENT="50." WC="0.81" />
          </TextLine>
        </TextBlock>
        <TextBlock ID="TextBlock_59" HPOS="2724" VPOS="1212" HEIGHT="79" WIDTH="519">
          <TextLine ID="TextLine_97" HPOS="2724" VPOS="1212" HEIGHT="79" WIDTH="519">
            <String ID="Textword_262" HPOS="2724" VPOS="1212" HEIGHT="79" WIDTH="519" CONTENT="Buchhaltung." WC="0.84" />
          </TextLine>
        </TextBlock>
        <TextBlock ID="TextBlock_60" HPOS="2683" VPOS="1291" HEIGHT="278" WIDTH="560">
          <TextLine ID="TextLine_98" HPOS="2686" VPOS="1291" HEIGHT="35" WIDTH="556">
            <String ID="Textword_263" HPOS="2686" VPOS="1291" HEIGHT="25" WIDTH="67" CONTENT="nach" WC="0.83" />
            <String ID="Textword_264" HPOS="2775" VPOS="1291" HEIGHT="25" WIDTH="70" CONTENT="allen" WC="0.96" />
            <String ID="Textword_265" HPOS="2860" VPOS="1291" HEIGHT="33" WIDTH="141" CONTENT="Systemen" WC="0.96" />
            <String ID="Textword_266" HPOS="3020" VPOS="1292" HEIGHT="26" WIDTH="54" CONTENT="und" WC="0.86" />
            <String ID="Textword_267" HPOS="3083" VPOS="1292" HEIGHT="34" WIDTH="92" CONTENT="jedem" WC="0.93" />
            <String ID="Textword_268" HPOS="3190" VPOS="1293" HEIGHT="26" WIDTH="52" CONTENT="Ge-" WC="0.91" />
          </TextLine>
          <TextLine ID="TextLine_99" HPOS="2684" VPOS="1326" HEIGHT="35" WIDTH="559">
            <String ID="Textword_269" HPOS="2684" VPOS="1326" HEIGHT="26" WIDTH="208" CONTENT="schäftsbetrieb" WC="0.91" />
            <String ID="Textword_270" HPOS="0" VPOS="0" HEIGHT="4977" WIDTH="3388" CONTENT="." WC="0.78" />
            <String ID="Textword_271" HPOS="2949" VPOS="1333" HEIGHT="28" WIDTH="155" CONTENT="angepasst," WC="0.92" />
            <String ID="Textword_272" HPOS="3157" VPOS="1328" HEIGHT="28" WIDTH="86" CONTENT="Nach-" WC="0.58" />
          </TextLine>
          <TextLine ID="TextLine_100" HPOS="2684" VPOS="1363" HEIGHT="32" WIDTH="558">
            <String ID="Textword_273" HPOS="2684" VPOS="1366" HEIGHT="28" WIDTH="120" CONTENT="tragung" WC="0.92" />
            <String ID="Textword_274" HPOS="2844" VPOS="1370" HEIGHT="19" WIDTH="52" CONTENT="von" WC="0.96" />
            <String ID="Textword_275" HPOS="2941" VPOS="1363" HEIGHT="32" WIDTH="130" CONTENT="Büchern," WC="0.25" />
            <String ID="Textword_276" HPOS="3119" VPOS="1364" HEIGHT="31" WIDTH="123" CONTENT="Bücher-" WC="0.81" />
          </TextLine>
          <TextLine ID="TextLine_101" HPOS="2683" VPOS="1395" HEIGHT="38" WIDTH="555">
            <String ID="Textword_277" HPOS="2683" VPOS="1403" HEIGHT="18" WIDTH="32" CONTENT="ex" WC="0.92" />
            <String ID="Textword_278" HPOS="2736" VPOS="1395" HEIGHT="27" WIDTH="101" CONTENT="ertisen" WC="0.92" />
            <String ID="Textword_279" HPOS="2884" VPOS="1398" HEIGHT="25" WIDTH="50" CONTENT="und" WC="0.89" />
            <String ID="Textword_280" HPOS="2980" VPOS="1399" HEIGHT="34" WIDTH="159" CONTENT="Erstellung" WC="0.85" />
            <String ID="Textword_281" HPOS="3184" VPOS="1408" HEIGHT="18" WIDTH="54" CONTENT="von" WC="0.96" />
          </TextLine>
          <TextLine ID="TextLine_102" HPOS="2684" VPOS="1431" HEIGHT="38" WIDTH="558">
            <String ID="Textword_282" HPOS="2684" VPOS="1431" HEIGHT="27" WIDTH="131" CONTENT="Bilanzen" WC="0.96" />
            <String ID="Textword_283" HPOS="2845" VPOS="1432" HEIGHT="35" WIDTH="110" CONTENT="besorgt" WC="0.96" />
            <String ID="Textword_284" HPOS="2983" VPOS="1435" HEIGHT="34" WIDTH="170" CONTENT="zuverlässig" WC="0.66" />
            <String ID="Textword_285" HPOS="3185" VPOS="1436" HEIGHT="27" WIDTH="57" CONTENT="und" WC="0.95" />
          </TextLine>
          <TextLine ID="TextLine_103" HPOS="2683" VPOS="1467" HEIGHT="34" WIDTH="558">
            <String ID="Textword_286" HPOS="2683" VPOS="1467" HEIGHT="34" WIDTH="430" CONTENT="diskretE.Muggli-Isier," WC="0.66" />
            <String ID="Textword_287" HPOS="3123" VPOS="1471" HEIGHT="26" WIDTH="118" CONTENT="Bicher-" WC="0.86" />
          </TextLine>
          <TextLine ID="TextLine_104" HPOS="2684" VPOS="1504" HEIGHT="31" WIDTH="557">
            <String ID="Textword_288" HPOS="2684" VPOS="1507" HEIGHT="28" WIDTH="109" CONTENT="experte" WC="0.92" />
            <String ID="Textword_289" HPOS="2806" VPOS="1504" HEIGHT="31" WIDTH="91" CONTENT="ehem." WC="0.95" />
            <String ID="Textword_290" HPOS="2906" VPOS="1504" HEIGHT="27" WIDTH="143" CONTENT="Prokurist" WC="0.96" />
            <String ID="Textword_291" HPOS="3057" VPOS="1506" HEIGHT="25" WIDTH="46" CONTENT="der" WC="0.96" />
            <String ID="Textword_292" HPOS="3109" VPOS="1506" HEIGHT="27" WIDTH="132" CONTENT="Schweiz," WC="0.82" />
          </TextLine>
          <TextLine ID="TextLine_105" HPOS="2686" VPOS="1537" HEIGHT="32" WIDTH="422">
            <String ID="Textword_293" HPOS="2686" VPOS="1538" HEIGHT="31" WIDTH="169" CONTENT="Volkspank)" WC="0.47" />
            <String ID="Textword_294" HPOS="2875" VPOS="1537" HEIGHT="29" WIDTH="143" CONTENT="Zürich" WC="0.96" />
            <String ID="Textword_295" HPOS="3043" VPOS="1540" HEIGHT="28" WIDTH="65" CONTENT="IV." WC="0.92" />
          </TextLine>
        </TextBlock>
        <TextBlock ID="TextBlock_61" HPOS="2757" VPOS="1562" HEIGHT="174" WIDTH="483">
          <TextLine ID="TextLine_106" HPOS="2757" VPOS="1562" HEIGHT="174" WIDTH="483">
            <String ID="Textword_296" HPOS="2757" VPOS="1562" HEIGHT="174" WIDTH="483" CONTENT="Modelle" WC="0.65" />
          </TextLine>
        </TextBlock>
        <TextBlock ID="TextBlock_62" HPOS="2680" VPOS="1759" HEIGHT="283" WIDTH="559">
          <TextLine ID="TextLine_107" HPOS="2683" VPOS="1759" HEIGHT="33" WIDTH="556">
            <String ID="Textword_297" HPOS="2683" VPOS="1760" HEIGHT="32" WIDTH="83" CONTENT="a" WC="0.64" />
            <String ID="Textword_298" HPOS="2786" VPOS="1759" HEIGHT="27" WIDTH="46" CONTENT="für" WC="0.93" />
            <String ID="Textword_299" HPOS="2851" VPOS="1760" HEIGHT="28" WIDTH="170" CONTENT="Giessereien" WC="0.79" />
            <String ID="Textword_300" HPOS="3046" VPOS="1762" HEIGHT="26" WIDTH="55" CONTENT="und" WC="0.93" />
            <String ID="Textword_301" HPOS="3124" VPOS="1762" HEIGHT="26" WIDTH="115" CONTENT="Maschi-" WC="0.92" />
          </TextLine>
          <TextLine ID="TextLine_108" HPOS="2682" VPOS="1795" HEIGHT="35" WIDTH="556">
            <String ID="Textword_302" HPOS="2682" VPOS="1795" HEIGHT="35" WIDTH="189" CONTENT="nenfabriken," WC="0.91" />
            <String ID="Textword_303" HPOS="2889" VPOS="1797" HEIGHT="25" WIDTH="82" CONTENT="sowie" WC="0.95" />
            <String ID="Textword_304" HPOS="2990" VPOS="1797" HEIGHT="26" WIDTH="46" CONTENT="für" WC="0.93" />
            <String ID="Textword_305" HPOS="3055" VPOS="1797" HEIGHT="27" WIDTH="97" CONTENT="Schul-" WC="0.91" />
            <String ID="Textword_306" HPOS="3181" VPOS="1798" HEIGHT="26" WIDTH="57" CONTENT="und" WC="0.96" />
          </TextLine>
          <TextLine ID="TextLine_109" HPOS="2681" VPOS="1830" HEIGHT="36" WIDTH="556">
            <String ID="Textword_307" HPOS="2681" VPOS="1830" HEIGHT="27" WIDTH="210" CONTENT="Patentzwecke" WC="0.91" />
            <String ID="Textword_308" HPOS="2918" VPOS="1832" HEIGHT="34" WIDTH="146" CONTENT="verfertigt" WC="0.91" />
            <String ID="Textword_309" HPOS="3092" VPOS="1834" HEIGHT="25" WIDTH="69" CONTENT="nach" WC="0.93" />
            <String ID="Textword_310" HPOS="3181" VPOS="1834" HEIGHT="25" WIDTH="56" CONTENT="ein-" WC="0.92" />
          </TextLine>
          <TextLine ID="TextLine_110" HPOS="2681" VPOS="1866" HEIGHT="35" WIDTH="557">
            <String ID="Textword_311" HPOS="2681" VPOS="1866" HEIGHT="33" WIDTH="147" CONTENT="gesandter" WC="0.92" />
            <String ID="Textword_312" HPOS="2854" VPOS="1867" HEIGHT="34" WIDTH="158" CONTENT="Zeichnung" WC="0.96" />
            <String ID="Textword_313" HPOS="3040" VPOS="1869" HEIGHT="25" WIDTH="65" CONTENT="oder" WC="0.95" />
            <String ID="Textword_314" HPOS="3134" VPOS="1868" HEIGHT="26" WIDTH="104" CONTENT="Muster" WC="0.95" />
          </TextLine>
          <TextLine ID="TextLine_111" HPOS="2682" VPOS="1901" HEIGHT="34" WIDTH="554">
            <String ID="Textword_315" HPOS="2682" VPOS="1901" HEIGHT="26" WIDTH="41" CONTENT="bei" WC="0.95" />
            <String ID="Textword_316" HPOS="2754" VPOS="1901" HEIGHT="34" WIDTH="139" CONTENT="billigsten" WC="0.95" />
            <String ID="Textword_317" HPOS="2921" VPOS="1903" HEIGHT="26" WIDTH="113" CONTENT="Preisen" WC="0.96" />
            <String ID="Textword_318" HPOS="3065" VPOS="1904" HEIGHT="26" WIDTH="56" CONTENT="und" WC="0.92" />
            <String ID="Textword_319" HPOS="3150" VPOS="1904" HEIGHT="26" WIDTH="86" CONTENT="tadel-" WC="0.92" />
          </TextLine>
          <TextLine ID="TextLine_112" HPOS="2680" VPOS="1937" HEIGHT="35" WIDTH="311">
            <String ID="Textword_320" HPOS="2680" VPOS="1937" HEIGHT="25" WIDTH="70" CONTENT="loser" WC="0.95" />
            <String ID="Textword_321" HPOS="2769" VPOS="1937" HEIGHT="35" WIDTH="186" CONTENT="Ausführung" WC="0.92" />
            <String ID="Textword_322" HPOS="2981" VPOS="1957" HEIGHT="2" WIDTH="10" CONTENT="-" WC="0.88" />
          </TextLine>
          <TextLine ID="TextLine_113" HPOS="2856" VPOS="1972" HEIGHT="34" WIDTH="220">
            <String ID="Textword_323" HPOS="2856" VPOS="1972" HEIGHT="27" WIDTH="47" CONTENT="A." WC="0.93" />
            <String ID="Textword_324" HPOS="2912" VPOS="1972" HEIGHT="34" WIDTH="164" CONTENT="Locher," WC="0.95" />
          </TextLine>
          <TextLine ID="TextLine_114" HPOS="2762" VPOS="2008" HEIGHT="34" WIDTH="473">
            <String ID="Textword_325" HPOS="2762" VPOS="2008" HEIGHT="24" WIDTH="86" CONTENT="mech." WC="0.90" />
            <String ID="Textword_326" HPOS="2865" VPOS="2008" HEIGHT="34" WIDTH="272" CONTENT="Modellschreinerei," WC="0.88" />
            <String ID="Textword_327" HPOS="3157" VPOS="2009" HEIGHT="26" WIDTH="78" CONTENT="Bern." WC="0.95" />
          </TextLine>
        </TextBlock>
        <TextBlock ID="TextBlock_63" HPOS="2963" VPOS="2072" HEIGHT="386" WIDTH="275">
          <TextLine ID="TextLine_115" HPOS="2972" VPOS="2072" HEIGHT="184" WIDTH="213">
            <String ID="Textword_328" HPOS="2972" VPOS="2072" HEIGHT="184" WIDTH="213" CONTENT="sla" WC="0.69" />
          </TextLine>
          <TextLine ID="TextLine_116" HPOS="2963" VPOS="2276" HEIGHT="182" WIDTH="275">
            <String ID="Textword_329" HPOS="2963" VPOS="2276" HEIGHT="182" WIDTH="275" CONTENT="o" WC="0.33" />
          </TextLine>
        </TextBlock>
        <TextBlock ID="TextBlock_64" HPOS="3007" VPOS="2493" HEIGHT="27" WIDTH="151">
          <TextLine ID="TextLine_117" HPOS="3007" VPOS="2493" HEIGHT="27" WIDTH="151">
            <String ID="Textword_330" HPOS="3007" VPOS="2493" HEIGHT="27" WIDTH="88" CONTENT="liefert" WC="0.92" />
            <String ID="Textword_331" HPOS="3115" VPOS="2495" HEIGHT="25" WIDTH="43" CONTENT="die" WC="0.96" />
          </TextLine>
        </TextBlock>
        <TextBlock ID="TextBlock_65" HPOS="2934" VPOS="2564" HEIGHT="46" WIDTH="279">
          <TextLine ID="TextLine_118" HPOS="2934" VPOS="2564" HEIGHT="46" WIDTH="279">
            <String ID="Textword_332" HPOS="2934" VPOS="2564" HEIGHT="46" WIDTH="279" CONTENT="Kartonfabrik" WC="0.91" />
          </TextLine>
        </TextBlock>
        <TextBlock ID="TextBlock_66" HPOS="2918" VPOS="2643" HEIGHT="86" WIDTH="317">
          <TextLine ID="TextLine_119" HPOS="2918" VPOS="2643" HEIGHT="45" WIDTH="317">
            <String ID="Textword_333" HPOS="2918" VPOS="2643" HEIGHT="45" WIDTH="147" CONTENT="Ellikon" WC="0.92" />
            <String ID="Textword_334" HPOS="3078" VPOS="2651" HEIGHT="33" WIDTH="60" CONTENT="a.d." WC="0.92" />
            <String ID="Textword_335" HPOS="3150" VPOS="2652" HEIGHT="33" WIDTH="85" CONTENT="Thur" WC="0.92" />
          </TextLine>
          <TextLine ID="TextLine_120" HPOS="2970" VPOS="2703" HEIGHT="26" WIDTH="61">
            <String ID="Textword_336" HPOS="2970" VPOS="2703" HEIGHT="26" WIDTH="61" CONTENT="201." WC="0.85" />
          </TextLine>
        </TextBlock>
        <TextBlock ID="TextBlock_67" HPOS="2690" VPOS="650" HEIGHT="10" WIDTH="559">
          <TextLine ID="TextLine_121" HPOS="2690" VPOS="650" HEIGHT="10" WIDTH="559">
            <SP ID="Textword_34" HPOS="2690" VPOS="650" />
            <String ID="Textword_337" HPOS="2690" VPOS="650" HEIGHT="10" WIDTH="559" CONTENT=" " WC="0.95" />
          </TextLine>
        </TextBlock>
        <TextBlock ID="TextBlock_68" HPOS="2684" VPOS="1201" HEIGHT="9" WIDTH="560">
          <TextLine ID="TextLine_122" HPOS="2684" VPOS="1201" HEIGHT="9" WIDTH="560">
            <SP ID="Textword_35" HPOS="2684" VPOS="1201" />
            <String ID="Textword_338" HPOS="2684" VPOS="1201" HEIGHT="9" WIDTH="560" CONTENT=" " WC="0.95" />
          </TextLine>
        </TextBlock>
        <TextBlock ID="TextBlock_69" HPOS="2681" VPOS="1582" HEIGHT="9" WIDTH="560">
          <TextLine ID="TextLine_123" HPOS="2681" VPOS="1582" HEIGHT="9" WIDTH="560">
            <SP ID="Textword_36" HPOS="2681" VPOS="1582" />
            <String ID="Textword_339" HPOS="2681" VPOS="1582" HEIGHT="9" WIDTH="560" CONTENT=" " WC="0.95" />
          </TextLine>
        </TextBlock>
        <TextBlock ID="TextBlock_70" HPOS="2679" VPOS="2050" HEIGHT="9" WIDTH="559">
          <TextLine ID="TextLine_124" HPOS="2679" VPOS="2050" HEIGHT="9" WIDTH="559">
            <SP ID="Textword_37" HPOS="2679" VPOS="2050" />
            <String ID="Textword_340" HPOS="2679" VPOS="2050" HEIGHT="9" WIDTH="559" CONTENT=" " WC="0.95" />
          </TextLine>
        </TextBlock>
        <TextBlock ID="TextBlock_71" HPOS="2697" VPOS="2090" HEIGHT="631" WIDTH="182">
          <TextLine ID="TextLine_125" HPOS="2697" VPOS="2090" HEIGHT="631" WIDTH="182">
            <SP ID="Textword_38" HPOS="2697" VPOS="2090" />
            <String ID="Textword_341" HPOS="2697" VPOS="2090" HEIGHT="631" WIDTH="182" CONTENT=" " WC="0.95" />
          </TextLine>
        </TextBlock>
        <TextBlock ID="TextBlock_72" HPOS="2676" VPOS="2745" HEIGHT="11" WIDTH="559">
          <TextLine ID="TextLine_126" HPOS="2676" VPOS="2745" HEIGHT="11" WIDTH="559">
            <SP ID="Textword_39" HPOS="2676" VPOS="2745" />
            <String ID="Textword_342" HPOS="2676" VPOS="2745" HEIGHT="11" WIDTH="559" CONTENT=" " WC="0.95" />
          </TextLine>
        </TextBlock>
        <TextBlock ID="TextBlock_73" HPOS="2738" VPOS="2813" HEIGHT="89" WIDTH="432">
          <TextLine ID="TextLine_127" HPOS="2738" VPOS="2813" HEIGHT="53" WIDTH="432">
            <String ID="Textword_343" HPOS="2738" VPOS="2833" HEIGHT="30" WIDTH="63" CONTENT="==" WC="0.72" />
            <String ID="Textword_344" HPOS="2815" VPOS="2813" HEIGHT="53" WIDTH="355" CONTENT="M.KOCH.Fisengiesserei" WC="0.31" />
          </TextLine>
          <TextLine ID="TextLine_128" HPOS="2872" VPOS="2866" HEIGHT="36" WIDTH="250">
            <String ID="Textword_345" HPOS="2872" VPOS="2866" HEIGHT="36" WIDTH="175" CONTENT="ZURICH" WC="0.86" />
            <String ID="Textword_346" HPOS="3120" VPOS="2871" HEIGHT="2" WIDTH="2" CONTENT="—" WC="0.59" />
          </TextLine>
        </TextBlock>
        <TextBlock ID="TextBlock_74" HPOS="2723" VPOS="2908" HEIGHT="33" WIDTH="435">
          <TextLine ID="TextLine_129" HPOS="2723" VPOS="2908" HEIGHT="33" WIDTH="435">
            <String ID="Textword_347" HPOS="2723" VPOS="2915" HEIGHT="24" WIDTH="126" CONTENT="EMPFIEHLT" WC="0.35" />
            <String ID="Textword_348" HPOS="2854" VPOS="2917" HEIGHT="21" WIDTH="54" CONTENT="SICH" WC="0.72" />
            <String ID="Textword_349" HPOS="2915" VPOS="2908" HEIGHT="31" WIDTH="48" CONTENT="FÜR" WC="0.91" />
            <String ID="Textword_350" HPOS="2968" VPOS="2915" HEIGHT="23" WIDTH="122" CONTENT="LIEFERUNG" WC="0.81" />
            <String ID="Textword_351" HPOS="3099" VPOS="2917" HEIGHT="24" WIDTH="59" CONTENT="VON:" WC="0.72" />
          </TextLine>
        </TextBlock>
        <TextBlock ID="TextBlock_75" HPOS="2839" VPOS="3007" HEIGHT="267" WIDTH="213">
          <TextLine ID="TextLine_130" HPOS="2839" VPOS="3007" HEIGHT="51" WIDTH="213">
            <String ID="Textword_352" HPOS="2839" VPOS="3007" HEIGHT="51" WIDTH="213" CONTENT="Maschinenguss" WC="0.88" />
          </TextLine>
          <TextLine ID="TextLine_131" HPOS="2884" VPOS="3061" HEIGHT="53" WIDTH="110">
            <String ID="Textword_353" HPOS="2884" VPOS="3061" HEIGHT="53" WIDTH="110" CONTENT="Bauguss" WC="0.79" />
          </TextLine>
          <TextLine ID="TextLine_132" HPOS="2899" VPOS="3116" HEIGHT="44" WIDTH="88">
            <String ID="Textword_354" HPOS="2899" VPOS="3116" HEIGHT="44" WIDTH="88" CONTENT="Säulen" WC="0.89" />
          </TextLine>
          <TextLine ID="TextLine_133" HPOS="2861" VPOS="3170" HEIGHT="50" WIDTH="178">
            <String ID="Textword_355" HPOS="2861" VPOS="3170" HEIGHT="50" WIDTH="178" CONTENT="Handelsquss" WC="0.39" />
          </TextLine>
          <TextLine ID="TextLine_134" HPOS="2843" VPOS="3223" HEIGHT="51" WIDTH="188">
            <String ID="Textword_356" HPOS="2843" VPOS="3223" HEIGHT="51" WIDTH="188" CONTENT="Kochherdguss" WC="0.71" />
          </TextLine>
        </TextBlock>
        <TextBlock ID="TextBlock_76" HPOS="2853" VPOS="3278" HEIGHT="25" WIDTH="179">
          <TextLine ID="TextLine_135" HPOS="2853" VPOS="3278" HEIGHT="25" WIDTH="179">
            <String ID="Textword_357" HPOS="2853" VPOS="3280" HEIGHT="23" WIDTH="51" CONTENT="etc." WC="0.95" />
            <String ID="Textword_358" HPOS="2979" VPOS="3278" HEIGHT="24" WIDTH="53" CONTENT="etc." WC="0.96" />
          </TextLine>
        </TextBlock>
        <TextBlock ID="TextBlock_77" HPOS="2737" VPOS="3419" HEIGHT="86" WIDTH="452">
          <TextLine ID="TextLine_136" HPOS="2737" VPOS="3419" HEIGHT="42" WIDTH="452">
            <String ID="Textword_359" HPOS="2737" VPOS="3419" HEIGHT="39" WIDTH="75" CONTENT="und" WC="0.90" />
            <String ID="Textword_360" HPOS="2814" VPOS="3419" HEIGHT="42" WIDTH="375" CONTENT="Fisenkonstrukhionen" WC="0.39" />
          </TextLine>
          <TextLine ID="TextLine_137" HPOS="2823" VPOS="3478" HEIGHT="27" WIDTH="266">
            <String ID="Textword_361" HPOS="2823" VPOS="3478" HEIGHT="27" WIDTH="118" CONTENT="JEDER" WC="0.79" />
            <String ID="Textword_362" HPOS="2952" VPOS="3478" HEIGHT="26" WIDTH="75" CONTENT="ART." WC="0.60" />
            <String ID="Textword_363" HPOS="3044" VPOS="3479" HEIGHT="22" WIDTH="45" CONTENT="=" WC="0.90" />
          </TextLine>
        </TextBlock>
        <TextBlock ID="TextBlock_78" HPOS="2688" VPOS="2778" HEIGHT="760" WIDTH="528">
          <TextLine ID="TextLine_138" HPOS="2688" VPOS="2778" HEIGHT="760" WIDTH="528">
            <SP ID="Textword_40" HPOS="2688" VPOS="2778" />
            <String ID="Textword_364" HPOS="2688" VPOS="2778" HEIGHT="760" WIDTH="528" CONTENT=" " WC="0.95" />
          </TextLine>
        </TextBlock>
        <TextBlock ID="TextBlock_79" HPOS="2673" VPOS="3558" HEIGHT="11" WIDTH="559">
          <TextLine ID="TextLine_139" HPOS="2673" VPOS="3558" HEIGHT="11" WIDTH="559">
            <SP ID="Textword_41" HPOS="2673" VPOS="3558" />
            <String ID="Textword_365" HPOS="2673" VPOS="3558" HEIGHT="11" WIDTH="559" CONTENT=" " WC="0.95" />
          </TextLine>
        </TextBlock>
        <TextBlock ID="TextBlock_80" HPOS="2704" VPOS="3605" HEIGHT="87" WIDTH="497">
          <TextLine ID="TextLine_140" HPOS="2704" VPOS="3605" HEIGHT="87" WIDTH="497">
            <String ID="Textword_366" HPOS="2704" VPOS="3605" HEIGHT="87" WIDTH="230" CONTENT="Gegenstrom" WC="0.79" />
            <String ID="Textword_367" HPOS="2948" VPOS="3644" HEIGHT="13" WIDTH="16" CONTENT="-" WC="0.91" />
            <String ID="Textword_368" HPOS="2976" VPOS="3608" HEIGHT="74" WIDTH="225" CONTENT="Vorwärmer" WC="0.91" />
          </TextLine>
        </TextBlock>
        <TextBlock ID="TextBlock_81" HPOS="2737" VPOS="3694" HEIGHT="24" WIDTH="404">
          <TextLine ID="TextLine_141" HPOS="2737" VPOS="3694" HEIGHT="24" WIDTH="404">
            <String ID="Textword_369" HPOS="2737" VPOS="3694" HEIGHT="21" WIDTH="68" CONTENT="D.R." WC="0.80" />
            <String ID="Textword_370" HPOS="2817" VPOS="3695" HEIGHT="19" WIDTH="17" CONTENT="P" WC="0.88" />
            <String ID="Textword_371" HPOS="2860" VPOS="3694" HEIGHT="21" WIDTH="46" CONTENT="und" WC="0.96" />
            <String ID="Textword_372" HPOS="2920" VPOS="3695" HEIGHT="23" WIDTH="115" CONTENT="Schweiz," WC="0.95" />
            <String ID="Textword_373" HPOS="3047" VPOS="3695" HEIGHT="22" WIDTH="94" CONTENT="Patent," WC="0.90" />
          </TextLine>
        </TextBlock>
        <TextBlock ID="TextBlock_82" HPOS="2818" VPOS="3865" HEIGHT="47" WIDTH="91">
          <TextLine ID="TextLine_142" HPOS="2831" VPOS="3865" HEIGHT="22" WIDTH="78">
            <String ID="Textword_374" HPOS="2831" VPOS="3869" HEIGHT="16" WIDTH="59" CONTENT="DAMPF." WC="0.84" />
            <String ID="Textword_375" HPOS="2902" VPOS="3865" HEIGHT="22" WIDTH="7" CONTENT="km" WC="0.55" />
          </TextLine>
          <TextLine ID="TextLine_143" HPOS="2850" VPOS="3886" HEIGHT="10" WIDTH="42">
            <String ID="Textword_376" HPOS="2850" VPOS="3886" HEIGHT="10" WIDTH="42" CONTENT="&gt;&gt;" WC="0.52" />
          </TextLine>
          <TextLine ID="TextLine_144" HPOS="2818" VPOS="3896" HEIGHT="16" WIDTH="86">
            <String ID="Textword_377" HPOS="2818" VPOS="3896" HEIGHT="16" WIDTH="86" CONTENT="@UNTRITTE" WC="0.25" />
          </TextLine>
        </TextBlock>
        <TextBlock ID="TextBlock_83" HPOS="2723" VPOS="3962" HEIGHT="100" WIDTH="129">
          <TextLine ID="TextLine_145" HPOS="2735" VPOS="3962" HEIGHT="29" WIDTH="101">
            <String ID="Textword_378" HPOS="2735" VPOS="3962" HEIGHT="29" WIDTH="101" CONTENT="einfachste" WC="0.54" />
          </TextLine>
          <TextLine ID="TextLine_146" HPOS="2735" VPOS="3998" HEIGHT="29" WIDTH="100">
            <String ID="Textword_379" HPOS="2735" VPOS="3998" HEIGHT="29" WIDTH="36" CONTENT="und" WC="0.78" />
            <String ID="Textword_380" HPOS="2784" VPOS="3998" HEIGHT="29" WIDTH="51" CONTENT="beste" WC="0.74" />
          </TextLine>
          <TextLine ID="TextLine_147" HPOS="2723" VPOS="4033" HEIGHT="29" WIDTH="129">
            <String ID="Textword_381" HPOS="2723" VPOS="4033" HEIGHT="29" WIDTH="129" CONTENT="Konstruktion" WC="0.49" />
          </TextLine>
        </TextBlock>
        <TextBlock ID="TextBlock_84" HPOS="3076" VPOS="3980" HEIGHT="80" WIDTH="85">
          <TextLine ID="TextLine_148" HPOS="3082" VPOS="3980" HEIGHT="29" WIDTH="72">
            <String ID="Textword_382" HPOS="3082" VPOS="3980" HEIGHT="29" WIDTH="72" CONTENT="höshete" WC="0.57" />
          </TextLine>
          <TextLine ID="TextLine_149" HPOS="3076" VPOS="4024" HEIGHT="36" WIDTH="85">
            <String ID="Textword_383" HPOS="3076" VPOS="4024" HEIGHT="36" WIDTH="85" CONTENT="Lolstung" WC="0.73" />
          </TextLine>
        </TextBlock>
        <TextBlock ID="TextBlock_85" HPOS="2893" VPOS="3733" HEIGHT="557" WIDTH="180">
          <TextLine ID="TextLine_150" HPOS="2893" VPOS="3733" HEIGHT="557" WIDTH="180">
            <SP ID="Textword_42" HPOS="2893" VPOS="3733" />
            <String ID="Textword_384" HPOS="2893" VPOS="3733" HEIGHT="557" WIDTH="180" CONTENT=" " WC="0.95" />
          </TextLine>
        </TextBlock>
        <TextBlock ID="TextBlock_86" HPOS="2856" VPOS="4305" HEIGHT="29" WIDTH="169">
          <TextLine ID="TextLine_151" HPOS="2856" VPOS="4305" HEIGHT="29" WIDTH="169">
            <String ID="Textword_385" HPOS="2856" VPOS="4305" HEIGHT="29" WIDTH="148" CONTENT="Vertreter" WC="0.91" />
            <String ID="Textword_386" HPOS="3018" VPOS="4317" HEIGHT="17" WIDTH="7" CONTENT=":" WC="0.91" />
          </TextLine>
        </TextBlock>
        <TextBlock ID="TextBlock_87" HPOS="2711" VPOS="4349" HEIGHT="109" WIDTH="447">
          <TextLine ID="TextLine_152" HPOS="2751" VPOS="4349" HEIGHT="55" WIDTH="390">
            <String ID="Textword_387" HPOS="2751" VPOS="4349" HEIGHT="46" WIDTH="189" CONTENT="Schmassmann" WC="0.80" />
            <String ID="Textword_388" HPOS="2954" VPOS="4355" HEIGHT="41" WIDTH="17" CONTENT="&amp;" WC="0.93" />
            <String ID="Textword_389" HPOS="2986" VPOS="4353" HEIGHT="51" WIDTH="44" CONTENT="6o.," WC="0.19" />
            <String ID="Textword_390" HPOS="3045" VPOS="4353" HEIGHT="45" WIDTH="96" CONTENT="Zürich," WC="0.64" />
          </TextLine>
          <TextLine ID="TextLine_153" HPOS="2711" VPOS="4402" HEIGHT="56" WIDTH="447">
            <String ID="Textword_391" HPOS="2711" VPOS="4402" HEIGHT="44" WIDTH="32" CONTENT="F." WC="0.90" />
            <String ID="Textword_392" HPOS="2761" VPOS="4403" HEIGHT="51" WIDTH="144" CONTENT="Maftick," WC="0.91" />
            <String ID="Textword_393" HPOS="2919" VPOS="4414" HEIGHT="38" WIDTH="103" CONTENT="Pulsnitz" WC="0.84" />
            <String ID="Textword_394" HPOS="3034" VPOS="4415" HEIGHT="43" WIDTH="35" CONTENT="21," WC="0.94" />
            <String ID="Textword_395" HPOS="3082" VPOS="4416" HEIGHT="40" WIDTH="76" CONTENT="Sachs." WC="0.88" />
          </TextLine>
        </TextBlock>
        <TextBlock ID="TextBlock_88" HPOS="335" VPOS="4490" HEIGHT="22" WIDTH="2892">
          <TextLine ID="TextLine_154" HPOS="335" VPOS="4490" HEIGHT="22" WIDTH="2892">
            <SP ID="Textword_43" HPOS="335" VPOS="4490" />
            <String ID="Textword_396" HPOS="335" VPOS="4490" HEIGHT="22" WIDTH="2892" CONTENT=" " WC="0.95" />
          </TextLine>
        </TextBlock>
        <TextBlock ID="TextBlock_89" HPOS="340" VPOS="4442" HEIGHT="233" WIDTH="1143">
          <TextLine ID="TextLine_155" HPOS="340" VPOS="4442" HEIGHT="233" WIDTH="1143">
            <String ID="Textword_397" HPOS="340" VPOS="4460" HEIGHT="177" WIDTH="538" CONTENT="Kistenfabrik" WC="0.88" />
            <String ID="Textword_398" HPOS="926" VPOS="4444" HEIGHT="231" WIDTH="164" CONTENT="Zu)" WC="0.32" />
            <String ID="Textword_399" HPOS="1138" VPOS="4442" HEIGHT="198" WIDTH="221" CONTENT="AG." WC="0.53" />
            <String ID="Textword_400" HPOS="1414" VPOS="4528" HEIGHT="112" WIDTH="69" CONTENT="in" WC="0.94" />
          </TextLine>
        </TextBlock>
        <TextBlock ID="TextBlock_90" HPOS="1794" VPOS="4569" HEIGHT="14" WIDTH="1430">
          <TextLine ID="TextLine_156" HPOS="1794" VPOS="4569" HEIGHT="14" WIDTH="1430">
            <SP ID="Textword_44" HPOS="1794" VPOS="4569" />
            <String ID="Textword_401" HPOS="1794" VPOS="4569" HEIGHT="14" WIDTH="1430" CONTENT=" " WC="0.95" />
          </TextLine>
        </TextBlock>
        <TextBlock ID="TextBlock_91" HPOS="1795" VPOS="4631" HEIGHT="14" WIDTH="1430">
          <TextLine ID="TextLine_157" HPOS="1795" VPOS="4631" HEIGHT="14" WIDTH="1430">
            <SP ID="Textword_45" HPOS="1795" VPOS="4631" />
            <String ID="Textword_402" HPOS="1795" VPOS="4631" HEIGHT="14" WIDTH="1430" CONTENT=" " WC="0.95" />
          </TextLine>
        </TextBlock>
        <TextBlock ID="TextBlock_92" HPOS="1599" VPOS="4528" HEIGHT="158" WIDTH="1627">
          <TextLine ID="TextLine_158" HPOS="1795" VPOS="4528" HEIGHT="40" WIDTH="1431">
            <String ID="Textword_403" HPOS="1795" VPOS="4528" HEIGHT="32" WIDTH="137" CONTENT="Grösste" WC="0.92" />
            <String ID="Textword_404" HPOS="1956" VPOS="4528" HEIGHT="30" WIDTH="66" CONTENT="und" WC="0.96" />
            <String ID="Textword_405" HPOS="2049" VPOS="4528" HEIGHT="31" WIDTH="93" CONTENT="beste" WC="0.96" />
            <String ID="Textword_406" HPOS="2167" VPOS="4529" HEIGHT="39" WIDTH="239" CONTENT="Bezugsquelle" WC="0.96" />
            <String ID="Textword_407" HPOS="2438" VPOS="4530" HEIGHT="31" WIDTH="107" CONTENT="dieser" WC="0.96" />
            <String ID="Textword_408" HPOS="2578" VPOS="4530" HEIGHT="32" WIDTH="159" CONTENT="Branche." WC="0.93" />
            <String ID="Textword_409" HPOS="2771" VPOS="4550" HEIGHT="3" WIDTH="41" CONTENT="—" WC="0.92" />
            <String ID="Textword_410" HPOS="2843" VPOS="4533" HEIGHT="31" WIDTH="143" CONTENT="Neueste" WC="0.92" />
            <String ID="Textword_411" HPOS="3021" VPOS="4533" HEIGHT="33" WIDTH="205" CONTENT="Maschinen-" WC="0.91" />
          </TextLine>
          <TextLine ID="TextLine_159" HPOS="1599" VPOS="4569" HEIGHT="109" WIDTH="1625">
            <String ID="Textword_412" HPOS="1599" VPOS="4569" HEIGHT="109" WIDTH="119" CONTENT="ug." WC="0.68" />
            <String ID="Textword_413" HPOS="1795" VPOS="4590" HEIGHT="38" WIDTH="270" CONTENT="Einrichtungen." WC="0.93" />
            <String ID="Textword_414" HPOS="2106" VPOS="4609" HEIGHT="3" WIDTH="40" CONTENT="—" WC="0.92" />
            <String ID="Textword_415" HPOS="2187" VPOS="4591" HEIGHT="32" WIDTH="91" CONTENT="(Ganz" WC="0.40" />
            <String ID="Textword_416" HPOS="2320" VPOS="4601" HEIGHT="30" WIDTH="113" CONTENT="grosse" WC="0.93" />
            <String ID="Textword_417" HPOS="2466" VPOS="4592" HEIGHT="39" WIDTH="229" CONTENT="Lagerräume." WC="0.91" />
            <String ID="Textword_418" HPOS="2737" VPOS="4612" HEIGHT="3" WIDTH="39" CONTENT="—" WC="0.89" />
            <String ID="Textword_419" HPOS="2817" VPOS="4594" HEIGHT="40" WIDTH="143" CONTENT="Eigenes" WC="0.90" />
            <String ID="Textword_420" HPOS="2996" VPOS="4595" HEIGHT="40" WIDTH="228" CONTENT="Bahngeleise." WC="0.91" />
          </TextLine>
          <TextLine ID="TextLine_160" HPOS="1936" VPOS="4650" HEIGHT="36" WIDTH="1185">
            <String ID="Textword_421" HPOS="1936" VPOS="4650" HEIGHT="33" WIDTH="197" CONTENT="Telephonruf:" WC="0.91" />
            <String ID="Textword_422" HPOS="2153" VPOS="4652" HEIGHT="27" WIDTH="239" CONTENT="Kistenfabrik" WC="0.90" />
            <String ID="Textword_423" HPOS="2412" VPOS="4653" HEIGHT="33" WIDTH="81" CONTENT="Zug." WC="0.90" />
            <String ID="Textword_424" HPOS="2783" VPOS="4661" HEIGHT="5" WIDTH="5" CONTENT=":" WC="0.33" />
            <String ID="Textword_425" HPOS="3069" VPOS="4656" HEIGHT="26" WIDTH="52" CONTENT="214" WC="0.96" />
          </TextLine>
        </TextBlock>
        <TextBlock ID="TextBlock_93" HPOS="346" VPOS="4688" HEIGHT="17" WIDTH="2874">
          <TextLine ID="TextLine_161" HPOS="346" VPOS="4688" HEIGHT="17" WIDTH="2874">
            <SP ID="Textword_46" HPOS="346" VPOS="4688" />
            <String ID="Textword_426" HPOS="346" VPOS="4688" HEIGHT="17" WIDTH="2874" CONTENT=" " WC="0.95" />
          </TextLine>
        </TextBlock>
        <TextBlock ID="TextBlock_94" HPOS="1221" VPOS="4710" HEIGHT="37" WIDTH="1130">
          <TextLine ID="TextLine_162" HPOS="1221" VPOS="4710" HEIGHT="37" WIDTH="1130">
            <String ID="Textword_427" HPOS="1221" VPOS="4710" HEIGHT="26" WIDTH="92" CONTENT="Druck" WC="0.96" />
            <String ID="Textword_428" HPOS="1333" VPOS="4710" HEIGHT="26" WIDTH="54" CONTENT="und" WC="0.96" />
            <String ID="Textword_429" HPOS="1407" VPOS="4710" HEIGHT="33" WIDTH="164" CONTENT="Expedition" WC="0.95" />
            <String ID="Textword_430" HPOS="1591" VPOS="4719" HEIGHT="18" WIDTH="52" CONTENT="von" WC="0.96" />
            <String ID="Textword_431" HPOS="1663" VPOS="4712" HEIGHT="32" WIDTH="107" CONTENT="Müller," WC="0.93" />
            <String ID="Textword_432" HPOS="1790" VPOS="4712" HEIGHT="26" WIDTH="113" CONTENT="Werder" WC="0.93" />
            <String ID="Textword_433" HPOS="1924" VPOS="4713" HEIGHT="25" WIDTH="23" CONTENT="&amp;" WC="0.93" />
            <String ID="Textword_434" HPOS="1968" VPOS="4713" HEIGHT="32" WIDTH="64" CONTENT="Cie," WC="0.76" />
            <String ID="Textword_435" HPOS="2053" VPOS="4714" HEIGHT="33" WIDTH="108" CONTENT="Schipfe" WC="0.93" />
            <String ID="Textword_436" HPOS="2180" VPOS="4714" HEIGHT="33" WIDTH="43" CONTENT="33," WC="0.96" />
            <String ID="Textword_437" HPOS="2243" VPOS="4715" HEIGHT="27" WIDTH="108" CONTENT="Zürich." WC="0.96" />
          </TextLine>
        </TextBlock>
        <TextBlock ID="TextBlock_95" HPOS="3261" VPOS="131" HEIGHT="4743" WIDTH="47">
          <TextLine ID="TextLine_163" HPOS="3261" VPOS="131" HEIGHT="4743" WIDTH="47">
            <SP ID="Textword_47" HPOS="3261" VPOS="131" />
            <String ID="Textword_438" HPOS="3261" VPOS="131" HEIGHT="4743" WIDTH="47" CONTENT=" " WC="0.95" />
          </TextLine>
        </TextBlock>
        <TextBlock ID="TextBlock_96" HPOS="3233" VPOS="4824" HEIGHT="153" WIDTH="117">
          <TextLine ID="TextLine_164" HPOS="3233" VPOS="4824" HEIGHT="153" WIDTH="117">
            <SP ID="Textword_48" HPOS="3233" VPOS="4824" />
            <String ID="Textword_439" HPOS="3233" VPOS="4824" HEIGHT="153" WIDTH="117" CONTENT=" " WC="0.95" />
          </TextLine>
        </TextBlock>
      </PrintSpace>
    </Page>
  </Layout>
</alto>
