<?xml version="1.0" encoding="UTF-8"?>
<alto xmlns="http://www.loc.gov/standards/alto/ns-v2#" xmlns:xsi="http://www.w3.org/2001/XMLSchema-instance" xsi:schemaLocation="http://www.loc.gov/standards/alto/ns-v2# http://www.loc.gov/standards/alto/alto.xsd">
  <Description>
    <MeasurementUnit>pixel</MeasurementUnit>
    <sourceImageInformation />
    <OCRProcessing ID="OCR_1">
      <preProcessingStep>
        <processingDateTime>2019-05-09T06:34:24</processingDateTime>
        <processingAgency>intranda GmbH, www.intranda.com</processingAgency>
        <processingSoftware>
          <softwareCreator>intranda GmbH, Germany</softwareCreator>
          <softwareName>intranda OCR Module for TaskManager</softwareName>
          <softwareVersion>1.0r42</softwareVersion>
        </processingSoftware>
      </preProcessingStep>
      <ocrProcessingStep>
        <processingSoftware>
          <softwareCreator>Tesseract contributors</softwareCreator>
          <softwareName>Tesseract Open Source OCR Engine</softwareName>
          <softwareVersion>4.0.0-beta.1-270-g5a56</softwareVersion>
        </processingSoftware>
      </ocrProcessingStep>
    </OCRProcessing>
  </Description>
  <Layout>
    <Page ID="PAGE_1" HEIGHT="4982" WIDTH="3434" PHYSICAL_IMG_NR="1">
      <PrintSpace ID="PrintSpace_1" HPOS="0" VPOS="0" HEIGHT="4982" WIDTH="3434">
        <TextBlock ID="TextBlock_1" HPOS="0" VPOS="2621" HEIGHT="690" WIDTH="46">
          <TextLine ID="TextLine_1" HPOS="0" VPOS="2621" HEIGHT="690" WIDTH="46">
            <SP ID="Textword_1" HPOS="0" VPOS="2621" />
            <String ID="Textword_1" HPOS="0" VPOS="2621" HEIGHT="690" WIDTH="46" CONTENT=" " WC="0.95" />
          </TextLine>
        </TextBlock>
        <TextBlock ID="TextBlock_2" HPOS="0" VPOS="3419" HEIGHT="94" WIDTH="23">
          <TextLine ID="TextLine_2" HPOS="0" VPOS="3419" HEIGHT="94" WIDTH="23">
            <SP ID="Textword_2" HPOS="0" VPOS="3419" />
            <String ID="Textword_2" HPOS="0" VPOS="3419" HEIGHT="94" WIDTH="23" CONTENT=" " WC="0.95" />
          </TextLine>
        </TextBlock>
        <TextBlock ID="TextBlock_3" HPOS="0" VPOS="3689" HEIGHT="43" WIDTH="23">
          <TextLine ID="TextLine_3" HPOS="0" VPOS="3689" HEIGHT="43" WIDTH="23">
            <SP ID="Textword_3" HPOS="0" VPOS="3689" />
            <String ID="Textword_3" HPOS="0" VPOS="3689" HEIGHT="43" WIDTH="23" CONTENT=" " WC="0.95" />
          </TextLine>
        </TextBlock>
        <TextBlock ID="TextBlock_4" HPOS="0" VPOS="4601" HEIGHT="42" WIDTH="24">
          <TextLine ID="TextLine_4" HPOS="0" VPOS="4601" HEIGHT="42" WIDTH="24">
            <SP ID="Textword_4" HPOS="0" VPOS="4601" />
            <String ID="Textword_4" HPOS="0" VPOS="4601" HEIGHT="42" WIDTH="24" CONTENT=" " WC="0.95" />
          </TextLine>
        </TextBlock>
        <TextBlock ID="TextBlock_5" HPOS="0" VPOS="4907" HEIGHT="75" WIDTH="73">
          <TextLine ID="TextLine_5" HPOS="0" VPOS="4907" HEIGHT="75" WIDTH="73">
            <SP ID="Textword_5" HPOS="0" VPOS="4907" />
            <String ID="Textword_5" HPOS="0" VPOS="4907" HEIGHT="75" WIDTH="73" CONTENT=" " WC="0.95" />
          </TextLine>
        </TextBlock>
        <TextBlock ID="TextBlock_6" HPOS="0" VPOS="27" HEIGHT="1117" WIDTH="36">
          <TextLine ID="TextLine_6" HPOS="0" VPOS="27" HEIGHT="1117" WIDTH="36">
            <SP ID="Textword_6" HPOS="0" VPOS="27" />
            <String ID="Textword_6" HPOS="0" VPOS="27" HEIGHT="1117" WIDTH="36" CONTENT=" " WC="0.95" />
          </TextLine>
        </TextBlock>
        <TextBlock ID="TextBlock_7" HPOS="0" VPOS="1618" HEIGHT="704" WIDTH="64">
          <TextLine ID="TextLine_7" HPOS="0" VPOS="1618" HEIGHT="704" WIDTH="64">
            <SP ID="Textword_7" HPOS="0" VPOS="1618" />
            <String ID="Textword_7" HPOS="0" VPOS="1618" HEIGHT="704" WIDTH="64" CONTENT=" " WC="0.95" />
          </TextLine>
        </TextBlock>
        <TextBlock ID="TextBlock_8" HPOS="558" VPOS="0" HEIGHT="166" WIDTH="2876">
          <TextLine ID="TextLine_8" HPOS="558" VPOS="0" HEIGHT="166" WIDTH="2876">
            <SP ID="Textword_8" HPOS="558" VPOS="0" />
            <String ID="Textword_8" HPOS="558" VPOS="0" HEIGHT="166" WIDTH="2876" CONTENT=" " WC="0.95" />
          </TextLine>
        </TextBlock>
        <TextBlock ID="TextBlock_9" HPOS="336" VPOS="414" HEIGHT="114" WIDTH="880">
          <TextLine ID="TextLine_9" HPOS="336" VPOS="414" HEIGHT="114" WIDTH="880">
            <String ID="Textword_9" HPOS="336" VPOS="420" HEIGHT="108" WIDTH="318" CONTENT="qu" WC="0.19" />
            <String ID="Textword_10" HPOS="655" VPOS="414" HEIGHT="93" WIDTH="561" CONTENT="meme" WC="0.34" />
          </TextLine>
        </TextBlock>
        <TextBlock ID="TextBlock_10" HPOS="503" VPOS="577" HEIGHT="189" WIDTH="1015">
          <TextLine ID="TextLine_10" HPOS="503" VPOS="577" HEIGHT="189" WIDTH="1015">
            <String ID="Textword_11" HPOS="503" VPOS="580" HEIGHT="186" WIDTH="427" CONTENT="Adolph" WC="0.90" />
            <String ID="Textword_12" HPOS="1003" VPOS="577" HEIGHT="178" WIDTH="515" CONTENT="Saurer," WC="0.78" />
          </TextLine>
        </TextBlock>
        <TextBlock ID="TextBlock_11" HPOS="643" VPOS="770" HEIGHT="84" WIDTH="1125">
          <TextLine ID="TextLine_11" HPOS="643" VPOS="770" HEIGHT="84" WIDTH="1125">
            <String ID="Textword_13" HPOS="643" VPOS="774" HEIGHT="69" WIDTH="501" CONTENT="Maschinenfabrik" WC="0.92" />
            <String ID="Textword_14" HPOS="1182" VPOS="772" HEIGHT="64" WIDTH="114" CONTENT="und" WC="0.93" />
            <String ID="Textword_15" HPOS="1333" VPOS="770" HEIGHT="84" WIDTH="435" CONTENT="Eisengiesserei" WC="0.88" />
          </TextLine>
        </TextBlock>
        <TextBlock ID="TextBlock_12" HPOS="888" VPOS="921" HEIGHT="46" WIDTH="636">
          <TextLine ID="TextLine_12" HPOS="888" VPOS="921" HEIGHT="46" WIDTH="636">
            <String ID="Textword_16" HPOS="888" VPOS="924" HEIGHT="43" WIDTH="251" CONTENT="Abteilung:" WC="0.87" />
            <String ID="Textword_17" HPOS="1171" VPOS="921" HEIGHT="36" WIDTH="353" CONTENT="MOTORBAU" WC="0.90" />
          </TextLine>
        </TextBlock>
        <TextBlock ID="TextBlock_13" HPOS="345" VPOS="988" HEIGHT="185" WIDTH="1701">
          <TextLine ID="TextLine_13" HPOS="345" VPOS="988" HEIGHT="185" WIDTH="1701">
            <String ID="Textword_18" HPOS="345" VPOS="1064" HEIGHT="109" WIDTH="86" CONTENT="#" WC="0.90" />
            <String ID="Textword_19" HPOS="468" VPOS="1045" HEIGHT="111" WIDTH="346" CONTENT="Petrol-," WC="0.90" />
            <String ID="Textword_20" HPOS="862" VPOS="1040" HEIGHT="99" WIDTH="357" CONTENT="Benzin-" WC="0.92" />
            <String ID="Textword_21" HPOS="1258" VPOS="1070" HEIGHT="67" WIDTH="81" CONTENT="u." WC="0.92" />
            <String ID="Textword_22" HPOS="1374" VPOS="1037" HEIGHT="109" WIDTH="585" CONTENT="Gasmotoren" WC="0.91" />
            <String ID="Textword_23" HPOS="1997" VPOS="988" HEIGHT="53" WIDTH="49" CONTENT="£" WC="0.54" />
          </TextLine>
        </TextBlock>
        <TextBlock ID="TextBlock_14" HPOS="1901" VPOS="409" HEIGHT="832" WIDTH="195">
          <TextLine ID="TextLine_14" HPOS="1901" VPOS="409" HEIGHT="560" WIDTH="195">
            <SP ID="Textword_9" HPOS="1901" VPOS="409" />
            <String ID="Textword_24" HPOS="1901" VPOS="409" HEIGHT="560" WIDTH="195" CONTENT="   " WC="0.95" />
          </TextLine>
          <TextLine ID="TextLine_15" HPOS="1949" VPOS="969" HEIGHT="272" WIDTH="147">
            <SP ID="Textword_10" HPOS="1949" VPOS="969" />
            <String ID="Textword_25" HPOS="1949" VPOS="969" HEIGHT="272" WIDTH="147" CONTENT=" " WC="0.95" />
          </TextLine>
        </TextBlock>
        <TextBlock ID="TextBlock_15" HPOS="1535" VPOS="573" HEIGHT="152" WIDTH="366">
          <TextLine ID="TextLine_16" HPOS="1535" VPOS="573" HEIGHT="152" WIDTH="366">
            <String ID="Textword_26" HPOS="1535" VPOS="573" HEIGHT="152" WIDTH="366" CONTENT="Arbon" WC="0.91" />
          </TextLine>
        </TextBlock>
        <TextBlock ID="TextBlock_16" HPOS="509" VPOS="1356" HEIGHT="14" WIDTH="1410">
          <TextLine ID="TextLine_17" HPOS="509" VPOS="1356" HEIGHT="14" WIDTH="1410">
            <SP ID="Textword_11" HPOS="509" VPOS="1356" />
            <String ID="Textword_27" HPOS="509" VPOS="1356" HEIGHT="14" WIDTH="1410" CONTENT=" " WC="0.95" />
          </TextLine>
        </TextBlock>
        <TextBlock ID="TextBlock_17" HPOS="509" VPOS="1383" HEIGHT="14" WIDTH="1411">
          <TextLine ID="TextLine_18" HPOS="509" VPOS="1383" HEIGHT="14" WIDTH="1411">
            <SP ID="Textword_12" HPOS="509" VPOS="1383" />
            <String ID="Textword_28" HPOS="509" VPOS="1383" HEIGHT="14" WIDTH="1411" CONTENT=" " WC="0.95" />
          </TextLine>
        </TextBlock>
        <TextBlock ID="TextBlock_18" HPOS="514" VPOS="1769" HEIGHT="13" WIDTH="1407">
          <TextLine ID="TextLine_19" HPOS="514" VPOS="1769" HEIGHT="13" WIDTH="1407">
            <SP ID="Textword_13" HPOS="514" VPOS="1769" />
            <String ID="Textword_29" HPOS="514" VPOS="1769" HEIGHT="13" WIDTH="1407" CONTENT=" " WC="0.95" />
          </TextLine>
        </TextBlock>
        <TextBlock ID="TextBlock_19" HPOS="1049" VPOS="1995" HEIGHT="132" WIDTH="311">
          <TextLine ID="TextLine_20" HPOS="1049" VPOS="1995" HEIGHT="132" WIDTH="311">
            <String ID="Textword_30" HPOS="1049" VPOS="1995" HEIGHT="132" WIDTH="311" CONTENT="UmniinisSe" WC="0.00" />
          </TextLine>
        </TextBlock>
        <TextBlock ID="TextBlock_20" HPOS="1050" VPOS="2163" HEIGHT="27" WIDTH="292">
          <TextLine ID="TextLine_21" HPOS="1050" VPOS="2163" HEIGHT="27" WIDTH="292">
            <String ID="Textword_31" HPOS="1050" VPOS="2164" HEIGHT="25" WIDTH="101" CONTENT="10—24" WC="0.80" />
            <String ID="Textword_32" HPOS="1191" VPOS="2163" HEIGHT="27" WIDTH="151" CONTENT="Personen" WC="0.95" />
          </TextLine>
        </TextBlock>
        <TextBlock ID="TextBlock_21" HPOS="531" VPOS="2001" HEIGHT="153" WIDTH="310">
          <TextLine ID="TextLine_22" HPOS="531" VPOS="2001" HEIGHT="153" WIDTH="310">
            <String ID="Textword_33" HPOS="531" VPOS="2001" HEIGHT="153" WIDTH="310" CONTENT="LasiWaïen" WC="0.26" />
          </TextLine>
        </TextBlock>
        <TextBlock ID="TextBlock_22" HPOS="533" VPOS="2166" HEIGHT="33" WIDTH="271">
          <TextLine ID="TextLine_23" HPOS="533" VPOS="2166" HEIGHT="33" WIDTH="271">
            <String ID="Textword_34" HPOS="533" VPOS="2166" HEIGHT="33" WIDTH="118" CONTENT="1—81/2" WC="0.76" />
            <String ID="Textword_35" HPOS="684" VPOS="2167" HEIGHT="25" WIDTH="120" CONTENT="Tonnen" WC="0.96" />
          </TextLine>
        </TextBlock>
        <TextBlock ID="TextBlock_23" HPOS="525" VPOS="2265" HEIGHT="110" WIDTH="680">
          <TextLine ID="TextLine_24" HPOS="525" VPOS="2265" HEIGHT="110" WIDTH="680">
            <String ID="Textword_36" HPOS="525" VPOS="2265" HEIGHT="110" WIDTH="680" CONTENT="Motoryachten" WC="0.91" />
          </TextLine>
        </TextBlock>
        <TextBlock ID="TextBlock_24" HPOS="346" VPOS="1241" HEIGHT="1446" WIDTH="123">
          <TextLine ID="TextLine_25" HPOS="346" VPOS="1241" HEIGHT="1446" WIDTH="123">
            <SP ID="Textword_14" HPOS="346" VPOS="1241" />
            <String ID="Textword_37" HPOS="346" VPOS="1241" HEIGHT="1446" WIDTH="123" CONTENT=" " WC="0.95" />
          </TextLine>
        </TextBlock>
        <TextBlock ID="TextBlock_25" HPOS="796" VPOS="1177" HEIGHT="630" WIDTH="1157">
          <TextLine ID="TextLine_26" HPOS="796" VPOS="1177" HEIGHT="630" WIDTH="1157">
            <SP ID="Textword_15" HPOS="796" VPOS="1177" />
            <String ID="Textword_38" HPOS="796" VPOS="1177" HEIGHT="630" WIDTH="1157" CONTENT=" " WC="0.95" />
          </TextLine>
        </TextBlock>
        <TextBlock ID="TextBlock_26" HPOS="822" VPOS="1896" HEIGHT="46" WIDTH="801">
          <TextLine ID="TextLine_27" HPOS="822" VPOS="1896" HEIGHT="46" WIDTH="801">
            <String ID="Textword_39" HPOS="822" VPOS="1899" HEIGHT="43" WIDTH="252" CONTENT="Abteilung:" WC="0.90" />
            <String ID="Textword_40" HPOS="1110" VPOS="1896" HEIGHT="35" WIDTH="513" CONTENT="AUTOMOBILBAU" WC="0.91" />
          </TextLine>
        </TextBlock>
        <TextBlock ID="TextBlock_27" HPOS="1398" VPOS="2262" HEIGHT="131" WIDTH="528">
          <TextLine ID="TextLine_28" HPOS="1398" VPOS="2262" HEIGHT="131" WIDTH="528">
            <String ID="Textword_41" HPOS="1398" VPOS="2262" HEIGHT="131" WIDTH="528" CONTENT="Lastschiffe" WC="0.90" />
          </TextLine>
        </TextBlock>
        <TextBlock ID="TextBlock_28" HPOS="697" VPOS="2425" HEIGHT="63" WIDTH="1083">
          <TextLine ID="TextLine_29" HPOS="697" VPOS="2425" HEIGHT="63" WIDTH="1083">
            <String ID="Textword_42" HPOS="697" VPOS="2439" HEIGHT="49" WIDTH="313" CONTENT="Erstklassiges" WC="0.92" />
            <String ID="Textword_43" HPOS="1039" VPOS="2438" HEIGHT="40" WIDTH="221" CONTENT="Fabrikat." WC="0.96" />
            <String ID="Textword_44" HPOS="1316" VPOS="2437" HEIGHT="40" WIDTH="152" CONTENT="Prima" WC="0.96" />
            <String ID="Textword_45" HPOS="1495" VPOS="2425" HEIGHT="52" WIDTH="285" CONTENT="Referenzen." WC="0.96" />
          </TextLine>
        </TextBlock>
        <TextBlock ID="TextBlock_29" HPOS="1546" VPOS="1954" HEIGHT="196" WIDTH="356">
          <TextLine ID="TextLine_30" HPOS="1546" VPOS="1954" HEIGHT="196" WIDTH="356">
            <String ID="Textword_46" HPOS="1546" VPOS="1954" HEIGHT="192" WIDTH="169" CONTENT="Luxus" WC="0.00" />
            <String ID="Textword_47" HPOS="1717" VPOS="2022" HEIGHT="128" WIDTH="185" CONTENT="wagen" WC="0.00" />
          </TextLine>
        </TextBlock>
        <TextBlock ID="TextBlock_30" HPOS="1546" VPOS="2147" HEIGHT="49" WIDTH="349">
          <TextLine ID="TextLine_31" HPOS="1546" VPOS="2147" HEIGHT="49" WIDTH="349">
            <String ID="Textword_48" HPOS="1546" VPOS="2162" HEIGHT="34" WIDTH="44" CONTENT="15," WC="0.96" />
            <String ID="Textword_49" HPOS="1622" VPOS="2162" HEIGHT="25" WIDTH="33" CONTENT="30" WC="0.95" />
            <String ID="Textword_50" HPOS="1674" VPOS="2147" HEIGHT="41" WIDTH="70" CONTENT="und" WC="0.95" />
            <String ID="Textword_51" HPOS="1775" VPOS="2161" HEIGHT="26" WIDTH="37" CONTENT="50" WC="0.95" />
            <String ID="Textword_52" HPOS="1842" VPOS="2161" HEIGHT="26" WIDTH="53" CONTENT="PH" WC="0.96" />
          </TextLine>
        </TextBlock>
        <TextBlock ID="TextBlock_31" HPOS="1760" VPOS="2525" HEIGHT="27" WIDTH="114">
          <TextLine ID="TextLine_32" HPOS="1760" VPOS="2525" HEIGHT="27" WIDTH="114">
            <String ID="Textword_53" HPOS="1760" VPOS="2525" HEIGHT="27" WIDTH="26" CONTENT="S." WC="0.87" />
            <String ID="Textword_54" HPOS="1807" VPOS="2525" HEIGHT="26" WIDTH="67" CONTENT="1885" WC="0.95" />
          </TextLine>
        </TextBlock>
        <TextBlock ID="TextBlock_32" HPOS="364" VPOS="2700" HEIGHT="18" WIDTH="1728">
          <TextLine ID="TextLine_33" HPOS="364" VPOS="2700" HEIGHT="18" WIDTH="1728">
            <SP ID="Textword_16" HPOS="364" VPOS="2700" />
            <String ID="Textword_55" HPOS="364" VPOS="2700" HEIGHT="18" WIDTH="1728" CONTENT=" " WC="0.95" />
          </TextLine>
        </TextBlock>
        <TextBlock ID="TextBlock_33" HPOS="480" VPOS="2742" HEIGHT="200" WIDTH="1041">
          <TextLine ID="TextLine_34" HPOS="480" VPOS="2742" HEIGHT="200" WIDTH="1041">
            <String ID="Textword_56" HPOS="480" VPOS="2742" HEIGHT="200" WIDTH="1041" CONTENT="Toggenburger" WC="0.90" />
          </TextLine>
        </TextBlock>
        <TextBlock ID="TextBlock_34" HPOS="592" VPOS="2953" HEIGHT="93" WIDTH="935">
          <TextLine ID="TextLine_35" HPOS="592" VPOS="2953" HEIGHT="93" WIDTH="935">
            <String ID="Textword_57" HPOS="592" VPOS="2960" HEIGHT="86" WIDTH="235" CONTENT="Lichtensteig," WC="0.88" />
            <String ID="Textword_58" HPOS="860" VPOS="2958" HEIGHT="74" WIDTH="45" CONTENT="St." WC="0.52" />
            <String ID="Textword_59" HPOS="930" VPOS="2958" HEIGHT="82" WIDTH="122" CONTENT="Gallen," WC="0.92" />
            <String ID="Textword_60" HPOS="1085" VPOS="2955" HEIGHT="81" WIDTH="206" CONTENT="Rorschach," WC="0.96" />
            <String ID="Textword_61" HPOS="1324" VPOS="2953" HEIGHT="88" WIDTH="203" CONTENT="Rapperswil" WC="0.96" />
          </TextLine>
        </TextBlock>
        <TextBlock ID="TextBlock_35" HPOS="1054" VPOS="3062" HEIGHT="10" WIDTH="346">
          <TextLine ID="TextLine_36" HPOS="1054" VPOS="3062" HEIGHT="10" WIDTH="346">
            <SP ID="Textword_17" HPOS="1054" VPOS="3062" />
            <String ID="Textword_62" HPOS="1054" VPOS="3062" HEIGHT="10" WIDTH="346" CONTENT=" " WC="0.95" />
          </TextLine>
        </TextBlock>
        <TextBlock ID="TextBlock_36" HPOS="468" VPOS="3102" HEIGHT="37" WIDTH="629">
          <TextLine ID="TextLine_37" HPOS="468" VPOS="3102" HEIGHT="37" WIDTH="629">
            <String ID="Textword_63" HPOS="468" VPOS="3105" HEIGHT="27" WIDTH="60" CONTENT="Wir" WC="0.96" />
            <String ID="Textword_64" HPOS="548" VPOS="3106" HEIGHT="33" WIDTH="68" CONTENT="sind," WC="0.96" />
            <String ID="Textword_65" HPOS="637" VPOS="3104" HEIGHT="34" WIDTH="109" CONTENT="solange" WC="0.96" />
            <String ID="Textword_66" HPOS="767" VPOS="3103" HEIGHT="33" WIDTH="106" CONTENT="Bedarf," WC="0.93" />
            <String ID="Textword_67" HPOS="895" VPOS="3102" HEIGHT="34" WIDTH="130" CONTENT="Abgeber" WC="0.91" />
            <String ID="Textword_68" HPOS="1044" VPOS="3109" HEIGHT="19" WIDTH="53" CONTENT="von" WC="0.96" />
          </TextLine>
        </TextBlock>
        <TextBlock ID="TextBlock_37" HPOS="617" VPOS="3168" HEIGHT="96" WIDTH="111">
          <TextLine ID="TextLine_38" HPOS="617" VPOS="3168" HEIGHT="96" WIDTH="111">
            <String ID="Textword_69" HPOS="617" VPOS="3168" HEIGHT="96" WIDTH="111" CONTENT="A" WC="0.87" />
          </TextLine>
        </TextBlock>
        <TextBlock ID="TextBlock_38" HPOS="741" VPOS="3166" HEIGHT="106" WIDTH="6">
          <TextLine ID="TextLine_39" HPOS="741" VPOS="3166" HEIGHT="106" WIDTH="6">
            <SP ID="Textword_18" HPOS="741" VPOS="3166" />
            <String ID="Textword_70" HPOS="741" VPOS="3166" HEIGHT="106" WIDTH="6" CONTENT=" " WC="0.95" />
          </TextLine>
        </TextBlock>
        <TextBlock ID="TextBlock_39" HPOS="1530" VPOS="2951" HEIGHT="84" WIDTH="344">
          <TextLine ID="TextLine_40" HPOS="1530" VPOS="2951" HEIGHT="84" WIDTH="344">
            <String ID="Textword_71" HPOS="1530" VPOS="3012" HEIGHT="23" WIDTH="8" CONTENT="," WC="0.66" />
            <String ID="Textword_72" HPOS="1570" VPOS="2952" HEIGHT="73" WIDTH="58" CONTENT="Wil" WC="0.78" />
            <String ID="Textword_73" HPOS="1658" VPOS="2952" HEIGHT="73" WIDTH="65" CONTENT="und" WC="0.78" />
            <String ID="Textword_74" HPOS="1753" VPOS="2951" HEIGHT="73" WIDTH="121" CONTENT="Flawil." WC="0.38" />
          </TextLine>
        </TextBlock>
        <TextBlock ID="TextBlock_40" HPOS="759" VPOS="3162" HEIGHT="119" WIDTH="1080">
          <TextLine ID="TextLine_41" HPOS="759" VPOS="3162" HEIGHT="119" WIDTH="1080">
            <String ID="Textword_75" HPOS="759" VPOS="3165" HEIGHT="106" WIDTH="166" CONTENT="+°|o" WC="0.48" />
            <String ID="Textword_76" HPOS="973" VPOS="3162" HEIGHT="119" WIDTH="866" CONTENT="Obligationen" WC="0.91" />
          </TextLine>
        </TextBlock>
        <TextBlock ID="TextBlock_41" HPOS="897" VPOS="3292" HEIGHT="42" WIDTH="663">
          <TextLine ID="TextLine_42" HPOS="897" VPOS="3292" HEIGHT="42" WIDTH="663">
            <String ID="Textword_77" HPOS="897" VPOS="3299" HEIGHT="32" WIDTH="82" CONTENT="auf" WC="0.92" />
            <String ID="Textword_78" HPOS="997" VPOS="3297" HEIGHT="32" WIDTH="85" CONTENT="1—3" WC="0.89" />
            <String ID="Textword_79" HPOS="1106" VPOS="3296" HEIGHT="33" WIDTH="139" CONTENT="Jahre" WC="0.91" />
            <String ID="Textword_80" HPOS="1269" VPOS="3295" HEIGHT="39" WIDTH="98" CONTENT="fest," WC="0.92" />
            <String ID="Textword_81" HPOS="1396" VPOS="3294" HEIGHT="31" WIDTH="42" CONTENT="al" WC="0.96" />
            <String ID="Textword_82" HPOS="1461" VPOS="3292" HEIGHT="42" WIDTH="99" CONTENT="pari" WC="0.96" />
          </TextLine>
        </TextBlock>
        <TextBlock ID="TextBlock_42" HPOS="362" VPOS="3361" HEIGHT="92" WIDTH="1729">
          <TextLine ID="TextLine_43" HPOS="363" VPOS="3361" HEIGHT="47" WIDTH="1728">
            <String ID="Textword_83" HPOS="363" VPOS="3375" HEIGHT="26" WIDTH="50" CONTENT="mit" WC="0.93" />
            <String ID="Textword_84" HPOS="438" VPOS="3374" HEIGHT="34" WIDTH="179" CONTENT="nachheriger" WC="0.92" />
            <String ID="Textword_85" HPOS="642" VPOS="3371" HEIGHT="36" WIDTH="208" CONTENT="gegenseitiger" WC="0.92" />
            <String ID="Textword_86" HPOS="875" VPOS="3368" HEIGHT="35" WIDTH="248" CONTENT="Kündigungsfrist" WC="0.91" />
            <String ID="Textword_87" HPOS="1150" VPOS="3367" HEIGHT="26" WIDTH="49" CONTENT="auf" WC="0.95" />
            <String ID="Textword_88" HPOS="1216" VPOS="3366" HEIGHT="26" WIDTH="15" CONTENT="6" WC="0.93" />
            <String ID="Textword_89" HPOS="1251" VPOS="3366" HEIGHT="26" WIDTH="119" CONTENT="Monate." WC="0.92" />
            <String ID="Textword_90" HPOS="1407" VPOS="3364" HEIGHT="26" WIDTH="51" CONTENT="Die" WC="0.93" />
            <String ID="Textword_91" HPOS="1485" VPOS="3363" HEIGHT="33" WIDTH="133" CONTENT="Ausgabe" WC="0.91" />
            <String ID="Textword_92" HPOS="1645" VPOS="3362" HEIGHT="33" WIDTH="100" CONTENT="erfolgt" WC="0.91" />
            <String ID="Textword_93" HPOS="1764" VPOS="3361" HEIGHT="33" WIDTH="150" CONTENT="spesenfrei" WC="0.92" />
            <String ID="Textword_94" HPOS="1939" VPOS="3361" HEIGHT="26" WIDTH="29" CONTENT="in" WC="0.93" />
            <String ID="Textword_95" HPOS="1986" VPOS="3361" HEIGHT="26" WIDTH="105" CONTENT="runden" WC="0.92" />
          </TextLine>
          <TextLine ID="TextLine_44" HPOS="362" VPOS="3405" HEIGHT="48" WIDTH="1630">
            <String ID="Textword_96" HPOS="362" VPOS="3420" HEIGHT="33" WIDTH="139" CONTENT="Beträgen" WC="0.95" />
            <String ID="Textword_97" HPOS="519" VPOS="3426" HEIGHT="18" WIDTH="54" CONTENT="von" WC="0.96" />
            <String ID="Textword_98" HPOS="594" VPOS="3418" HEIGHT="26" WIDTH="39" CONTENT="Fr." WC="0.96" />
            <String ID="Textword_99" HPOS="654" VPOS="3417" HEIGHT="27" WIDTH="56" CONTENT="500" WC="0.96" />
            <String ID="Textword_100" HPOS="732" VPOS="3425" HEIGHT="24" WIDTH="41" CONTENT="an," WC="0.96" />
            <String ID="Textword_101" HPOS="795" VPOS="3415" HEIGHT="27" WIDTH="48" CONTENT="auf" WC="0.96" />
            <String ID="Textword_102" HPOS="861" VPOS="3415" HEIGHT="26" WIDTH="52" CONTENT="den" WC="0.96" />
            <String ID="Textword_103" HPOS="932" VPOS="3414" HEIGHT="26" WIDTH="105" CONTENT="Namen" WC="0.96" />
            <String ID="Textword_104" HPOS="1056" VPOS="3413" HEIGHT="26" WIDTH="66" CONTENT="oder" WC="0.96" />
            <String ID="Textword_105" HPOS="1140" VPOS="3411" HEIGHT="26" WIDTH="118" CONTENT="Inhaber" WC="0.96" />
            <String ID="Textword_106" HPOS="1276" VPOS="3409" HEIGHT="34" WIDTH="123" CONTENT="lautend," WC="0.90" />
            <String ID="Textword_107" HPOS="1419" VPOS="3409" HEIGHT="25" WIDTH="50" CONTENT="mit" WC="0.93" />
            <String ID="Textword_108" HPOS="1489" VPOS="3408" HEIGHT="26" WIDTH="146" CONTENT="Semester-" WC="0.92" />
            <String ID="Textword_109" HPOS="1656" VPOS="3407" HEIGHT="26" WIDTH="63" CONTENT="oder" WC="0.96" />
            <String ID="Textword_110" HPOS="1738" VPOS="3406" HEIGHT="26" WIDTH="100" CONTENT="Jahres" WC="0.96" />
            <String ID="Textword_111" HPOS="1857" VPOS="3405" HEIGHT="34" WIDTH="135" CONTENT="Coupons." WC="0.78" />
          </TextLine>
        </TextBlock>
        <TextBlock ID="TextBlock_43" HPOS="1565" VPOS="3460" HEIGHT="41" WIDTH="416">
          <TextLine ID="TextLine_45" HPOS="1565" VPOS="3460" HEIGHT="41" WIDTH="416">
            <String ID="Textword_112" HPOS="1565" VPOS="3461" HEIGHT="40" WIDTH="99" CONTENT="Die" WC="0.96" />
            <String ID="Textword_113" HPOS="1692" VPOS="3460" HEIGHT="40" WIDTH="289" CONTENT="Direktion." WC="0.94" />
          </TextLine>
        </TextBlock>
        <TextBlock ID="TextBlock_44" HPOS="365" VPOS="3527" HEIGHT="21" WIDTH="1726">
          <TextLine ID="TextLine_46" HPOS="365" VPOS="3527" HEIGHT="21" WIDTH="1726">
            <SP ID="Textword_19" HPOS="365" VPOS="3527" />
            <String ID="Textword_114" HPOS="365" VPOS="3527" HEIGHT="21" WIDTH="1726" CONTENT=" " WC="0.95" />
          </TextLine>
        </TextBlock>
        <TextBlock ID="TextBlock_45" HPOS="365" VPOS="3567" HEIGHT="39" WIDTH="1141">
          <TextLine ID="TextLine_47" HPOS="365" VPOS="3567" HEIGHT="39" WIDTH="1141">
            <SP ID="Textword_20" HPOS="365" VPOS="3567" />
            <String ID="Textword_115" HPOS="365" VPOS="3567" HEIGHT="39" WIDTH="1141" CONTENT=" " WC="0.95" />
          </TextLine>
        </TextBlock>
        <TextBlock ID="TextBlock_46" HPOS="655" VPOS="3726" HEIGHT="19" WIDTH="849">
          <TextLine ID="TextLine_48" HPOS="655" VPOS="3726" HEIGHT="19" WIDTH="849">
            <SP ID="Textword_21" HPOS="655" VPOS="3726" />
            <String ID="Textword_116" HPOS="655" VPOS="3726" HEIGHT="19" WIDTH="849" CONTENT=" " WC="0.95" />
          </TextLine>
        </TextBlock>
        <TextBlock ID="TextBlock_47" HPOS="583" VPOS="3644" HEIGHT="264" WIDTH="921">
          <TextLine ID="TextLine_49" HPOS="656" VPOS="3644" HEIGHT="86" WIDTH="845">
            <String ID="Textword_117" HPOS="656" VPOS="3649" HEIGHT="81" WIDTH="345" CONTENT="Maschinen," WC="0.93" />
            <String ID="Textword_118" HPOS="1006" VPOS="3644" HEIGHT="65" WIDTH="495" CONTENT="Transmissionen" WC="0.91" />
          </TextLine>
          <TextLine ID="TextLine_50" HPOS="583" VPOS="3716" HEIGHT="136" WIDTH="921">
            <String ID="Textword_119" HPOS="583" VPOS="3716" HEIGHT="136" WIDTH="60" CONTENT="e" WC="0.60" />
            <String ID="Textword_120" HPOS="696" VPOS="3759" HEIGHT="70" WIDTH="159" CONTENT="Guss," WC="0.89" />
            <String ID="Textword_121" HPOS="905" VPOS="3756" HEIGHT="61" WIDTH="162" CONTENT="Eisen" WC="0.91" />
            <String ID="Textword_122" HPOS="1119" VPOS="3751" HEIGHT="64" WIDTH="113" CONTENT="und" WC="0.93" />
            <String ID="Textword_123" HPOS="1280" VPOS="3752" HEIGHT="60" WIDTH="224" CONTENT="Metalle" WC="0.91" />
          </TextLine>
          <TextLine ID="TextLine_51" HPOS="658" VPOS="3868" HEIGHT="40" WIDTH="641">
            <String ID="Textword_124" HPOS="658" VPOS="3881" HEIGHT="27" WIDTH="96" CONTENT="kaufen" WC="0.91" />
            <String ID="Textword_125" HPOS="775" VPOS="3878" HEIGHT="29" WIDTH="186" CONTENT="fortwährend" WC="0.91" />
            <String ID="Textword_126" HPOS="980" VPOS="3868" HEIGHT="35" WIDTH="39" CONTENT="zu" WC="0.93" />
            <String ID="Textword_127" HPOS="1034" VPOS="3876" HEIGHT="28" WIDTH="132" CONTENT="hächsten" WC="0.90" />
            <String ID="Textword_128" HPOS="1186" VPOS="3874" HEIGHT="27" WIDTH="113" CONTENT="Preisen" WC="0.92" />
          </TextLine>
        </TextBlock>
        <TextBlock ID="TextBlock_48" HPOS="366" VPOS="3935" HEIGHT="109" WIDTH="1141">
          <TextLine ID="TextLine_52" HPOS="367" VPOS="3935" HEIGHT="50" WIDTH="1138">
            <String ID="Textword_129" HPOS="367" VPOS="3947" HEIGHT="34" WIDTH="127" CONTENT="Gebr." WC="0.91" />
            <String ID="Textword_130" HPOS="518" VPOS="3944" HEIGHT="41" WIDTH="311" CONTENT="Bertschinger" WC="0.91" />
            <String ID="Textword_131" HPOS="865" VPOS="3942" HEIGHT="32" WIDTH="38" CONTENT="&amp;" WC="0.91" />
            <String ID="Textword_132" HPOS="939" VPOS="3941" HEIGHT="40" WIDTH="99" CONTENT="Cie," WC="0.29" />
            <String ID="Textword_133" HPOS="1072" VPOS="3937" HEIGHT="45" WIDTH="190" CONTENT="Wallisellen" WC="0.92" />
            <String ID="Textword_134" HPOS="1293" VPOS="3936" HEIGHT="32" WIDTH="55" CONTENT="bei" WC="0.96" />
            <String ID="Textword_135" HPOS="1375" VPOS="3935" HEIGHT="33" WIDTH="130" CONTENT="Zürich." WC="0.96" />
          </TextLine>
          <TextLine ID="TextLine_53" HPOS="366" VPOS="3996" HEIGHT="48" WIDTH="1141">
            <String ID="Textword_136" HPOS="366" VPOS="4009" HEIGHT="35" WIDTH="147" CONTENT="Telephon:" WC="0.92" />
            <String ID="Textword_137" HPOS="533" VPOS="4008" HEIGHT="26" WIDTH="43" CONTENT="Nr." WC="0.96" />
            <String ID="Textword_138" HPOS="591" VPOS="4008" HEIGHT="31" WIDTH="74" CONTENT="2914," WC="0.88" />
            <String ID="Textword_139" HPOS="686" VPOS="4004" HEIGHT="29" WIDTH="102" CONTENT="Zürich." WC="0.96" />
            <String ID="Textword_140" HPOS="1047" VPOS="4000" HEIGHT="35" WIDTH="202" CONTENT="Telegr.-Adr.:" WC="0.83" />
            <String ID="Textword_141" HPOS="1271" VPOS="3996" HEIGHT="33" WIDTH="236" CONTENT="Gehertschinger." WC="0.92" />
          </TextLine>
        </TextBlock>
        <TextBlock ID="TextBlock_49" HPOS="1517" VPOS="3567" HEIGHT="531" WIDTH="8">
          <TextLine ID="TextLine_54" HPOS="1517" VPOS="3567" HEIGHT="531" WIDTH="8">
            <SP ID="Textword_22" HPOS="1517" VPOS="3567" />
            <String ID="Textword_142" HPOS="1517" VPOS="3567" HEIGHT="531" WIDTH="8" CONTENT=" " WC="0.95" />
          </TextLine>
        </TextBlock>
        <TextBlock ID="TextBlock_50" HPOS="367" VPOS="4074" HEIGHT="42" WIDTH="1136">
          <TextLine ID="TextLine_55" HPOS="367" VPOS="4074" HEIGHT="42" WIDTH="1136">
            <SP ID="Textword_23" HPOS="367" VPOS="4074" />
            <String ID="Textword_143" HPOS="367" VPOS="4074" HEIGHT="42" WIDTH="1136" CONTENT=" " WC="0.95" />
          </TextLine>
        </TextBlock>
        <TextBlock ID="TextBlock_51" HPOS="1535" VPOS="3564" HEIGHT="88" WIDTH="554">
          <TextLine ID="TextLine_56" HPOS="1535" VPOS="3564" HEIGHT="21" WIDTH="554">
            <String ID="Textword_144" HPOS="0" VPOS="0" HEIGHT="4982" WIDTH="3434" CONTENT="CIENZE" WC="0.25" />
            <String ID="Textword_145" HPOS="0" VPOS="0" HEIGHT="4982" WIDTH="3434" CONTENT="ESE" WC="0.18" />
            <String ID="Textword_146" HPOS="1535" VPOS="3564" HEIGHT="21" WIDTH="554" CONTENT="A" WC="0.18" />
            <String ID="Textword_147" HPOS="0" VPOS="0" HEIGHT="4982" WIDTH="3434" CONTENT="O" WC="0.22" />
            <String ID="Textword_148" HPOS="0" VPOS="0" HEIGHT="4982" WIDTH="3434" CONTENT="ZI" WC="0.04" />
            <String ID="Textword_149" HPOS="0" VPOS="0" HEIGHT="4982" WIDTH="3434" CONTENT="ER" WC="0.32" />
            <String ID="Textword_150" HPOS="0" VPOS="0" HEIGHT="4982" WIDTH="3434" CONTENT="REA" WC="0.11" />
          </TextLine>
          <TextLine ID="TextLine_57" HPOS="1649" VPOS="3612" HEIGHT="40" WIDTH="321">
            <String ID="Textword_151" HPOS="1649" VPOS="3612" HEIGHT="40" WIDTH="206" CONTENT="Disconto" WC="0.92" />
            <String ID="Textword_152" HPOS="1884" VPOS="3621" HEIGHT="30" WIDTH="86" CONTENT="von" WC="0.96" />
          </TextLine>
        </TextBlock>
        <TextBlock ID="TextBlock_52" HPOS="1560" VPOS="3666" HEIGHT="156" WIDTH="509">
          <TextLine ID="TextLine_58" HPOS="1560" VPOS="3666" HEIGHT="156" WIDTH="509">
            <String ID="Textword_153" HPOS="1560" VPOS="3666" HEIGHT="156" WIDTH="509" CONTENT="Duehiorierunget," WC="0.02" />
          </TextLine>
        </TextBlock>
        <TextBlock ID="TextBlock_53" HPOS="1536" VPOS="3831" HEIGHT="213" WIDTH="557">
          <TextLine ID="TextLine_59" HPOS="1587" VPOS="3831" HEIGHT="37" WIDTH="505">
            <String ID="Textword_154" HPOS="1587" VPOS="3834" HEIGHT="34" WIDTH="123" CONTENT="Einige" WC="0.90" />
            <String ID="Textword_155" HPOS="1747" VPOS="3833" HEIGHT="33" WIDTH="235" CONTENT="Kapitalisten" WC="0.86" />
            <String ID="Textword_156" HPOS="2022" VPOS="3831" HEIGHT="27" WIDTH="70" CONTENT="und" WC="0.96" />
          </TextLine>
          <TextLine ID="TextLine_60" HPOS="1536" VPOS="3869" HEIGHT="33" WIDTH="556">
            <String ID="Textword_157" HPOS="1536" VPOS="3869" HEIGHT="27" WIDTH="227" CONTENT="Grossfirmen" WC="0.81" />
            <String ID="Textword_158" HPOS="1828" VPOS="3869" HEIGHT="33" WIDTH="147" CONTENT="gesucht" WC="0.94" />
            <String ID="Textword_159" HPOS="2031" VPOS="3873" HEIGHT="20" WIDTH="61" CONTENT="zur" WC="0.94" />
          </TextLine>
          <TextLine ID="TextLine_61" HPOS="1536" VPOS="3903" HEIGHT="35" WIDTH="556">
            <String ID="Textword_160" HPOS="1536" VPOS="3904" HEIGHT="34" WIDTH="187" CONTENT="Gründung" WC="0.95" />
            <String ID="Textword_161" HPOS="1768" VPOS="3904" HEIGHT="27" WIDTH="96" CONTENT="einer" WC="0.91" />
            <String ID="Textword_162" HPOS="1901" VPOS="3903" HEIGHT="27" WIDTH="191" CONTENT="Genossen-" WC="0.91" />
          </TextLine>
          <TextLine ID="TextLine_62" HPOS="1537" VPOS="3937" HEIGHT="36" WIDTH="554">
            <String ID="Textword_163" HPOS="1537" VPOS="3941" HEIGHT="27" WIDTH="122" CONTENT="schaft." WC="0.92" />
            <String ID="Textword_164" HPOS="1671" VPOS="3939" HEIGHT="34" WIDTH="218" CONTENT="Dringendes" WC="0.91" />
            <String ID="Textword_165" HPOS="1895" VPOS="3937" HEIGHT="28" WIDTH="196" CONTENT="Bedürfnis." WC="0.90" />
          </TextLine>
          <TextLine ID="TextLine_63" HPOS="1570" VPOS="3972" HEIGHT="31" WIDTH="523">
            <String ID="Textword_166" HPOS="1570" VPOS="3976" HEIGHT="27" WIDTH="155" CONTENT="Näheres" WC="0.89" />
            <String ID="Textword_167" HPOS="1751" VPOS="3975" HEIGHT="26" WIDTH="107" CONTENT="durch" WC="0.84" />
            <String ID="Textword_168" HPOS="1884" VPOS="3974" HEIGHT="26" WIDTH="92" CONTENT="H.P." WC="0.89" />
            <String ID="Textword_169" HPOS="1998" VPOS="3972" HEIGHT="27" WIDTH="95" CONTENT="Fach" WC="0.92" />
          </TextLine>
          <TextLine ID="TextLine_64" HPOS="1536" VPOS="4008" HEIGHT="36" WIDTH="555">
            <String ID="Textword_170" HPOS="1536" VPOS="4011" HEIGHT="28" WIDTH="61" CONTENT="No." WC="0.85" />
            <String ID="Textword_171" HPOS="1610" VPOS="4013" HEIGHT="31" WIDTH="110" CONTENT="131C9," WC="0.85" />
            <String ID="Textword_172" HPOS="1740" VPOS="4010" HEIGHT="26" WIDTH="132" CONTENT="Zürich," WC="0.86" />
            <String ID="Textword_173" HPOS="1935" VPOS="4008" HEIGHT="35" WIDTH="156" CONTENT="(Zà14712)" WC="0.42" />
          </TextLine>
        </TextBlock>
        <TextBlock ID="TextBlock_54" HPOS="1901" VPOS="1241" HEIGHT="1440" WIDTH="195">
          <TextLine ID="TextLine_65" HPOS="1901" VPOS="1241" HEIGHT="635" WIDTH="195">
            <SP ID="Textword_24" HPOS="1901" VPOS="1241" />
            <String ID="Textword_174" HPOS="1901" VPOS="1241" HEIGHT="635" WIDTH="195" CONTENT=" " WC="0.95" />
          </TextLine>
          <TextLine ID="TextLine_66" HPOS="1902" VPOS="1876" HEIGHT="365" WIDTH="194">
            <SP ID="Textword_25" HPOS="1902" VPOS="1876" />
            <String ID="Textword_175" HPOS="1902" VPOS="1876" HEIGHT="365" WIDTH="194" CONTENT="    " WC="0.95" />
          </TextLine>
          <TextLine ID="TextLine_67" HPOS="1901" VPOS="2241" HEIGHT="440" WIDTH="195">
            <SP ID="Textword_26" HPOS="1901" VPOS="2241" />
            <String ID="Textword_176" HPOS="1901" VPOS="2241" HEIGHT="440" WIDTH="195" CONTENT="  " WC="0.95" />
          </TextLine>
        </TextBlock>
        <TextBlock ID="TextBlock_55" HPOS="3108" VPOS="296" HEIGHT="26" WIDTH="102">
          <TextLine ID="TextLine_68" HPOS="3108" VPOS="296" HEIGHT="26" WIDTH="102">
            <String ID="Textword_177" HPOS="3108" VPOS="296" HEIGHT="26" WIDTH="46" CONTENT="Nr." WC="0.95" />
            <String ID="Textword_178" HPOS="3176" VPOS="296" HEIGHT="26" WIDTH="34" CONTENT="48" WC="0.96" />
          </TextLine>
        </TextBlock>
        <TextBlock ID="TextBlock_56" HPOS="2105" VPOS="410" HEIGHT="19" WIDTH="1160">
          <TextLine ID="TextLine_69" HPOS="2105" VPOS="410" HEIGHT="19" WIDTH="1160">
            <SP ID="Textword_27" HPOS="2105" VPOS="410" />
            <String ID="Textword_179" HPOS="2105" VPOS="410" HEIGHT="19" WIDTH="1160" CONTENT=" " WC="0.95" />
          </TextLine>
        </TextBlock>
        <TextBlock ID="TextBlock_57" HPOS="2162" VPOS="504" HEIGHT="10" WIDTH="619">
          <TextLine ID="TextLine_70" HPOS="2162" VPOS="504" HEIGHT="10" WIDTH="619">
            <SP ID="Textword_28" HPOS="2162" VPOS="504" />
            <String ID="Textword_180" HPOS="2162" VPOS="504" HEIGHT="10" WIDTH="619" CONTENT=" " WC="0.95" />
          </TextLine>
        </TextBlock>
        <TextBlock ID="TextBlock_58" HPOS="2179" VPOS="391" HEIGHT="212" WIDTH="1018">
          <TextLine ID="TextLine_71" HPOS="2179" VPOS="391" HEIGHT="212" WIDTH="1018">
            <SP ID="Textword_29" HPOS="2179" VPOS="391" />
            <String ID="Textword_181" HPOS="2179" VPOS="391" HEIGHT="212" WIDTH="1018" CONTENT=" " WC="0.95" />
          </TextLine>
        </TextBlock>
        <TextBlock ID="TextBlock_59" HPOS="2579" VPOS="518" HEIGHT="79" WIDTH="3">
          <TextLine ID="TextLine_72" HPOS="2579" VPOS="518" HEIGHT="79" WIDTH="3">
            <SP ID="Textword_30" HPOS="2579" VPOS="518" />
            <String ID="Textword_182" HPOS="2579" VPOS="518" HEIGHT="79" WIDTH="3" CONTENT=" " WC="0.95" />
          </TextLine>
        </TextBlock>
        <TextBlock ID="TextBlock_60" HPOS="2724" VPOS="522" HEIGHT="140" WIDTH="470">
          <TextLine ID="TextLine_73" HPOS="2724" VPOS="565" HEIGHT="87" WIDTH="56">
            <String ID="Textword_183" HPOS="2724" VPOS="565" HEIGHT="87" WIDTH="56" CONTENT="cs" WC="0.34" />
          </TextLine>
          <TextLine ID="TextLine_74" HPOS="2809" VPOS="551" HEIGHT="83" WIDTH="34">
            <String ID="Textword_184" HPOS="2809" VPOS="551" HEIGHT="83" WIDTH="34" CONTENT="[=" WC="0.25" />
          </TextLine>
          <TextLine ID="TextLine_75" HPOS="2952" VPOS="522" HEIGHT="77" WIDTH="45">
            <String ID="Textword_185" HPOS="2952" VPOS="522" HEIGHT="77" WIDTH="45" CONTENT="Fe" WC="0.74" />
          </TextLine>
          <TextLine ID="TextLine_76" HPOS="3115" VPOS="599" HEIGHT="63" WIDTH="26">
            <String ID="Textword_186" HPOS="3115" VPOS="599" HEIGHT="63" WIDTH="26" CONTENT="es" WC="0.33" />
          </TextLine>
          <TextLine ID="TextLine_77" HPOS="3144" VPOS="589" HEIGHT="61" WIDTH="50">
            <String ID="Textword_187" HPOS="3144" VPOS="589" HEIGHT="61" WIDTH="50" CONTENT="©" WC="0.41" />
          </TextLine>
        </TextBlock>
        <TextBlock ID="TextBlock_61" HPOS="2548" VPOS="623" HEIGHT="112" WIDTH="2">
          <TextLine ID="TextLine_78" HPOS="2548" VPOS="623" HEIGHT="112" WIDTH="2">
            <SP ID="Textword_31" HPOS="2548" VPOS="623" />
            <String ID="Textword_188" HPOS="2548" VPOS="623" HEIGHT="112" WIDTH="2" CONTENT=" " WC="0.95" />
          </TextLine>
        </TextBlock>
        <TextBlock ID="TextBlock_62" HPOS="2445" VPOS="637" HEIGHT="118" WIDTH="6">
          <TextLine ID="TextLine_79" HPOS="2445" VPOS="637" HEIGHT="118" WIDTH="6">
            <SP ID="Textword_32" HPOS="2445" VPOS="637" />
            <String ID="Textword_189" HPOS="2445" VPOS="637" HEIGHT="118" WIDTH="6" CONTENT=" " WC="0.95" />
          </TextLine>
        </TextBlock>
        <TextBlock ID="TextBlock_63" HPOS="2446" VPOS="732" HEIGHT="4" WIDTH="105">
          <TextLine ID="TextLine_80" HPOS="2446" VPOS="732" HEIGHT="4" WIDTH="105">
            <SP ID="Textword_33" HPOS="2446" VPOS="732" />
            <String ID="Textword_190" HPOS="2446" VPOS="732" HEIGHT="4" WIDTH="105" CONTENT=" " WC="0.95" />
          </TextLine>
        </TextBlock>
        <TextBlock ID="TextBlock_64" HPOS="2336" VPOS="749" HEIGHT="6" WIDTH="117">
          <TextLine ID="TextLine_81" HPOS="2336" VPOS="749" HEIGHT="6" WIDTH="117">
            <SP ID="Textword_34" HPOS="2336" VPOS="749" />
            <String ID="Textword_191" HPOS="2336" VPOS="749" HEIGHT="6" WIDTH="117" CONTENT=" " WC="0.95" />
          </TextLine>
        </TextBlock>
        <TextBlock ID="TextBlock_65" HPOS="2166" VPOS="510" HEIGHT="280" WIDTH="10">
          <TextLine ID="TextLine_82" HPOS="2166" VPOS="510" HEIGHT="280" WIDTH="10">
            <SP ID="Textword_35" HPOS="2166" VPOS="510" />
            <String ID="Textword_192" HPOS="2166" VPOS="510" HEIGHT="280" WIDTH="10" CONTENT=" " WC="0.95" />
          </TextLine>
        </TextBlock>
        <TextBlock ID="TextBlock_66" HPOS="2336" VPOS="632" HEIGHT="155" WIDTH="5">
          <TextLine ID="TextLine_83" HPOS="2336" VPOS="632" HEIGHT="155" WIDTH="5">
            <SP ID="Textword_36" HPOS="2336" VPOS="632" />
            <String ID="Textword_193" HPOS="2336" VPOS="632" HEIGHT="155" WIDTH="5" CONTENT=" " WC="0.95" />
          </TextLine>
        </TextBlock>
        <TextBlock ID="TextBlock_67" HPOS="2170" VPOS="783" HEIGHT="6" WIDTH="174">
          <TextLine ID="TextLine_84" HPOS="2170" VPOS="783" HEIGHT="6" WIDTH="174">
            <SP ID="Textword_37" HPOS="2170" VPOS="783" />
            <String ID="Textword_194" HPOS="2170" VPOS="783" HEIGHT="6" WIDTH="174" CONTENT=" " WC="0.95" />
          </TextLine>
        </TextBlock>
        <TextBlock ID="TextBlock_68" HPOS="2772" VPOS="679" HEIGHT="234" WIDTH="436">
          <TextLine ID="TextLine_85" HPOS="2772" VPOS="679" HEIGHT="234" WIDTH="436">
            <SP ID="Textword_38" HPOS="2772" VPOS="679" />
            <String ID="Textword_195" HPOS="2772" VPOS="679" HEIGHT="234" WIDTH="436" CONTENT=" " WC="0.95" />
          </TextLine>
        </TextBlock>
        <TextBlock ID="TextBlock_69" HPOS="2181" VPOS="895" HEIGHT="26" WIDTH="256">
          <TextLine ID="TextLine_86" HPOS="2181" VPOS="895" HEIGHT="26" WIDTH="256">
            <SP ID="Textword_39" HPOS="2181" VPOS="895" />
            <String ID="Textword_196" HPOS="2181" VPOS="895" HEIGHT="26" WIDTH="256" CONTENT=" " WC="0.95" />
          </TextLine>
        </TextBlock>
        <TextBlock ID="TextBlock_70" HPOS="2161" VPOS="741" HEIGHT="216" WIDTH="626">
          <TextLine ID="TextLine_87" HPOS="2161" VPOS="741" HEIGHT="216" WIDTH="626">
            <String ID="Textword_197" HPOS="2161" VPOS="806" HEIGHT="119" WIDTH="291" CONTENT="za" WC="0.36" />
            <String ID="Textword_198" HPOS="2468" VPOS="741" HEIGHT="216" WIDTH="367" CONTENT="gie!" WC="0.36" />
          </TextLine>
        </TextBlock>
        <TextBlock ID="TextBlock_71" HPOS="3260" VPOS="413" HEIGHT="612" WIDTH="16">
          <TextLine ID="TextLine_88" HPOS="3260" VPOS="413" HEIGHT="612" WIDTH="16">
            <SP ID="Textword_40" HPOS="3260" VPOS="413" />
            <String ID="Textword_199" HPOS="3260" VPOS="413" HEIGHT="612" WIDTH="16" CONTENT=" " WC="0.95" />
          </TextLine>
        </TextBlock>
        <TextBlock ID="TextBlock_72" HPOS="2206" VPOS="930" HEIGHT="92" WIDTH="970">
          <TextLine ID="TextLine_89" HPOS="2206" VPOS="930" HEIGHT="92" WIDTH="970">
            <String ID="Textword_200" HPOS="2206" VPOS="954" HEIGHT="68" WIDTH="465" CONTENT="THALWIL" WC="0.89" />
            <String ID="Textword_201" HPOS="2693" VPOS="969" HEIGHT="22" WIDTH="55" CONTENT="=" WC="0.60" />
            <String ID="Textword_202" HPOS="2762" VPOS="930" HEIGHT="79" WIDTH="414" CONTENT="ZÜRIEH" WC="0.80" />
          </TextLine>
        </TextBlock>
        <TextBlock ID="TextBlock_73" HPOS="2105" VPOS="423" HEIGHT="611" WIDTH="18">
          <TextLine ID="TextLine_90" HPOS="2105" VPOS="423" HEIGHT="611" WIDTH="18">
            <SP ID="Textword_41" HPOS="2105" VPOS="423" />
            <String ID="Textword_203" HPOS="2105" VPOS="423" HEIGHT="611" WIDTH="18" CONTENT=" " WC="0.95" />
          </TextLine>
        </TextBlock>
        <TextBlock ID="TextBlock_74" HPOS="2115" VPOS="1016" HEIGHT="18" WIDTH="1161">
          <TextLine ID="TextLine_91" HPOS="2115" VPOS="1016" HEIGHT="18" WIDTH="1161">
            <SP ID="Textword_42" HPOS="2115" VPOS="1016" />
            <String ID="Textword_204" HPOS="2115" VPOS="1016" HEIGHT="18" WIDTH="1161" CONTENT=" " WC="0.95" />
          </TextLine>
        </TextBlock>
        <TextBlock ID="TextBlock_75" HPOS="2112" VPOS="1042" HEIGHT="12" WIDTH="1147">
          <TextLine ID="TextLine_92" HPOS="2112" VPOS="1042" HEIGHT="12" WIDTH="1147">
            <SP ID="Textword_43" HPOS="2112" VPOS="1042" />
            <String ID="Textword_205" HPOS="2112" VPOS="1042" HEIGHT="12" WIDTH="1147" CONTENT=" " WC="0.95" />
          </TextLine>
        </TextBlock>
        <TextBlock ID="TextBlock_76" HPOS="2878" VPOS="1096" HEIGHT="45" WIDTH="378">
          <TextLine ID="TextLine_93" HPOS="2878" VPOS="1096" HEIGHT="45" WIDTH="378">
            <String ID="Textword_206" HPOS="2878" VPOS="1098" HEIGHT="43" WIDTH="78" CONTENT="Mech." WC="0.91" />
            <String ID="Textword_207" HPOS="2976" VPOS="1097" HEIGHT="43" WIDTH="160" CONTENT="Drahtwaren" WC="0.89" />
            <String ID="Textword_208" HPOS="3147" VPOS="1119" HEIGHT="7" WIDTH="9" CONTENT="-" WC="0.89" />
            <String ID="Textword_209" HPOS="3167" VPOS="1096" HEIGHT="43" WIDTH="89" CONTENT="Fabrik" WC="0.89" />
          </TextLine>
        </TextBlock>
        <TextBlock ID="TextBlock_77" HPOS="2906" VPOS="1175" HEIGHT="87" WIDTH="325">
          <TextLine ID="TextLine_94" HPOS="2906" VPOS="1175" HEIGHT="87" WIDTH="325">
            <String ID="Textword_210" HPOS="2906" VPOS="1177" HEIGHT="85" WIDTH="69" CONTENT="G." WC="0.91" />
            <String ID="Textword_211" HPOS="3014" VPOS="1175" HEIGHT="86" WIDTH="217" CONTENT="BOPP" WC="0.92" />
          </TextLine>
        </TextBlock>
        <TextBlock ID="TextBlock_78" HPOS="2244" VPOS="1292" HEIGHT="178" WIDTH="1007">
          <TextLine ID="TextLine_95" HPOS="2878" VPOS="1292" HEIGHT="36" WIDTH="373">
            <String ID="Textword_212" HPOS="2878" VPOS="1292" HEIGHT="36" WIDTH="232" CONTENT="Schaffhausen" WC="0.85" />
            <String ID="Textword_213" HPOS="3119" VPOS="1312" HEIGHT="5" WIDTH="11" CONTENT="-" WC="0.85" />
            <String ID="Textword_214" HPOS="3139" VPOS="1292" HEIGHT="33" WIDTH="112" CONTENT="Hallau" WC="0.90" />
          </TextLine>
          <TextLine ID="TextLine_96" HPOS="2824" VPOS="1349" HEIGHT="35" WIDTH="353">
            <String ID="Textword_215" HPOS="2824" VPOS="1379" HEIGHT="5" WIDTH="3" CONTENT="{" WC="0.44" />
            <String ID="Textword_216" HPOS="2933" VPOS="1349" HEIGHT="26" WIDTH="244" CONTENT="Draht-Gitter" WC="0.90" />
          </TextLine>
          <TextLine ID="TextLine_97" HPOS="2387" VPOS="1394" HEIGHT="39" WIDTH="860">
            <String ID="Textword_217" HPOS="2387" VPOS="1431" HEIGHT="2" WIDTH="8" CONTENT="A" WC="0.46" />
            <String ID="Textword_218" HPOS="2464" VPOS="1420" HEIGHT="1" WIDTH="6" CONTENT="AD" WC="0.23" />
            <String ID="Textword_219" HPOS="2517" VPOS="1413" HEIGHT="15" WIDTH="38" CONTENT="DE" WC="0.23" />
            <String ID="Textword_220" HPOS="2632" VPOS="1421" HEIGHT="8" WIDTH="55" CONTENT="_" WC="0.57" />
            <String ID="Textword_221" HPOS="2810" VPOS="1398" HEIGHT="33" WIDTH="59" CONTENT="=" WC="0.19" />
            <String ID="Textword_222" HPOS="2880" VPOS="1394" HEIGHT="30" WIDTH="183" CONTENT="Geflechte," WC="0.87" />
            <String ID="Textword_223" HPOS="3079" VPOS="1394" HEIGHT="25" WIDTH="100" CONTENT="Siebe" WC="0.91" />
            <String ID="Textword_224" HPOS="3192" VPOS="1394" HEIGHT="24" WIDTH="55" CONTENT="etc" WC="0.93" />
          </TextLine>
          <TextLine ID="TextLine_98" HPOS="2244" VPOS="1433" HEIGHT="37" WIDTH="977">
            <String ID="Textword_225" HPOS="2244" VPOS="1445" HEIGHT="11" WIDTH="158" CONTENT="pes" WC="0.31" />
            <String ID="Textword_226" HPOS="2413" VPOS="1440" HEIGHT="14" WIDTH="72" CONTENT="ES" WC="0.43" />
            <String ID="Textword_227" HPOS="2598" VPOS="1433" HEIGHT="19" WIDTH="71" CONTENT="-—-" WC="0.00" />
            <String ID="Textword_228" HPOS="2695" VPOS="1431" HEIGHT="25" WIDTH="126" CONTENT="NN" WC="0.00" />
            <String ID="Textword_229" HPOS="2833" VPOS="1437" HEIGHT="26" WIDTH="161" CONTENT="Beste" WC="0.58" />
            <String ID="Textword_230" HPOS="3012" VPOS="1438" HEIGHT="32" WIDTH="209" CONTENT="Bezugsquelle." WC="0.91" />
          </TextLine>
        </TextBlock>
        <TextBlock ID="TextBlock_79" HPOS="2105" VPOS="1102" HEIGHT="358" WIDTH="742">
          <TextLine ID="TextLine_99" HPOS="2105" VPOS="1102" HEIGHT="358" WIDTH="742">
            <SP ID="Textword_44" HPOS="2105" VPOS="1102" />
            <String ID="Textword_231" HPOS="2105" VPOS="1102" HEIGHT="358" WIDTH="742" CONTENT="   " WC="0.95" />
          </TextLine>
        </TextBlock>
        <TextBlock ID="TextBlock_80" HPOS="2116" VPOS="1486" HEIGHT="27" WIDTH="1142">
          <TextLine ID="TextLine_100" HPOS="2116" VPOS="1486" HEIGHT="27" WIDTH="1142">
            <SP ID="Textword_45" HPOS="2116" VPOS="1486" />
            <String ID="Textword_232" HPOS="2116" VPOS="1486" HEIGHT="27" WIDTH="1142" CONTENT=" " WC="0.95" />
          </TextLine>
        </TextBlock>
        <TextBlock ID="TextBlock_81" HPOS="2113" VPOS="1525" HEIGHT="12" WIDTH="1145">
          <TextLine ID="TextLine_101" HPOS="2113" VPOS="1525" HEIGHT="12" WIDTH="1145">
            <SP ID="Textword_46" HPOS="2113" VPOS="1525" />
            <String ID="Textword_233" HPOS="2113" VPOS="1525" HEIGHT="12" WIDTH="1145" CONTENT=" " WC="0.95" />
          </TextLine>
        </TextBlock>
        <TextBlock ID="TextBlock_82" HPOS="2112" VPOS="1556" HEIGHT="106" WIDTH="1145">
          <TextLine ID="TextLine_102" HPOS="2170" VPOS="1556" HEIGHT="55" WIDTH="1031">
            <String ID="Textword_234" HPOS="2170" VPOS="1556" HEIGHT="53" WIDTH="772" CONTENT="Mosterei-Genossenschafît" WC="0.63" />
            <String ID="Textword_235" HPOS="2977" VPOS="1558" HEIGHT="53" WIDTH="224" CONTENT="Egnach" WC="0.92" />
          </TextLine>
          <TextLine ID="TextLine_103" HPOS="2112" VPOS="1625" HEIGHT="37" WIDTH="1145">
            <String ID="Textword_236" HPOS="2112" VPOS="1629" HEIGHT="27" WIDTH="121" CONTENT="offeriert" WC="0.92" />
            <String ID="Textword_237" HPOS="2270" VPOS="1629" HEIGHT="26" WIDTH="28" CONTENT="in" WC="0.93" />
            <String ID="Textword_238" HPOS="2335" VPOS="1628" HEIGHT="27" WIDTH="122" CONTENT="besten" WC="0.91" />
            <String ID="Textword_239" HPOS="2488" VPOS="1626" HEIGHT="36" WIDTH="199" CONTENT="Qualitäten" WC="0.91" />
            <String ID="Textword_240" HPOS="2723" VPOS="1634" HEIGHT="18" WIDTH="35" CONTENT="zu" WC="0.92" />
            <String ID="Textword_241" HPOS="2794" VPOS="1625" HEIGHT="33" WIDTH="180" CONTENT="billigsten" WC="0.87" />
            <String ID="Textword_242" HPOS="3002" VPOS="1625" HEIGHT="33" WIDTH="255" CONTENT="Tagespreisen" WC="0.91" />
          </TextLine>
        </TextBlock>
        <TextBlock ID="TextBlock_83" HPOS="2111" VPOS="1678" HEIGHT="123" WIDTH="996">
          <TextLine ID="TextLine_104" HPOS="2111" VPOS="1678" HEIGHT="123" WIDTH="996">
            <String ID="Textword_243" HPOS="2111" VPOS="1718" HEIGHT="43" WIDTH="107" CONTENT="==" WC="0.86" />
            <String ID="Textword_244" HPOS="2254" VPOS="1682" HEIGHT="101" WIDTH="135" CONTENT="0isse" WC="0.72" />
            <String ID="Textword_245" HPOS="2421" VPOS="1681" HEIGHT="120" WIDTH="250" CONTENT="Thurgauer" WC="0.71" />
            <String ID="Textword_246" HPOS="2689" VPOS="1679" HEIGHT="101" WIDTH="153" CONTENT="Mosie" WC="0.78" />
            <String ID="Textword_247" HPOS="2876" VPOS="1679" HEIGHT="100" WIDTH="84" CONTENT="und" WC="0.92" />
            <String ID="Textword_248" HPOS="2994" VPOS="1678" HEIGHT="102" WIDTH="113" CONTENT="dalle" WC="0.80" />
          </TextLine>
        </TextBlock>
        <TextBlock ID="TextBlock_84" HPOS="2114" VPOS="1812" HEIGHT="99" WIDTH="1106">
          <TextLine ID="TextLine_105" HPOS="2269" VPOS="1812" HEIGHT="37" WIDTH="951">
            <String ID="Textword_249" HPOS="2269" VPOS="1815" HEIGHT="34" WIDTH="184" CONTENT="Leihgebinde" WC="0.91" />
            <String ID="Textword_250" HPOS="2471" VPOS="1822" HEIGHT="19" WIDTH="55" CONTENT="von" WC="0.96" />
            <String ID="Textword_251" HPOS="2545" VPOS="1814" HEIGHT="25" WIDTH="34" CONTENT="70" WC="0.96" />
            <String ID="Textword_252" HPOS="2598" VPOS="1813" HEIGHT="26" WIDTH="75" CONTENT="Liter" WC="0.95" />
            <String ID="Textword_253" HPOS="2693" VPOS="1821" HEIGHT="18" WIDTH="34" CONTENT="an" WC="0.96" />
            <String ID="Textword_254" HPOS="2745" VPOS="1813" HEIGHT="33" WIDTH="88" CONTENT="gratis" WC="0.95" />
            <String ID="Textword_255" HPOS="2851" VPOS="1820" HEIGHT="19" WIDTH="51" CONTENT="zur" WC="0.96" />
            <String ID="Textword_256" HPOS="2923" VPOS="1812" HEIGHT="35" WIDTH="172" CONTENT="Verfügung." WC="0.96" />
            <String ID="Textword_257" HPOS="3167" VPOS="1813" HEIGHT="26" WIDTH="53" CONTENT="207" WC="0.96" />
          </TextLine>
          <TextLine ID="TextLine_106" HPOS="2114" VPOS="1867" HEIGHT="44" WIDTH="582">
            <String ID="Textword_258" HPOS="2114" VPOS="1871" HEIGHT="33" WIDTH="104" CONTENT="Prima" WC="0.92" />
            <String ID="Textword_259" HPOS="2241" VPOS="1867" HEIGHT="44" WIDTH="188" CONTENT="Tafeläpfel." WC="0.90" />
            <String ID="Textword_260" HPOS="2523" VPOS="1876" HEIGHT="23" WIDTH="173" CONTENT="—n—8—" WC="0.00" />
          </TextLine>
        </TextBlock>
        <TextBlock ID="TextBlock_85" HPOS="2161" VPOS="1992" HEIGHT="138" WIDTH="1056">
          <TextLine ID="TextLine_107" HPOS="2232" VPOS="1992" HEIGHT="84" WIDTH="895">
            <String ID="Textword_261" HPOS="2232" VPOS="1993" HEIGHT="70" WIDTH="152" CONTENT="ED." WC="0.95" />
            <String ID="Textword_262" HPOS="2458" VPOS="1992" HEIGHT="69" WIDTH="236" CONTENT="BRUN," WC="0.93" />
            <String ID="Textword_263" HPOS="2855" VPOS="1993" HEIGHT="83" WIDTH="272" CONTENT="wi" WC="0.74" />
          </TextLine>
          <TextLine ID="TextLine_108" HPOS="2392" VPOS="2043" HEIGHT="31" WIDTH="660">
            <String ID="Textword_264" HPOS="2392" VPOS="2048" HEIGHT="15" WIDTH="15" CONTENT="è" WC="0.54" />
            <String ID="Textword_265" HPOS="2790" VPOS="2046" HEIGHT="28" WIDTH="16" CONTENT="9" WC="0.96" />
            <String ID="Textword_266" HPOS="2947" VPOS="2043" HEIGHT="27" WIDTH="105" CONTENT="chweiz" WC="0.81" />
          </TextLine>
          <TextLine ID="TextLine_109" HPOS="2161" VPOS="2081" HEIGHT="49" WIDTH="1056">
            <String ID="Textword_267" HPOS="2161" VPOS="2086" HEIGHT="38" WIDTH="83" CONTENT="Erste" WC="0.96" />
            <String ID="Textword_268" HPOS="2259" VPOS="2085" HEIGHT="39" WIDTH="59" CONTENT="and" WC="0.96" />
            <String ID="Textword_269" HPOS="2332" VPOS="2084" HEIGHT="46" WIDTH="115" CONTENT="grösste" WC="0.93" />
            <String ID="Textword_270" HPOS="2462" VPOS="2081" HEIGHT="49" WIDTH="239" CONTENT="Spezial-Fabrik" WC="0.92" />
            <String ID="Textword_271" HPOS="2716" VPOS="2081" HEIGHT="39" WIDTH="48" CONTENT="für" WC="0.93" />
            <String ID="Textword_272" HPOS="2781" VPOS="2081" HEIGHT="40" WIDTH="103" CONTENT="Härte-" WC="0.92" />
            <String ID="Textword_273" HPOS="2894" VPOS="2082" HEIGHT="39" WIDTH="60" CONTENT="und" WC="0.93" />
            <String ID="Textword_274" HPOS="2969" VPOS="2081" HEIGHT="40" WIDTH="248" CONTENT="Lötmaterialien." WC="0.92" />
          </TextLine>
        </TextBlock>
        <TextBlock ID="TextBlock_86" HPOS="2170" VPOS="2146" HEIGHT="59" WIDTH="786">
          <TextLine ID="TextLine_110" HPOS="2170" VPOS="2146" HEIGHT="59" WIDTH="786">
            <String ID="Textword_275" HPOS="2170" VPOS="2146" HEIGHT="59" WIDTH="160" CONTENT="ais" WC="0.00" />
            <String ID="Textword_276" HPOS="2404" VPOS="2155" HEIGHT="48" WIDTH="129" CONTENT="Export" WC="0.65" />
            <String ID="Textword_277" HPOS="2563" VPOS="2154" HEIGHT="39" WIDTH="91" CONTENT="nach" WC="0.96" />
            <String ID="Textword_278" HPOS="2684" VPOS="2153" HEIGHT="40" WIDTH="94" CONTENT="allen" WC="0.96" />
            <String ID="Textword_279" HPOS="2809" VPOS="2147" HEIGHT="45" WIDTH="147" CONTENT="Staaten" WC="0.96" />
          </TextLine>
        </TextBlock>
        <TextBlock ID="TextBlock_87" HPOS="3149" VPOS="1715" HEIGHT="44" WIDTH="108">
          <TextLine ID="TextLine_111" HPOS="3149" VPOS="1715" HEIGHT="44" WIDTH="108">
            <String ID="Textword_280" HPOS="3149" VPOS="1715" HEIGHT="44" WIDTH="108" CONTENT="I" WC="0.63" />
          </TextLine>
        </TextBlock>
        <TextBlock ID="TextBlock_88" HPOS="2113" VPOS="1926" HEIGHT="10" WIDTH="1145">
          <TextLine ID="TextLine_112" HPOS="2113" VPOS="1926" HEIGHT="10" WIDTH="1145">
            <SP ID="Textword_47" HPOS="2113" VPOS="1926" />
            <String ID="Textword_281" HPOS="2113" VPOS="1926" HEIGHT="10" WIDTH="1145" CONTENT=" " WC="0.95" />
          </TextLine>
        </TextBlock>
        <TextBlock ID="TextBlock_89" HPOS="2116" VPOS="1950" HEIGHT="281" WIDTH="1144">
          <TextLine ID="TextLine_113" HPOS="2116" VPOS="1950" HEIGHT="107" WIDTH="1144">
            <SP ID="Textword_48" HPOS="2116" VPOS="1957" />
            <String ID="Textword_282" HPOS="2116" VPOS="1957" HEIGHT="100" WIDTH="116" CONTENT=" " WC="0.95" />
            <SP ID="Textword_49" HPOS="2347" VPOS="1950" />
            <String ID="Textword_283" HPOS="2347" VPOS="1950" HEIGHT="7" WIDTH="913" CONTENT=" " WC="0.95" />
          </TextLine>
          <TextLine ID="TextLine_114" HPOS="2158" VPOS="2174" HEIGHT="57" WIDTH="246">
            <SP ID="Textword_50" HPOS="2158" VPOS="2174" />
            <String ID="Textword_284" HPOS="2158" VPOS="2174" HEIGHT="57" WIDTH="246" CONTENT="   " WC="0.95" />
          </TextLine>
        </TextBlock>
        <TextBlock ID="TextBlock_90" HPOS="2127" VPOS="1957" HEIGHT="1739" WIDTH="1141">
          <TextLine ID="TextLine_115" HPOS="2694" VPOS="1957" HEIGHT="90" WIDTH="568">
            <SP ID="Textword_51" HPOS="2694" VPOS="1957" />
            <String ID="Textword_285" HPOS="2694" VPOS="1957" HEIGHT="90" WIDTH="568" CONTENT="   " WC="0.95" />
          </TextLine>
          <TextLine ID="TextLine_116" HPOS="3225" VPOS="2047" HEIGHT="51" WIDTH="37">
            <SP ID="Textword_52" HPOS="3225" VPOS="2047" />
            <String ID="Textword_286" HPOS="3225" VPOS="2047" HEIGHT="51" WIDTH="37" CONTENT=" " WC="0.95" />
          </TextLine>
          <TextLine ID="TextLine_117" HPOS="3225" VPOS="2098" HEIGHT="76" WIDTH="37">
            <SP ID="Textword_53" HPOS="3225" VPOS="2098" />
            <String ID="Textword_287" HPOS="3225" VPOS="2098" HEIGHT="76" WIDTH="37" CONTENT="  " WC="0.95" />
          </TextLine>
          <TextLine ID="TextLine_118" HPOS="2158" VPOS="2174" HEIGHT="591" WIDTH="1106">
            <SP ID="Textword_54" HPOS="2158" VPOS="2174" />
            <String ID="Textword_288" HPOS="2158" VPOS="2174" HEIGHT="591" WIDTH="1106" CONTENT="     " WC="0.95" />
          </TextLine>
          <TextLine ID="TextLine_119" HPOS="2158" VPOS="2765" HEIGHT="39" WIDTH="1106">
            <SP ID="Textword_55" HPOS="2158" VPOS="2765" />
            <String ID="Textword_289" HPOS="2158" VPOS="2765" HEIGHT="30" WIDTH="61" CONTENT=" " WC="0.95" />
            <SP ID="Textword_56" HPOS="3146" VPOS="2765" />
            <String ID="Textword_290" HPOS="3146" VPOS="2765" HEIGHT="39" WIDTH="118" CONTENT=" " WC="0.95" />
          </TextLine>
          <TextLine ID="TextLine_120" HPOS="3228" VPOS="2804" HEIGHT="30" WIDTH="37">
            <SP ID="Textword_57" HPOS="3228" VPOS="2804" />
            <String ID="Textword_291" HPOS="3228" VPOS="2804" HEIGHT="30" WIDTH="37" CONTENT=" " WC="0.95" />
          </TextLine>
          <TextLine ID="TextLine_121" HPOS="3228" VPOS="2834" HEIGHT="103" WIDTH="37">
            <SP ID="Textword_58" HPOS="3228" VPOS="2834" />
            <String ID="Textword_292" HPOS="3228" VPOS="2834" HEIGHT="103" WIDTH="37" CONTENT="  " WC="0.95" />
          </TextLine>
          <TextLine ID="TextLine_122" HPOS="3230" VPOS="2937" HEIGHT="68" WIDTH="35">
            <SP ID="Textword_59" HPOS="3230" VPOS="2937" />
            <String ID="Textword_293" HPOS="3230" VPOS="2937" HEIGHT="68" WIDTH="35" CONTENT="  " WC="0.95" />
          </TextLine>
          <TextLine ID="TextLine_123" HPOS="3230" VPOS="3005" HEIGHT="42" WIDTH="35">
            <SP ID="Textword_60" HPOS="3230" VPOS="3005" />
            <String ID="Textword_294" HPOS="3230" VPOS="3005" HEIGHT="42" WIDTH="35" CONTENT="  " WC="0.95" />
          </TextLine>
          <TextLine ID="TextLine_124" HPOS="3230" VPOS="3047" HEIGHT="34" WIDTH="37">
            <SP ID="Textword_61" HPOS="3230" VPOS="3047" />
            <String ID="Textword_295" HPOS="3230" VPOS="3047" HEIGHT="34" WIDTH="37" CONTENT=" " WC="0.95" />
          </TextLine>
          <TextLine ID="TextLine_125" HPOS="3230" VPOS="3081" HEIGHT="79" WIDTH="37">
            <SP ID="Textword_62" HPOS="3230" VPOS="3081" />
            <String ID="Textword_296" HPOS="3230" VPOS="3081" HEIGHT="79" WIDTH="37" CONTENT="  " WC="0.95" />
          </TextLine>
          <TextLine ID="TextLine_126" HPOS="3230" VPOS="3160" HEIGHT="62" WIDTH="36">
            <SP ID="Textword_63" HPOS="3230" VPOS="3160" />
            <String ID="Textword_297" HPOS="3230" VPOS="3160" HEIGHT="62" WIDTH="36" CONTENT="  " WC="0.95" />
          </TextLine>
          <TextLine ID="TextLine_127" HPOS="3230" VPOS="3222" HEIGHT="116" WIDTH="36">
            <SP ID="Textword_64" HPOS="3230" VPOS="3222" />
            <String ID="Textword_298" HPOS="3230" VPOS="3222" HEIGHT="116" WIDTH="36" CONTENT="   " WC="0.95" />
          </TextLine>
          <TextLine ID="TextLine_128" HPOS="3231" VPOS="3338" HEIGHT="70" WIDTH="36">
            <SP ID="Textword_65" HPOS="3231" VPOS="3338" />
            <String ID="Textword_299" HPOS="3231" VPOS="3338" HEIGHT="70" WIDTH="36" CONTENT="  " WC="0.95" />
          </TextLine>
          <TextLine ID="TextLine_129" HPOS="3232" VPOS="3408" HEIGHT="93" WIDTH="35">
            <SP ID="Textword_66" HPOS="3232" VPOS="3408" />
            <String ID="Textword_300" HPOS="3232" VPOS="3408" HEIGHT="93" WIDTH="35" CONTENT="   " WC="0.95" />
          </TextLine>
          <TextLine ID="TextLine_130" HPOS="3232" VPOS="3501" HEIGHT="61" WIDTH="36">
            <SP ID="Textword_67" HPOS="3232" VPOS="3501" />
            <String ID="Textword_301" HPOS="3232" VPOS="3501" HEIGHT="61" WIDTH="36" CONTENT="  " WC="0.95" />
          </TextLine>
          <TextLine ID="TextLine_131" HPOS="3233" VPOS="3562" HEIGHT="36" WIDTH="35">
            <SP ID="Textword_68" HPOS="3233" VPOS="3562" />
            <String ID="Textword_302" HPOS="3233" VPOS="3562" HEIGHT="36" WIDTH="35" CONTENT=" " WC="0.95" />
          </TextLine>
          <TextLine ID="TextLine_132" HPOS="2127" VPOS="3598" HEIGHT="98" WIDTH="1141">
            <SP ID="Textword_69" HPOS="2127" VPOS="3598" />
            <String ID="Textword_303" HPOS="2127" VPOS="3598" HEIGHT="98" WIDTH="1141" CONTENT="    " WC="0.95" />
          </TextLine>
        </TextBlock>
        <TextBlock ID="TextBlock_91" HPOS="3014" VPOS="2144" HEIGHT="66" WIDTH="180">
          <TextLine ID="TextLine_133" HPOS="3016" VPOS="2144" HEIGHT="24" WIDTH="169">
            <String ID="Textword_304" HPOS="3016" VPOS="2144" HEIGHT="24" WIDTH="141" CONTENT="Telegramme" WC="0.90" />
            <String ID="Textword_305" HPOS="3158" VPOS="2149" HEIGHT="14" WIDTH="27" CONTENT=":" WC="0.93" />
          </TextLine>
          <TextLine ID="TextLine_134" HPOS="3014" VPOS="2178" HEIGHT="32" WIDTH="180">
            <String ID="Textword_306" HPOS="3014" VPOS="2178" HEIGHT="32" WIDTH="54" CONTENT="Brun," WC="0.93" />
            <String ID="Textword_307" HPOS="3083" VPOS="2179" HEIGHT="26" WIDTH="111" CONTENT="Wädenswil." WC="0.81" />
          </TextLine>
        </TextBlock>
        <TextBlock ID="TextBlock_92" HPOS="2156" VPOS="2782" HEIGHT="871" WIDTH="1072">
          <TextLine ID="TextLine_135" HPOS="2219" VPOS="2782" HEIGHT="35" WIDTH="927">
            <String ID="Textword_308" HPOS="2219" VPOS="2785" HEIGHT="27" WIDTH="92" CONTENT="liefert" WC="0.91" />
            <String ID="Textword_309" HPOS="2330" VPOS="2786" HEIGHT="26" WIDTH="52" CONTENT="seit" WC="0.93" />
            <String ID="Textword_310" HPOS="2401" VPOS="2785" HEIGHT="27" WIDTH="190" CONTENT="Jahrzehnten" WC="0.90" />
            <String ID="Textword_311" HPOS="2610" VPOS="2785" HEIGHT="26" WIDTH="139" CONTENT="bewährte" WC="0.92" />
            <String ID="Textword_312" HPOS="2769" VPOS="2783" HEIGHT="34" WIDTH="198" CONTENT="Spezialitäten" WC="0.92" />
            <String ID="Textword_313" HPOS="2986" VPOS="2782" HEIGHT="27" WIDTH="52" CONTENT="wie" WC="0.93" />
            <String ID="Textword_314" HPOS="3057" VPOS="2782" HEIGHT="34" WIDTH="60" CONTENT="folgt" WC="0.92" />
            <String ID="Textword_315" HPOS="3118" VPOS="2783" HEIGHT="24" WIDTH="28" CONTENT=":" WC="0.92" />
          </TextLine>
          <TextLine ID="TextLine_136" HPOS="2234" VPOS="2822" HEIGHT="37" WIDTH="989">
            <String ID="Textword_316" HPOS="2234" VPOS="2828" HEIGHT="29" WIDTH="60" CONTENT="hf" WC="0.46" />
            <String ID="Textword_317" HPOS="2456" VPOS="2825" HEIGHT="27" WIDTH="42" CONTENT="als" WC="0.96" />
            <String ID="Textword_318" HPOS="2519" VPOS="2825" HEIGHT="34" WIDTH="195" CONTENT="vollständiger" WC="0.95" />
            <String ID="Textword_319" HPOS="2742" VPOS="2824" HEIGHT="27" WIDTH="100" CONTENT="Ersatz" WC="0.95" />
            <String ID="Textword_320" HPOS="2868" VPOS="2832" HEIGHT="19" WIDTH="55" CONTENT="von" WC="0.93" />
            <String ID="Textword_321" HPOS="2949" VPOS="2824" HEIGHT="25" WIDTH="90" CONTENT="Borax" WC="0.92" />
            <String ID="Textword_322" HPOS="3061" VPOS="2830" HEIGHT="19" WIDTH="27" CONTENT="u." WC="0.93" />
            <String ID="Textword_323" HPOS="3108" VPOS="2822" HEIGHT="33" WIDTH="115" CONTENT="Schlag-" WC="0.92" />
          </TextLine>
          <TextLine ID="TextLine_137" HPOS="2156" VPOS="2825" HEIGHT="69" WIDTH="1068">
            <String ID="Textword_324" HPOS="2156" VPOS="2825" HEIGHT="61" WIDTH="278" CONTENT="Hart-bôtoulver," WC="0.82" />
            <String ID="Textword_325" HPOS="2454" VPOS="2862" HEIGHT="31" WIDTH="49" CONTENT="lot," WC="0.95" />
            <String ID="Textword_326" HPOS="2529" VPOS="2861" HEIGHT="26" WIDTH="50" CONTENT="mit" WC="0.93" />
            <String ID="Textword_327" HPOS="2607" VPOS="2861" HEIGHT="31" WIDTH="31" CONTENT="!/s" WC="0.92" />
            <String ID="Textword_328" HPOS="2659" VPOS="2860" HEIGHT="34" WIDTH="115" CONTENT="weniger" WC="0.95" />
            <String ID="Textword_329" HPOS="2794" VPOS="2860" HEIGHT="26" WIDTH="76" CONTENT="Hitze" WC="0.95" />
            <String ID="Textword_330" HPOS="2896" VPOS="2867" HEIGHT="18" WIDTH="35" CONTENT="zu" WC="0.93" />
            <String ID="Textword_331" HPOS="2954" VPOS="2859" HEIGHT="26" WIDTH="76" CONTENT="löten" WC="0.92" />
            <String ID="Textword_332" HPOS="3054" VPOS="2858" HEIGHT="26" WIDTH="57" CONTENT="und" WC="0.96" />
            <String ID="Textword_333" HPOS="3133" VPOS="2857" HEIGHT="33" WIDTH="91" CONTENT="gleich" WC="0.96" />
          </TextLine>
          <TextLine ID="TextLine_138" HPOS="2191" VPOS="2897" HEIGHT="27" WIDTH="504">
            <String ID="Textword_334" HPOS="2191" VPOS="2898" HEIGHT="25" WIDTH="69" CONTENT="zähe" WC="0.93" />
            <String ID="Textword_335" HPOS="2278" VPOS="2897" HEIGHT="27" WIDTH="57" CONTENT="und" WC="0.96" />
            <String ID="Textword_336" HPOS="2354" VPOS="2897" HEIGHT="26" WIDTH="165" CONTENT="dauerhafte" WC="0.93" />
            <String ID="Textword_337" HPOS="2532" VPOS="2897" HEIGHT="26" WIDTH="163" CONTENT="Lötstellen." WC="0.92" />
          </TextLine>
          <TextLine ID="TextLine_139" HPOS="2184" VPOS="2928" HEIGHT="37" WIDTH="1041">
            <String ID="Textword_338" HPOS="2184" VPOS="2936" HEIGHT="7" WIDTH="15" CONTENT="il" WC="0.93" />
            <String ID="Textword_339" HPOS="2383" VPOS="2936" HEIGHT="7" WIDTH="69" CONTENT="öhläl" WC="0.59" />
            <String ID="Textword_340" HPOS="2502" VPOS="2940" HEIGHT="19" WIDTH="46" CONTENT="um" WC="0.92" />
            <String ID="Textword_341" HPOS="2575" VPOS="2932" HEIGHT="27" WIDTH="211" CONTENT="warmlaufende" WC="0.91" />
            <String ID="Textword_342" HPOS="2807" VPOS="2930" HEIGHT="35" WIDTH="86" CONTENT="Lager" WC="0.96" />
            <String ID="Textword_343" HPOS="2920" VPOS="2930" HEIGHT="26" WIDTH="92" CONTENT="innert" WC="0.95" />
            <String ID="Textword_344" HPOS="3038" VPOS="2929" HEIGHT="26" WIDTH="99" CONTENT="kurzer" WC="0.95" />
            <String ID="Textword_345" HPOS="3163" VPOS="2928" HEIGHT="26" WIDTH="62" CONTENT="Zeit" WC="0.96" />
          </TextLine>
          <TextLine ID="TextLine_140" HPOS="2156" VPOS="2932" HEIGHT="65" WIDTH="1068">
            <String ID="Textword_346" HPOS="0" VPOS="0" HEIGHT="4982" WIDTH="3434" CONTENT="Kühlfett" WC="0.57" />
            <String ID="Textword_347" HPOS="2156" VPOS="2932" HEIGHT="61" WIDTH="319" CONTENT="u." WC="0.89" />
            <String ID="Textword_348" HPOS="0" VPOS="0" HEIGHT="4982" WIDTH="3434" CONTENT="Kühlöl," WC="0.91" />
            <String ID="Textword_349" HPOS="2502" VPOS="2968" HEIGHT="27" WIDTH="103" CONTENT="wieder" WC="0.96" />
            <String ID="Textword_350" HPOS="2622" VPOS="2967" HEIGHT="26" WIDTH="29" CONTENT="in" WC="0.96" />
            <String ID="Textword_351" HPOS="2672" VPOS="2966" HEIGHT="27" WIDTH="135" CONTENT="normalen" WC="0.95" />
            <String ID="Textword_352" HPOS="2822" VPOS="2966" HEIGHT="26" WIDTH="124" CONTENT="Zustand" WC="0.96" />
            <String ID="Textword_353" HPOS="2964" VPOS="2973" HEIGHT="18" WIDTH="35" CONTENT="zu" WC="0.96" />
            <String ID="Textword_354" HPOS="3011" VPOS="2965" HEIGHT="32" WIDTH="125" CONTENT="bringen," WC="0.95" />
            <String ID="Textword_355" HPOS="3156" VPOS="2964" HEIGHT="26" WIDTH="68" CONTENT="ohne" WC="0.96" />
          </TextLine>
          <TextLine ID="TextLine_141" HPOS="2198" VPOS="2998" HEIGHT="33" WIDTH="1026">
            <String ID="Textword_356" HPOS="2198" VPOS="3004" HEIGHT="26" WIDTH="49" CONTENT="den" WC="0.92" />
            <String ID="Textword_357" HPOS="2278" VPOS="3003" HEIGHT="28" WIDTH="108" CONTENT="Betricb" WC="0.88" />
            <String ID="Textword_358" HPOS="2416" VPOS="3002" HEIGHT="28" WIDTH="179" CONTENT="einzustellen" WC="0.96" />
            <String ID="Textword_359" HPOS="2623" VPOS="3003" HEIGHT="25" WIDTH="57" CONTENT="und" WC="0.93" />
            <String ID="Textword_360" HPOS="2707" VPOS="3001" HEIGHT="28" WIDTH="167" CONTENT="vortrefflich" WC="0.91" />
            <String ID="Textword_361" HPOS="2903" VPOS="3008" HEIGHT="19" WIDTH="58" CONTENT="zum" WC="0.92" />
            <String ID="Textword_362" HPOS="2990" VPOS="2998" HEIGHT="28" WIDTH="234" CONTENT="Einlaufenlassen" WC="0.83" />
          </TextLine>
          <TextLine ID="TextLine_142" HPOS="2195" VPOS="3033" HEIGHT="34" WIDTH="1031">
            <String ID="Textword_363" HPOS="2195" VPOS="3046" HEIGHT="21" WIDTH="81" CONTENT="neuer" WC="0.96" />
            <String ID="Textword_364" HPOS="2296" VPOS="3038" HEIGHT="28" WIDTH="165" CONTENT="Maschinen," WC="0.81" />
            <String ID="Textword_365" HPOS="0" VPOS="0" HEIGHT="4982" WIDTH="3434" CONTENT="AA" WC="0.21" />
            <String ID="Textword_366" HPOS="2476" VPOS="3033" HEIGHT="31" WIDTH="750" CONTENT="AAIIZAIARTIATRTRARR" WC="0.00" />
            <String ID="Textword_367" HPOS="0" VPOS="0" HEIGHT="4982" WIDTH="3434" CONTENT="RAR" WC="0.29" />
          </TextLine>
          <TextLine ID="TextLine_143" HPOS="2495" VPOS="3070" HEIGHT="30" WIDTH="730">
            <String ID="Textword_368" HPOS="2495" VPOS="3082" HEIGHT="18" WIDTH="46" CONTENT="um" WC="0.96" />
            <String ID="Textword_369" HPOS="2568" VPOS="3082" HEIGHT="17" WIDTH="44" CONTENT="am" WC="0.95" />
            <String ID="Textword_370" HPOS="2637" VPOS="3072" HEIGHT="27" WIDTH="107" CONTENT="offenen" WC="0.94" />
            <String ID="Textword_371" HPOS="2769" VPOS="3072" HEIGHT="27" WIDTH="89" CONTENT="Feuer" WC="0.96" />
            <String ID="Textword_372" HPOS="2881" VPOS="3072" HEIGHT="26" WIDTH="83" CONTENT="Eisen" WC="0.95" />
            <String ID="Textword_373" HPOS="2984" VPOS="3073" HEIGHT="24" WIDTH="52" CONTENT="etc." WC="0.96" />
            <String ID="Textword_374" HPOS="3062" VPOS="3070" HEIGHT="27" WIDTH="105" CONTENT="schnell" WC="0.96" />
            <String ID="Textword_375" HPOS="3190" VPOS="3078" HEIGHT="19" WIDTH="35" CONTENT="zu" WC="0.96" />
          </TextLine>
          <TextLine ID="TextLine_144" HPOS="2157" VPOS="3074" HEIGHT="68" WIDTH="1067">
            <String ID="Textword_376" HPOS="2157" VPOS="3074" HEIGHT="61" WIDTH="318" CONTENT="Abbrennpulver" WC="0.85" />
            <String ID="Textword_377" HPOS="0" VPOS="0" HEIGHT="4982" WIDTH="3434" CONTENT="B," WC="0.90" />
            <String ID="Textword_378" HPOS="2497" VPOS="3110" HEIGHT="32" WIDTH="126" CONTENT="härtnen," WC="0.91" />
            <String ID="Textword_379" HPOS="2648" VPOS="3109" HEIGHT="26" WIDTH="43" CONTENT="bis" WC="0.96" />
            <String ID="Textword_380" HPOS="2717" VPOS="3108" HEIGHT="34" WIDTH="44" CONTENT="2,5" WC="0.95" />
            <String ID="Textword_381" HPOS="2780" VPOS="3116" HEIGHT="18" WIDTH="54" CONTENT="mm" WC="0.92" />
            <String ID="Textword_382" HPOS="2861" VPOS="3107" HEIGHT="34" WIDTH="59" CONTENT="tief," WC="0.91" />
            <String ID="Textword_383" HPOS="2944" VPOS="3107" HEIGHT="34" WIDTH="28" CONTENT="je" WC="0.96" />
            <String ID="Textword_384" HPOS="2998" VPOS="3107" HEIGHT="26" WIDTH="71" CONTENT="nach" WC="0.96" />
            <String ID="Textword_385" HPOS="3087" VPOS="3106" HEIGHT="27" WIDTH="137" CONTENT="Material." WC="0.96" />
          </TextLine>
          <TextLine ID="TextLine_145" HPOS="2269" VPOS="3141" HEIGHT="35" WIDTH="956">
            <String ID="Textword_386" HPOS="2269" VPOS="3148" HEIGHT="8" WIDTH="7" CONTENT="i" WC="0.90" />
            <String ID="Textword_387" HPOS="2468" VPOS="3153" HEIGHT="19" WIDTH="63" CONTENT="zum" WC="0.91" />
            <String ID="Textword_388" HPOS="2560" VPOS="3144" HEIGHT="28" WIDTH="172" CONTENT="Schweissen" WC="0.91" />
            <String ID="Textword_389" HPOS="2759" VPOS="3152" HEIGHT="18" WIDTH="54" CONTENT="von" WC="0.96" />
            <String ID="Textword_390" HPOS="2842" VPOS="3144" HEIGHT="26" WIDTH="84" CONTENT="Eisen" WC="0.96" />
            <String ID="Textword_391" HPOS="2953" VPOS="3143" HEIGHT="26" WIDTH="57" CONTENT="und" WC="0.96" />
            <String ID="Textword_392" HPOS="3037" VPOS="3142" HEIGHT="34" WIDTH="78" CONTENT="jeden" WC="0.94" />
            <String ID="Textword_393" HPOS="3143" VPOS="3141" HEIGHT="27" WIDTH="82" CONTENT="Stahl" WC="0.94" />
          </TextLine>
          <TextLine ID="TextLine_146" HPOS="2156" VPOS="3146" HEIGHT="61" WIDTH="1069">
            <String ID="Textword_394" HPOS="2156" VPOS="3146" HEIGHT="61" WIDTH="284" CONTENT="Schweisspulver," WC="0.92" />
            <String ID="Textword_395" HPOS="2469" VPOS="3180" HEIGHT="27" WIDTH="87" CONTENT="durch" WC="0.96" />
            <String ID="Textword_396" HPOS="2573" VPOS="3180" HEIGHT="26" WIDTH="57" CONTENT="und" WC="0.96" />
            <String ID="Textword_397" HPOS="2649" VPOS="3180" HEIGHT="26" WIDTH="85" CONTENT="durch" WC="0.93" />
            <String ID="Textword_398" HPOS="2753" VPOS="3179" HEIGHT="28" WIDTH="180" CONTENT="verbindend." WC="0.91" />
            <String ID="Textword_399" HPOS="2955" VPOS="3176" HEIGHT="28" WIDTH="270" CONTENT="Het" WC="0.15" />
          </TextLine>
          <TextLine ID="TextLine_147" HPOS="2181" VPOS="3213" HEIGHT="30" WIDTH="1044">
            <String ID="Textword_400" HPOS="2181" VPOS="3220" HEIGHT="7" WIDTH="7" CONTENT="i" WC="0.42" />
            <String ID="Textword_401" HPOS="2470" VPOS="3224" HEIGHT="19" WIDTH="63" CONTENT="zum" WC="0.93" />
            <String ID="Textword_402" HPOS="2552" VPOS="3216" HEIGHT="26" WIDTH="148" CONTENT="Einsetzen" WC="0.91" />
            <String ID="Textword_403" HPOS="2719" VPOS="3215" HEIGHT="27" WIDTH="29" CONTENT="in" WC="0.93" />
            <String ID="Textword_404" HPOS="2767" VPOS="3215" HEIGHT="27" WIDTH="88" CONTENT="Oefen" WC="0.91" />
            <String ID="Textword_405" HPOS="2874" VPOS="3215" HEIGHT="26" WIDTH="66" CONTENT="oder" WC="0.93" />
            <String ID="Textword_406" HPOS="2959" VPOS="3214" HEIGHT="26" WIDTH="104" CONTENT="Kisten" WC="0.91" />
            <String ID="Textword_407" HPOS="3081" VPOS="3213" HEIGHT="27" WIDTH="56" CONTENT="und" WC="0.96" />
            <String ID="Textword_408" HPOS="3156" VPOS="3213" HEIGHT="26" WIDTH="69" CONTENT="wird" WC="0.96" />
          </TextLine>
          <TextLine ID="TextLine_148" HPOS="2156" VPOS="3217" HEIGHT="68" WIDTH="1069">
            <String ID="Textword_409" HPOS="2156" VPOS="3218" HEIGHT="60" WIDTH="266" CONTENT="Einsatzpulver" WC="0.74" />
            <String ID="Textword_410" HPOS="2419" VPOS="3217" HEIGHT="61" WIDTH="32" CONTENT="6," WC="0.58" />
            <String ID="Textword_411" HPOS="2471" VPOS="3252" HEIGHT="27" WIDTH="49" CONTENT="das" WC="0.93" />
            <String ID="Textword_412" HPOS="2549" VPOS="3251" HEIGHT="34" WIDTH="171" CONTENT="eingesetzte" WC="0.91" />
            <String ID="Textword_413" HPOS="2743" VPOS="3251" HEIGHT="27" WIDTH="128" CONTENT="Material" WC="0.96" />
            <String ID="Textword_414" HPOS="2896" VPOS="3251" HEIGHT="26" WIDTH="29" CONTENT="in" WC="0.96" />
            <String ID="Textword_415" HPOS="2952" VPOS="3249" HEIGHT="33" WIDTH="61" CONTENT="Zeit" WC="0.96" />
            <String ID="Textword_416" HPOS="3038" VPOS="3257" HEIGHT="19" WIDTH="54" CONTENT="von" WC="0.92" />
            <String ID="Textword_417" HPOS="3115" VPOS="3249" HEIGHT="33" WIDTH="110" CONTENT="einigen" WC="0.92" />
          </TextLine>
          <TextLine ID="TextLine_149" HPOS="2192" VPOS="3283" HEIGHT="38" WIDTH="1034">
            <String ID="Textword_418" HPOS="2192" VPOS="3290" HEIGHT="26" WIDTH="123" CONTENT="Stunden" WC="0.96" />
            <String ID="Textword_419" HPOS="2334" VPOS="3289" HEIGHT="26" WIDTH="50" CONTENT="mit" WC="0.96" />
            <String ID="Textword_420" HPOS="2404" VPOS="3289" HEIGHT="26" WIDTH="103" CONTENT="diesem" WC="0.92" />
            <String ID="Textword_421" HPOS="2526" VPOS="3287" HEIGHT="33" WIDTH="213" CONTENT="Einsatzpulver" WC="0.91" />
            <String ID="Textword_422" HPOS="2762" VPOS="3287" HEIGHT="34" WIDTH="135" CONTENT="glashart." WC="0.90" />
            <String ID="Textword_423" HPOS="2929" VPOS="3283" HEIGHT="28" WIDTH="297" CONTENT="XXe" WC="0.00" />
          </TextLine>
          <TextLine ID="TextLine_150" HPOS="2182" VPOS="3320" HEIGHT="36" WIDTH="1043">
            <String ID="Textword_424" HPOS="2182" VPOS="3328" HEIGHT="7" WIDTH="14" CONTENT="5" WC="0.75" />
            <String ID="Textword_425" HPOS="2425" VPOS="3332" HEIGHT="19" WIDTH="49" CONTENT="zur" WC="0.96" />
            <String ID="Textword_426" HPOS="2486" VPOS="3323" HEIGHT="33" WIDTH="166" CONTENT="Verhütung" WC="0.75" />
            <String ID="Textword_427" HPOS="2672" VPOS="3323" HEIGHT="26" WIDTH="46" CONTENT="des" WC="0.93" />
            <String ID="Textword_428" HPOS="2732" VPOS="3322" HEIGHT="26" WIDTH="169" CONTENT="Zerreissens" WC="0.91" />
            <String ID="Textword_429" HPOS="2916" VPOS="3321" HEIGHT="27" WIDTH="56" CONTENT="und" WC="0.93" />
            <String ID="Textword_430" HPOS="2986" VPOS="3320" HEIGHT="27" WIDTH="239" CONTENT="Krummwerdens" WC="0.90" />
          </TextLine>
          <TextLine ID="TextLine_151" HPOS="2156" VPOS="3324" HEIGHT="68" WIDTH="1070">
            <String ID="Textword_431" HPOS="2156" VPOS="3324" HEIGHT="62" WIDTH="250" CONTENT="Härtnewasser" WC="0.41" />
            <String ID="Textword_432" HPOS="2425" VPOS="3360" HEIGHT="26" WIDTH="33" CONTENT="4" WC="0.21" />
            <String ID="Textword_433" HPOS="2459" VPOS="3359" HEIGHT="33" WIDTH="216" CONTENT="Werkzeuse." WC="0.10" />
            <String ID="Textword_434" HPOS="0" VPOS="0" HEIGHT="4982" WIDTH="3434" CONTENT="ss" WC="0.03" />
            <String ID="Textword_435" HPOS="0" VPOS="0" HEIGHT="4982" WIDTH="3434" CONTENT="tt" WC="0.00" />
            <String ID="Textword_436" HPOS="0" VPOS="0" HEIGHT="4982" WIDTH="3434" CONTENT="sk" WC="0.00" />
            <String ID="Textword_437" HPOS="2688" VPOS="3354" HEIGHT="30" WIDTH="511" CONTENT="tt" WC="0.26" />
            <String ID="Textword_438" HPOS="0" VPOS="0" HEIGHT="4982" WIDTH="3434" CONTENT="tkt" WC="0.00" />
            <String ID="Textword_439" HPOS="3200" VPOS="3354" HEIGHT="27" WIDTH="26" CONTENT="RI" WC="0.00" />
          </TextLine>
          <TextLine ID="TextLine_152" HPOS="2239" VPOS="3391" HEIGHT="37" WIDTH="985">
            <String ID="Textword_440" HPOS="2239" VPOS="3419" HEIGHT="9" WIDTH="16" CONTENT="=" WC="0.69" />
            <String ID="Textword_441" HPOS="2396" VPOS="3399" HEIGHT="28" WIDTH="56" CONTENT="ae" WC="0.26" />
            <String ID="Textword_442" HPOS="2552" VPOS="3396" HEIGHT="8" WIDTH="7" CONTENT="i" WC="0.71" />
            <String ID="Textword_443" HPOS="2640" VPOS="3397" HEIGHT="6" WIDTH="14" CONTENT="5" WC="0.83" />
            <String ID="Textword_444" HPOS="2783" VPOS="3394" HEIGHT="26" WIDTH="64" CONTENT="sehr" WC="0.96" />
            <String ID="Textword_445" HPOS="2867" VPOS="3393" HEIGHT="32" WIDTH="184" CONTENT="ökonomisch," WC="0.95" />
            <String ID="Textword_446" HPOS="3071" VPOS="3400" HEIGHT="18" WIDTH="62" CONTENT="zum" WC="0.93" />
            <String ID="Textword_447" HPOS="3152" VPOS="3391" HEIGHT="26" WIDTH="72" CONTENT="Auf-" WC="0.92" />
          </TextLine>
          <TextLine ID="TextLine_153" HPOS="2157" VPOS="3395" HEIGHT="69" WIDTH="1068">
            <String ID="Textword_448" HPOS="2157" VPOS="3396" HEIGHT="47" WIDTH="80" CONTENT="Bohr-" WC="0.92" />
            <String ID="Textword_449" HPOS="2276" VPOS="3396" HEIGHT="43" WIDTH="61" CONTENT="und" WC="0.93" />
            <String ID="Textword_450" HPOS="2352" VPOS="3395" HEIGHT="50" WIDTH="411" CONTENT="Fräs-Schmierpräparat," WC="0.92" />
            <String ID="Textword_451" HPOS="2782" VPOS="3430" HEIGHT="25" WIDTH="77" CONTENT="ehr" WC="0.30" />
            <String ID="Textword_452" HPOS="2885" VPOS="3428" HEIGHT="27" WIDTH="29" CONTENT="ko" WC="0.00" />
            <String ID="Textword_453" HPOS="2933" VPOS="3428" HEIGHT="36" WIDTH="123" CONTENT="no" WC="0.38" />
            <String ID="Textword_454" HPOS="3079" VPOS="3427" HEIGHT="27" WIDTH="30" CONTENT="qu" WC="0.22" />
            <String ID="Textword_455" HPOS="3134" VPOS="3427" HEIGHT="34" WIDTH="91" CONTENT="RE" WC="0.08" />
          </TextLine>
          <TextLine ID="TextLine_154" HPOS="2192" VPOS="3462" HEIGHT="37" WIDTH="1035">
            <String ID="Textword_456" HPOS="2192" VPOS="3468" HEIGHT="26" WIDTH="209" CONTENT="Probebüchsen" WC="0.92" />
            <String ID="Textword_457" HPOS="2420" VPOS="3475" HEIGHT="18" WIDTH="35" CONTENT="zu" WC="0.93" />
            <String ID="Textword_458" HPOS="2474" VPOS="3467" HEIGHT="26" WIDTH="46" CONTENT="Fı." WC="0.92" />
            <String ID="Textword_459" HPOS="2541" VPOS="3465" HEIGHT="28" WIDTH="66" CONTENT="1.20" WC="0.94" />
            <String ID="Textword_460" HPOS="2626" VPOS="3473" HEIGHT="26" WIDTH="49" CONTENT="per" WC="0.96" />
            <String ID="Textword_461" HPOS="2693" VPOS="3466" HEIGHT="33" WIDTH="48" CONTENT="kg." WC="0.95" />
            <String ID="Textword_462" HPOS="2767" VPOS="3462" HEIGHT="28" WIDTH="460" CONTENT="MATT" WC="0.03" />
          </TextLine>
          <TextLine ID="TextLine_155" HPOS="2353" VPOS="3508" HEIGHT="36" WIDTH="677">
            <String ID="Textword_463" HPOS="2353" VPOS="3511" HEIGHT="29" WIDTH="148" CONTENT="Sämtliche" WC="0.95" />
            <String ID="Textword_464" HPOS="2521" VPOS="3510" HEIGHT="34" WIDTH="156" CONTENT="Präparate" WC="0.95" />
            <String ID="Textword_465" HPOS="2695" VPOS="3510" HEIGHT="27" WIDTH="107" CONTENT="werden" WC="0.95" />
            <String ID="Textword_466" HPOS="2823" VPOS="3508" HEIGHT="26" WIDTH="25" CONTENT="in" WC="0.93" />
            <String ID="Textword_467" HPOS="2868" VPOS="3508" HEIGHT="26" WIDTH="162" CONTENT="Büchsen" WC="0.92" />
          </TextLine>
          <TextLine ID="TextLine_156" HPOS="2353" VPOS="3543" HEIGHT="37" WIDTH="676">
            <String ID="Textword_468" HPOS="2353" VPOS="3548" HEIGHT="32" WIDTH="160" CONTENT="von1kg" WC="0.88" />
            <String ID="Textword_469" HPOS="2533" VPOS="3553" HEIGHT="21" WIDTH="44" CONTENT="an" WC="0.93" />
            <String ID="Textword_470" HPOS="2599" VPOS="3546" HEIGHT="27" WIDTH="97" CONTENT="franko" WC="0.92" />
            <String ID="Textword_471" HPOS="2717" VPOS="3544" HEIGHT="27" WIDTH="33" CONTENT="ab" WC="0.96" />
            <String ID="Textword_472" HPOS="2772" VPOS="3543" HEIGHT="27" WIDTH="97" CONTENT="Fabrik" WC="0.96" />
            <String ID="Textword_473" HPOS="2889" VPOS="3544" HEIGHT="26" WIDTH="140" CONTENT="versandt." WC="0.95" />
          </TextLine>
          <TextLine ID="TextLine_157" HPOS="2158" VPOS="3578" HEIGHT="34" WIDTH="1069">
            <String ID="Textword_474" HPOS="2158" VPOS="3585" HEIGHT="27" WIDTH="56" CONTENT="PS." WC="0.96" />
            <String ID="Textword_475" HPOS="2245" VPOS="3584" HEIGHT="27" WIDTH="101" CONTENT="Meine" WC="0.93" />
            <String ID="Textword_476" HPOS="2365" VPOS="3584" HEIGHT="27" WIDTH="167" CONTENT="Fabrikate" WC="0.92" />
            <String ID="Textword_477" HPOS="2550" VPOS="3582" HEIGHT="27" WIDTH="72" CONTENT="sind" WC="0.96" />
            <String ID="Textword_478" HPOS="2641" VPOS="3581" HEIGHT="27" WIDTH="83" CONTENT="nicht" WC="0.96" />
            <String ID="Textword_479" HPOS="2742" VPOS="3587" HEIGHT="19" WIDTH="38" CONTENT="zu" WC="0.96" />
            <String ID="Textword_480" HPOS="2798" VPOS="3579" HEIGHT="26" WIDTH="200" CONTENT="verwechseln" WC="0.93" />
            <String ID="Textword_481" HPOS="3017" VPOS="3579" HEIGHT="26" WIDTH="57" CONTENT="mit" WC="0.93" />
            <String ID="Textword_482" HPOS="3093" VPOS="3578" HEIGHT="27" WIDTH="134" CONTENT="minder-" WC="0.92" />
          </TextLine>
          <TextLine ID="TextLine_158" HPOS="2158" VPOS="3613" HEIGHT="40" WIDTH="1070">
            <String ID="Textword_483" HPOS="2158" VPOS="3621" HEIGHT="32" WIDTH="144" CONTENT="wertigen" WC="0.92" />
            <String ID="Textword_484" HPOS="2313" VPOS="3619" HEIGHT="32" WIDTH="276" CONTENT="Nachahmungen." WC="0.92" />
            <String ID="Textword_485" HPOS="2604" VPOS="3631" HEIGHT="4" WIDTH="33" CONTENT="—" WC="0.92" />
            <String ID="Textword_486" HPOS="2652" VPOS="3617" HEIGHT="25" WIDTH="78" CONTENT="Man" WC="0.95" />
            <String ID="Textword_487" HPOS="2740" VPOS="3614" HEIGHT="28" WIDTH="88" CONTENT="achte" WC="0.96" />
            <String ID="Textword_488" HPOS="2837" VPOS="3621" HEIGHT="27" WIDTH="104" CONTENT="genau" WC="0.96" />
            <String ID="Textword_489" HPOS="2953" VPOS="3613" HEIGHT="34" WIDTH="62" CONTENT="auf" WC="0.94" />
            <String ID="Textword_490" HPOS="3021" VPOS="3615" HEIGHT="33" WIDTH="88" CONTENT="obige" WC="0.96" />
            <String ID="Textword_491" HPOS="3119" VPOS="3615" HEIGHT="26" WIDTH="109" CONTENT="Firma" WC="0.96" />
          </TextLine>
        </TextBlock>
        <TextBlock ID="TextBlock_93" HPOS="2122" VPOS="3690" HEIGHT="16" WIDTH="1142">
          <TextLine ID="TextLine_159" HPOS="2122" VPOS="3690" HEIGHT="16" WIDTH="1142">
            <SP ID="Textword_70" HPOS="2122" VPOS="3690" />
            <String ID="Textword_492" HPOS="2122" VPOS="3690" HEIGHT="16" WIDTH="1142" CONTENT=" " WC="0.95" />
          </TextLine>
        </TextBlock>
        <TextBlock ID="TextBlock_94" HPOS="2115" VPOS="3709" HEIGHT="244" WIDTH="1149">
          <TextLine ID="TextLine_160" HPOS="2115" VPOS="3709" HEIGHT="244" WIDTH="1149">
            <SP ID="Textword_71" HPOS="2115" VPOS="3709" />
            <String ID="Textword_493" HPOS="2115" VPOS="3709" HEIGHT="244" WIDTH="1149" CONTENT=" " WC="0.95" />
          </TextLine>
        </TextBlock>
        <TextBlock ID="TextBlock_95" HPOS="2193" VPOS="3968" HEIGHT="37" WIDTH="1003">
          <TextLine ID="TextLine_161" HPOS="2193" VPOS="3968" HEIGHT="37" WIDTH="1003">
            <String ID="Textword_494" HPOS="2193" VPOS="3972" HEIGHT="28" WIDTH="164" CONTENT="Grôsstes" WC="0.88" />
            <String ID="Textword_495" HPOS="2377" VPOS="3973" HEIGHT="32" WIDTH="123" CONTENT="Lager." WC="0.91" />
            <String ID="Textword_496" HPOS="2521" VPOS="3986" HEIGHT="4" WIDTH="32" CONTENT="—" WC="0.92" />
            <String ID="Textword_497" HPOS="2572" VPOS="3970" HEIGHT="32" WIDTH="162" CONTENT="Prompte" WC="0.91" />
            <String ID="Textword_498" HPOS="2753" VPOS="3968" HEIGHT="28" WIDTH="70" CONTENT="und" WC="0.96" />
            <String ID="Textword_499" HPOS="2840" VPOS="3968" HEIGHT="35" WIDTH="124" CONTENT="billige" WC="0.96" />
            <String ID="Textword_500" HPOS="2983" VPOS="3968" HEIGHT="33" WIDTH="213" CONTENT="Bedienung." WC="0.90" />
          </TextLine>
        </TextBlock>
        <TextBlock ID="TextBlock_96" HPOS="2308" VPOS="4004" HEIGHT="53" WIDTH="781">
          <TextLine ID="TextLine_162" HPOS="2308" VPOS="4004" HEIGHT="53" WIDTH="781">
            <String ID="Textword_501" HPOS="2308" VPOS="4008" HEIGHT="49" WIDTH="200" CONTENT="Affolter," WC="0.91" />
            <String ID="Textword_502" HPOS="2538" VPOS="4006" HEIGHT="41" WIDTH="202" CONTENT="Christen" WC="0.93" />
            <String ID="Textword_503" HPOS="2768" VPOS="4005" HEIGHT="40" WIDTH="34" CONTENT="&amp;" WC="0.93" />
            <String ID="Textword_504" HPOS="2830" VPOS="4004" HEIGHT="50" WIDTH="87" CONTENT="Co.," WC="0.91" />
            <String ID="Textword_505" HPOS="2946" VPOS="4004" HEIGHT="41" WIDTH="143" CONTENT="Basel." WC="0.95" />
          </TextLine>
        </TextBlock>
        <TextBlock ID="TextBlock_97" HPOS="2092" VPOS="407" HEIGHT="3687" WIDTH="25">
          <TextLine ID="TextLine_163" HPOS="2092" VPOS="407" HEIGHT="3687" WIDTH="25">
            <SP ID="Textword_72" HPOS="2092" VPOS="407" />
            <String ID="Textword_506" HPOS="2092" VPOS="407" HEIGHT="3687" WIDTH="25" CONTENT=" " WC="0.95" />
          </TextLine>
        </TextBlock>
        <TextBlock ID="TextBlock_98" HPOS="1538" VPOS="4079" HEIGHT="22" WIDTH="554">
          <TextLine ID="TextLine_164" HPOS="1538" VPOS="4079" HEIGHT="22" WIDTH="554">
            <SP ID="Textword_73" HPOS="1538" VPOS="4079" />
            <String ID="Textword_507" HPOS="1538" VPOS="4079" HEIGHT="22" WIDTH="554" CONTENT=" " WC="0.95" />
          </TextLine>
        </TextBlock>
        <TextBlock ID="TextBlock_99" HPOS="2439" VPOS="4058" HEIGHT="34" WIDTH="509">
          <TextLine ID="TextLine_165" HPOS="2439" VPOS="4058" HEIGHT="34" WIDTH="509">
            <String ID="Textword_508" HPOS="2439" VPOS="4060" HEIGHT="27" WIDTH="107" CONTENT="Eisen" WC="0.87" />
            <String ID="Textword_509" HPOS="2564" VPOS="4058" HEIGHT="27" WIDTH="71" CONTENT="und" WC="0.93" />
            <String ID="Textword_510" HPOS="2654" VPOS="4058" HEIGHT="27" WIDTH="118" CONTENT="Stahle" WC="0.91" />
            <String ID="Textword_511" HPOS="2792" VPOS="4065" HEIGHT="20" WIDTH="43" CONTENT="en" WC="0.96" />
            <String ID="Textword_512" HPOS="2853" VPOS="4064" HEIGHT="28" WIDTH="95" CONTENT="gros." WC="0.96" />
          </TextLine>
        </TextBlock>
        <TextBlock ID="TextBlock_100" HPOS="365" VPOS="4121" HEIGHT="36" WIDTH="2847">
          <TextLine ID="TextLine_166" HPOS="365" VPOS="4121" HEIGHT="36" WIDTH="2847">
            <SP ID="Textword_74" HPOS="365" VPOS="4121" />
            <String ID="Textword_513" HPOS="365" VPOS="4121" HEIGHT="36" WIDTH="2847" CONTENT=" " WC="0.95" />
          </TextLine>
        </TextBlock>
        <TextBlock ID="TextBlock_101" HPOS="365" VPOS="4160" HEIGHT="332" WIDTH="1123">
          <TextLine ID="TextLine_167" HPOS="365" VPOS="4160" HEIGHT="332" WIDTH="1123">
            <String ID="Textword_514" HPOS="365" VPOS="4160" HEIGHT="332" WIDTH="1123" CONTENT="Asphalt-Kegebahen" WC="0.00" />
          </TextLine>
        </TextBlock>
        <TextBlock ID="TextBlock_102" HPOS="368" VPOS="4614" HEIGHT="78" WIDTH="2812">
          <TextLine ID="TextLine_168" HPOS="368" VPOS="4614" HEIGHT="78" WIDTH="2812">
            <SP ID="Textword_75" HPOS="368" VPOS="4614" />
            <String ID="Textword_515" HPOS="368" VPOS="4614" HEIGHT="78" WIDTH="2812" CONTENT=" " WC="0.95" />
          </TextLine>
        </TextBlock>
        <TextBlock ID="TextBlock_103" HPOS="1572" VPOS="4289" HEIGHT="174" WIDTH="465">
          <TextLine ID="TextLine_169" HPOS="1572" VPOS="4289" HEIGHT="85" WIDTH="465">
            <String ID="Textword_516" HPOS="1572" VPOS="4289" HEIGHT="85" WIDTH="465" CONTENT="Asphalt-Bôden" WC="0.91" />
          </TextLine>
          <TextLine ID="TextLine_170" HPOS="1612" VPOS="4392" HEIGHT="71" WIDTH="380">
            <String ID="Textword_517" HPOS="1612" VPOS="4394" HEIGHT="60" WIDTH="51" CONTENT="das" WC="0.92" />
            <String ID="Textword_518" HPOS="1687" VPOS="4392" HEIGHT="71" WIDTH="226" CONTENT="Asphalgesehäit" WC="0.68" />
            <String ID="Textword_519" HPOS="1939" VPOS="4405" HEIGHT="45" WIDTH="53" CONTENT="von" WC="0.94" />
          </TextLine>
        </TextBlock>
        <TextBlock ID="TextBlock_104" HPOS="2252" VPOS="4278" HEIGHT="36" WIDTH="791">
          <TextLine ID="TextLine_171" HPOS="2252" VPOS="4278" HEIGHT="36" WIDTH="791">
            <String ID="Textword_520" HPOS="2252" VPOS="4283" HEIGHT="26" WIDTH="163" CONTENT="übernimmt" WC="0.88" />
            <String ID="Textword_521" HPOS="2434" VPOS="4281" HEIGHT="27" WIDTH="56" CONTENT="und" WC="0.93" />
            <String ID="Textword_522" HPOS="2509" VPOS="4281" HEIGHT="27" WIDTH="106" CONTENT="erstellt" WC="0.90" />
            <String ID="Textword_523" HPOS="2633" VPOS="4281" HEIGHT="26" WIDTH="50" CONTENT="mit" WC="0.93" />
            <String ID="Textword_524" HPOS="2702" VPOS="4279" HEIGHT="35" WIDTH="190" CONTENT="langjähriger" WC="0.92" />
            <String ID="Textword_525" HPOS="2912" VPOS="4278" HEIGHT="27" WIDTH="131" CONTENT="Garantie" WC="0.96" />
          </TextLine>
        </TextBlock>
        <TextBlock ID="TextBlock_105" HPOS="2113" VPOS="4327" HEIGHT="153" WIDTH="799">
          <TextLine ID="TextLine_172" HPOS="2113" VPOS="4327" HEIGHT="153" WIDTH="799">
            <String ID="Textword_526" HPOS="2113" VPOS="4329" HEIGHT="130" WIDTH="241" CONTENT="Heinrich" WC="0.53" />
            <String ID="Textword_527" HPOS="2404" VPOS="4328" HEIGHT="145" WIDTH="225" CONTENT="Brändli," WC="0.62" />
            <String ID="Textword_528" HPOS="2692" VPOS="4327" HEIGHT="153" WIDTH="220" CONTENT="Horgen." WC="0.79" />
          </TextLine>
        </TextBlock>
        <TextBlock ID="TextBlock_106" HPOS="2952" VPOS="4350" HEIGHT="103" WIDTH="230">
          <TextLine ID="TextLine_173" HPOS="2952" VPOS="4350" HEIGHT="103" WIDTH="230">
            <SP ID="Textword_76" HPOS="2952" VPOS="4350" />
            <String ID="Textword_529" HPOS="2952" VPOS="4350" HEIGHT="103" WIDTH="230" CONTENT=" " WC="0.95" />
          </TextLine>
        </TextBlock>
        <TextBlock ID="TextBlock_107" HPOS="2788" VPOS="1846" HEIGHT="53" WIDTH="526">
          <TextLine ID="TextLine_174" HPOS="2788" VPOS="1846" HEIGHT="53" WIDTH="526">
            <String ID="Textword_530" HPOS="2788" VPOS="1865" HEIGHT="33" WIDTH="113" CONTENT="Reinen" WC="0.92" />
            <String ID="Textword_531" HPOS="2919" VPOS="1865" HEIGHT="34" WIDTH="335" CONTENT="Tresterbranntwein." WC="0.90" />
            <String ID="Textword_532" HPOS="3290" VPOS="1852" HEIGHT="3" WIDTH="3" CONTENT="|" WC="0.57" />
            <String ID="Textword_533" HPOS="3312" VPOS="1846" HEIGHT="2" WIDTH="2" CONTENT="{" WC="0.14" />
          </TextLine>
        </TextBlock>
        <TextBlock ID="TextBlock_108" HPOS="3313" VPOS="160" HEIGHT="4708" WIDTH="22">
          <TextLine ID="TextLine_175" HPOS="3313" VPOS="160" HEIGHT="4708" WIDTH="22">
            <SP ID="Textword_77" HPOS="3313" VPOS="160" />
            <String ID="Textword_534" HPOS="3313" VPOS="160" HEIGHT="4708" WIDTH="22" CONTENT=" " WC="0.95" />
          </TextLine>
        </TextBlock>
        <TextBlock ID="TextBlock_109" HPOS="3229" VPOS="4809" HEIGHT="173" WIDTH="159">
          <TextLine ID="TextLine_176" HPOS="3229" VPOS="4809" HEIGHT="173" WIDTH="159">
            <SP ID="Textword_78" HPOS="3229" VPOS="4809" />
            <String ID="Textword_535" HPOS="3229" VPOS="4809" HEIGHT="173" WIDTH="159" CONTENT=" " WC="0.95" />
          </TextLine>
        </TextBlock>
        <TextBlock ID="TextBlock_110" HPOS="3381" VPOS="402" HEIGHT="1266" WIDTH="53">
          <TextLine ID="TextLine_177" HPOS="3381" VPOS="402" HEIGHT="1266" WIDTH="53">
            <SP ID="Textword_79" HPOS="3381" VPOS="402" />
            <String ID="Textword_536" HPOS="3381" VPOS="402" HEIGHT="1266" WIDTH="53" CONTENT=" " WC="0.95" />
          </TextLine>
        </TextBlock>
      </PrintSpace>
    </Page>
  </Layout>
</alto>
