<?xml version="1.0" encoding="UTF-8"?>
<alto xmlns="http://www.loc.gov/standards/alto/ns-v2#" xmlns:xsi="http://www.w3.org/2001/XMLSchema-instance" xsi:schemaLocation="http://www.loc.gov/standards/alto/ns-v2# http://www.loc.gov/standards/alto/alto.xsd">
  <Description>
    <MeasurementUnit>pixel</MeasurementUnit>
    <sourceImageInformation />
    <OCRProcessing ID="OCR_1">
      <preProcessingStep>
        <processingDateTime>2019-05-09T06:41:40</processingDateTime>
        <processingAgency>intranda GmbH, www.intranda.com</processingAgency>
        <processingSoftware>
          <softwareCreator>intranda GmbH, Germany</softwareCreator>
          <softwareName>intranda OCR Module for TaskManager</softwareName>
          <softwareVersion>1.0r42</softwareVersion>
        </processingSoftware>
      </preProcessingStep>
      <ocrProcessingStep>
        <processingSoftware>
          <softwareCreator>Tesseract contributors</softwareCreator>
          <softwareName>Tesseract Open Source OCR Engine</softwareName>
          <softwareVersion>4.0.0-beta.1-270-g5a56</softwareVersion>
        </processingSoftware>
      </ocrProcessingStep>
    </OCRProcessing>
  </Description>
  <Layout>
    <Page ID="PAGE_1" HEIGHT="4983" WIDTH="3396" PHYSICAL_IMG_NR="1">
      <PrintSpace ID="PrintSpace_1" HPOS="0" VPOS="0" HEIGHT="4983" WIDTH="3396">
        <TextBlock ID="TextBlock_1" HPOS="0" VPOS="0" HEIGHT="103" WIDTH="164">
          <TextLine ID="TextLine_1" HPOS="0" VPOS="0" HEIGHT="103" WIDTH="164">
            <SP ID="Textword_1" HPOS="0" VPOS="0" />
            <String ID="Textword_1" HPOS="0" VPOS="0" HEIGHT="103" WIDTH="164" CONTENT=" " WC="0.95" />
          </TextLine>
        </TextBlock>
        <TextBlock ID="TextBlock_2" HPOS="0" VPOS="1215" HEIGHT="32" WIDTH="40">
          <TextLine ID="TextLine_2" HPOS="0" VPOS="1215" HEIGHT="32" WIDTH="40">
            <SP ID="Textword_2" HPOS="0" VPOS="1215" />
            <String ID="Textword_2" HPOS="0" VPOS="1215" HEIGHT="32" WIDTH="40" CONTENT=" " WC="0.95" />
          </TextLine>
        </TextBlock>
        <TextBlock ID="TextBlock_3" HPOS="0" VPOS="1389" HEIGHT="495" WIDTH="73">
          <TextLine ID="TextLine_3" HPOS="0" VPOS="1389" HEIGHT="495" WIDTH="73">
            <SP ID="Textword_3" HPOS="0" VPOS="1389" />
            <String ID="Textword_3" HPOS="0" VPOS="1389" HEIGHT="495" WIDTH="73" CONTENT=" " WC="0.95" />
          </TextLine>
        </TextBlock>
        <TextBlock ID="TextBlock_4" HPOS="0" VPOS="2132" HEIGHT="227" WIDTH="68">
          <TextLine ID="TextLine_4" HPOS="0" VPOS="2132" HEIGHT="227" WIDTH="68">
            <SP ID="Textword_4" HPOS="0" VPOS="2132" />
            <String ID="Textword_4" HPOS="0" VPOS="2132" HEIGHT="227" WIDTH="68" CONTENT=" " WC="0.95" />
          </TextLine>
        </TextBlock>
        <TextBlock ID="TextBlock_5" HPOS="0" VPOS="2427" HEIGHT="115" WIDTH="39">
          <TextLine ID="TextLine_5" HPOS="0" VPOS="2427" HEIGHT="115" WIDTH="39">
            <SP ID="Textword_5" HPOS="0" VPOS="2427" />
            <String ID="Textword_5" HPOS="0" VPOS="2427" HEIGHT="115" WIDTH="39" CONTENT=" " WC="0.95" />
          </TextLine>
        </TextBlock>
        <TextBlock ID="TextBlock_6" HPOS="0" VPOS="2726" HEIGHT="40" WIDTH="21">
          <TextLine ID="TextLine_6" HPOS="0" VPOS="2726" HEIGHT="40" WIDTH="21">
            <SP ID="Textword_6" HPOS="0" VPOS="2726" />
            <String ID="Textword_6" HPOS="0" VPOS="2726" HEIGHT="40" WIDTH="21" CONTENT=" " WC="0.95" />
          </TextLine>
        </TextBlock>
        <TextBlock ID="TextBlock_7" HPOS="0" VPOS="2796" HEIGHT="44" WIDTH="42">
          <TextLine ID="TextLine_7" HPOS="0" VPOS="2796" HEIGHT="44" WIDTH="42">
            <SP ID="Textword_7" HPOS="0" VPOS="2796" />
            <String ID="Textword_7" HPOS="0" VPOS="2796" HEIGHT="44" WIDTH="42" CONTENT=" " WC="0.95" />
          </TextLine>
        </TextBlock>
        <TextBlock ID="TextBlock_8" HPOS="0" VPOS="3204" HEIGHT="12" WIDTH="25">
          <TextLine ID="TextLine_8" HPOS="0" VPOS="3204" HEIGHT="12" WIDTH="25">
            <SP ID="Textword_8" HPOS="0" VPOS="3204" />
            <String ID="Textword_8" HPOS="0" VPOS="3204" HEIGHT="12" WIDTH="25" CONTENT=" " WC="0.95" />
          </TextLine>
        </TextBlock>
        <TextBlock ID="TextBlock_9" HPOS="0" VPOS="3231" HEIGHT="10" WIDTH="12">
          <TextLine ID="TextLine_9" HPOS="0" VPOS="3231" HEIGHT="10" WIDTH="12">
            <SP ID="Textword_9" HPOS="0" VPOS="3231" />
            <String ID="Textword_9" HPOS="0" VPOS="3231" HEIGHT="10" WIDTH="12" CONTENT=" " WC="0.95" />
          </TextLine>
        </TextBlock>
        <TextBlock ID="TextBlock_10" HPOS="0" VPOS="4165" HEIGHT="34" WIDTH="33">
          <TextLine ID="TextLine_10" HPOS="0" VPOS="4165" HEIGHT="34" WIDTH="33">
            <SP ID="Textword_10" HPOS="0" VPOS="4165" />
            <String ID="Textword_10" HPOS="0" VPOS="4165" HEIGHT="34" WIDTH="33" CONTENT=" " WC="0.95" />
          </TextLine>
        </TextBlock>
        <TextBlock ID="TextBlock_11" HPOS="0" VPOS="4355" HEIGHT="116" WIDTH="68">
          <TextLine ID="TextLine_11" HPOS="0" VPOS="4355" HEIGHT="116" WIDTH="68">
            <SP ID="Textword_11" HPOS="0" VPOS="4355" />
            <String ID="Textword_11" HPOS="0" VPOS="4355" HEIGHT="116" WIDTH="68" CONTENT=" " WC="0.95" />
          </TextLine>
        </TextBlock>
        <TextBlock ID="TextBlock_12" HPOS="0" VPOS="4783" HEIGHT="200" WIDTH="113">
          <TextLine ID="TextLine_12" HPOS="0" VPOS="4783" HEIGHT="200" WIDTH="113">
            <SP ID="Textword_12" HPOS="0" VPOS="4783" />
            <String ID="Textword_12" HPOS="0" VPOS="4783" HEIGHT="200" WIDTH="113" CONTENT=" " WC="0.95" />
          </TextLine>
        </TextBlock>
        <TextBlock ID="TextBlock_13" HPOS="306" VPOS="1131" HEIGHT="1521" WIDTH="141">
          <TextLine ID="TextLine_13" HPOS="306" VPOS="1131" HEIGHT="1521" WIDTH="141">
            <String ID="Textword_13" HPOS="306" VPOS="1801" HEIGHT="851" WIDTH="141" CONTENT="Emu" WC="0.39" />
            <String ID="Textword_14" HPOS="0" VPOS="0" HEIGHT="4983" WIDTH="3396" CONTENT="mn" WC="0.36" />
            <String ID="Textword_15" HPOS="375" VPOS="1749" HEIGHT="51" WIDTH="54" CONTENT="me" WC="0.46" />
            <String ID="Textword_16" HPOS="341" VPOS="1131" HEIGHT="614" WIDTH="88" CONTENT="mg" WC="0.21" />
            <String ID="Textword_17" HPOS="0" VPOS="0" HEIGHT="4983" WIDTH="3396" CONTENT="E" WC="0.43" />
          </TextLine>
        </TextBlock>
        <TextBlock ID="TextBlock_14" HPOS="330" VPOS="4244" HEIGHT="366" WIDTH="772">
          <TextLine ID="TextLine_14" HPOS="330" VPOS="4244" HEIGHT="366" WIDTH="772">
            <SP ID="Textword_13" HPOS="330" VPOS="4244" />
            <String ID="Textword_18" HPOS="330" VPOS="4244" HEIGHT="366" WIDTH="772" CONTENT=" " WC="0.95" />
          </TextLine>
        </TextBlock>
        <TextBlock ID="TextBlock_15" HPOS="396" VPOS="275" HEIGHT="38" WIDTH="1604">
          <TextLine ID="TextLine_15" HPOS="396" VPOS="275" HEIGHT="38" WIDTH="1604">
            <String ID="Textword_19" HPOS="396" VPOS="275" HEIGHT="26" WIDTH="16" CONTENT="6" WC="0.96" />
            <String ID="Textword_20" HPOS="1432" VPOS="277" HEIGHT="28" WIDTH="224" CONTENT="Schweizerische" WC="0.84" />
            <String ID="Textword_21" HPOS="1683" VPOS="278" HEIGHT="35" WIDTH="317" CONTENT="Arbeitgeber-Zeitung." WC="0.85" />
          </TextLine>
        </TextBlock>
        <TextBlock ID="TextBlock_16" HPOS="375" VPOS="0" HEIGHT="265" WIDTH="3021">
          <TextLine ID="TextLine_16" HPOS="375" VPOS="0" HEIGHT="265" WIDTH="3021">
            <SP ID="Textword_14" HPOS="375" VPOS="0" />
            <String ID="Textword_22" HPOS="375" VPOS="0" HEIGHT="265" WIDTH="3021" CONTENT=" " WC="0.95" />
          </TextLine>
        </TextBlock>
        <TextBlock ID="TextBlock_17" HPOS="3110" VPOS="283" HEIGHT="25" WIDTH="101">
          <TextLine ID="TextLine_17" HPOS="3110" VPOS="283" HEIGHT="25" WIDTH="101">
            <String ID="Textword_23" HPOS="3110" VPOS="283" HEIGHT="25" WIDTH="46" CONTENT="Nr." WC="0.95" />
            <String ID="Textword_24" HPOS="3177" VPOS="283" HEIGHT="25" WIDTH="34" CONTENT="50" WC="0.96" />
          </TextLine>
        </TextBlock>
        <TextBlock ID="TextBlock_18" HPOS="397" VPOS="320" HEIGHT="11" WIDTH="2813">
          <TextLine ID="TextLine_18" HPOS="397" VPOS="320" HEIGHT="11" WIDTH="2813">
            <SP ID="Textword_15" HPOS="397" VPOS="320" />
            <String ID="Textword_25" HPOS="397" VPOS="320" HEIGHT="11" WIDTH="2813" CONTENT=" " WC="0.95" />
          </TextLine>
        </TextBlock>
        <TextBlock ID="TextBlock_19" HPOS="658" VPOS="380" HEIGHT="1906" WIDTH="1416">
          <TextLine ID="TextLine_19" HPOS="658" VPOS="380" HEIGHT="1906" WIDTH="1416">
            <SP ID="Textword_16" HPOS="658" VPOS="380" />
            <String ID="Textword_26" HPOS="658" VPOS="380" HEIGHT="1906" WIDTH="1416" CONTENT="   " WC="0.95" />
          </TextLine>
        </TextBlock>
        <TextBlock ID="TextBlock_20" HPOS="497" VPOS="548" HEIGHT="186" WIDTH="1400">
          <TextLine ID="TextLine_20" HPOS="497" VPOS="548" HEIGHT="186" WIDTH="1400">
            <String ID="Textword_27" HPOS="497" VPOS="549" HEIGHT="185" WIDTH="428" CONTENT="Adolph" WC="0.76" />
            <String ID="Textword_28" HPOS="998" VPOS="548" HEIGHT="180" WIDTH="453" CONTENT="Saurer," WC="0.93" />
            <String ID="Textword_29" HPOS="1531" VPOS="548" HEIGHT="152" WIDTH="366" CONTENT="Arbon" WC="0.89" />
          </TextLine>
        </TextBlock>
        <TextBlock ID="TextBlock_21" HPOS="636" VPOS="744" HEIGHT="84" WIDTH="1126">
          <TextLine ID="TextLine_21" HPOS="636" VPOS="744" HEIGHT="84" WIDTH="1126">
            <String ID="Textword_30" HPOS="636" VPOS="744" HEIGHT="67" WIDTH="502" CONTENT="Maschinenfabrik" WC="0.91" />
            <String ID="Textword_31" HPOS="1177" VPOS="745" HEIGHT="63" WIDTH="114" CONTENT="und" WC="0.93" />
            <String ID="Textword_32" HPOS="1327" VPOS="744" HEIGHT="84" WIDTH="435" CONTENT="Eisengiesserei" WC="0.91" />
          </TextLine>
        </TextBlock>
        <TextBlock ID="TextBlock_22" HPOS="881" VPOS="894" HEIGHT="44" WIDTH="636">
          <TextLine ID="TextLine_22" HPOS="881" VPOS="894" HEIGHT="44" WIDTH="636">
            <String ID="Textword_33" HPOS="881" VPOS="895" HEIGHT="43" WIDTH="250" CONTENT="Abteilung:" WC="0.91" />
            <String ID="Textword_34" HPOS="1163" VPOS="894" HEIGHT="36" WIDTH="354" CONTENT="MOTORBAU" WC="0.89" />
          </TextLine>
        </TextBlock>
        <TextBlock ID="TextBlock_23" HPOS="459" VPOS="1012" HEIGHT="264" WIDTH="1480">
          <TextLine ID="TextLine_23" HPOS="459" VPOS="1012" HEIGHT="112" WIDTH="1478">
            <String ID="Textword_35" HPOS="459" VPOS="1012" HEIGHT="112" WIDTH="344" CONTENT="Petrol-," WC="0.89" />
            <String ID="Textword_36" HPOS="845" VPOS="1013" HEIGHT="95" WIDTH="363" CONTENT="Benzin-" WC="0.92" />
            <String ID="Textword_37" HPOS="1249" VPOS="1043" HEIGHT="65" WIDTH="78" CONTENT="u." WC="0.90" />
            <String ID="Textword_38" HPOS="1364" VPOS="1013" HEIGHT="96" WIDTH="573" CONTENT="Gasmotoren" WC="0.90" />
          </TextLine>
          <TextLine ID="TextLine_24" HPOS="788" VPOS="1154" HEIGHT="122" WIDTH="1151">
            <String ID="Textword_39" HPOS="788" VPOS="1154" HEIGHT="122" WIDTH="832" CONTENT="Sauggas-Anlagen" WC="0.86" />
            <String ID="Textword_40" HPOS="1676" VPOS="1189" HEIGHT="65" WIDTH="263" CONTENT="==" WC="0.74" />
          </TextLine>
        </TextBlock>
        <TextBlock ID="TextBlock_24" HPOS="456" VPOS="1188" HEIGHT="10" WIDTH="263">
          <TextLine ID="TextLine_25" HPOS="456" VPOS="1188" HEIGHT="10" WIDTH="263">
            <SP ID="Textword_17" HPOS="456" VPOS="1188" />
            <String ID="Textword_41" HPOS="456" VPOS="1188" HEIGHT="10" WIDTH="263" CONTENT=" " WC="0.95" />
          </TextLine>
        </TextBlock>
        <TextBlock ID="TextBlock_25" HPOS="455" VPOS="1215" HEIGHT="10" WIDTH="263">
          <TextLine ID="TextLine_26" HPOS="455" VPOS="1215" HEIGHT="10" WIDTH="263">
            <SP ID="Textword_18" HPOS="455" VPOS="1215" />
            <String ID="Textword_42" HPOS="455" VPOS="1215" HEIGHT="10" WIDTH="263" CONTENT=" " WC="0.95" />
          </TextLine>
        </TextBlock>
        <TextBlock ID="TextBlock_26" HPOS="492" VPOS="1331" HEIGHT="9" WIDTH="1410">
          <TextLine ID="TextLine_27" HPOS="492" VPOS="1331" HEIGHT="9" WIDTH="1410">
            <SP ID="Textword_19" HPOS="492" VPOS="1331" />
            <String ID="Textword_43" HPOS="492" VPOS="1331" HEIGHT="9" WIDTH="1410" CONTENT=" " WC="0.95" />
          </TextLine>
        </TextBlock>
        <TextBlock ID="TextBlock_27" HPOS="455" VPOS="1339" HEIGHT="27" WIDTH="68">
          <TextLine ID="TextLine_28" HPOS="455" VPOS="1339" HEIGHT="27" WIDTH="68">
            <String ID="Textword_44" HPOS="455" VPOS="1339" HEIGHT="27" WIDTH="68" CONTENT="|" WC="0.86" />
          </TextLine>
        </TextBlock>
        <TextBlock ID="TextBlock_28" HPOS="493" VPOS="1744" HEIGHT="8" WIDTH="1406">
          <TextLine ID="TextLine_29" HPOS="493" VPOS="1744" HEIGHT="8" WIDTH="1406">
            <SP ID="Textword_20" HPOS="493" VPOS="1744" />
            <String ID="Textword_45" HPOS="493" VPOS="1744" HEIGHT="8" WIDTH="1406" CONTENT=" " WC="0.95" />
          </TextLine>
        </TextBlock>
        <TextBlock ID="TextBlock_29" HPOS="862" VPOS="1332" HEIGHT="449" WIDTH="663">
          <TextLine ID="TextLine_30" HPOS="862" VPOS="1332" HEIGHT="449" WIDTH="663">
            <SP ID="Textword_21" HPOS="862" VPOS="1332" />
            <String ID="Textword_46" HPOS="862" VPOS="1332" HEIGHT="449" WIDTH="663" CONTENT=" " WC="0.95" />
          </TextLine>
        </TextBlock>
        <TextBlock ID="TextBlock_30" HPOS="453" VPOS="1750" HEIGHT="27" WIDTH="52">
          <TextLine ID="TextLine_31" HPOS="453" VPOS="1750" HEIGHT="27" WIDTH="52">
            <String ID="Textword_47" HPOS="453" VPOS="1750" HEIGHT="27" WIDTH="52" CONTENT="A" WC="0.89" />
          </TextLine>
        </TextBlock>
        <TextBlock ID="TextBlock_31" HPOS="798" VPOS="1872" HEIGHT="43" WIDTH="801">
          <TextLine ID="TextLine_32" HPOS="798" VPOS="1872" HEIGHT="43" WIDTH="801">
            <String ID="Textword_48" HPOS="798" VPOS="1872" HEIGHT="43" WIDTH="251" CONTENT="Abteilung:" WC="0.91" />
            <String ID="Textword_49" HPOS="1086" VPOS="1872" HEIGHT="36" WIDTH="513" CONTENT="AUTOMOBILBAU" WC="0.90" />
          </TextLine>
        </TextBlock>
        <TextBlock ID="TextBlock_32" HPOS="505" VPOS="1949" HEIGHT="216" WIDTH="1371">
          <TextLine ID="TextLine_33" HPOS="505" VPOS="1949" HEIGHT="216" WIDTH="1371">
            <String ID="Textword_50" HPOS="505" VPOS="1971" HEIGHT="155" WIDTH="308" CONTENT="Lastwagen." WC="0.62" />
            <String ID="Textword_51" HPOS="1021" VPOS="1970" HEIGHT="132" WIDTH="311" CONTENT="Onmibusse" WC="0.65" />
            <String ID="Textword_52" HPOS="1518" VPOS="1949" HEIGHT="216" WIDTH="358" CONTENT="jonsvage" WC="0.00" />
          </TextLine>
        </TextBlock>
        <TextBlock ID="TextBlock_33" HPOS="506" VPOS="2137" HEIGHT="36" WIDTH="1360">
          <TextLine ID="TextLine_34" HPOS="506" VPOS="2137" HEIGHT="36" WIDTH="1360">
            <String ID="Textword_53" HPOS="506" VPOS="2137" HEIGHT="27" WIDTH="116" CONTENT="1—31/2" WC="0.85" />
            <String ID="Textword_54" HPOS="655" VPOS="2139" HEIGHT="25" WIDTH="120" CONTENT="Tonnen" WC="0.89" />
            <String ID="Textword_55" HPOS="1025" VPOS="2139" HEIGHT="25" WIDTH="100" CONTENT="10-24" WC="0.14" />
            <String ID="Textword_56" HPOS="1167" VPOS="2140" HEIGHT="25" WIDTH="146" CONTENT="Personen" WC="0.96" />
            <String ID="Textword_57" HPOS="1519" VPOS="2139" HEIGHT="34" WIDTH="44" CONTENT="15," WC="0.96" />
            <String ID="Textword_58" HPOS="1594" VPOS="2140" HEIGHT="25" WIDTH="34" CONTENT="30" WC="0.81" />
            <String ID="Textword_59" HPOS="1658" VPOS="2139" HEIGHT="26" WIDTH="57" CONTENT="und" WC="0.95" />
            <String ID="Textword_60" HPOS="1747" VPOS="2139" HEIGHT="27" WIDTH="37" CONTENT="50" WC="0.95" />
            <String ID="Textword_61" HPOS="1728" VPOS="2139" HEIGHT="42" WIDTH="159" CONTENT="PH" WC="0.89" />
          </TextLine>
        </TextBlock>
        <TextBlock ID="TextBlock_34" HPOS="1370" VPOS="2221" HEIGHT="127" WIDTH="526">
          <TextLine ID="TextLine_35" HPOS="1370" VPOS="2221" HEIGHT="127" WIDTH="526">
            <String ID="Textword_62" HPOS="1370" VPOS="2221" HEIGHT="127" WIDTH="526" CONTENT="Lastschiffe" WC="0.90" />
          </TextLine>
        </TextBlock>
        <TextBlock ID="TextBlock_35" HPOS="1286" VPOS="2413" HEIGHT="116" WIDTH="554">
          <TextLine ID="TextLine_36" HPOS="1286" VPOS="2413" HEIGHT="42" WIDTH="461">
            <String ID="Textword_63" HPOS="1286" VPOS="2413" HEIGHT="40" WIDTH="150" CONTENT="Prima" WC="0.93" />
            <String ID="Textword_64" HPOS="1464" VPOS="2414" HEIGHT="41" WIDTH="283" CONTENT="Referenzen." WC="0.90" />
          </TextLine>
          <TextLine ID="TextLine_37" HPOS="1726" VPOS="2503" HEIGHT="26" WIDTH="114">
            <String ID="Textword_65" HPOS="1726" VPOS="2503" HEIGHT="26" WIDTH="26" CONTENT="S." WC="0.72" />
            <String ID="Textword_66" HPOS="1775" VPOS="2503" HEIGHT="26" WIDTH="65" CONTENT="1885" WC="0.72" />
          </TextLine>
        </TextBlock>
        <TextBlock ID="TextBlock_36" HPOS="494" VPOS="2237" HEIGHT="111" WIDTH="680">
          <TextLine ID="TextLine_38" HPOS="494" VPOS="2237" HEIGHT="111" WIDTH="680">
            <String ID="Textword_67" HPOS="494" VPOS="2237" HEIGHT="111" WIDTH="680" CONTENT="Motoryachten" WC="0.92" />
          </TextLine>
        </TextBlock>
        <TextBlock ID="TextBlock_37" HPOS="668" VPOS="2413" HEIGHT="48" WIDTH="559">
          <TextLine ID="TextLine_39" HPOS="668" VPOS="2413" HEIGHT="48" WIDTH="559">
            <String ID="Textword_68" HPOS="668" VPOS="2413" HEIGHT="48" WIDTH="310" CONTENT="Erstklassiges" WC="0.89" />
            <String ID="Textword_69" HPOS="1009" VPOS="2413" HEIGHT="40" WIDTH="218" CONTENT="Fabrikat." WC="0.91" />
          </TextLine>
        </TextBlock>
        <TextBlock ID="TextBlock_38" HPOS="449" VPOS="2549" HEIGHT="106" WIDTH="1619">
          <TextLine ID="TextLine_40" HPOS="449" VPOS="2549" HEIGHT="106" WIDTH="1619">
            <SP ID="Textword_22" HPOS="449" VPOS="2549" />
            <String ID="Textword_70" HPOS="449" VPOS="2549" HEIGHT="106" WIDTH="1619" CONTENT=" " WC="0.95" />
          </TextLine>
        </TextBlock>
        <TextBlock ID="TextBlock_39" HPOS="341" VPOS="2676" HEIGHT="13" WIDTH="1727">
          <TextLine ID="TextLine_41" HPOS="341" VPOS="2676" HEIGHT="13" WIDTH="1727">
            <SP ID="Textword_23" HPOS="341" VPOS="2676" />
            <String ID="Textword_71" HPOS="341" VPOS="2676" HEIGHT="13" WIDTH="1727" CONTENT=" " WC="0.95" />
          </TextLine>
        </TextBlock>
        <TextBlock ID="TextBlock_40" HPOS="459" VPOS="2708" HEIGHT="202" WIDTH="1592">
          <TextLine ID="TextLine_42" HPOS="459" VPOS="2708" HEIGHT="202" WIDTH="1592">
            <String ID="Textword_72" HPOS="459" VPOS="2708" HEIGHT="202" WIDTH="1039" CONTENT="Toggenburger" WC="0.91" />
            <String ID="Textword_73" HPOS="1572" VPOS="2715" HEIGHT="183" WIDTH="479" CONTENT="Bank" WC="0.94" />
          </TextLine>
        </TextBlock>
        <TextBlock ID="TextBlock_41" HPOS="572" VPOS="2924" HEIGHT="92" WIDTH="1278">
          <TextLine ID="TextLine_43" HPOS="572" VPOS="2924" HEIGHT="92" WIDTH="1278">
            <String ID="Textword_74" HPOS="572" VPOS="2925" HEIGHT="88" WIDTH="234" CONTENT="Lichtensteig," WC="0.50" />
            <String ID="Textword_75" HPOS="839" VPOS="2924" HEIGHT="75" WIDTH="44" CONTENT="St." WC="0.85" />
            <String ID="Textword_76" HPOS="909" VPOS="2926" HEIGHT="83" WIDTH="121" CONTENT="Gallen," WC="0.95" />
            <String ID="Textword_77" HPOS="1064" VPOS="2927" HEIGHT="82" WIDTH="206" CONTENT="Rorschach," WC="0.96" />
            <String ID="Textword_78" HPOS="1302" VPOS="2928" HEIGHT="88" WIDTH="214" CONTENT="Rapperswil" WC="0.84" />
            <String ID="Textword_79" HPOS="1549" VPOS="2904" HEIGHT="98" WIDTH="66" CONTENT="Wil" WC="0.66" />
            <String ID="Textword_80" HPOS="1637" VPOS="2930" HEIGHT="73" WIDTH="64" CONTENT="und" WC="0.66" />
            <String ID="Textword_81" HPOS="1732" VPOS="2929" HEIGHT="74" WIDTH="118" CONTENT="Flavi" WC="0.53" />
          </TextLine>
        </TextBlock>
        <TextBlock ID="TextBlock_42" HPOS="445" VPOS="3068" HEIGHT="35" WIDTH="627">
          <TextLine ID="TextLine_44" HPOS="445" VPOS="3068" HEIGHT="35" WIDTH="627">
            <String ID="Textword_82" HPOS="445" VPOS="3068" HEIGHT="27" WIDTH="61" CONTENT="Wir" WC="0.96" />
            <String ID="Textword_83" HPOS="524" VPOS="3069" HEIGHT="34" WIDTH="70" CONTENT="sind," WC="0.95" />
            <String ID="Textword_84" HPOS="614" VPOS="3068" HEIGHT="35" WIDTH="109" CONTENT="solange" WC="0.96" />
            <String ID="Textword_85" HPOS="745" VPOS="3069" HEIGHT="33" WIDTH="105" CONTENT="Bedarf," WC="0.93" />
            <String ID="Textword_86" HPOS="870" VPOS="3069" HEIGHT="34" WIDTH="130" CONTENT="Abgeber" WC="0.91" />
            <String ID="Textword_87" HPOS="1018" VPOS="3079" HEIGHT="18" WIDTH="54" CONTENT="von" WC="0.96" />
          </TextLine>
        </TextBlock>
        <TextBlock ID="TextBlock_43" HPOS="694" VPOS="3131" HEIGHT="120" WIDTH="1117">
          <TextLine ID="TextLine_45" HPOS="694" VPOS="3131" HEIGHT="120" WIDTH="1117">
            <String ID="Textword_88" HPOS="694" VPOS="3133" HEIGHT="93" WIDTH="77" CONTENT="14" WC="0.11" />
            <String ID="Textword_89" HPOS="795" VPOS="3131" HEIGHT="106" WIDTH="104" CONTENT="°)o" WC="0.05" />
            <String ID="Textword_90" HPOS="948" VPOS="3134" HEIGHT="117" WIDTH="863" CONTENT="Obligationen" WC="0.96" />
          </TextLine>
        </TextBlock>
        <TextBlock ID="TextBlock_44" HPOS="872" VPOS="3266" HEIGHT="43" WIDTH="662">
          <TextLine ID="TextLine_46" HPOS="872" VPOS="3266" HEIGHT="43" WIDTH="662">
            <String ID="Textword_91" HPOS="872" VPOS="3266" HEIGHT="32" WIDTH="81" CONTENT="auf" WC="0.92" />
            <String ID="Textword_92" HPOS="972" VPOS="3266" HEIGHT="32" WIDTH="85" CONTENT="1—3" WC="0.89" />
            <String ID="Textword_93" HPOS="1081" VPOS="3267" HEIGHT="32" WIDTH="139" CONTENT="Jahre" WC="0.96" />
            <String ID="Textword_94" HPOS="1244" VPOS="3268" HEIGHT="40" WIDTH="97" CONTENT="fest," WC="0.96" />
            <String ID="Textword_95" HPOS="1371" VPOS="3268" HEIGHT="31" WIDTH="42" CONTENT="al" WC="0.93" />
            <String ID="Textword_96" HPOS="1435" VPOS="3268" HEIGHT="41" WIDTH="99" CONTENT="pari" WC="0.93" />
          </TextLine>
        </TextBlock>
        <TextBlock ID="TextBlock_45" HPOS="718" VPOS="3131" HEIGHT="106" WIDTH="6">
          <TextLine ID="TextLine_47" HPOS="718" VPOS="3131" HEIGHT="106" WIDTH="6">
            <SP ID="Textword_24" HPOS="718" VPOS="3131" />
            <String ID="Textword_97" HPOS="718" VPOS="3131" HEIGHT="106" WIDTH="6" CONTENT=" " WC="0.95" />
          </TextLine>
        </TextBlock>
        <TextBlock ID="TextBlock_46" HPOS="338" VPOS="3337" HEIGHT="81" WIDTH="1723">
          <TextLine ID="TextLine_48" HPOS="339" VPOS="3337" HEIGHT="36" WIDTH="1722">
            <String ID="Textword_98" HPOS="339" VPOS="3338" HEIGHT="25" WIDTH="50" CONTENT="mit" WC="0.92" />
            <String ID="Textword_99" HPOS="415" VPOS="3338" HEIGHT="34" WIDTH="180" CONTENT="nachheriger" WC="0.92" />
            <String ID="Textword_100" HPOS="620" VPOS="3337" HEIGHT="34" WIDTH="204" CONTENT="gegenseitiger" WC="0.96" />
            <String ID="Textword_101" HPOS="852" VPOS="3337" HEIGHT="34" WIDTH="247" CONTENT="Kündigungsfrist" WC="0.96" />
            <String ID="Textword_102" HPOS="1125" VPOS="3338" HEIGHT="25" WIDTH="50" CONTENT="auf" WC="0.96" />
            <String ID="Textword_103" HPOS="1192" VPOS="3338" HEIGHT="26" WIDTH="15" CONTENT="6" WC="0.96" />
            <String ID="Textword_104" HPOS="1226" VPOS="3338" HEIGHT="26" WIDTH="119" CONTENT="Monate." WC="0.96" />
            <String ID="Textword_105" HPOS="1382" VPOS="3339" HEIGHT="26" WIDTH="51" CONTENT="Die" WC="0.95" />
            <String ID="Textword_106" HPOS="1459" VPOS="3339" HEIGHT="33" WIDTH="132" CONTENT="Ausgabe" WC="0.96" />
            <String ID="Textword_107" HPOS="1617" VPOS="3340" HEIGHT="33" WIDTH="101" CONTENT="erfolgt" WC="0.93" />
            <String ID="Textword_108" HPOS="1737" VPOS="3340" HEIGHT="32" WIDTH="150" CONTENT="spesenfrei" WC="0.92" />
            <String ID="Textword_109" HPOS="1910" VPOS="3341" HEIGHT="26" WIDTH="28" CONTENT="in" WC="0.96" />
            <String ID="Textword_110" HPOS="1957" VPOS="3342" HEIGHT="26" WIDTH="104" CONTENT="runden" WC="0.96" />
          </TextLine>
          <TextLine ID="TextLine_49" HPOS="338" VPOS="3382" HEIGHT="36" WIDTH="1626">
            <String ID="Textword_111" HPOS="338" VPOS="3382" HEIGHT="33" WIDTH="139" CONTENT="Beträgen" WC="0.96" />
            <String ID="Textword_112" HPOS="495" VPOS="3390" HEIGHT="18" WIDTH="53" CONTENT="von" WC="0.96" />
            <String ID="Textword_113" HPOS="569" VPOS="3382" HEIGHT="26" WIDTH="40" CONTENT="Fr." WC="0.96" />
            <String ID="Textword_114" HPOS="628" VPOS="3382" HEIGHT="26" WIDTH="57" CONTENT="500" WC="0.96" />
            <String ID="Textword_115" HPOS="706" VPOS="3390" HEIGHT="25" WIDTH="42" CONTENT="an," WC="0.96" />
            <String ID="Textword_116" HPOS="769" VPOS="3382" HEIGHT="26" WIDTH="48" CONTENT="auf" WC="0.96" />
            <String ID="Textword_117" HPOS="835" VPOS="3382" HEIGHT="26" WIDTH="51" CONTENT="den" WC="0.96" />
            <String ID="Textword_118" HPOS="906" VPOS="3382" HEIGHT="26" WIDTH="104" CONTENT="Namen" WC="0.96" />
            <String ID="Textword_119" HPOS="1030" VPOS="3382" HEIGHT="26" WIDTH="66" CONTENT="oder" WC="0.96" />
            <String ID="Textword_120" HPOS="1114" VPOS="3382" HEIGHT="27" WIDTH="118" CONTENT="Inhaber" WC="0.93" />
            <String ID="Textword_121" HPOS="1250" VPOS="3383" HEIGHT="34" WIDTH="123" CONTENT="lautend," WC="0.92" />
            <String ID="Textword_122" HPOS="1392" VPOS="3384" HEIGHT="25" WIDTH="50" CONTENT="mit" WC="0.93" />
            <String ID="Textword_123" HPOS="1462" VPOS="3383" HEIGHT="26" WIDTH="144" CONTENT="Semester-" WC="0.91" />
            <String ID="Textword_124" HPOS="1628" VPOS="3384" HEIGHT="26" WIDTH="63" CONTENT="oder" WC="0.96" />
            <String ID="Textword_125" HPOS="1709" VPOS="3384" HEIGHT="26" WIDTH="100" CONTENT="Jahres" WC="0.96" />
            <String ID="Textword_126" HPOS="1830" VPOS="3385" HEIGHT="33" WIDTH="134" CONTENT="Coupons." WC="0.94" />
          </TextLine>
        </TextBlock>
        <TextBlock ID="TextBlock_47" HPOS="1516" VPOS="3438" HEIGHT="42" WIDTH="437">
          <TextLine ID="TextLine_50" HPOS="1516" VPOS="3438" HEIGHT="42" WIDTH="437">
            <String ID="Textword_127" HPOS="1516" VPOS="3466" HEIGHT="2" WIDTH="2" CONTENT="." WC="0.74" />
            <String ID="Textword_128" HPOS="1538" VPOS="3438" HEIGHT="39" WIDTH="99" CONTENT="Die" WC="0.96" />
            <String ID="Textword_129" HPOS="1664" VPOS="3438" HEIGHT="42" WIDTH="289" CONTENT="Direktion." WC="0.96" />
          </TextLine>
        </TextBlock>
        <TextBlock ID="TextBlock_48" HPOS="337" VPOS="3549" HEIGHT="206" WIDTH="1720">
          <TextLine ID="TextLine_51" HPOS="337" VPOS="3549" HEIGHT="206" WIDTH="1720">
            <String ID="Textword_130" HPOS="337" VPOS="3549" HEIGHT="189" WIDTH="323" CONTENT="Heinrich" WC="0.59" />
            <String ID="Textword_131" HPOS="692" VPOS="3550" HEIGHT="193" WIDTH="294" CONTENT="Brano," WC="0.39" />
            <String ID="Textword_132" HPOS="1031" VPOS="3630" HEIGHT="71" WIDTH="128" CONTENT="Asphalt," WC="0.16" />
            <String ID="Textword_133" HPOS="1177" VPOS="3631" HEIGHT="71" WIDTH="194" CONTENT="Dachpappen-" WC="0.82" />
            <String ID="Textword_134" HPOS="1382" VPOS="3632" HEIGHT="59" WIDTH="55" CONTENT="und" WC="0.91" />
            <String ID="Textword_135" HPOS="1456" VPOS="3631" HEIGHT="69" WIDTH="292" CONTENT="Holzzement-Pabrik," WC="0.76" />
            <String ID="Textword_136" HPOS="1785" VPOS="3552" HEIGHT="203" WIDTH="272" CONTENT="Horgen" WC="0.71" />
          </TextLine>
        </TextBlock>
        <TextBlock ID="TextBlock_49" HPOS="841" VPOS="3756" HEIGHT="104" WIDTH="846">
          <TextLine ID="TextLine_52" HPOS="1073" VPOS="3756" HEIGHT="35" WIDTH="552">
            <String ID="Textword_137" HPOS="1073" VPOS="3756" HEIGHT="33" WIDTH="139" CONTENT="empfiehlt" WC="0.95" />
            <String ID="Textword_138" HPOS="1230" VPOS="3756" HEIGHT="27" WIDTH="29" CONTENT="in" WC="0.95" />
            <String ID="Textword_139" HPOS="1278" VPOS="3759" HEIGHT="31" WIDTH="51" CONTENT="gut" WC="0.93" />
            <String ID="Textword_140" HPOS="1348" VPOS="3757" HEIGHT="34" WIDTH="157" CONTENT="gelagerter" WC="0.92" />
            <String ID="Textword_141" HPOS="1525" VPOS="3757" HEIGHT="25" WIDTH="67" CONTENT="Ware" WC="0.92" />
            <String ID="Textword_142" HPOS="1595" VPOS="3765" HEIGHT="18" WIDTH="30" CONTENT=":" WC="0.92" />
          </TextLine>
          <TextLine ID="TextLine_53" HPOS="841" VPOS="3782" HEIGHT="78" WIDTH="846">
            <String ID="Textword_143" HPOS="841" VPOS="3782" HEIGHT="78" WIDTH="390" CONTENT="Asphalt-Pappen" WC="0.92" />
            <String ID="Textword_144" HPOS="1259" VPOS="3812" HEIGHT="35" WIDTH="38" CONTENT="in" WC="0.92" />
            <String ID="Textword_145" HPOS="1326" VPOS="3812" HEIGHT="36" WIDTH="171" CONTENT="diversen" WC="0.94" />
            <String ID="Textword_146" HPOS="1528" VPOS="3800" HEIGHT="49" WIDTH="159" CONTENT="Stärken" WC="0.96" />
          </TextLine>
        </TextBlock>
        <TextBlock ID="TextBlock_50" HPOS="839" VPOS="3880" HEIGHT="52" WIDTH="744">
          <TextLine ID="TextLine_54" HPOS="839" VPOS="3880" HEIGHT="52" WIDTH="744">
            <String ID="Textword_147" HPOS="839" VPOS="3880" HEIGHT="50" WIDTH="299" CONTENT="Holzzement," WC="0.89" />
            <String ID="Textword_148" HPOS="1168" VPOS="3883" HEIGHT="49" WIDTH="217" CONTENT="vorzüglich" WC="0.96" />
            <String ID="Textword_149" HPOS="1417" VPOS="3884" HEIGHT="36" WIDTH="166" CONTENT="bewährt" WC="0.96" />
          </TextLine>
        </TextBlock>
        <TextBlock ID="TextBlock_51" HPOS="622" VPOS="3950" HEIGHT="101" WIDTH="1435">
          <TextLine ID="TextLine_55" HPOS="622" VPOS="3950" HEIGHT="53" WIDTH="1435">
            <String ID="Textword_150" HPOS="622" VPOS="3950" HEIGHT="52" WIDTH="540" CONTENT="Asphalt-Isolierplatten" WC="0.91" />
            <String ID="Textword_151" HPOS="1201" VPOS="3955" HEIGHT="48" WIDTH="39" CONTENT="je" WC="0.96" />
            <String ID="Textword_152" HPOS="1277" VPOS="3955" HEIGHT="36" WIDTH="99" CONTENT="nach" WC="0.96" />
            <String ID="Textword_153" HPOS="1418" VPOS="3955" HEIGHT="48" WIDTH="158" CONTENT="Angabe" WC="0.93" />
            <String ID="Textword_154" HPOS="1619" VPOS="3956" HEIGHT="36" WIDTH="59" CONTENT="deı" WC="0.90" />
            <String ID="Textword_155" HPOS="1720" VPOS="3955" HEIGHT="48" WIDTH="262" CONTENT="Verwendung" WC="0.94" />
            <String ID="Textword_156" HPOS="2022" VPOS="3955" HEIGHT="36" WIDTH="35" CONTENT="in" WC="0.96" />
          </TextLine>
          <TextLine ID="TextLine_56" HPOS="783" VPOS="4006" HEIGHT="45" WIDTH="322">
            <String ID="Textword_157" HPOS="783" VPOS="4007" HEIGHT="35" WIDTH="124" CONTENT="bester" WC="0.96" />
            <String ID="Textword_158" HPOS="936" VPOS="4006" HEIGHT="45" WIDTH="169" CONTENT="Qualität" WC="0.95" />
          </TextLine>
        </TextBlock>
        <TextBlock ID="TextBlock_52" HPOS="374" VPOS="4058" HEIGHT="70" WIDTH="1685">
          <TextLine ID="TextLine_57" HPOS="374" VPOS="4058" HEIGHT="70" WIDTH="1685">
            <String ID="Textword_159" HPOS="374" VPOS="4058" HEIGHT="68" WIDTH="175" CONTENT="US" WC="0.08" />
            <String ID="Textword_160" HPOS="622" VPOS="4075" HEIGHT="51" WIDTH="246" CONTENT="Isolierfilz," WC="0.91" />
            <String ID="Textword_161" HPOS="897" VPOS="4077" HEIGHT="51" WIDTH="264" CONTENT="Asphaltfilz" WC="0.91" />
            <String ID="Textword_162" HPOS="1203" VPOS="4086" HEIGHT="30" WIDTH="110" CONTENT="unter" WC="0.93" />
            <String ID="Textword_163" HPOS="1347" VPOS="4079" HEIGHT="43" WIDTH="235" CONTENT="Fussböden," WC="0.92" />
            <String ID="Textword_164" HPOS="1622" VPOS="4081" HEIGHT="36" WIDTH="122" CONTENT="hinter" WC="0.96" />
            <String ID="Textword_165" HPOS="1781" VPOS="4079" HEIGHT="49" WIDTH="170" CONTENT="Tapeten" WC="0.92" />
            <String ID="Textword_166" HPOS="1991" VPOS="4086" HEIGHT="31" WIDTH="68" CONTENT="ete." WC="0.90" />
          </TextLine>
        </TextBlock>
        <TextBlock ID="TextBlock_53" HPOS="420" VPOS="4146" HEIGHT="35" WIDTH="421">
          <TextLine ID="TextLine_58" HPOS="420" VPOS="4146" HEIGHT="35" WIDTH="421">
            <String ID="Textword_167" HPOS="420" VPOS="4146" HEIGHT="29" WIDTH="228" CONTENT="Fachmännische" WC="0.92" />
            <String ID="Textword_168" HPOS="669" VPOS="4147" HEIGHT="34" WIDTH="172" CONTENT="Ratschläge." WC="0.96" />
          </TextLine>
        </TextBlock>
        <TextBlock ID="TextBlock_54" HPOS="339" VPOS="3506" HEIGHT="9" WIDTH="1725">
          <TextLine ID="TextLine_59" HPOS="339" VPOS="3506" HEIGHT="9" WIDTH="1725">
            <SP ID="Textword_25" HPOS="339" VPOS="3506" />
            <String ID="Textword_169" HPOS="339" VPOS="3506" HEIGHT="9" WIDTH="1725" CONTENT=" " WC="0.95" />
          </TextLine>
        </TextBlock>
        <TextBlock ID="TextBlock_55" HPOS="1023" VPOS="3702" HEIGHT="8" WIDTH="743">
          <TextLine ID="TextLine_60" HPOS="1023" VPOS="3702" HEIGHT="8" WIDTH="743">
            <SP ID="Textword_26" HPOS="1023" VPOS="3702" />
            <String ID="Textword_170" HPOS="1023" VPOS="3702" HEIGHT="8" WIDTH="743" CONTENT=" " WC="0.95" />
          </TextLine>
        </TextBlock>
        <TextBlock ID="TextBlock_56" HPOS="336" VPOS="3782" HEIGHT="324" WIDTH="257">
          <TextLine ID="TextLine_61" HPOS="336" VPOS="3782" HEIGHT="324" WIDTH="257">
            <SP ID="Textword_27" HPOS="336" VPOS="3782" />
            <String ID="Textword_171" HPOS="336" VPOS="3782" HEIGHT="324" WIDTH="257" CONTENT="   " WC="0.95" />
          </TextLine>
        </TextBlock>
        <TextBlock ID="TextBlock_57" HPOS="1064" VPOS="4148" HEIGHT="36" WIDTH="926">
          <TextLine ID="TextLine_62" HPOS="1064" VPOS="4148" HEIGHT="36" WIDTH="926">
            <String ID="Textword_172" HPOS="1064" VPOS="4150" HEIGHT="33" WIDTH="320" CONTENT="Telegramm-Adresse:" WC="0.91" />
            <String ID="Textword_173" HPOS="1404" VPOS="4148" HEIGHT="29" WIDTH="194" CONTENT="Heinrich" WC="0.93" />
            <String ID="Textword_174" HPOS="1617" VPOS="4148" HEIGHT="33" WIDTH="179" CONTENT="Brändli," WC="0.89" />
            <String ID="Textword_175" HPOS="1815" VPOS="4148" HEIGHT="36" WIDTH="175" CONTENT="Horgen." WC="0.95" />
          </TextLine>
        </TextBlock>
        <TextBlock ID="TextBlock_58" HPOS="1623" VPOS="4213" HEIGHT="40" WIDTH="319">
          <TextLine ID="TextLine_63" HPOS="1623" VPOS="4213" HEIGHT="40" WIDTH="319">
            <String ID="Textword_176" HPOS="1623" VPOS="4213" HEIGHT="40" WIDTH="205" CONTENT="Disconto" WC="0.91" />
            <String ID="Textword_177" HPOS="1856" VPOS="4223" HEIGHT="30" WIDTH="86" CONTENT="von" WC="0.96" />
          </TextLine>
        </TextBlock>
        <TextBlock ID="TextBlock_59" HPOS="1529" VPOS="4275" HEIGHT="158" WIDTH="512">
          <TextLine ID="TextLine_64" HPOS="1529" VPOS="4275" HEIGHT="158" WIDTH="512">
            <String ID="Textword_178" HPOS="1529" VPOS="4275" HEIGHT="158" WIDTH="512" CONTENT="Buchlorderungen." WC="0.00" />
          </TextLine>
        </TextBlock>
        <TextBlock ID="TextBlock_60" HPOS="1090" VPOS="4441" HEIGHT="222" WIDTH="973">
          <TextLine ID="TextLine_65" HPOS="1104" VPOS="4441" HEIGHT="65" WIDTH="958">
            <String ID="Textword_179" HPOS="1104" VPOS="4442" HEIGHT="34" WIDTH="232" CONTENT="Schaffhausen" WC="0.87" />
            <String ID="Textword_180" HPOS="1344" VPOS="4460" HEIGHT="6" WIDTH="11" CONTENT="-" WC="0.91" />
            <String ID="Textword_181" HPOS="1364" VPOS="4441" HEIGHT="33" WIDTH="110" CONTENT="Hallau" WC="0.92" />
            <String ID="Textword_182" HPOS="1505" VPOS="4477" HEIGHT="27" WIDTH="30" CONTENT="a" WC="0.65" />
            <String ID="Textword_183" HPOS="1558" VPOS="4442" HEIGHT="62" WIDTH="122" CONTENT="Einigo" WC="0.88" />
            <String ID="Textword_184" HPOS="1717" VPOS="4442" HEIGHT="64" WIDTH="236" CONTENT="Kapitalisten" WC="0.56" />
            <String ID="Textword_185" HPOS="1993" VPOS="4443" HEIGHT="26" WIDTH="69" CONTENT="nnd" WC="0.93" />
          </TextLine>
          <TextLine ID="TextLine_66" HPOS="1388" VPOS="4483" HEIGHT="29" WIDTH="675">
            <String ID="Textword_186" HPOS="1388" VPOS="4494" HEIGHT="3" WIDTH="4" CONTENT=";" WC="0.33" />
            <String ID="Textword_187" HPOS="1536" VPOS="4483" HEIGHT="22" WIDTH="197" CONTENT="rossfirmen" WC="0.88" />
            <String ID="Textword_188" HPOS="1799" VPOS="4485" HEIGHT="27" WIDTH="107" CONTENT="gesuc" WC="0.88" />
            <String ID="Textword_189" HPOS="2002" VPOS="4485" HEIGHT="20" WIDTH="61" CONTENT="zor" WC="0.88" />
          </TextLine>
          <TextLine ID="TextLine_67" HPOS="1161" VPOS="4497" HEIGHT="50" WIDTH="901">
            <String ID="Textword_190" HPOS="1161" VPOS="4497" HEIGHT="50" WIDTH="244" CONTENT="Drant-Gitter" WC="0.80" />
            <String ID="Textword_191" HPOS="1506" VPOS="4512" HEIGHT="35" WIDTH="188" CONTENT="Gründung" WC="0.96" />
            <String ID="Textword_192" HPOS="1738" VPOS="4513" HEIGHT="28" WIDTH="98" CONTENT="einer" WC="0.70" />
            <String ID="Textword_193" HPOS="1871" VPOS="4514" HEIGHT="27" WIDTH="191" CONTENT="Genossen-" WC="0.90" />
          </TextLine>
          <TextLine ID="TextLine_68" HPOS="1090" VPOS="4541" HEIGHT="41" WIDTH="972">
            <String ID="Textword_194" HPOS="1090" VPOS="4576" HEIGHT="1" WIDTH="3" CONTENT="," WC="0.89" />
            <String ID="Textword_195" HPOS="1104" VPOS="4542" HEIGHT="30" WIDTH="183" CONTENT="Geflechte," WC="0.90" />
            <String ID="Textword_196" HPOS="1301" VPOS="4541" HEIGHT="26" WIDTH="100" CONTENT="Siebe" WC="0.90" />
            <String ID="Textword_197" HPOS="1414" VPOS="4542" HEIGHT="24" WIDTH="54" CONTENT="etc." WC="0.93" />
            <String ID="Textword_198" HPOS="1471" VPOS="4560" HEIGHT="5" WIDTH="5" CONTENT="|" WC="0.91" />
            <String ID="Textword_199" HPOS="1506" VPOS="4548" HEIGHT="27" WIDTH="124" CONTENT="schaft." WC="0.91" />
            <String ID="Textword_200" HPOS="1642" VPOS="4549" HEIGHT="33" WIDTH="217" CONTENT="Dringendes" WC="0.92" />
            <String ID="Textword_201" HPOS="1866" VPOS="4548" HEIGHT="28" WIDTH="196" CONTENT="Bedürfnis." WC="0.66" />
          </TextLine>
          <TextLine ID="TextLine_69" HPOS="1136" VPOS="4585" HEIGHT="35" WIDTH="927">
            <String ID="Textword_202" HPOS="1136" VPOS="4585" HEIGHT="27" WIDTH="81" CONTENT="Beste" WC="0.92" />
            <String ID="Textword_203" HPOS="1236" VPOS="4585" HEIGHT="34" WIDTH="207" CONTENT="Bezugsquelle." WC="0.92" />
            <String ID="Textword_204" HPOS="1541" VPOS="4592" HEIGHT="28" WIDTH="155" CONTENT="Näheres" WC="0.96" />
            <String ID="Textword_205" HPOS="1722" VPOS="4593" HEIGHT="27" WIDTH="107" CONTENT="durch" WC="0.92" />
            <String ID="Textword_206" HPOS="1854" VPOS="4593" HEIGHT="27" WIDTH="92" CONTENT="H.P." WC="0.89" />
            <String ID="Textword_207" HPOS="1968" VPOS="4592" HEIGHT="27" WIDTH="95" CONTENT="Fach" WC="0.96" />
          </TextLine>
          <TextLine ID="TextLine_70" HPOS="1507" VPOS="4627" HEIGHT="36" WIDTH="555">
            <String ID="Textword_208" HPOS="1507" VPOS="4627" HEIGHT="28" WIDTH="61" CONTENT="No." WC="0.93" />
            <String ID="Textword_209" HPOS="1581" VPOS="4628" HEIGHT="35" WIDTH="110" CONTENT="13109," WC="0.95" />
            <String ID="Textword_210" HPOS="1711" VPOS="4628" HEIGHT="28" WIDTH="132" CONTENT="Zürich," WC="0.77" />
            <String ID="Textword_211" HPOS="1905" VPOS="4627" HEIGHT="35" WIDTH="157" CONTENT="(ZA14712)" WC="0.77" />
          </TextLine>
        </TextBlock>
        <TextBlock ID="TextBlock_61" HPOS="339" VPOS="4190" HEIGHT="11" WIDTH="1588">
          <TextLine ID="TextLine_71" HPOS="339" VPOS="4190" HEIGHT="11" WIDTH="1588">
            <SP ID="Textword_28" HPOS="339" VPOS="4190" />
            <String ID="Textword_212" HPOS="339" VPOS="4190" HEIGHT="11" WIDTH="1588" CONTENT=" " WC="0.95" />
          </TextLine>
        </TextBlock>
        <TextBlock ID="TextBlock_62" HPOS="1927" VPOS="4194" HEIGHT="9" WIDTH="135">
          <TextLine ID="TextLine_72" HPOS="1927" VPOS="4194" HEIGHT="9" WIDTH="135">
            <SP ID="Textword_29" HPOS="1927" VPOS="4194" />
            <String ID="Textword_213" HPOS="1927" VPOS="4194" HEIGHT="9" WIDTH="135" CONTENT=" " WC="0.95" />
          </TextLine>
        </TextBlock>
        <TextBlock ID="TextBlock_63" HPOS="336" VPOS="4206" HEIGHT="26" WIDTH="1144">
          <TextLine ID="TextLine_73" HPOS="336" VPOS="4206" HEIGHT="26" WIDTH="1144">
            <SP ID="Textword_30" HPOS="336" VPOS="4206" />
            <String ID="Textword_214" HPOS="336" VPOS="4206" HEIGHT="26" WIDTH="1144" CONTENT=" " WC="0.95" />
          </TextLine>
        </TextBlock>
        <TextBlock ID="TextBlock_64" HPOS="1103" VPOS="4246" HEIGHT="45" WIDTH="371">
          <TextLine ID="TextLine_74" HPOS="1103" VPOS="4246" HEIGHT="45" WIDTH="371">
            <String ID="Textword_215" HPOS="1103" VPOS="4247" HEIGHT="44" WIDTH="77" CONTENT="Mech." WC="0.81" />
            <String ID="Textword_216" HPOS="1200" VPOS="4246" HEIGHT="45" WIDTH="157" CONTENT="Drahtwaren" WC="0.92" />
            <String ID="Textword_217" HPOS="1368" VPOS="4270" HEIGHT="6" WIDTH="9" CONTENT="-" WC="0.92" />
            <String ID="Textword_218" HPOS="1388" VPOS="4246" HEIGHT="44" WIDTH="86" CONTENT="Fabrik" WC="0.89" />
          </TextLine>
        </TextBlock>
        <TextBlock ID="TextBlock_65" HPOS="1128" VPOS="4325" HEIGHT="86" WIDTH="323">
          <TextLine ID="TextLine_75" HPOS="1128" VPOS="4325" HEIGHT="86" WIDTH="323">
            <String ID="Textword_219" HPOS="1128" VPOS="4325" HEIGHT="86" WIDTH="69" CONTENT="G." WC="0.92" />
            <String ID="Textword_220" HPOS="1235" VPOS="4325" HEIGHT="84" WIDTH="216" CONTENT="BOPP" WC="0.91" />
          </TextLine>
        </TextBlock>
        <TextBlock ID="TextBlock_66" HPOS="336" VPOS="4643" HEIGHT="24" WIDTH="1141">
          <TextLine ID="TextLine_76" HPOS="336" VPOS="4643" HEIGHT="24" WIDTH="1141">
            <SP ID="Textword_31" HPOS="336" VPOS="4643" />
            <String ID="Textword_221" HPOS="336" VPOS="4643" HEIGHT="24" WIDTH="1141" CONTENT=" " WC="0.95" />
          </TextLine>
        </TextBlock>
        <TextBlock ID="TextBlock_67" HPOS="2102" VPOS="398" HEIGHT="12" WIDTH="1163">
          <TextLine ID="TextLine_77" HPOS="2102" VPOS="398" HEIGHT="12" WIDTH="1163">
            <SP ID="Textword_32" HPOS="2102" VPOS="398" />
            <String ID="Textword_222" HPOS="2102" VPOS="398" HEIGHT="12" WIDTH="1163" CONTENT=" " WC="0.95" />
          </TextLine>
        </TextBlock>
        <TextBlock ID="TextBlock_68" HPOS="2182" VPOS="412" HEIGHT="59" WIDTH="997">
          <TextLine ID="TextLine_78" HPOS="2182" VPOS="412" HEIGHT="59" WIDTH="997">
            <String ID="Textword_223" HPOS="2182" VPOS="424" HEIGHT="47" WIDTH="347" CONTENT="FENSTER" WC="0.93" />
            <String ID="Textword_224" HPOS="2575" VPOS="432" HEIGHT="38" WIDTH="35" CONTENT="z" WC="0.85" />
            <String ID="Textword_225" HPOS="2634" VPOS="412" HEIGHT="57" WIDTH="545" CONTENT="TÜRENFABRIK" WC="0.92" />
          </TextLine>
        </TextBlock>
        <TextBlock ID="TextBlock_69" HPOS="2160" VPOS="486" HEIGHT="10" WIDTH="540">
          <TextLine ID="TextLine_79" HPOS="2160" VPOS="486" HEIGHT="10" WIDTH="540">
            <SP ID="Textword_33" HPOS="2160" VPOS="486" />
            <String ID="Textword_226" HPOS="2160" VPOS="486" HEIGHT="10" WIDTH="540" CONTENT=" " WC="0.95" />
          </TextLine>
        </TextBlock>
        <TextBlock ID="TextBlock_70" HPOS="2176" VPOS="500" HEIGHT="83" WIDTH="147">
          <TextLine ID="TextLine_80" HPOS="2176" VPOS="500" HEIGHT="83" WIDTH="147">
            <SP ID="Textword_34" HPOS="2176" VPOS="500" />
            <String ID="Textword_227" HPOS="2176" VPOS="500" HEIGHT="83" WIDTH="147" CONTENT=" " WC="0.95" />
          </TextLine>
        </TextBlock>
        <TextBlock ID="TextBlock_71" HPOS="2544" VPOS="606" HEIGHT="111" WIDTH="3">
          <TextLine ID="TextLine_81" HPOS="2544" VPOS="606" HEIGHT="111" WIDTH="3">
            <SP ID="Textword_35" HPOS="2544" VPOS="606" />
            <String ID="Textword_228" HPOS="2544" VPOS="606" HEIGHT="111" WIDTH="3" CONTENT=" " WC="0.95" />
          </TextLine>
        </TextBlock>
        <TextBlock ID="TextBlock_72" HPOS="2441" VPOS="715" HEIGHT="3" WIDTH="106">
          <TextLine ID="TextLine_82" HPOS="2441" VPOS="715" HEIGHT="3" WIDTH="106">
            <SP ID="Textword_36" HPOS="2441" VPOS="715" />
            <String ID="Textword_229" HPOS="2441" VPOS="715" HEIGHT="3" WIDTH="106" CONTENT=" " WC="0.95" />
          </TextLine>
        </TextBlock>
        <TextBlock ID="TextBlock_73" HPOS="2164" VPOS="488" HEIGHT="281" WIDTH="9">
          <TextLine ID="TextLine_83" HPOS="2164" VPOS="488" HEIGHT="281" WIDTH="9">
            <SP ID="Textword_37" HPOS="2164" VPOS="488" />
            <String ID="Textword_230" HPOS="2164" VPOS="488" HEIGHT="281" WIDTH="9" CONTENT=" " WC="0.95" />
          </TextLine>
        </TextBlock>
        <TextBlock ID="TextBlock_74" HPOS="2440" VPOS="620" HEIGHT="117" WIDTH="8">
          <TextLine ID="TextLine_84" HPOS="2440" VPOS="620" HEIGHT="117" WIDTH="8">
            <SP ID="Textword_38" HPOS="2440" VPOS="620" />
            <String ID="Textword_231" HPOS="2440" VPOS="620" HEIGHT="117" WIDTH="8" CONTENT=" " WC="0.95" />
          </TextLine>
        </TextBlock>
        <TextBlock ID="TextBlock_75" HPOS="2331" VPOS="614" HEIGHT="154" WIDTH="8">
          <TextLine ID="TextLine_85" HPOS="2331" VPOS="614" HEIGHT="154" WIDTH="8">
            <SP ID="Textword_39" HPOS="2331" VPOS="614" />
            <String ID="Textword_232" HPOS="2331" VPOS="614" HEIGHT="154" WIDTH="8" CONTENT=" " WC="0.95" />
          </TextLine>
        </TextBlock>
        <TextBlock ID="TextBlock_76" HPOS="2332" VPOS="730" HEIGHT="6" WIDTH="118">
          <TextLine ID="TextLine_86" HPOS="2332" VPOS="730" HEIGHT="6" WIDTH="118">
            <SP ID="Textword_40" HPOS="2332" VPOS="730" />
            <String ID="Textword_233" HPOS="2332" VPOS="730" HEIGHT="6" WIDTH="118" CONTENT=" " WC="0.95" />
          </TextLine>
        </TextBlock>
        <TextBlock ID="TextBlock_77" HPOS="2165" VPOS="762" HEIGHT="8" WIDTH="174">
          <TextLine ID="TextLine_87" HPOS="2165" VPOS="762" HEIGHT="8" WIDTH="174">
            <SP ID="Textword_41" HPOS="2165" VPOS="762" />
            <String ID="Textword_234" HPOS="2165" VPOS="762" HEIGHT="8" WIDTH="174" CONTENT=" " WC="0.95" />
          </TextLine>
        </TextBlock>
        <TextBlock ID="TextBlock_78" HPOS="2543" VPOS="540" HEIGHT="362" WIDTH="663">
          <TextLine ID="TextLine_88" HPOS="2543" VPOS="540" HEIGHT="362" WIDTH="663">
            <SP ID="Textword_42" HPOS="2543" VPOS="540" />
            <String ID="Textword_235" HPOS="2543" VPOS="540" HEIGHT="362" WIDTH="663" CONTENT=" " WC="0.95" />
          </TextLine>
        </TextBlock>
        <TextBlock ID="TextBlock_79" HPOS="2200" VPOS="939" HEIGHT="57" WIDTH="267">
          <TextLine ID="TextLine_89" HPOS="2200" VPOS="939" HEIGHT="57" WIDTH="267">
            <String ID="Textword_236" HPOS="2200" VPOS="939" HEIGHT="57" WIDTH="267" CONTENT="THAB" WC="0.88" />
          </TextLine>
        </TextBlock>
        <TextBlock ID="TextBlock_80" HPOS="2101" VPOS="401" HEIGHT="613" WIDTH="17">
          <TextLine ID="TextLine_90" HPOS="2101" VPOS="401" HEIGHT="613" WIDTH="17">
            <SP ID="Textword_43" HPOS="2101" VPOS="401" />
            <String ID="Textword_237" HPOS="2101" VPOS="401" HEIGHT="613" WIDTH="17" CONTENT=" " WC="0.95" />
          </TextLine>
        </TextBlock>
        <TextBlock ID="TextBlock_81" HPOS="2560" VPOS="916" HEIGHT="78" WIDTH="609">
          <TextLine ID="TextLine_91" HPOS="2560" VPOS="916" HEIGHT="78" WIDTH="609">
            <String ID="Textword_238" HPOS="2560" VPOS="938" HEIGHT="56" WIDTH="105" CONTENT="1L" WC="0.31" />
            <String ID="Textword_239" HPOS="2687" VPOS="916" HEIGHT="78" WIDTH="482" CONTENT="-2URIEH" WC="0.31" />
          </TextLine>
        </TextBlock>
        <TextBlock ID="TextBlock_82" HPOS="3256" VPOS="401" HEIGHT="612" WIDTH="17">
          <TextLine ID="TextLine_92" HPOS="3256" VPOS="401" HEIGHT="612" WIDTH="17">
            <SP ID="Textword_44" HPOS="3256" VPOS="401" />
            <String ID="Textword_240" HPOS="3256" VPOS="401" HEIGHT="612" WIDTH="17" CONTENT=" " WC="0.95" />
          </TextLine>
        </TextBlock>
        <TextBlock ID="TextBlock_83" HPOS="2108" VPOS="1003" HEIGHT="14" WIDTH="1163">
          <TextLine ID="TextLine_93" HPOS="2108" VPOS="1003" HEIGHT="14" WIDTH="1163">
            <SP ID="Textword_45" HPOS="2108" VPOS="1003" />
            <String ID="Textword_241" HPOS="2108" VPOS="1003" HEIGHT="14" WIDTH="1163" CONTENT=" " WC="0.95" />
          </TextLine>
        </TextBlock>
        <TextBlock ID="TextBlock_84" HPOS="2102" VPOS="1027" HEIGHT="11" WIDTH="1143">
          <TextLine ID="TextLine_94" HPOS="2102" VPOS="1027" HEIGHT="11" WIDTH="1143">
            <SP ID="Textword_46" HPOS="2102" VPOS="1027" />
            <String ID="Textword_242" HPOS="2102" VPOS="1027" HEIGHT="11" WIDTH="1143" CONTENT=" " WC="0.95" />
          </TextLine>
        </TextBlock>
        <TextBlock ID="TextBlock_85" HPOS="2096" VPOS="1070" HEIGHT="103" WIDTH="1144">
          <TextLine ID="TextLine_95" HPOS="2156" VPOS="1070" HEIGHT="56" WIDTH="1065">
            <String ID="Textword_243" HPOS="2156" VPOS="1070" HEIGHT="47" WIDTH="770" CONTENT="Mosterei-Genossenschafît" WC="0.34" />
            <String ID="Textword_244" HPOS="2960" VPOS="1073" HEIGHT="53" WIDTH="225" CONTENT="Egnach" WC="0.89" />
            <String ID="Textword_245" HPOS="3219" VPOS="1113" HEIGHT="2" WIDTH="2" CONTENT="." WC="0.71" />
          </TextLine>
          <TextLine ID="TextLine_96" HPOS="2096" VPOS="1136" HEIGHT="37" WIDTH="1144">
            <String ID="Textword_246" HPOS="2096" VPOS="1136" HEIGHT="27" WIDTH="122" CONTENT="offeriert" WC="0.89" />
            <String ID="Textword_247" HPOS="2254" VPOS="1137" HEIGHT="26" WIDTH="29" CONTENT="in" WC="0.94" />
            <String ID="Textword_248" HPOS="2319" VPOS="1137" HEIGHT="28" WIDTH="122" CONTENT="besten" WC="0.96" />
            <String ID="Textword_249" HPOS="2472" VPOS="1138" HEIGHT="35" WIDTH="199" CONTENT="Qualitäten" WC="0.96" />
            <String ID="Textword_250" HPOS="2707" VPOS="1147" HEIGHT="18" WIDTH="35" CONTENT="zu" WC="0.94" />
            <String ID="Textword_251" HPOS="2777" VPOS="1139" HEIGHT="33" WIDTH="181" CONTENT="billigsten" WC="0.93" />
            <String ID="Textword_252" HPOS="2985" VPOS="1140" HEIGHT="33" WIDTH="255" CONTENT="Tagespreisen" WC="0.92" />
          </TextLine>
        </TextBlock>
        <TextBlock ID="TextBlock_86" HPOS="2237" VPOS="1192" HEIGHT="122" WIDTH="851">
          <TextLine ID="TextLine_97" HPOS="2237" VPOS="1192" HEIGHT="122" WIDTH="851">
            <String ID="Textword_253" HPOS="2237" VPOS="1192" HEIGHT="102" WIDTH="135" CONTENT="Sllsse" WC="0.09" />
            <String ID="Textword_254" HPOS="2404" VPOS="1192" HEIGHT="122" WIDTH="258" CONTENT="Thurgauer" WC="0.75" />
            <String ID="Textword_255" HPOS="2685" VPOS="1194" HEIGHT="102" WIDTH="137" CONTENT="Moste" WC="0.90" />
            <String ID="Textword_256" HPOS="2856" VPOS="1195" HEIGHT="100" WIDTH="84" CONTENT="und" WC="0.92" />
            <String ID="Textword_257" HPOS="2973" VPOS="1194" HEIGHT="102" WIDTH="115" CONTENT="Salle" WC="0.60" />
          </TextLine>
        </TextBlock>
        <TextBlock ID="TextBlock_87" HPOS="2095" VPOS="1326" HEIGHT="96" WIDTH="1143">
          <TextLine ID="TextLine_98" HPOS="2251" VPOS="1326" HEIGHT="36" WIDTH="950">
            <String ID="Textword_258" HPOS="2251" VPOS="1326" HEIGHT="34" WIDTH="183" CONTENT="Leihgebinde" WC="0.92" />
            <String ID="Textword_259" HPOS="2453" VPOS="1334" HEIGHT="18" WIDTH="54" CONTENT="von" WC="0.96" />
            <String ID="Textword_260" HPOS="2527" VPOS="1327" HEIGHT="24" WIDTH="33" CONTENT="70" WC="0.96" />
            <String ID="Textword_261" HPOS="2580" VPOS="1326" HEIGHT="26" WIDTH="75" CONTENT="Liter" WC="0.96" />
            <String ID="Textword_262" HPOS="2675" VPOS="1336" HEIGHT="17" WIDTH="33" CONTENT="an" WC="0.96" />
            <String ID="Textword_263" HPOS="2727" VPOS="1329" HEIGHT="32" WIDTH="87" CONTENT="gratis" WC="0.95" />
            <String ID="Textword_264" HPOS="2834" VPOS="1336" HEIGHT="18" WIDTH="49" CONTENT="zur" WC="0.96" />
            <String ID="Textword_265" HPOS="2905" VPOS="1328" HEIGHT="34" WIDTH="171" CONTENT="Verfügung." WC="0.96" />
            <String ID="Textword_266" HPOS="3149" VPOS="1329" HEIGHT="25" WIDTH="52" CONTENT="207" WC="0.96" />
          </TextLine>
          <TextLine ID="TextLine_99" HPOS="2095" VPOS="1379" HEIGHT="43" WIDTH="1143">
            <String ID="Textword_267" HPOS="2095" VPOS="1380" HEIGHT="33" WIDTH="103" CONTENT="Prima" WC="0.93" />
            <String ID="Textword_268" HPOS="2222" VPOS="1379" HEIGHT="43" WIDTH="187" CONTENT="Tafeläpfel." WC="0.89" />
            <String ID="Textword_269" HPOS="2503" VPOS="1389" HEIGHT="23" WIDTH="173" CONTENT="———" WC="0.22" />
            <String ID="Textword_270" HPOS="2768" VPOS="1380" HEIGHT="33" WIDTH="114" CONTENT="Reinen" WC="0.92" />
            <String ID="Textword_271" HPOS="2899" VPOS="1381" HEIGHT="34" WIDTH="339" CONTENT="Tresterbranntwein." WC="0.89" />
          </TextLine>
        </TextBlock>
        <TextBlock ID="TextBlock_88" HPOS="2093" VPOS="1226" HEIGHT="47" WIDTH="1148">
          <TextLine ID="TextLine_100" HPOS="2093" VPOS="1226" HEIGHT="42" WIDTH="108">
            <String ID="Textword_272" HPOS="2093" VPOS="1226" HEIGHT="42" WIDTH="108" CONTENT="Il" WC="0.59" />
          </TextLine>
          <TextLine ID="TextLine_101" HPOS="3132" VPOS="1230" HEIGHT="43" WIDTH="109">
            <String ID="Textword_273" HPOS="3132" VPOS="1230" HEIGHT="43" WIDTH="109" CONTENT="I" WC="0.55" />
          </TextLine>
        </TextBlock>
        <TextBlock ID="TextBlock_89" HPOS="2095" VPOS="1442" HEIGHT="8" WIDTH="1146">
          <TextLine ID="TextLine_102" HPOS="2095" VPOS="1442" HEIGHT="8" WIDTH="1146">
            <SP ID="Textword_47" HPOS="2095" VPOS="1442" />
            <String ID="Textword_274" HPOS="2095" VPOS="1442" HEIGHT="8" WIDTH="1146" CONTENT=" " WC="0.95" />
          </TextLine>
        </TextBlock>
        <TextBlock ID="TextBlock_90" HPOS="2225" VPOS="1479" HEIGHT="49" WIDTH="888">
          <TextLine ID="TextLine_103" HPOS="2225" VPOS="1479" HEIGHT="49" WIDTH="888">
            <String ID="Textword_275" HPOS="2225" VPOS="1480" HEIGHT="36" WIDTH="45" CONTENT="I*" WC="0.78" />
            <String ID="Textword_276" HPOS="2305" VPOS="1481" HEIGHT="47" WIDTH="390" CONTENT="komprimierte" WC="0.90" />
            <String ID="Textword_277" HPOS="2725" VPOS="1480" HEIGHT="37" WIDTH="192" CONTENT="blanke" WC="0.93" />
            <String ID="Textword_278" HPOS="2945" VPOS="1479" HEIGHT="38" WIDTH="168" CONTENT="Stahl-" WC="0.91" />
          </TextLine>
        </TextBlock>
        <TextBlock ID="TextBlock_91" HPOS="2086" VPOS="1546" HEIGHT="172" WIDTH="1173">
          <TextLine ID="TextLine_104" HPOS="2086" VPOS="1546" HEIGHT="172" WIDTH="1173">
            <SP ID="Textword_48" HPOS="2086" VPOS="1546" />
            <String ID="Textword_279" HPOS="2086" VPOS="1546" HEIGHT="172" WIDTH="1173" CONTENT=" " WC="0.95" />
          </TextLine>
        </TextBlock>
        <TextBlock ID="TextBlock_92" HPOS="2161" VPOS="1733" HEIGHT="89" WIDTH="1003">
          <TextLine ID="TextLine_105" HPOS="2161" VPOS="1733" HEIGHT="41" WIDTH="1003">
            <String ID="Textword_280" HPOS="2161" VPOS="1733" HEIGHT="41" WIDTH="164" CONTENT="Grösstes" WC="0.87" />
            <String ID="Textword_281" HPOS="2345" VPOS="1735" HEIGHT="33" WIDTH="124" CONTENT="Lager." WC="0.93" />
            <String ID="Textword_282" HPOS="2489" VPOS="1751" HEIGHT="3" WIDTH="32" CONTENT="—" WC="0.92" />
            <String ID="Textword_283" HPOS="2541" VPOS="1736" HEIGHT="33" WIDTH="162" CONTENT="Prompte" WC="0.92" />
            <String ID="Textword_284" HPOS="2717" VPOS="1736" HEIGHT="30" WIDTH="75" CONTENT="und" WC="0.96" />
            <String ID="Textword_285" HPOS="2809" VPOS="1736" HEIGHT="35" WIDTH="124" CONTENT="billige" WC="0.96" />
            <String ID="Textword_286" HPOS="2952" VPOS="1737" HEIGHT="34" WIDTH="212" CONTENT="Bedienung." WC="0.96" />
          </TextLine>
          <TextLine ID="TextLine_106" HPOS="2204" VPOS="1770" HEIGHT="52" WIDTH="853">
            <String ID="Textword_287" HPOS="2204" VPOS="1796" HEIGHT="4" WIDTH="17" CONTENT="-" WC="0.74" />
            <String ID="Textword_288" HPOS="2277" VPOS="1771" HEIGHT="49" WIDTH="199" CONTENT="Affolter," WC="0.74" />
            <String ID="Textword_289" HPOS="2506" VPOS="1770" HEIGHT="42" WIDTH="200" CONTENT="Christen" WC="0.93" />
            <String ID="Textword_290" HPOS="2736" VPOS="1773" HEIGHT="39" WIDTH="34" CONTENT="&amp;" WC="0.92" />
            <String ID="Textword_291" HPOS="2798" VPOS="1772" HEIGHT="50" WIDTH="86" CONTENT="Co.," WC="0.90" />
            <String ID="Textword_292" HPOS="2914" VPOS="1774" HEIGHT="39" WIDTH="143" CONTENT="Basel." WC="0.82" />
          </TextLine>
        </TextBlock>
        <TextBlock ID="TextBlock_93" HPOS="2406" VPOS="1824" HEIGHT="138" WIDTH="692">
          <TextLine ID="TextLine_107" HPOS="2406" VPOS="1824" HEIGHT="35" WIDTH="509">
            <String ID="Textword_293" HPOS="2406" VPOS="1824" HEIGHT="26" WIDTH="107" CONTENT="Eisen" WC="0.96" />
            <String ID="Textword_294" HPOS="2532" VPOS="1824" HEIGHT="26" WIDTH="70" CONTENT="und" WC="0.93" />
            <String ID="Textword_295" HPOS="2621" VPOS="1825" HEIGHT="26" WIDTH="118" CONTENT="Stahle" WC="0.92" />
            <String ID="Textword_296" HPOS="2760" VPOS="1832" HEIGHT="20" WIDTH="42" CONTENT="en" WC="0.93" />
            <String ID="Textword_297" HPOS="2820" VPOS="1832" HEIGHT="27" WIDTH="95" CONTENT="gros." WC="0.90" />
          </TextLine>
          <TextLine ID="TextLine_108" HPOS="2828" VPOS="1926" HEIGHT="36" WIDTH="270">
            <String ID="Textword_298" HPOS="2828" VPOS="1926" HEIGHT="36" WIDTH="270" CONTENT="Wädenswil" WC="0.95" />
          </TextLine>
        </TextBlock>
        <TextBlock ID="TextBlock_94" HPOS="2207" VPOS="1922" HEIGHT="88" WIDTH="826">
          <TextLine ID="TextLine_109" HPOS="2207" VPOS="1922" HEIGHT="88" WIDTH="826">
            <String ID="Textword_299" HPOS="2207" VPOS="1922" HEIGHT="69" WIDTH="174" CONTENT="ED." WC="0.93" />
            <String ID="Textword_300" HPOS="2433" VPOS="1922" HEIGHT="70" WIDTH="234" CONTENT="BRU" WC="0.91" />
            <String ID="Textword_301" HPOS="2889" VPOS="1971" HEIGHT="39" WIDTH="144" CONTENT="Res" WC="0.03" />
          </TextLine>
        </TextBlock>
        <TextBlock ID="TextBlock_95" HPOS="2136" VPOS="2012" HEIGHT="121" WIDTH="1050">
          <TextLine ID="TextLine_110" HPOS="2136" VPOS="2012" HEIGHT="48" WIDTH="1050">
            <String ID="Textword_302" HPOS="2136" VPOS="2012" HEIGHT="39" WIDTH="83" CONTENT="Erste" WC="0.95" />
            <String ID="Textword_303" HPOS="2234" VPOS="2012" HEIGHT="39" WIDTH="58" CONTENT="and" WC="0.96" />
            <String ID="Textword_304" HPOS="2307" VPOS="2013" HEIGHT="45" WIDTH="115" CONTENT="grösste" WC="0.63" />
            <String ID="Textword_305" HPOS="2438" VPOS="2012" HEIGHT="48" WIDTH="233" CONTENT="Spezial-Fabrik" WC="0.38" />
            <String ID="Textword_306" HPOS="2686" VPOS="2013" HEIGHT="39" WIDTH="47" CONTENT="für" WC="0.93" />
            <String ID="Textword_307" HPOS="2749" VPOS="2014" HEIGHT="39" WIDTH="103" CONTENT="Härte-" WC="0.90" />
            <String ID="Textword_308" HPOS="2862" VPOS="2016" HEIGHT="37" WIDTH="60" CONTENT="und" WC="0.93" />
            <String ID="Textword_309" HPOS="2937" VPOS="2015" HEIGHT="41" WIDTH="249" CONTENT="Lôtmaterialien." WC="0.39" />
          </TextLine>
          <TextLine ID="TextLine_111" HPOS="2145" VPOS="2074" HEIGHT="19" WIDTH="155">
            <String ID="Textword_310" HPOS="2145" VPOS="2074" HEIGHT="19" WIDTH="155" CONTENT="TELEPHON" WC="0.91" />
          </TextLine>
          <TextLine ID="TextLine_112" HPOS="2377" VPOS="2085" HEIGHT="48" WIDTH="553">
            <String ID="Textword_311" HPOS="2377" VPOS="2085" HEIGHT="48" WIDTH="130" CONTENT="Export" WC="0.96" />
            <String ID="Textword_312" HPOS="2537" VPOS="2085" HEIGHT="39" WIDTH="91" CONTENT="nach" WC="0.95" />
            <String ID="Textword_313" HPOS="2658" VPOS="2085" HEIGHT="39" WIDTH="94" CONTENT="allen" WC="0.95" />
            <String ID="Textword_314" HPOS="2783" VPOS="2085" HEIGHT="41" WIDTH="147" CONTENT="Staaten" WC="0.96" />
          </TextLine>
        </TextBlock>
        <TextBlock ID="TextBlock_96" HPOS="2092" VPOS="1867" HEIGHT="11" WIDTH="1146">
          <TextLine ID="TextLine_113" HPOS="2092" VPOS="1867" HEIGHT="11" WIDTH="1146">
            <SP ID="Textword_49" HPOS="2092" VPOS="1867" />
            <String ID="Textword_315" HPOS="2092" VPOS="1867" HEIGHT="11" WIDTH="1146" CONTENT=" " WC="0.95" />
          </TextLine>
        </TextBlock>
        <TextBlock ID="TextBlock_97" HPOS="2992" VPOS="2078" HEIGHT="24" WIDTH="169">
          <TextLine ID="TextLine_114" HPOS="2992" VPOS="2078" HEIGHT="24" WIDTH="169">
            <String ID="Textword_316" HPOS="2992" VPOS="2078" HEIGHT="24" WIDTH="141" CONTENT="Telegramme" WC="0.84" />
            <String ID="Textword_317" HPOS="3135" VPOS="2085" HEIGHT="13" WIDTH="26" CONTENT=":" WC="0.93" />
          </TextLine>
        </TextBlock>
        <TextBlock ID="TextBlock_98" HPOS="2148" VPOS="2100" HEIGHT="43" WIDTH="1023">
          <TextLine ID="TextLine_115" HPOS="2148" VPOS="2100" HEIGHT="43" WIDTH="1023">
            <String ID="Textword_318" HPOS="2148" VPOS="2100" HEIGHT="32" WIDTH="102" CONTENT="Gegründet" WC="0.59" />
            <String ID="Textword_319" HPOS="2262" VPOS="2102" HEIGHT="25" WIDTH="42" CONTENT="1886" WC="0.89" />
            <String ID="Textword_320" HPOS="2989" VPOS="2113" HEIGHT="30" WIDTH="54" CONTENT="Brun," WC="0.86" />
            <String ID="Textword_321" HPOS="3059" VPOS="2114" HEIGHT="26" WIDTH="112" CONTENT="Wädenswil" WC="0.61" />
          </TextLine>
        </TextBlock>
        <TextBlock ID="TextBlock_99" HPOS="2088" VPOS="1881" HEIGHT="819" WIDTH="1152">
          <TextLine ID="TextLine_116" HPOS="2088" VPOS="1881" HEIGHT="819" WIDTH="1152">
            <SP ID="Textword_50" HPOS="2088" VPOS="1881" />
            <String ID="Textword_322" HPOS="2088" VPOS="1881" HEIGHT="819" WIDTH="1152" CONTENT=" " WC="0.95" />
          </TextLine>
        </TextBlock>
        <TextBlock ID="TextBlock_100" HPOS="2128" VPOS="2718" HEIGHT="664" WIDTH="1069">
          <TextLine ID="TextLine_117" HPOS="2193" VPOS="2718" HEIGHT="37" WIDTH="927">
            <String ID="Textword_323" HPOS="2193" VPOS="2718" HEIGHT="27" WIDTH="92" CONTENT="liefert" WC="0.94" />
            <String ID="Textword_324" HPOS="2305" VPOS="2719" HEIGHT="26" WIDTH="52" CONTENT="seit" WC="0.95" />
            <String ID="Textword_325" HPOS="2376" VPOS="2719" HEIGHT="28" WIDTH="189" CONTENT="Jahrzehnten" WC="0.96" />
            <String ID="Textword_326" HPOS="2583" VPOS="2720" HEIGHT="27" WIDTH="140" CONTENT="bewährte" WC="0.96" />
            <String ID="Textword_327" HPOS="2741" VPOS="2720" HEIGHT="33" WIDTH="200" CONTENT="Spezialitäten" WC="0.96" />
            <String ID="Textword_328" HPOS="2959" VPOS="2721" HEIGHT="26" WIDTH="52" CONTENT="wie" WC="0.96" />
            <String ID="Textword_329" HPOS="3030" VPOS="2721" HEIGHT="34" WIDTH="90" CONTENT="folgt:" WC="0.82" />
          </TextLine>
          <TextLine ID="TextLine_118" HPOS="2431" VPOS="2760" HEIGHT="36" WIDTH="764">
            <String ID="Textword_330" HPOS="2431" VPOS="2760" HEIGHT="27" WIDTH="42" CONTENT="als" WC="0.96" />
            <String ID="Textword_331" HPOS="2493" VPOS="2760" HEIGHT="42" WIDTH="204" CONTENT="vollständiger" WC="0.95" />
            <String ID="Textword_332" HPOS="2715" VPOS="2761" HEIGHT="27" WIDTH="101" CONTENT="Ersatz" WC="0.95" />
            <String ID="Textword_333" HPOS="2841" VPOS="2769" HEIGHT="19" WIDTH="55" CONTENT="von" WC="0.93" />
            <String ID="Textword_334" HPOS="2922" VPOS="2762" HEIGHT="26" WIDTH="90" CONTENT="Borax" WC="0.92" />
            <String ID="Textword_335" HPOS="3033" VPOS="2769" HEIGHT="19" WIDTH="27" CONTENT="u." WC="0.92" />
            <String ID="Textword_336" HPOS="3081" VPOS="2762" HEIGHT="34" WIDTH="114" CONTENT="Schlag-" WC="0.92" />
          </TextLine>
          <TextLine ID="TextLine_119" HPOS="2131" VPOS="2757" HEIGHT="74" WIDTH="1065">
            <String ID="Textword_337" HPOS="2131" VPOS="2757" HEIGHT="63" WIDTH="277" CONTENT="Hart-Löfnulver," WC="0.34" />
            <String ID="Textword_338" HPOS="2429" VPOS="2796" HEIGHT="26" WIDTH="39" CONTENT="als" WC="0.46" />
            <String ID="Textword_339" HPOS="2457" VPOS="2798" HEIGHT="27" WIDTH="20" CONTENT="t," WC="0.92" />
            <String ID="Textword_340" HPOS="2504" VPOS="2797" HEIGHT="25" WIDTH="50" CONTENT="mit" WC="0.92" />
            <String ID="Textword_341" HPOS="2582" VPOS="2797" HEIGHT="25" WIDTH="31" CONTENT="!/s" WC="0.91" />
            <String ID="Textword_342" HPOS="2633" VPOS="2796" HEIGHT="35" WIDTH="115" CONTENT="weniger" WC="0.96" />
            <String ID="Textword_343" HPOS="2767" VPOS="2797" HEIGHT="26" WIDTH="76" CONTENT="Hitze" WC="0.96" />
            <String ID="Textword_344" HPOS="2869" VPOS="2805" HEIGHT="18" WIDTH="35" CONTENT="zu" WC="0.93" />
            <String ID="Textword_345" HPOS="2928" VPOS="2798" HEIGHT="25" WIDTH="73" CONTENT="löten" WC="0.92" />
            <String ID="Textword_346" HPOS="3026" VPOS="2798" HEIGHT="26" WIDTH="57" CONTENT="und" WC="0.96" />
            <String ID="Textword_347" HPOS="3106" VPOS="2798" HEIGHT="33" WIDTH="90" CONTENT="gleich" WC="0.96" />
          </TextLine>
          <TextLine ID="TextLine_120" HPOS="2166" VPOS="2796" HEIGHT="63" WIDTH="1031">
            <String ID="Textword_348" HPOS="2166" VPOS="2831" HEIGHT="25" WIDTH="69" CONTENT="zähe" WC="0.92" />
            <String ID="Textword_349" HPOS="2253" VPOS="2831" HEIGHT="26" WIDTH="56" CONTENT="und" WC="0.96" />
            <String ID="Textword_350" HPOS="2329" VPOS="2796" HEIGHT="61" WIDTH="163" CONTENT="artnet" WC="0.22" />
            <String ID="Textword_351" HPOS="2506" VPOS="2832" HEIGHT="26" WIDTH="162" CONTENT="Lütstellen." WC="0.88" />
            <String ID="Textword_352" HPOS="2687" VPOS="2831" HEIGHT="28" WIDTH="510" CONTENT="stestertestertesteotertestestestertestestestestestesteste" WC="0.00" />
          </TextLine>
          <TextLine ID="TextLine_121" HPOS="2476" VPOS="2867" HEIGHT="35" WIDTH="721">
            <String ID="Textword_353" HPOS="2476" VPOS="2875" HEIGHT="33" WIDTH="45" CONTENT="um" WC="0.91" />
            <String ID="Textword_354" HPOS="2549" VPOS="2867" HEIGHT="42" WIDTH="210" CONTENT="warmlaufende" WC="0.83" />
            <String ID="Textword_355" HPOS="2780" VPOS="2867" HEIGHT="35" WIDTH="87" CONTENT="Lager" WC="0.91" />
            <String ID="Textword_356" HPOS="2892" VPOS="2869" HEIGHT="25" WIDTH="93" CONTENT="innert" WC="0.91" />
            <String ID="Textword_357" HPOS="3010" VPOS="2869" HEIGHT="25" WIDTH="100" CONTENT="kurzer" WC="0.96" />
            <String ID="Textword_358" HPOS="3135" VPOS="2869" HEIGHT="26" WIDTH="62" CONTENT="Zeit" WC="0.96" />
          </TextLine>
          <TextLine ID="TextLine_122" HPOS="2131" VPOS="2865" HEIGHT="72" WIDTH="1064">
            <String ID="Textword_359" HPOS="2159" VPOS="2869" HEIGHT="7" WIDTH="15" CONTENT="Kühlfett" WC="0.87" />
            <String ID="Textword_360" HPOS="2131" VPOS="2865" HEIGHT="62" WIDTH="317" CONTENT="u." WC="0.89" />
            <String ID="Textword_361" HPOS="2358" VPOS="2870" HEIGHT="45" WIDTH="91" CONTENT="Kühlöl," WC="0.91" />
            <String ID="Textword_362" HPOS="2477" VPOS="2911" HEIGHT="18" WIDTH="35" CONTENT="=" WC="0.49" />
            <String ID="Textword_363" HPOS="2514" VPOS="2903" HEIGHT="26" WIDTH="65" CONTENT="eder" WC="0.92" />
            <String ID="Textword_364" HPOS="2597" VPOS="2903" HEIGHT="26" WIDTH="28" CONTENT="in" WC="0.96" />
            <String ID="Textword_365" HPOS="2645" VPOS="2903" HEIGHT="27" WIDTH="135" CONTENT="normalen" WC="0.95" />
            <String ID="Textword_366" HPOS="2796" VPOS="2904" HEIGHT="26" WIDTH="121" CONTENT="Zustand" WC="0.95" />
            <String ID="Textword_367" HPOS="2936" VPOS="2912" HEIGHT="18" WIDTH="34" CONTENT="zu" WC="0.96" />
            <String ID="Textword_368" HPOS="2983" VPOS="2904" HEIGHT="33" WIDTH="125" CONTENT="bringen," WC="0.94" />
            <String ID="Textword_369" HPOS="3128" VPOS="2905" HEIGHT="27" WIDTH="67" CONTENT="ohne" WC="0.96" />
          </TextLine>
          <TextLine ID="TextLine_123" HPOS="2172" VPOS="2911" HEIGHT="56" WIDTH="1023">
            <String ID="Textword_370" HPOS="2172" VPOS="2938" HEIGHT="26" WIDTH="50" CONTENT="den" WC="0.91" />
            <String ID="Textword_371" HPOS="2252" VPOS="2937" HEIGHT="28" WIDTH="109" CONTENT="Betricb" WC="0.89" />
            <String ID="Textword_372" HPOS="2389" VPOS="2911" HEIGHT="55" WIDTH="179" CONTENT="einzustellen" WC="0.76" />
            <String ID="Textword_373" HPOS="2596" VPOS="2939" HEIGHT="26" WIDTH="56" CONTENT="und" WC="0.92" />
            <String ID="Textword_374" HPOS="2680" VPOS="2938" HEIGHT="28" WIDTH="166" CONTENT="vortrefflich" WC="0.90" />
            <String ID="Textword_375" HPOS="2875" VPOS="2947" HEIGHT="19" WIDTH="58" CONTENT="zum" WC="0.93" />
            <String ID="Textword_376" HPOS="2962" VPOS="2939" HEIGHT="28" WIDTH="233" CONTENT="Einlaufenlassen" WC="0.91" />
          </TextLine>
          <TextLine ID="TextLine_124" HPOS="2168" VPOS="2973" HEIGHT="29" WIDTH="1029">
            <String ID="Textword_377" HPOS="2168" VPOS="2980" HEIGHT="20" WIDTH="82" CONTENT="neuer" WC="0.96" />
            <String ID="Textword_378" HPOS="2270" VPOS="2973" HEIGHT="27" WIDTH="163" CONTENT="Maschinen." WC="0.77" />
            <String ID="Textword_379" HPOS="2664" VPOS="2974" HEIGHT="28" WIDTH="533" CONTENT="KT" WC="0.32" />
          </TextLine>
          <TextLine ID="TextLine_125" HPOS="2469" VPOS="3010" HEIGHT="28" WIDTH="726">
            <String ID="Textword_380" HPOS="2469" VPOS="3017" HEIGHT="19" WIDTH="45" CONTENT="um" WC="0.96" />
            <String ID="Textword_381" HPOS="2542" VPOS="3019" HEIGHT="17" WIDTH="43" CONTENT="am" WC="0.96" />
            <String ID="Textword_382" HPOS="2611" VPOS="3010" HEIGHT="26" WIDTH="105" CONTENT="offenen" WC="0.96" />
            <String ID="Textword_383" HPOS="2743" VPOS="3010" HEIGHT="26" WIDTH="87" CONTENT="Feuer" WC="0.96" />
            <String ID="Textword_384" HPOS="2854" VPOS="3011" HEIGHT="25" WIDTH="82" CONTENT="Eisen" WC="0.96" />
            <String ID="Textword_385" HPOS="2956" VPOS="3014" HEIGHT="22" WIDTH="51" CONTENT="etc." WC="0.91" />
            <String ID="Textword_386" HPOS="3034" VPOS="3011" HEIGHT="26" WIDTH="104" CONTENT="schnell" WC="0.96" />
            <String ID="Textword_387" HPOS="3160" VPOS="3019" HEIGHT="19" WIDTH="35" CONTENT="zu" WC="0.96" />
          </TextLine>
          <TextLine ID="TextLine_126" HPOS="2130" VPOS="3008" HEIGHT="71" WIDTH="1065">
            <String ID="Textword_388" HPOS="2130" VPOS="3008" HEIGHT="61" WIDTH="318" CONTENT="Abbrennpulver" WC="0.87" />
            <String ID="Textword_389" HPOS="0" VPOS="0" HEIGHT="4983" WIDTH="3396" CONTENT="B," WC="0.92" />
            <String ID="Textword_390" HPOS="2471" VPOS="3045" HEIGHT="30" WIDTH="125" CONTENT="härtnen," WC="0.91" />
            <String ID="Textword_391" HPOS="2622" VPOS="3045" HEIGHT="27" WIDTH="42" CONTENT="bis" WC="0.96" />
            <String ID="Textword_392" HPOS="2690" VPOS="3045" HEIGHT="34" WIDTH="43" CONTENT="2,5" WC="0.96" />
            <String ID="Textword_393" HPOS="2753" VPOS="3054" HEIGHT="17" WIDTH="53" CONTENT="mm" WC="0.92" />
            <String ID="Textword_394" HPOS="2833" VPOS="3045" HEIGHT="33" WIDTH="58" CONTENT="tief," WC="0.91" />
            <String ID="Textword_395" HPOS="2916" VPOS="3046" HEIGHT="32" WIDTH="28" CONTENT="je" WC="0.96" />
            <String ID="Textword_396" HPOS="2969" VPOS="3046" HEIGHT="25" WIDTH="70" CONTENT="nach" WC="0.95" />
            <String ID="Textword_397" HPOS="3059" VPOS="3047" HEIGHT="26" WIDTH="136" CONTENT="Material." WC="0.95" />
          </TextLine>
          <TextLine ID="TextLine_127" HPOS="2441" VPOS="3080" HEIGHT="35" WIDTH="754">
            <String ID="Textword_398" HPOS="2441" VPOS="3088" HEIGHT="18" WIDTH="62" CONTENT="zum" WC="0.91" />
            <String ID="Textword_399" HPOS="2533" VPOS="3066" HEIGHT="41" WIDTH="182" CONTENT="Schweissen" WC="0.90" />
            <String ID="Textword_400" HPOS="2732" VPOS="3089" HEIGHT="18" WIDTH="53" CONTENT="von" WC="0.93" />
            <String ID="Textword_401" HPOS="2814" VPOS="3066" HEIGHT="41" WIDTH="83" CONTENT="Eisen" WC="0.92" />
            <String ID="Textword_402" HPOS="2926" VPOS="3081" HEIGHT="26" WIDTH="55" CONTENT="und" WC="0.95" />
            <String ID="Textword_403" HPOS="3008" VPOS="3081" HEIGHT="34" WIDTH="78" CONTENT="jeden" WC="0.92" />
            <String ID="Textword_404" HPOS="3114" VPOS="3082" HEIGHT="27" WIDTH="81" CONTENT="Stahl" WC="0.92" />
          </TextLine>
          <TextLine ID="TextLine_128" HPOS="2129" VPOS="3079" HEIGHT="66" WIDTH="1067">
            <String ID="Textword_405" HPOS="2129" VPOS="3079" HEIGHT="61" WIDTH="284" CONTENT="schweisspulver," WC="0.43" />
            <String ID="Textword_406" HPOS="2442" VPOS="3116" HEIGHT="26" WIDTH="17" CONTENT="&gt;" WC="0.46" />
            <String ID="Textword_407" HPOS="2460" VPOS="3116" HEIGHT="28" WIDTH="68" CONTENT="urch" WC="0.90" />
            <String ID="Textword_408" HPOS="2546" VPOS="3116" HEIGHT="26" WIDTH="56" CONTENT="und" WC="0.96" />
            <String ID="Textword_409" HPOS="2622" VPOS="3116" HEIGHT="26" WIDTH="84" CONTENT="durch" WC="0.93" />
            <String ID="Textword_410" HPOS="2725" VPOS="3116" HEIGHT="27" WIDTH="179" CONTENT="verbindend." WC="0.92" />
            <String ID="Textword_411" HPOS="2927" VPOS="3116" HEIGHT="29" WIDTH="269" CONTENT="Are" WC="0.22" />
          </TextLine>
          <TextLine ID="TextLine_129" HPOS="2442" VPOS="3116" HEIGHT="64" WIDTH="753">
            <String ID="Textword_412" HPOS="2442" VPOS="3116" HEIGHT="62" WIDTH="63" CONTENT="qu" WC="0.51" />
            <String ID="Textword_413" HPOS="2524" VPOS="3152" HEIGHT="26" WIDTH="147" CONTENT="Einsetzen" WC="0.91" />
            <String ID="Textword_414" HPOS="2691" VPOS="3152" HEIGHT="26" WIDTH="27" CONTENT="in" WC="0.93" />
            <String ID="Textword_415" HPOS="2739" VPOS="3152" HEIGHT="27" WIDTH="87" CONTENT="Oefen" WC="0.90" />
            <String ID="Textword_416" HPOS="2846" VPOS="3153" HEIGHT="26" WIDTH="65" CONTENT="oder" WC="0.93" />
            <String ID="Textword_417" HPOS="2930" VPOS="3153" HEIGHT="26" WIDTH="102" CONTENT="Kisten" WC="0.93" />
            <String ID="Textword_418" HPOS="3052" VPOS="3154" HEIGHT="26" WIDTH="56" CONTENT="und" WC="0.96" />
            <String ID="Textword_419" HPOS="3126" VPOS="3154" HEIGHT="26" WIDTH="69" CONTENT="wird" WC="0.96" />
          </TextLine>
          <TextLine ID="TextLine_130" HPOS="2129" VPOS="3151" HEIGHT="72" WIDTH="1065">
            <String ID="Textword_420" HPOS="2129" VPOS="3151" HEIGHT="50" WIDTH="242" CONTENT="Einsatzpulver" WC="0.91" />
            <String ID="Textword_421" HPOS="2392" VPOS="3151" HEIGHT="61" WIDTH="31" CONTENT="G," WC="0.60" />
            <String ID="Textword_422" HPOS="2443" VPOS="3187" HEIGHT="26" WIDTH="48" CONTENT="das" WC="0.93" />
            <String ID="Textword_423" HPOS="2520" VPOS="3186" HEIGHT="35" WIDTH="172" CONTENT="eingesetzte" WC="0.91" />
            <String ID="Textword_424" HPOS="2715" VPOS="3189" HEIGHT="26" WIDTH="126" CONTENT="Material" WC="0.96" />
            <String ID="Textword_425" HPOS="2867" VPOS="3189" HEIGHT="26" WIDTH="28" CONTENT="in" WC="0.96" />
            <String ID="Textword_426" HPOS="2923" VPOS="3188" HEIGHT="27" WIDTH="60" CONTENT="Zeit" WC="0.96" />
            <String ID="Textword_427" HPOS="3008" VPOS="3197" HEIGHT="18" WIDTH="54" CONTENT="von" WC="0.93" />
            <String ID="Textword_428" HPOS="3085" VPOS="3190" HEIGHT="33" WIDTH="109" CONTENT="einigen" WC="0.92" />
          </TextLine>
          <TextLine ID="TextLine_131" HPOS="2164" VPOS="3223" HEIGHT="35" WIDTH="1031">
            <String ID="Textword_429" HPOS="2164" VPOS="3223" HEIGHT="26" WIDTH="124" CONTENT="Stunden" WC="0.92" />
            <String ID="Textword_430" HPOS="2306" VPOS="3223" HEIGHT="26" WIDTH="51" CONTENT="mit" WC="0.93" />
            <String ID="Textword_431" HPOS="2377" VPOS="3206" HEIGHT="43" WIDTH="102" CONTENT="diesem" WC="0.92" />
            <String ID="Textword_432" HPOS="2498" VPOS="3223" HEIGHT="33" WIDTH="213" CONTENT="Einsatzpulver" WC="0.90" />
            <String ID="Textword_433" HPOS="2733" VPOS="3224" HEIGHT="34" WIDTH="135" CONTENT="glashart." WC="0.91" />
            <String ID="Textword_434" HPOS="2899" VPOS="3224" HEIGHT="27" WIDTH="296" CONTENT="stereo" WC="0.00" />
          </TextLine>
          <TextLine ID="TextLine_132" HPOS="2129" VPOS="3258" HEIGHT="43" WIDTH="1065">
            <String ID="Textword_435" HPOS="2129" VPOS="3258" HEIGHT="43" WIDTH="243" CONTENT="Härfnewasser" WC="0.49" />
            <String ID="Textword_436" HPOS="2397" VPOS="3267" HEIGHT="18" WIDTH="49" CONTENT="zur" WC="0.93" />
            <String ID="Textword_437" HPOS="2459" VPOS="3258" HEIGHT="35" WIDTH="165" CONTENT="Verhütung" WC="0.83" />
            <String ID="Textword_438" HPOS="2643" VPOS="3259" HEIGHT="26" WIDTH="47" CONTENT="des" WC="0.93" />
            <String ID="Textword_439" HPOS="2703" VPOS="3260" HEIGHT="26" WIDTH="169" CONTENT="Zerreissens" WC="0.92" />
            <String ID="Textword_440" HPOS="2886" VPOS="3260" HEIGHT="26" WIDTH="57" CONTENT="und" WC="0.93" />
            <String ID="Textword_441" HPOS="2957" VPOS="3260" HEIGHT="27" WIDTH="237" CONTENT="Krummwerdens" WC="0.88" />
          </TextLine>
          <TextLine ID="TextLine_133" HPOS="2128" VPOS="3294" HEIGHT="33" WIDTH="1067">
            <String ID="Textword_442" HPOS="2128" VPOS="3312" HEIGHT="7" WIDTH="213" CONTENT="—" WC="0.00" />
            <String ID="Textword_443" HPOS="2342" VPOS="3313" HEIGHT="6" WIDTH="36" CONTENT="75" WC="0.00" />
            <String ID="Textword_444" HPOS="2397" VPOS="3295" HEIGHT="26" WIDTH="46" CONTENT="der" WC="0.91" />
            <String ID="Textword_445" HPOS="2462" VPOS="3291" HEIGHT="36" WIDTH="184" CONTENT="Werkzenge." WC="0.71" />
            <String ID="Textword_446" HPOS="2659" VPOS="3294" HEIGHT="28" WIDTH="536" CONTENT="sietestestertstestestestestestertestestestestestestesteste" WC="0.00" />
          </TextLine>
          <TextLine ID="TextLine_134" HPOS="2129" VPOS="3329" HEIGHT="53" WIDTH="1064">
            <String ID="Textword_447" HPOS="2129" VPOS="3330" HEIGHT="48" WIDTH="99" CONTENT="Bobr-" WC="0.74" />
            <String ID="Textword_448" HPOS="2249" VPOS="3331" HEIGHT="42" WIDTH="61" CONTENT="und" WC="0.93" />
            <String ID="Textword_449" HPOS="2325" VPOS="3329" HEIGHT="53" WIDTH="400" CONTENT="Fräs-Schmierpräparat," WC="0.91" />
            <String ID="Textword_450" HPOS="2754" VPOS="3332" HEIGHT="42" WIDTH="64" CONTENT="sehr" WC="0.12" />
            <String ID="Textword_451" HPOS="2837" VPOS="3332" HEIGHT="40" WIDTH="184" CONTENT="ökonomisch," WC="0.95" />
            <String ID="Textword_452" HPOS="3040" VPOS="3340" HEIGHT="33" WIDTH="62" CONTENT="zum" WC="0.86" />
            <String ID="Textword_453" HPOS="3122" VPOS="3332" HEIGHT="27" WIDTH="71" CONTENT="Aut-" WC="0.72" />
          </TextLine>
        </TextBlock>
        <TextBlock ID="TextBlock_101" HPOS="2164" VPOS="3367" HEIGHT="69" WIDTH="1031">
          <TextLine ID="TextLine_135" HPOS="2727" VPOS="3367" HEIGHT="37" WIDTH="466">
            <String ID="Textword_454" HPOS="2727" VPOS="3367" HEIGHT="12" WIDTH="7" CONTENT="?" WC="0.37" />
            <String ID="Textword_455" HPOS="2753" VPOS="3367" HEIGHT="26" WIDTH="74" CONTENT="lösen" WC="0.92" />
            <String ID="Textword_456" HPOS="2856" VPOS="3375" HEIGHT="18" WIDTH="28" CONTENT="in" WC="0.96" />
            <String ID="Textword_457" HPOS="2904" VPOS="3367" HEIGHT="37" WIDTH="121" CONTENT="Wasser," WC="0.96" />
            <String ID="Textword_458" HPOS="3049" VPOS="3376" HEIGHT="18" WIDTH="28" CONTENT="in" WC="0.96" />
            <String ID="Textword_459" HPOS="3104" VPOS="3368" HEIGHT="26" WIDTH="15" CONTENT="5" WC="0.92" />
            <String ID="Textword_460" HPOS="3143" VPOS="3368" HEIGHT="34" WIDTH="50" CONTENT="kg-" WC="0.92" />
          </TextLine>
          <TextLine ID="TextLine_136" HPOS="2164" VPOS="3401" HEIGHT="35" WIDTH="1031">
            <String ID="Textword_461" HPOS="2164" VPOS="3402" HEIGHT="27" WIDTH="208" CONTENT="Probebüchsen" WC="0.93" />
            <String ID="Textword_462" HPOS="2391" VPOS="3410" HEIGHT="18" WIDTH="35" CONTENT="zu" WC="0.93" />
            <String ID="Textword_463" HPOS="2445" VPOS="3402" HEIGHT="26" WIDTH="44" CONTENT="Fı." WC="0.92" />
            <String ID="Textword_464" HPOS="2511" VPOS="3401" HEIGHT="28" WIDTH="66" CONTENT="1.20" WC="0.96" />
            <String ID="Textword_465" HPOS="2597" VPOS="3410" HEIGHT="25" WIDTH="48" CONTENT="per" WC="0.96" />
            <String ID="Textword_466" HPOS="2664" VPOS="3403" HEIGHT="33" WIDTH="46" CONTENT="kg." WC="0.94" />
            <String ID="Textword_467" HPOS="2737" VPOS="3401" HEIGHT="29" WIDTH="458" CONTENT="TE" WC="0.00" />
          </TextLine>
        </TextBlock>
        <TextBlock ID="TextBlock_102" HPOS="2128" VPOS="3446" HEIGHT="143" WIDTH="1068">
          <TextLine ID="TextLine_137" HPOS="2326" VPOS="3446" HEIGHT="34" WIDTH="673">
            <String ID="Textword_468" HPOS="2326" VPOS="3446" HEIGHT="30" WIDTH="148" CONTENT="Sämtliche" WC="0.95" />
            <String ID="Textword_469" HPOS="2492" VPOS="3446" HEIGHT="34" WIDTH="156" CONTENT="Präparate" WC="0.96" />
            <String ID="Textword_470" HPOS="2667" VPOS="3449" HEIGHT="26" WIDTH="106" CONTENT="werden" WC="0.96" />
            <String ID="Textword_471" HPOS="2794" VPOS="3448" HEIGHT="26" WIDTH="24" CONTENT="in" WC="0.91" />
            <String ID="Textword_472" HPOS="2838" VPOS="3448" HEIGHT="27" WIDTH="161" CONTENT="Büchsen" WC="0.91" />
          </TextLine>
          <TextLine ID="TextLine_138" HPOS="2325" VPOS="3483" HEIGHT="33" WIDTH="673">
            <String ID="Textword_473" HPOS="2325" VPOS="3489" HEIGHT="20" WIDTH="69" CONTENT="von" WC="0.95" />
            <String ID="Textword_474" HPOS="2407" VPOS="3484" HEIGHT="25" WIDTH="15" CONTENT="1" WC="0.69" />
            <String ID="Textword_475" HPOS="2435" VPOS="3483" HEIGHT="33" WIDTH="49" CONTENT="kg" WC="0.59" />
            <String ID="Textword_476" HPOS="2504" VPOS="3489" HEIGHT="20" WIDTH="44" CONTENT="an" WC="0.93" />
            <String ID="Textword_477" HPOS="2570" VPOS="3483" HEIGHT="27" WIDTH="97" CONTENT="franko" WC="0.92" />
            <String ID="Textword_478" HPOS="2687" VPOS="3483" HEIGHT="27" WIDTH="34" CONTENT="ab" WC="0.93" />
            <String ID="Textword_479" HPOS="2742" VPOS="3483" HEIGHT="27" WIDTH="96" CONTENT="Fabrik" WC="0.93" />
            <String ID="Textword_480" HPOS="2859" VPOS="3485" HEIGHT="25" WIDTH="139" CONTENT="versandt." WC="0.90" />
          </TextLine>
          <TextLine ID="TextLine_139" HPOS="2130" VPOS="3519" HEIGHT="27" WIDTH="1064">
            <String ID="Textword_481" HPOS="2130" VPOS="3519" HEIGHT="27" WIDTH="54" CONTENT="PS." WC="0.96" />
            <String ID="Textword_482" HPOS="2217" VPOS="3519" HEIGHT="26" WIDTH="100" CONTENT="Meine" WC="0.93" />
            <String ID="Textword_483" HPOS="2336" VPOS="3519" HEIGHT="27" WIDTH="166" CONTENT="Fabrikate" WC="0.91" />
            <String ID="Textword_484" HPOS="2520" VPOS="3519" HEIGHT="27" WIDTH="72" CONTENT="sind" WC="0.96" />
            <String ID="Textword_485" HPOS="2611" VPOS="3519" HEIGHT="27" WIDTH="84" CONTENT="nicht" WC="0.67" />
            <String ID="Textword_486" HPOS="2712" VPOS="3526" HEIGHT="19" WIDTH="38" CONTENT="zu" WC="0.93" />
            <String ID="Textword_487" HPOS="2768" VPOS="3519" HEIGHT="26" WIDTH="199" CONTENT="verwechseln" WC="0.72" />
            <String ID="Textword_488" HPOS="2984" VPOS="3519" HEIGHT="26" WIDTH="57" CONTENT="mit" WC="0.92" />
            <String ID="Textword_489" HPOS="3060" VPOS="3519" HEIGHT="26" WIDTH="134" CONTENT="minder-" WC="0.91" />
          </TextLine>
          <TextLine ID="TextLine_140" HPOS="2128" VPOS="3553" HEIGHT="36" WIDTH="1068">
            <String ID="Textword_490" HPOS="2128" VPOS="3555" HEIGHT="33" WIDTH="143" CONTENT="wertigen" WC="0.91" />
            <String ID="Textword_491" HPOS="2282" VPOS="3555" HEIGHT="33" WIDTH="275" CONTENT="Nachahmungen." WC="0.90" />
            <String ID="Textword_492" HPOS="2573" VPOS="3570" HEIGHT="3" WIDTH="33" CONTENT="—" WC="0.92" />
            <String ID="Textword_493" HPOS="2615" VPOS="3556" HEIGHT="25" WIDTH="77" CONTENT="Man" WC="0.96" />
            <String ID="Textword_494" HPOS="2703" VPOS="3555" HEIGHT="26" WIDTH="87" CONTENT="achte" WC="0.96" />
            <String ID="Textword_495" HPOS="2799" VPOS="3561" HEIGHT="26" WIDTH="103" CONTENT="genau" WC="0.96" />
            <String ID="Textword_496" HPOS="2914" VPOS="3553" HEIGHT="33" WIDTH="62" CONTENT="auf" WC="0.95" />
            <String ID="Textword_497" HPOS="2982" VPOS="3554" HEIGHT="33" WIDTH="87" CONTENT="obige" WC="0.96" />
            <String ID="Textword_498" HPOS="3078" VPOS="3554" HEIGHT="35" WIDTH="118" CONTENT="Firma," WC="0.86" />
          </TextLine>
        </TextBlock>
        <TextBlock ID="TextBlock_103" HPOS="2095" VPOS="3710" HEIGHT="98" WIDTH="1129">
          <TextLine ID="TextLine_141" HPOS="2095" VPOS="3710" HEIGHT="98" WIDTH="1129">
            <String ID="Textword_499" HPOS="2095" VPOS="3713" HEIGHT="78" WIDTH="63" CONTENT="E." WC="0.90" />
            <String ID="Textword_500" HPOS="2210" VPOS="3710" HEIGHT="98" WIDTH="359" CONTENT="FATZER," WC="0.91" />
            <String ID="Textword_501" HPOS="2630" VPOS="3711" HEIGHT="81" WIDTH="594" CONTENT="ROMANSHORN" WC="0.89" />
          </TextLine>
        </TextBlock>
        <TextBlock ID="TextBlock_104" HPOS="2090" VPOS="3814" HEIGHT="35" WIDTH="1139">
          <TextLine ID="TextLine_142" HPOS="2090" VPOS="3814" HEIGHT="35" WIDTH="1139">
            <String ID="Textword_502" HPOS="2090" VPOS="3814" HEIGHT="34" WIDTH="142" CONTENT="MECH." WC="0.85" />
            <String ID="Textword_503" HPOS="2268" VPOS="3814" HEIGHT="34" WIDTH="431" CONTENT="DRAHTSEILFABRIK" WC="0.90" />
            <String ID="Textword_504" HPOS="2744" VPOS="3817" HEIGHT="32" WIDTH="97" CONTENT="UND" WC="0.93" />
            <String ID="Textword_505" HPOS="2888" VPOS="3815" HEIGHT="33" WIDTH="341" CONTENT="HANFSEILEREI" WC="0.92" />
          </TextLine>
        </TextBlock>
        <TextBlock ID="TextBlock_105" HPOS="2508" VPOS="3902" HEIGHT="403" WIDTH="364">
          <TextLine ID="TextLine_143" HPOS="2516" VPOS="3902" HEIGHT="75" WIDTH="339">
            <String ID="Textword_506" HPOS="2516" VPOS="3902" HEIGHT="75" WIDTH="339" CONTENT="DRANTSEILE" WC="0.58" />
          </TextLine>
          <TextLine ID="TextLine_144" HPOS="2652" VPOS="4022" HEIGHT="32" WIDTH="81">
            <String ID="Textword_507" HPOS="2652" VPOS="4022" HEIGHT="32" WIDTH="81" CONTENT="FÜR" WC="0.96" />
          </TextLine>
          <TextLine ID="TextLine_145" HPOS="2508" VPOS="4072" HEIGHT="62" WIDTH="268">
            <String ID="Textword_508" HPOS="2508" VPOS="4072" HEIGHT="62" WIDTH="176" CONTENT="KRAHNEN" WC="0.90" />
            <String ID="Textword_509" HPOS="2704" VPOS="4072" HEIGHT="44" WIDTH="72" CONTENT="UND" WC="0.96" />
          </TextLine>
          <TextLine ID="TextLine_146" HPOS="2510" VPOS="4135" HEIGHT="44" WIDTH="173">
            <String ID="Textword_510" HPOS="2510" VPOS="4135" HEIGHT="44" WIDTH="173" CONTENT="AUFZÜCE" WC="0.52" />
          </TextLine>
          <TextLine ID="TextLine_147" HPOS="2511" VPOS="4196" HEIGHT="46" WIDTH="361">
            <String ID="Textword_511" HPOS="2511" VPOS="4196" HEIGHT="46" WIDTH="361" CONTENT="DRAHTSEILBAHNEN" WC="0.86" />
          </TextLine>
          <TextLine ID="TextLine_148" HPOS="2511" VPOS="4258" HEIGHT="47" WIDTH="335">
            <String ID="Textword_512" HPOS="2511" VPOS="4258" HEIGHT="47" WIDTH="335" CONTENT="LUFTSEILBAHNEN" WC="0.91" />
          </TextLine>
        </TextBlock>
        <TextBlock ID="TextBlock_106" HPOS="2126" VPOS="4321" HEIGHT="86" WIDTH="1063">
          <TextLine ID="TextLine_149" HPOS="2217" VPOS="4321" HEIGHT="41" WIDTH="876">
            <String ID="Textword_513" HPOS="2217" VPOS="4336" HEIGHT="26" WIDTH="39" CONTENT="IN" WC="0.93" />
            <String ID="Textword_514" HPOS="2282" VPOS="4322" HEIGHT="39" WIDTH="514" CONTENT="ZWECKENTSPRECHENDER" WC="0.91" />
            <String ID="Textword_515" HPOS="2818" VPOS="4321" HEIGHT="35" WIDTH="275" CONTENT="AUSFÜHRUNG" WC="0.92" />
          </TextLine>
          <TextLine ID="TextLine_150" HPOS="2126" VPOS="4370" HEIGHT="37" WIDTH="1063">
            <String ID="Textword_516" HPOS="2126" VPOS="4379" HEIGHT="28" WIDTH="253" CONTENT="ZAHLREICHE" WC="0.90" />
            <String ID="Textword_517" HPOS="2399" VPOS="4377" HEIGHT="28" WIDTH="260" CONTENT="REFERENZEN" WC="0.90" />
            <String ID="Textword_518" HPOS="2680" VPOS="4370" HEIGHT="32" WIDTH="105" CONTENT="ÜBER" WC="0.91" />
            <String ID="Textword_519" HPOS="2805" VPOS="4372" HEIGHT="28" WIDTH="247" CONTENT="GELIEFERTE" WC="0.91" />
            <String ID="Textword_520" HPOS="3071" VPOS="4373" HEIGHT="27" WIDTH="118" CONTENT="SEILE." WC="0.91" />
          </TextLine>
        </TextBlock>
        <TextBlock ID="TextBlock_107" HPOS="2257" VPOS="4426" HEIGHT="154" WIDTH="815">
          <TextLine ID="TextLine_151" HPOS="2414" VPOS="4426" HEIGHT="38" WIDTH="501">
            <String ID="Textword_521" HPOS="2414" VPOS="4432" HEIGHT="32" WIDTH="146" CONTENT="FEINE" WC="0.87" />
            <String ID="Textword_522" HPOS="2595" VPOS="4426" HEIGHT="36" WIDTH="320" CONTENT="DRAHTSEILE" WC="0.91" />
          </TextLine>
          <TextLine ID="TextLine_152" HPOS="2257" VPOS="4488" HEIGHT="35" WIDTH="815">
            <String ID="Textword_523" HPOS="2257" VPOS="4489" HEIGHT="34" WIDTH="80" CONTENT="FÜR" WC="0.93" />
            <String ID="Textword_524" HPOS="2356" VPOS="4489" HEIGHT="33" WIDTH="315" CONTENT="BOGENLAMPEN," WC="0.91" />
            <String ID="Textword_525" HPOS="2691" VPOS="4488" HEIGHT="28" WIDTH="172" CONTENT="SIGNALE" WC="0.96" />
            <String ID="Textword_526" HPOS="2883" VPOS="4489" HEIGHT="27" WIDTH="84" CONTENT="ETC." WC="0.95" />
            <String ID="Textword_527" HPOS="2987" VPOS="4489" HEIGHT="27" WIDTH="85" CONTENT="ETC." WC="0.95" />
          </TextLine>
          <TextLine ID="TextLine_153" HPOS="2409" VPOS="4542" HEIGHT="38" WIDTH="504">
            <String ID="Textword_528" HPOS="2409" VPOS="4542" HEIGHT="38" WIDTH="504" CONTENT="TRANSMISSIONSSEILE" WC="0.88" />
          </TextLine>
        </TextBlock>
        <TextBlock ID="TextBlock_108" HPOS="3195" VPOS="2922" HEIGHT="38" WIDTH="1">
          <TextLine ID="TextLine_154" HPOS="3195" VPOS="2922" HEIGHT="38" WIDTH="1">
            <SP ID="Textword_51" HPOS="3195" VPOS="2922" />
            <String ID="Textword_529" HPOS="3195" VPOS="2922" HEIGHT="38" WIDTH="1" CONTENT="  " WC="0.95" />
          </TextLine>
        </TextBlock>
        <TextBlock ID="TextBlock_109" HPOS="2128" VPOS="3383" HEIGHT="8" WIDTH="607">
          <TextLine ID="TextLine_155" HPOS="2128" VPOS="3383" HEIGHT="8" WIDTH="607">
            <SP ID="Textword_52" HPOS="2128" VPOS="3383" />
            <String ID="Textword_530" HPOS="2128" VPOS="3383" HEIGHT="8" WIDTH="607" CONTENT=" " WC="0.95" />
          </TextLine>
        </TextBlock>
        <TextBlock ID="TextBlock_110" HPOS="2089" VPOS="3642" HEIGHT="9" WIDTH="1142">
          <TextLine ID="TextLine_156" HPOS="2089" VPOS="3642" HEIGHT="9" WIDTH="1142">
            <SP ID="Textword_53" HPOS="2089" VPOS="3642" />
            <String ID="Textword_531" HPOS="2089" VPOS="3642" HEIGHT="9" WIDTH="1142" CONTENT=" " WC="0.95" />
          </TextLine>
        </TextBlock>
        <TextBlock ID="TextBlock_111" HPOS="2089" VPOS="3856" HEIGHT="11" WIDTH="1140">
          <TextLine ID="TextLine_157" HPOS="2089" VPOS="3856" HEIGHT="11" WIDTH="1140">
            <SP ID="Textword_54" HPOS="2089" VPOS="3856" />
            <String ID="Textword_532" HPOS="2089" VPOS="3856" HEIGHT="11" WIDTH="1140" CONTENT=" " WC="0.95" />
          </TextLine>
        </TextBlock>
        <TextBlock ID="TextBlock_112" HPOS="2908" VPOS="3952" HEIGHT="300" WIDTH="277">
          <TextLine ID="TextLine_158" HPOS="2908" VPOS="3952" HEIGHT="300" WIDTH="277">
            <SP ID="Textword_55" HPOS="2908" VPOS="3952" />
            <String ID="Textword_533" HPOS="2908" VPOS="3952" HEIGHT="300" WIDTH="277" CONTENT=" " WC="0.95" />
          </TextLine>
        </TextBlock>
        <TextBlock ID="TextBlock_113" HPOS="2073" VPOS="385" HEIGHT="4268" WIDTH="19">
          <TextLine ID="TextLine_159" HPOS="2073" VPOS="385" HEIGHT="4268" WIDTH="19">
            <SP ID="Textword_56" HPOS="2073" VPOS="385" />
            <String ID="Textword_534" HPOS="2073" VPOS="385" HEIGHT="4268" WIDTH="19" CONTENT=" " WC="0.95" />
          </TextLine>
        </TextBlock>
        <TextBlock ID="TextBlock_114" HPOS="2109" VPOS="4594" HEIGHT="48" WIDTH="1103">
          <TextLine ID="TextLine_160" HPOS="2109" VPOS="4594" HEIGHT="48" WIDTH="1103">
            <String ID="Textword_535" HPOS="2109" VPOS="4594" HEIGHT="45" WIDTH="79" CONTENT="AUS" WC="0.96" />
            <String ID="Textword_536" HPOS="2208" VPOS="4611" HEIGHT="27" WIDTH="32" CONTENT="Ia" WC="0.89" />
            <String ID="Textword_537" HPOS="2259" VPOS="4610" HEIGHT="27" WIDTH="99" CONTENT="ITAL." WC="0.92" />
            <String ID="Textword_538" HPOS="2378" VPOS="4609" HEIGHT="33" WIDTH="119" CONTENT="HANF," WC="0.91" />
            <String ID="Textword_539" HPOS="2523" VPOS="4604" HEIGHT="28" WIDTH="292" CONTENT="MANILLAHANF" WC="0.89" />
            <String ID="Textword_540" HPOS="2841" VPOS="4605" HEIGHT="27" WIDTH="84" CONTENT="UND" WC="0.93" />
            <String ID="Textword_541" HPOS="2946" VPOS="4602" HEIGHT="29" WIDTH="266" CONTENT="BAUMWOLLE." WC="0.69" />
          </TextLine>
        </TextBlock>
        <TextBlock ID="TextBlock_115" HPOS="3212" VPOS="4668" HEIGHT="315" WIDTH="184">
          <TextLine ID="TextLine_161" HPOS="3212" VPOS="4668" HEIGHT="315" WIDTH="184">
            <SP ID="Textword_57" HPOS="3212" VPOS="4668" />
            <String ID="Textword_542" HPOS="3212" VPOS="4668" HEIGHT="315" WIDTH="184" CONTENT=" " WC="0.95" />
          </TextLine>
        </TextBlock>
        <TextBlock ID="TextBlock_116" HPOS="3385" VPOS="386" HEIGHT="1114" WIDTH="11">
          <TextLine ID="TextLine_162" HPOS="3385" VPOS="386" HEIGHT="1114" WIDTH="11">
            <SP ID="Textword_58" HPOS="3385" VPOS="386" />
            <String ID="Textword_543" HPOS="3385" VPOS="386" HEIGHT="1114" WIDTH="11" CONTENT=" " WC="0.95" />
          </TextLine>
        </TextBlock>
        <TextBlock ID="TextBlock_117" HPOS="3308" VPOS="534" HEIGHT="4247" WIDTH="31">
          <TextLine ID="TextLine_163" HPOS="3308" VPOS="534" HEIGHT="4247" WIDTH="31">
            <SP ID="Textword_59" HPOS="3308" VPOS="534" />
            <String ID="Textword_544" HPOS="3308" VPOS="534" HEIGHT="4247" WIDTH="31" CONTENT=" " WC="0.95" />
          </TextLine>
        </TextBlock>
      </PrintSpace>
    </Page>
  </Layout>
</alto>
