<?xml version="1.0" encoding="UTF-8"?>
<alto xmlns="http://www.loc.gov/standards/alto/ns-v2#" xmlns:xsi="http://www.w3.org/2001/XMLSchema-instance" xsi:schemaLocation="http://www.loc.gov/standards/alto/ns-v2# http://www.loc.gov/standards/alto/alto.xsd">
  <Description>
    <MeasurementUnit>pixel</MeasurementUnit>
    <sourceImageInformation />
    <OCRProcessing ID="OCR_1">
      <preProcessingStep>
        <processingDateTime>2019-05-09T06:42:14</processingDateTime>
        <processingAgency>intranda GmbH, www.intranda.com</processingAgency>
        <processingSoftware>
          <softwareCreator>intranda GmbH, Germany</softwareCreator>
          <softwareName>intranda OCR Module for TaskManager</softwareName>
          <softwareVersion>1.0r42</softwareVersion>
        </processingSoftware>
      </preProcessingStep>
      <ocrProcessingStep>
        <processingSoftware>
          <softwareCreator>Tesseract contributors</softwareCreator>
          <softwareName>Tesseract Open Source OCR Engine</softwareName>
          <softwareVersion>4.0.0-beta.1-270-g5a56</softwareVersion>
        </processingSoftware>
      </ocrProcessingStep>
    </OCRProcessing>
  </Description>
  <Layout>
    <Page ID="PAGE_1" HEIGHT="4983" WIDTH="3419" PHYSICAL_IMG_NR="1">
      <PrintSpace ID="PrintSpace_1" HPOS="0" VPOS="0" HEIGHT="4983" WIDTH="3419">
        <TextBlock ID="TextBlock_1" HPOS="0" VPOS="1040" HEIGHT="3839" WIDTH="15">
          <TextLine ID="TextLine_1" HPOS="0" VPOS="1040" HEIGHT="3839" WIDTH="15">
            <SP ID="Textword_1" HPOS="0" VPOS="1040" />
            <String ID="Textword_1" HPOS="0" VPOS="1040" HEIGHT="3839" WIDTH="15" CONTENT=" " WC="0.95" />
          </TextLine>
        </TextBlock>
        <TextBlock ID="TextBlock_2" HPOS="0" VPOS="4753" HEIGHT="230" WIDTH="922">
          <TextLine ID="TextLine_2" HPOS="0" VPOS="4753" HEIGHT="230" WIDTH="922">
            <SP ID="Textword_2" HPOS="0" VPOS="4753" />
            <String ID="Textword_2" HPOS="0" VPOS="4753" HEIGHT="230" WIDTH="922" CONTENT=" " WC="0.95" />
          </TextLine>
        </TextBlock>
        <TextBlock ID="TextBlock_3" HPOS="1526" VPOS="282" HEIGHT="36" WIDTH="569">
          <TextLine ID="TextLine_3" HPOS="1526" VPOS="282" HEIGHT="36" WIDTH="569">
            <String ID="Textword_3" HPOS="1526" VPOS="282" HEIGHT="27" WIDTH="224" CONTENT="Schweizerische" WC="0.91" />
            <String ID="Textword_4" HPOS="1778" VPOS="283" HEIGHT="35" WIDTH="317" CONTENT="Arbeitgeber-Zeitung." WC="0.91" />
          </TextLine>
        </TextBlock>
        <TextBlock ID="TextBlock_4" HPOS="1997" VPOS="0" HEIGHT="268" WIDTH="1422">
          <TextLine ID="TextLine_4" HPOS="1997" VPOS="0" HEIGHT="268" WIDTH="1422">
            <SP ID="Textword_3" HPOS="1997" VPOS="0" />
            <String ID="Textword_5" HPOS="1997" VPOS="0" HEIGHT="268" WIDTH="1422" CONTENT=" " WC="0.95" />
          </TextLine>
        </TextBlock>
        <TextBlock ID="TextBlock_5" HPOS="3118" VPOS="288" HEIGHT="26" WIDTH="100">
          <TextLine ID="TextLine_5" HPOS="3118" VPOS="288" HEIGHT="26" WIDTH="100">
            <String ID="Textword_6" HPOS="3118" VPOS="288" HEIGHT="26" WIDTH="46" CONTENT="Nr." WC="0.94" />
            <String ID="Textword_7" HPOS="3184" VPOS="288" HEIGHT="25" WIDTH="34" CONTENT="50" WC="0.95" />
          </TextLine>
        </TextBlock>
        <TextBlock ID="TextBlock_6" HPOS="403" VPOS="324" HEIGHT="13" WIDTH="2815">
          <TextLine ID="TextLine_6" HPOS="403" VPOS="324" HEIGHT="13" WIDTH="2815">
            <SP ID="Textword_4" HPOS="403" VPOS="324" />
            <String ID="Textword_8" HPOS="403" VPOS="324" HEIGHT="13" WIDTH="2815" CONTENT=" " WC="0.95" />
          </TextLine>
        </TextBlock>
        <TextBlock ID="TextBlock_7" HPOS="947" VPOS="1937" HEIGHT="132" WIDTH="12">
          <TextLine ID="TextLine_7" HPOS="947" VPOS="1937" HEIGHT="132" WIDTH="12">
            <SP ID="Textword_5" HPOS="947" VPOS="1937" />
            <String ID="Textword_9" HPOS="947" VPOS="1937" HEIGHT="132" WIDTH="12" CONTENT=" " WC="0.95" />
          </TextLine>
        </TextBlock>
        <TextBlock ID="TextBlock_8" HPOS="565" VPOS="1203" HEIGHT="1081" WIDTH="10">
          <TextLine ID="TextLine_8" HPOS="565" VPOS="1203" HEIGHT="1081" WIDTH="10">
            <SP ID="Textword_6" HPOS="565" VPOS="1203" />
            <String ID="Textword_10" HPOS="565" VPOS="1203" HEIGHT="1081" WIDTH="10" CONTENT=" " WC="0.95" />
          </TextLine>
        </TextBlock>
        <TextBlock ID="TextBlock_9" HPOS="921" VPOS="2190" HEIGHT="82" WIDTH="4">
          <TextLine ID="TextLine_9" HPOS="921" VPOS="2190" HEIGHT="82" WIDTH="4">
            <SP ID="Textword_7" HPOS="921" VPOS="2190" />
            <String ID="Textword_11" HPOS="921" VPOS="2190" HEIGHT="82" WIDTH="4" CONTENT=" " WC="0.95" />
          </TextLine>
        </TextBlock>
        <TextBlock ID="TextBlock_10" HPOS="573" VPOS="393" HEIGHT="1940" WIDTH="1863">
          <TextLine ID="TextLine_10" HPOS="573" VPOS="393" HEIGHT="1940" WIDTH="1863">
            <SP ID="Textword_8" HPOS="573" VPOS="393" />
            <String ID="Textword_12" HPOS="573" VPOS="393" HEIGHT="1940" WIDTH="1863" CONTENT=" " WC="0.95" />
          </TextLine>
        </TextBlock>
        <TextBlock ID="TextBlock_11" HPOS="635" VPOS="2377" HEIGHT="188" WIDTH="1724">
          <TextLine ID="TextLine_11" HPOS="635" VPOS="2377" HEIGHT="73" WIDTH="1724">
            <String ID="Textword_13" HPOS="635" VPOS="2377" HEIGHT="70" WIDTH="710" CONTENT="ALLEINVERKAUF" WC="0.91" />
            <String ID="Textword_14" HPOS="1405" VPOS="2381" HEIGHT="68" WIDTH="169" CONTENT="UND" WC="0.92" />
            <String ID="Textword_15" HPOS="1638" VPOS="2380" HEIGHT="70" WIDTH="721" CONTENT="GENERALDEPOT" WC="0.90" />
          </TextLine>
          <TextLine ID="TextLine_12" HPOS="1188" VPOS="2495" HEIGHT="70" WIDTH="605">
            <String ID="Textword_16" HPOS="1188" VPOS="2495" HEIGHT="66" WIDTH="97" CONTENT="für" WC="0.90" />
            <String ID="Textword_17" HPOS="1333" VPOS="2497" HEIGHT="65" WIDTH="96" CONTENT="die" WC="0.96" />
            <String ID="Textword_18" HPOS="1478" VPOS="2496" HEIGHT="69" WIDTH="284" CONTENT="Schweiz" WC="0.90" />
            <String ID="Textword_19" HPOS="1781" VPOS="2517" HEIGHT="47" WIDTH="12" CONTENT=":" WC="0.90" />
          </TextLine>
        </TextBlock>
        <TextBlock ID="TextBlock_12" HPOS="599" VPOS="2605" HEIGHT="189" WIDTH="1790">
          <TextLine ID="TextLine_13" HPOS="599" VPOS="2605" HEIGHT="189" WIDTH="1790">
            <String ID="Textword_20" HPOS="599" VPOS="2605" HEIGHT="98" WIDTH="247" CONTENT="ROB." WC="0.96" />
            <String ID="Textword_21" HPOS="905" VPOS="2605" HEIGHT="189" WIDTH="368" CONTENT="JACOB" WC="0.83" />
            <String ID="Textword_22" HPOS="1343" VPOS="2616" HEIGHT="130" WIDTH="69" CONTENT="&amp;" WC="0.92" />
            <String ID="Textword_23" HPOS="1483" VPOS="2610" HEIGHT="120" WIDTH="163" CONTENT="CS," WC="0.69" />
            <String ID="Textword_24" HPOS="1681" VPOS="2561" HEIGHT="146" WIDTH="708" CONTENT="WINTERTHUR" WC="0.96" />
          </TextLine>
        </TextBlock>
        <TextBlock ID="TextBlock_13" HPOS="344" VPOS="2749" HEIGHT="9" WIDTH="2314">
          <TextLine ID="TextLine_14" HPOS="344" VPOS="2749" HEIGHT="9" WIDTH="2314">
            <SP ID="Textword_9" HPOS="344" VPOS="2749" />
            <String ID="Textword_25" HPOS="344" VPOS="2749" HEIGHT="9" WIDTH="2314" CONTENT=" " WC="0.95" />
          </TextLine>
        </TextBlock>
        <TextBlock ID="TextBlock_14" HPOS="646" VPOS="3273" HEIGHT="190" WIDTH="518">
          <TextLine ID="TextLine_15" HPOS="687" VPOS="3273" HEIGHT="56" WIDTH="439">
            <String ID="Textword_26" HPOS="687" VPOS="3294" HEIGHT="35" WIDTH="214" CONTENT="(Eingetragene" WC="0.96" />
            <String ID="Textword_27" HPOS="921" VPOS="3273" HEIGHT="55" WIDTH="205" CONTENT="Schutzmarke)" WC="0.85" />
          </TextLine>
          <TextLine ID="TextLine_16" HPOS="646" VPOS="3356" HEIGHT="35" WIDTH="518">
            <String ID="Textword_28" HPOS="646" VPOS="3357" HEIGHT="34" WIDTH="242" CONTENT="Wirtschaftlich" WC="0.93" />
            <String ID="Textword_29" HPOS="913" VPOS="3356" HEIGHT="35" WIDTH="251" CONTENT="vorteilhafteste" WC="0.92" />
          </TextLine>
          <TextLine ID="TextLine_17" HPOS="703" VPOS="3419" HEIGHT="44" WIDTH="382">
            <String ID="Textword_30" HPOS="703" VPOS="3419" HEIGHT="44" WIDTH="382" CONTENT="Verbrennungsmotoren" WC="0.92" />
          </TextLine>
        </TextBlock>
        <TextBlock ID="TextBlock_15" HPOS="734" VPOS="3492" HEIGHT="142" WIDTH="351">
          <TextLine ID="TextLine_18" HPOS="775" VPOS="3492" HEIGHT="27" WIDTH="274">
            <String ID="Textword_31" HPOS="775" VPOS="3500" HEIGHT="18" WIDTH="61" CONTENT="zum" WC="0.96" />
            <String ID="Textword_32" HPOS="855" VPOS="3492" HEIGHT="27" WIDTH="125" CONTENT="Betriebe" WC="0.96" />
            <String ID="Textword_33" HPOS="1000" VPOS="3492" HEIGHT="26" WIDTH="49" CONTENT="mit" WC="0.96" />
          </TextLine>
          <TextLine ID="TextLine_19" HPOS="838" VPOS="3545" HEIGHT="35" WIDTH="146">
            <String ID="Textword_34" HPOS="838" VPOS="3545" HEIGHT="35" WIDTH="146" CONTENT="billigen" WC="0.96" />
          </TextLine>
          <TextLine ID="TextLine_20" HPOS="734" VPOS="3599" HEIGHT="35" WIDTH="351">
            <String ID="Textword_35" HPOS="734" VPOS="3599" HEIGHT="35" WIDTH="130" CONTENT="flüssigen" WC="0.93" />
            <String ID="Textword_36" HPOS="883" VPOS="3599" HEIGHT="27" WIDTH="202" CONTENT="Brennstoffen." WC="0.87" />
          </TextLine>
        </TextBlock>
        <TextBlock ID="TextBlock_16" HPOS="829" VPOS="3680" HEIGHT="17" WIDTH="158">
          <TextLine ID="TextLine_21" HPOS="829" VPOS="3680" HEIGHT="17" WIDTH="158">
            <String ID="Textword_37" HPOS="829" VPOS="3680" HEIGHT="17" WIDTH="158" CONTENT="a" WC="0.23" />
          </TextLine>
        </TextBlock>
        <TextBlock ID="TextBlock_17" HPOS="592" VPOS="3761" HEIGHT="38" WIDTH="619">
          <TextLine ID="TextLine_22" HPOS="592" VPOS="3761" HEIGHT="38" WIDTH="619">
            <String ID="Textword_38" HPOS="592" VPOS="3764" HEIGHT="35" WIDTH="140" CONTENT="Alleinige" WC="0.92" />
            <String ID="Textword_39" HPOS="751" VPOS="3763" HEIGHT="27" WIDTH="183" CONTENT="Fabrikanten" WC="0.92" />
            <String ID="Textword_40" HPOS="953" VPOS="3762" HEIGHT="27" WIDTH="44" CONTENT="für" WC="0.96" />
            <String ID="Textword_41" HPOS="1017" VPOS="3762" HEIGHT="26" WIDTH="43" CONTENT="die" WC="0.96" />
            <String ID="Textword_42" HPOS="1079" VPOS="3761" HEIGHT="27" WIDTH="132" CONTENT="Schweiz:" WC="0.96" />
          </TextLine>
        </TextBlock>
        <TextBlock ID="TextBlock_18" HPOS="473" VPOS="3834" HEIGHT="132" WIDTH="888">
          <TextLine ID="TextLine_23" HPOS="473" VPOS="3834" HEIGHT="132" WIDTH="888">
            <String ID="Textword_43" HPOS="473" VPOS="3836" HEIGHT="130" WIDTH="485" CONTENT="Gebrüder" WC="0.95" />
            <String ID="Textword_44" HPOS="1016" VPOS="3834" HEIGHT="130" WIDTH="345" CONTENT="Sulzer" WC="0.95" />
          </TextLine>
        </TextBlock>
        <TextBlock ID="TextBlock_19" HPOS="744" VPOS="3992" HEIGHT="35" WIDTH="325">
          <TextLine ID="TextLine_24" HPOS="744" VPOS="3992" HEIGHT="35" WIDTH="325">
            <String ID="Textword_45" HPOS="744" VPOS="3992" HEIGHT="35" WIDTH="325" CONTENT="WINTERTHUR." WC="0.96" />
          </TextLine>
        </TextBlock>
        <TextBlock ID="TextBlock_20" HPOS="540" VPOS="4126" HEIGHT="80" WIDTH="748">
          <TextLine ID="TextLine_25" HPOS="540" VPOS="4126" HEIGHT="31" WIDTH="748">
            <String ID="Textword_46" HPOS="540" VPOS="4130" HEIGHT="27" WIDTH="52" CONTENT="Die" WC="0.96" />
            <String ID="Textword_47" HPOS="611" VPOS="4130" HEIGHT="27" WIDTH="125" CONTENT="Motoren" WC="0.96" />
            <String ID="Textword_48" HPOS="749" VPOS="4128" HEIGHT="27" WIDTH="106" CONTENT="werden" WC="0.96" />
            <String ID="Textword_49" HPOS="873" VPOS="4127" HEIGHT="27" WIDTH="29" CONTENT="in" WC="0.96" />
            <String ID="Textword_50" HPOS="916" VPOS="4128" HEIGHT="27" WIDTH="118" CONTENT="Grössen" WC="0.96" />
            <String ID="Textword_51" HPOS="1052" VPOS="4135" HEIGHT="19" WIDTH="54" CONTENT="von" WC="0.96" />
            <String ID="Textword_52" HPOS="1124" VPOS="4126" HEIGHT="26" WIDTH="34" CONTENT="20" WC="0.93" />
            <String ID="Textword_53" HPOS="1171" VPOS="4126" HEIGHT="40" WIDTH="68" CONTENT="P.S." WC="0.87" />
            <String ID="Textword_54" HPOS="1253" VPOS="4134" HEIGHT="19" WIDTH="35" CONTENT="an" WC="0.96" />
          </TextLine>
          <TextLine ID="TextLine_26" HPOS="754" VPOS="4172" HEIGHT="34" WIDTH="321">
            <String ID="Textword_55" HPOS="754" VPOS="4172" HEIGHT="27" WIDTH="130" CONTENT="aufwärts" WC="0.96" />
            <String ID="Textword_56" HPOS="904" VPOS="4172" HEIGHT="34" WIDTH="171" CONTENT="ausgeführt." WC="0.96" />
          </TextLine>
        </TextBlock>
        <TextBlock ID="TextBlock_21" HPOS="337" VPOS="2770" HEIGHT="1722" WIDTH="1155">
          <TextLine ID="TextLine_27" HPOS="337" VPOS="2770" HEIGHT="1722" WIDTH="1155">
            <SP ID="Textword_10" HPOS="337" VPOS="2770" />
            <String ID="Textword_57" HPOS="337" VPOS="2770" HEIGHT="1722" WIDTH="1155" CONTENT=" " WC="0.95" />
          </TextLine>
        </TextBlock>
        <TextBlock ID="TextBlock_22" HPOS="862" VPOS="3076" HEIGHT="159" WIDTH="522">
          <TextLine ID="TextLine_28" HPOS="862" VPOS="3076" HEIGHT="159" WIDTH="522">
            <SP ID="Textword_11" HPOS="862" VPOS="3076" />
            <String ID="Textword_58" HPOS="862" VPOS="3076" HEIGHT="159" WIDTH="522" CONTENT=" " WC="0.95" />
          </TextLine>
        </TextBlock>
        <TextBlock ID="TextBlock_23" HPOS="1493" VPOS="2769" HEIGHT="1704" WIDTH="13">
          <TextLine ID="TextLine_29" HPOS="1493" VPOS="2769" HEIGHT="1704" WIDTH="13">
            <SP ID="Textword_12" HPOS="1493" VPOS="2769" />
            <String ID="Textword_59" HPOS="1493" VPOS="2769" HEIGHT="1704" WIDTH="13" CONTENT=" " WC="0.95" />
          </TextLine>
        </TextBlock>
        <TextBlock ID="TextBlock_24" HPOS="1510" VPOS="4314" HEIGHT="165" WIDTH="11">
          <TextLine ID="TextLine_30" HPOS="1510" VPOS="4314" HEIGHT="165" WIDTH="11">
            <SP ID="Textword_13" HPOS="1510" VPOS="4314" />
            <String ID="Textword_60" HPOS="1510" VPOS="4314" HEIGHT="165" WIDTH="11" CONTENT=" " WC="0.95" />
          </TextLine>
        </TextBlock>
        <TextBlock ID="TextBlock_25" HPOS="1573" VPOS="2838" HEIGHT="11" WIDTH="1027">
          <TextLine ID="TextLine_31" HPOS="1573" VPOS="2838" HEIGHT="11" WIDTH="1027">
            <SP ID="Textword_14" HPOS="1573" VPOS="2838" />
            <String ID="Textword_61" HPOS="1573" VPOS="2838" HEIGHT="11" WIDTH="1027" CONTENT=" " WC="0.95" />
          </TextLine>
        </TextBlock>
        <TextBlock ID="TextBlock_26" HPOS="1506" VPOS="2772" HEIGHT="108" WIDTH="1154">
          <TextLine ID="TextLine_32" HPOS="1506" VPOS="2772" HEIGHT="108" WIDTH="1154">
            <SP ID="Textword_15" HPOS="1506" VPOS="2772" />
            <String ID="Textword_62" HPOS="1506" VPOS="2772" HEIGHT="108" WIDTH="1154" CONTENT=" " WC="0.95" />
          </TextLine>
        </TextBlock>
        <TextBlock ID="TextBlock_27" HPOS="1634" VPOS="2902" HEIGHT="6" WIDTH="901">
          <TextLine ID="TextLine_33" HPOS="1634" VPOS="2902" HEIGHT="6" WIDTH="901">
            <SP ID="Textword_16" HPOS="1634" VPOS="2902" />
            <String ID="Textword_63" HPOS="1634" VPOS="2902" HEIGHT="6" WIDTH="901" CONTENT=" " WC="0.95" />
          </TextLine>
        </TextBlock>
        <TextBlock ID="TextBlock_28" HPOS="1647" VPOS="2939" HEIGHT="126" WIDTH="857">
          <TextLine ID="TextLine_34" HPOS="1647" VPOS="2939" HEIGHT="126" WIDTH="857">
            <String ID="Textword_64" HPOS="1647" VPOS="2939" HEIGHT="126" WIDTH="857" CONTENT="EINLADUNG" WC="0.95" />
          </TextLine>
        </TextBlock>
        <TextBlock ID="TextBlock_29" HPOS="1654" VPOS="3150" HEIGHT="64" WIDTH="849">
          <TextLine ID="TextLine_35" HPOS="1654" VPOS="3150" HEIGHT="30" WIDTH="849">
            <String ID="Textword_65" HPOS="1654" VPOS="3176" HEIGHT="4" WIDTH="3" CONTENT="|" WC="0.82" />
            <String ID="Textword_66" HPOS="1675" VPOS="3151" HEIGHT="26" WIDTH="65" CONTENT="DIE." WC="0.73" />
            <String ID="Textword_67" HPOS="1760" VPOS="3150" HEIGHT="28" WIDTH="358" CONTENT="UNTERZEICHNETE" WC="0.73" />
            <String ID="Textword_68" HPOS="2138" VPOS="3151" HEIGHT="27" WIDTH="365" CONTENT="KUNSTANSTALT" WC="0.91" />
          </TextLine>
          <TextLine ID="TextLine_36" HPOS="1672" VPOS="3186" HEIGHT="28" WIDTH="830">
            <String ID="Textword_69" HPOS="1672" VPOS="3186" HEIGHT="27" WIDTH="227" CONTENT="EMPFIEHLT" WC="0.95" />
            <String ID="Textword_70" HPOS="1913" VPOS="3186" HEIGHT="27" WIDTH="91" CONTENT="SICH" WC="0.96" />
            <String ID="Textword_71" HPOS="2018" VPOS="3188" HEIGHT="26" WIDTH="79" CONTENT="ZUR" WC="0.96" />
            <String ID="Textword_72" HPOS="2111" VPOS="3187" HEIGHT="27" WIDTH="293" CONTENT="ANFERTIGUNG" WC="0.96" />
            <String ID="Textword_73" HPOS="2418" VPOS="3187" HEIGHT="26" WIDTH="84" CONTENT="VON" WC="0.96" />
          </TextLine>
        </TextBlock>
        <TextBlock ID="TextBlock_30" HPOS="1792" VPOS="3248" HEIGHT="199" WIDTH="563">
          <TextLine ID="TextLine_37" HPOS="1793" VPOS="3248" HEIGHT="52" WIDTH="560">
            <String ID="Textword_74" HPOS="1793" VPOS="3248" HEIGHT="52" WIDTH="560" CONTENT="REKLAMEPLAKATEN" WC="0.91" />
          </TextLine>
          <TextLine ID="TextLine_38" HPOS="1796" VPOS="3302" HEIGHT="42" WIDTH="557">
            <String ID="Textword_75" HPOS="1796" VPOS="3302" HEIGHT="42" WIDTH="557" CONTENT="GESCHAFTSKARTEN" WC="0.91" />
          </TextLine>
          <TextLine ID="TextLine_39" HPOS="1792" VPOS="3352" HEIGHT="43" WIDTH="563">
            <String ID="Textword_76" HPOS="1792" VPOS="3354" HEIGHT="41" WIDTH="213" CONTENT="ILLUSTR." WC="0.89" />
            <String ID="Textword_77" HPOS="2038" VPOS="3352" HEIGHT="43" WIDTH="317" CONTENT="KATALOGEN" WC="0.91" />
          </TextLine>
          <TextLine ID="TextLine_40" HPOS="1928" VPOS="3409" HEIGHT="38" WIDTH="310">
            <String ID="Textword_78" HPOS="1928" VPOS="3409" HEIGHT="38" WIDTH="310" CONTENT="KALENDERN" WC="0.91" />
          </TextLine>
        </TextBlock>
        <TextBlock ID="TextBlock_31" HPOS="1857" VPOS="3488" HEIGHT="62" WIDTH="461">
          <TextLine ID="TextLine_41" HPOS="1858" VPOS="3488" HEIGHT="26" WIDTH="460">
            <String ID="Textword_79" HPOS="1858" VPOS="3489" HEIGHT="25" WIDTH="124" CONTENT="SOWIE" WC="0.91" />
            <String ID="Textword_80" HPOS="2002" VPOS="3488" HEIGHT="26" WIDTH="131" CONTENT="ALLEN" WC="0.90" />
            <String ID="Textword_81" HPOS="2154" VPOS="3488" HEIGHT="26" WIDTH="164" CONTENT="ANDERN" WC="0.91" />
          </TextLine>
          <TextLine ID="TextLine_42" HPOS="1857" VPOS="3524" HEIGHT="26" WIDTH="461">
            <String ID="Textword_82" HPOS="1857" VPOS="3524" HEIGHT="26" WIDTH="392" CONTENT="DRUCKARBEITEN" WC="0.90" />
            <String ID="Textword_83" HPOS="2278" VPOS="3524" HEIGHT="26" WIDTH="40" CONTENT="IN" WC="0.96" />
          </TextLine>
        </TextBlock>
        <TextBlock ID="TextBlock_32" HPOS="1701" VPOS="3567" HEIGHT="136" WIDTH="777">
          <TextLine ID="TextLine_43" HPOS="1860" VPOS="3567" HEIGHT="65" WIDTH="455">
            <String ID="Textword_84" HPOS="1860" VPOS="3567" HEIGHT="65" WIDTH="455" CONTENT="LITHOGRAPHIE" WC="0.91" />
          </TextLine>
          <TextLine ID="TextLine_44" HPOS="1701" VPOS="3651" HEIGHT="52" WIDTH="777">
            <String ID="Textword_85" HPOS="1701" VPOS="3651" HEIGHT="52" WIDTH="370" CONTENT="LICHTDRUCK" WC="0.90" />
            <String ID="Textword_86" HPOS="2126" VPOS="3653" HEIGHT="50" WIDTH="352" CONTENT="BUCHDRUCK" WC="0.90" />
          </TextLine>
        </TextBlock>
        <TextBlock ID="TextBlock_33" HPOS="1752" VPOS="3734" HEIGHT="101" WIDTH="677">
          <TextLine ID="TextLine_45" HPOS="1752" VPOS="3734" HEIGHT="32" WIDTH="677">
            <String ID="Textword_87" HPOS="1752" VPOS="3737" HEIGHT="27" WIDTH="291" CONTENT="INDUSTRIELLE" WC="0.96" />
            <String ID="Textword_88" HPOS="2063" VPOS="3737" HEIGHT="29" WIDTH="127" CONTENT="ALLER" WC="0.93" />
            <String ID="Textword_89" HPOS="2212" VPOS="3734" HEIGHT="27" WIDTH="217" CONTENT="BRANCHEN" WC="0.91" />
          </TextLine>
          <TextLine ID="TextLine_46" HPOS="1898" VPOS="3771" HEIGHT="29" WIDTH="375">
            <String ID="Textword_90" HPOS="1898" VPOS="3773" HEIGHT="27" WIDTH="168" CONTENT="WERDEN" WC="0.92" />
            <String ID="Textword_91" HPOS="2092" VPOS="3771" HEIGHT="27" WIDTH="181" CONTENT="GEBETEN" WC="0.92" />
          </TextLine>
          <TextLine ID="TextLine_47" HPOS="1872" VPOS="3806" HEIGHT="29" WIDTH="438">
            <String ID="Textword_92" HPOS="1872" VPOS="3808" HEIGHT="27" WIDTH="90" CONTENT="SICH" WC="0.92" />
            <String ID="Textword_93" HPOS="1985" VPOS="3809" HEIGHT="26" WIDTH="52" CONTENT="ZU" WC="0.91" />
            <String ID="Textword_94" HPOS="2061" VPOS="3806" HEIGHT="28" WIDTH="170" CONTENT="WENDEN" WC="0.91" />
            <String ID="Textword_95" HPOS="2254" VPOS="3806" HEIGHT="25" WIDTH="56" CONTENT="AN" WC="0.96" />
          </TextLine>
        </TextBlock>
        <TextBlock ID="TextBlock_34" HPOS="1665" VPOS="3841" HEIGHT="141" WIDTH="846">
          <TextLine ID="TextLine_48" HPOS="1665" VPOS="3841" HEIGHT="141" WIDTH="846">
            <String ID="Textword_96" HPOS="1665" VPOS="3841" HEIGHT="141" WIDTH="439" CONTENT="POLVGRAPKISCHES" WC="0.17" />
            <String ID="Textword_97" HPOS="2151" VPOS="3877" HEIGHT="103" WIDTH="220" CONTENT="INSTITUT" WC="0.54" />
            <String ID="Textword_98" HPOS="2421" VPOS="3878" HEIGHT="102" WIDTH="90" CONTENT="A." WC="0.36" />
          </TextLine>
        </TextBlock>
        <TextBlock ID="TextBlock_35" HPOS="1667" VPOS="3999" HEIGHT="45" WIDTH="841">
          <TextLine ID="TextLine_49" HPOS="1667" VPOS="3999" HEIGHT="45" WIDTH="841">
            <String ID="Textword_99" HPOS="1667" VPOS="3999" HEIGHT="45" WIDTH="186" CONTENT="ZÜRICH" WC="0.95" />
            <String ID="Textword_100" HPOS="1883" VPOS="4004" HEIGHT="38" WIDTH="47" CONTENT="IV" WC="0.95" />
            <String ID="Textword_101" HPOS="2081" VPOS="4003" HEIGHT="41" WIDTH="349" CONTENT="CLAUSIUSSTR." WC="0.91" />
            <String ID="Textword_102" HPOS="2463" VPOS="4004" HEIGHT="38" WIDTH="45" CONTENT="21" WC="0.96" />
          </TextLine>
        </TextBlock>
        <TextBlock ID="TextBlock_36" HPOS="1664" VPOS="3101" HEIGHT="5" WIDTH="850">
          <TextLine ID="TextLine_50" HPOS="1664" VPOS="3101" HEIGHT="5" WIDTH="850">
            <SP ID="Textword_17" HPOS="1664" VPOS="3101" />
            <String ID="Textword_103" HPOS="1664" VPOS="3101" HEIGHT="5" WIDTH="850" CONTENT=" " WC="0.95" />
          </TextLine>
        </TextBlock>
        <TextBlock ID="TextBlock_37" HPOS="2527" VPOS="2840" HEIGHT="1224" WIDTH="11">
          <TextLine ID="TextLine_51" HPOS="2527" VPOS="2840" HEIGHT="1224" WIDTH="11">
            <SP ID="Textword_18" HPOS="2527" VPOS="2840" />
            <String ID="Textword_104" HPOS="2527" VPOS="2840" HEIGHT="1224" WIDTH="11" CONTENT=" " WC="0.95" />
          </TextLine>
        </TextBlock>
        <TextBlock ID="TextBlock_38" HPOS="1637" VPOS="2903" HEIGHT="1188" WIDTH="9">
          <TextLine ID="TextLine_52" HPOS="1637" VPOS="2903" HEIGHT="1188" WIDTH="9">
            <SP ID="Textword_19" HPOS="1637" VPOS="2903" />
            <String ID="Textword_105" HPOS="1637" VPOS="2903" HEIGHT="1188" WIDTH="9" CONTENT=" " WC="0.95" />
          </TextLine>
        </TextBlock>
        <TextBlock ID="TextBlock_39" HPOS="1639" VPOS="4083" HEIGHT="8" WIDTH="894">
          <TextLine ID="TextLine_53" HPOS="1639" VPOS="4083" HEIGHT="8" WIDTH="894">
            <SP ID="Textword_20" HPOS="1639" VPOS="4083" />
            <String ID="Textword_106" HPOS="1639" VPOS="4083" HEIGHT="8" WIDTH="894" CONTENT=" " WC="0.95" />
          </TextLine>
        </TextBlock>
        <TextBlock ID="TextBlock_40" HPOS="1572" VPOS="2839" HEIGHT="1312" WIDTH="15">
          <TextLine ID="TextLine_54" HPOS="1572" VPOS="2839" HEIGHT="1312" WIDTH="15">
            <SP ID="Textword_21" HPOS="1572" VPOS="2839" />
            <String ID="Textword_107" HPOS="1572" VPOS="2839" HEIGHT="1312" WIDTH="15" CONTENT=" " WC="0.95" />
          </TextLine>
        </TextBlock>
        <TextBlock ID="TextBlock_41" HPOS="2590" VPOS="2841" HEIGHT="1309" WIDTH="12">
          <TextLine ID="TextLine_55" HPOS="2590" VPOS="2841" HEIGHT="1309" WIDTH="12">
            <SP ID="Textword_22" HPOS="2590" VPOS="2841" />
            <String ID="Textword_108" HPOS="2590" VPOS="2841" HEIGHT="1309" WIDTH="12" CONTENT=" " WC="0.95" />
          </TextLine>
        </TextBlock>
        <TextBlock ID="TextBlock_42" HPOS="1577" VPOS="4142" HEIGHT="13" WIDTH="1022">
          <TextLine ID="TextLine_56" HPOS="1577" VPOS="4142" HEIGHT="13" WIDTH="1022">
            <SP ID="Textword_23" HPOS="1577" VPOS="4142" />
            <String ID="Textword_109" HPOS="1577" VPOS="4142" HEIGHT="13" WIDTH="1022" CONTENT=" " WC="0.95" />
          </TextLine>
        </TextBlock>
        <TextBlock ID="TextBlock_43" HPOS="1835" VPOS="4161" HEIGHT="56" WIDTH="825">
          <TextLine ID="TextLine_57" HPOS="1835" VPOS="4161" HEIGHT="56" WIDTH="825">
            <SP ID="Textword_24" HPOS="1835" VPOS="4161" />
            <String ID="Textword_110" HPOS="1835" VPOS="4161" HEIGHT="56" WIDTH="825" CONTENT=" " WC="0.95" />
          </TextLine>
        </TextBlock>
        <TextBlock ID="TextBlock_44" HPOS="1514" VPOS="4255" HEIGHT="10" WIDTH="1144">
          <TextLine ID="TextLine_58" HPOS="1514" VPOS="4255" HEIGHT="10" WIDTH="1144">
            <SP ID="Textword_25" HPOS="1514" VPOS="4255" />
            <String ID="Textword_111" HPOS="1514" VPOS="4255" HEIGHT="10" WIDTH="1144" CONTENT=" " WC="0.95" />
          </TextLine>
        </TextBlock>
        <TextBlock ID="TextBlock_45" HPOS="2029" VPOS="4314" HEIGHT="80" WIDTH="33">
          <TextLine ID="TextLine_59" HPOS="2029" VPOS="4314" HEIGHT="80" WIDTH="33">
            <SP ID="Textword_26" HPOS="2029" VPOS="4314" />
            <String ID="Textword_112" HPOS="2029" VPOS="4314" HEIGHT="80" WIDTH="33" CONTENT=" " WC="0.95" />
          </TextLine>
        </TextBlock>
        <TextBlock ID="TextBlock_46" HPOS="2611" VPOS="4314" HEIGHT="80" WIDTH="19">
          <TextLine ID="TextLine_60" HPOS="2611" VPOS="4314" HEIGHT="80" WIDTH="19">
            <SP ID="Textword_27" HPOS="2611" VPOS="4314" />
            <String ID="Textword_113" HPOS="2611" VPOS="4314" HEIGHT="80" WIDTH="19" CONTENT=" " WC="0.95" />
          </TextLine>
        </TextBlock>
        <TextBlock ID="TextBlock_47" HPOS="2755" VPOS="398" HEIGHT="81" WIDTH="440">
          <TextLine ID="TextLine_61" HPOS="2755" VPOS="398" HEIGHT="81" WIDTH="440">
            <String ID="Textword_114" HPOS="2755" VPOS="398" HEIGHT="81" WIDTH="440" CONTENT="Kopierbureau" WC="0.91" />
          </TextLine>
        </TextBlock>
        <TextBlock ID="TextBlock_48" HPOS="2694" VPOS="482" HEIGHT="134" WIDTH="558">
          <TextLine ID="TextLine_62" HPOS="2696" VPOS="482" HEIGHT="39" WIDTH="555">
            <String ID="Textword_115" HPOS="2696" VPOS="482" HEIGHT="29" WIDTH="239" CONTENT="Steinmann" WC="0.88" />
            <String ID="Textword_116" HPOS="2964" VPOS="483" HEIGHT="29" WIDTH="35" CONTENT="&amp;" WC="0.91" />
            <String ID="Textword_117" HPOS="3024" VPOS="485" HEIGHT="34" WIDTH="111" CONTENT="Erni," WC="0.90" />
            <String ID="Textword_118" HPOS="3173" VPOS="494" HEIGHT="27" WIDTH="78" CONTENT="gegr." WC="0.88" />
          </TextLine>
          <TextLine ID="TextLine_63" HPOS="2697" VPOS="519" HEIGHT="35" WIDTH="554">
            <String ID="Textword_119" HPOS="2697" VPOS="519" HEIGHT="33" WIDTH="76" CONTENT="1892," WC="0.93" />
            <String ID="Textword_120" HPOS="2788" VPOS="520" HEIGHT="27" WIDTH="207" CONTENT="Bôrsenstrasse" WC="0.26" />
            <String ID="Textword_121" HPOS="3007" VPOS="520" HEIGHT="34" WIDTH="41" CONTENT="10," WC="0.96" />
            <String ID="Textword_122" HPOS="3062" VPOS="520" HEIGHT="29" WIDTH="147" CONTENT="Zürich" WC="0.85" />
            <String ID="Textword_123" HPOS="3219" VPOS="523" HEIGHT="29" WIDTH="32" CONTENT="I." WC="0.95" />
          </TextLine>
          <TextLine ID="TextLine_64" HPOS="2695" VPOS="538" HEIGHT="52" WIDTH="557">
            <String ID="Textword_124" HPOS="2695" VPOS="538" HEIGHT="45" WIDTH="329" CONTENT="Schreibmaschinenarb." WC="0.92" />
            <String ID="Textword_125" HPOS="3080" VPOS="557" HEIGHT="33" WIDTH="172" CONTENT="Vervielfält." WC="0.92" />
          </TextLine>
          <TextLine ID="TextLine_65" HPOS="2694" VPOS="590" HEIGHT="26" WIDTH="106">
            <String ID="Textword_126" HPOS="2694" VPOS="590" HEIGHT="26" WIDTH="106" CONTENT="Diktat." WC="0.91" />
          </TextLine>
        </TextBlock>
        <TextBlock ID="TextBlock_49" HPOS="2727" VPOS="669" HEIGHT="114" WIDTH="503">
          <TextLine ID="TextLine_66" HPOS="2727" VPOS="669" HEIGHT="114" WIDTH="503">
            <String ID="Textword_127" HPOS="2727" VPOS="669" HEIGHT="114" WIDTH="503" CONTENT="Buchführung." WC="0.90" />
          </TextLine>
        </TextBlock>
        <TextBlock ID="TextBlock_50" HPOS="2691" VPOS="786" HEIGHT="283" WIDTH="560">
          <TextLine ID="TextLine_67" HPOS="2728" VPOS="786" HEIGHT="36" WIDTH="523">
            <String ID="Textword_128" HPOS="2728" VPOS="786" HEIGHT="36" WIDTH="170" CONTENT="Neuanlage," WC="0.89" />
            <String ID="Textword_129" HPOS="2934" VPOS="789" HEIGHT="33" WIDTH="138" CONTENT="Revision," WC="0.66" />
            <String ID="Textword_130" HPOS="3116" VPOS="790" HEIGHT="27" WIDTH="135" CONTENT=" Nachtra-" WC="0.66" />
          </TextLine>
          <TextLine ID="TextLine_68" HPOS="2692" VPOS="823" HEIGHT="34" WIDTH="559">
            <String ID="Textword_131" HPOS="2692" VPOS="830" HEIGHT="27" WIDTH="86" CONTENT="gung," WC="0.91" />
            <String ID="Textword_132" HPOS="2807" VPOS="823" HEIGHT="27" WIDTH="108" CONTENT="Ordnen" WC="0.92" />
            <String ID="Textword_133" HPOS="2944" VPOS="824" HEIGHT="27" WIDTH="54" CONTENT="und" WC="0.92" />
            <String ID="Textword_134" HPOS="3017" VPOS="825" HEIGHT="27" WIDTH="152" CONTENT="Abschluss" WC="0.92" />
            <String ID="Textword_135" HPOS="3197" VPOS="834" HEIGHT="19" WIDTH="54" CONTENT="von" WC="0.96" />
          </TextLine>
          <TextLine ID="TextLine_69" HPOS="2693" VPOS="858" HEIGHT="32" WIDTH="558">
            <String ID="Textword_136" HPOS="2693" VPOS="858" HEIGHT="32" WIDTH="279" CONTENT="Geschäftsbüchern;" WC="0.83" />
            <String ID="Textword_137" HPOS="2998" VPOS="860" HEIGHT="27" WIDTH="127" CONTENT="Gewinn-" WC="0.91" />
            <String ID="Textword_138" HPOS="3145" VPOS="869" HEIGHT="19" WIDTH="25" CONTENT="u." WC="0.90" />
            <String ID="Textword_139" HPOS="3184" VPOS="862" HEIGHT="26" WIDTH="67" CONTENT="Ver-" WC="0.92" />
          </TextLine>
          <TextLine ID="TextLine_70" HPOS="2692" VPOS="894" HEIGHT="35" WIDTH="559">
            <String ID="Textword_140" HPOS="2692" VPOS="894" HEIGHT="35" WIDTH="240" CONTENT="lustrechnungen," WC="0.90" />
            <String ID="Textword_141" HPOS="2958" VPOS="895" HEIGHT="28" WIDTH="132" CONTENT="Bilanzen" WC="0.91" />
            <String ID="Textword_142" HPOS="3109" VPOS="897" HEIGHT="26" WIDTH="55" CONTENT="und" WC="0.93" />
            <String ID="Textword_143" HPOS="3184" VPOS="898" HEIGHT="26" WIDTH="67" CONTENT="Gut-" WC="0.92" />
          </TextLine>
          <TextLine ID="TextLine_71" HPOS="2693" VPOS="930" HEIGHT="36" WIDTH="556">
            <String ID="Textword_144" HPOS="2693" VPOS="930" HEIGHT="26" WIDTH="96" CONTENT="achten" WC="0.92" />
            <String ID="Textword_145" HPOS="2813" VPOS="930" HEIGHT="26" WIDTH="47" CONTENT="für" WC="0.93" />
            <String ID="Textword_146" HPOS="2880" VPOS="930" HEIGHT="35" WIDTH="137" CONTENT="Gewerbe," WC="0.92" />
            <String ID="Textword_147" HPOS="3038" VPOS="932" HEIGHT="34" WIDTH="105" CONTENT="Hotels," WC="0.85" />
            <String ID="Textword_148" HPOS="3173" VPOS="933" HEIGHT="27" WIDTH="76" CONTENT="Han-" WC="0.93" />
          </TextLine>
          <TextLine ID="TextLine_72" HPOS="2692" VPOS="952" HEIGHT="48" WIDTH="557">
            <String ID="Textword_149" HPOS="2692" VPOS="965" HEIGHT="26" WIDTH="55" CONTENT="del-" WC="0.92" />
            <String ID="Textword_150" HPOS="2775" VPOS="966" HEIGHT="26" WIDTH="56" CONTENT="ud" WC="0.38" />
            <String ID="Textword_151" HPOS="2859" VPOS="952" HEIGHT="48" WIDTH="255" CONTENT="Fabrikgeschäfte," WC="0.91" />
            <String ID="Textword_152" HPOS="3137" VPOS="954" HEIGHT="41" WIDTH="112" CONTENT="’Gesell-" WC="0.62" />
          </TextLine>
          <TextLine ID="TextLine_73" HPOS="2692" VPOS="1001" HEIGHT="34" WIDTH="558">
            <String ID="Textword_153" HPOS="2692" VPOS="1001" HEIGHT="26" WIDTH="122" CONTENT="schaften" WC="0.96" />
            <String ID="Textword_154" HPOS="2843" VPOS="1002" HEIGHT="33" WIDTH="80" CONTENT="jeder" WC="0.96" />
            <String ID="Textword_155" HPOS="2952" VPOS="1003" HEIGHT="26" WIDTH="59" CONTENT="Art." WC="0.93" />
            <String ID="Textword_156" HPOS="3049" VPOS="1003" HEIGHT="26" WIDTH="112" CONTENT="Diskret" WC="0.92" />
            <String ID="Textword_157" HPOS="3193" VPOS="1004" HEIGHT="27" WIDTH="57" CONTENT="und" WC="0.96" />
          </TextLine>
          <TextLine ID="TextLine_74" HPOS="2691" VPOS="1037" HEIGHT="32" WIDTH="204">
            <String ID="Textword_158" HPOS="2691" VPOS="1037" HEIGHT="32" WIDTH="204" CONTENT="gewissenhaft." WC="0.94" />
          </TextLine>
        </TextBlock>
        <TextBlock ID="TextBlock_51" HPOS="2748" VPOS="1073" HEIGHT="34" WIDTH="448">
          <TextLine ID="TextLine_75" HPOS="2748" VPOS="1073" HEIGHT="34" WIDTH="448">
            <String ID="Textword_159" HPOS="2748" VPOS="1073" HEIGHT="32" WIDTH="42" CONTENT="C." WC="0.91" />
            <String ID="Textword_160" HPOS="2807" VPOS="1074" HEIGHT="31" WIDTH="50" CONTENT="A." WC="0.92" />
            <String ID="Textword_161" HPOS="2875" VPOS="1073" HEIGHT="32" WIDTH="47" CONTENT="O." WC="0.84" />
            <String ID="Textword_162" HPOS="2941" VPOS="1073" HEIGHT="34" WIDTH="255" CONTENT="Gademann" WC="0.90" />
          </TextLine>
        </TextBlock>
        <TextBlock ID="TextBlock_52" HPOS="2734" VPOS="1118" HEIGHT="67" WIDTH="469">
          <TextLine ID="TextLine_76" HPOS="2863" VPOS="1118" HEIGHT="26" WIDTH="213">
            <String ID="Textword_163" HPOS="2863" VPOS="1118" HEIGHT="26" WIDTH="213" CONTENT="Bücherrevisor" WC="0.92" />
          </TextLine>
          <TextLine ID="TextLine_77" HPOS="2734" VPOS="1150" HEIGHT="35" WIDTH="469">
            <String ID="Textword_164" HPOS="2734" VPOS="1150" HEIGHT="29" WIDTH="147" CONTENT="Zürich" WC="0.95" />
            <String ID="Textword_165" HPOS="2901" VPOS="1152" HEIGHT="33" WIDTH="31" CONTENT="X," WC="0.89" />
            <String ID="Textword_166" HPOS="2952" VPOS="1153" HEIGHT="27" WIDTH="190" CONTENT="Gessnerallee" WC="0.91" />
            <String ID="Textword_167" HPOS="3161" VPOS="1154" HEIGHT="26" WIDTH="42" CONTENT="50." WC="0.96" />
          </TextLine>
        </TextBlock>
        <TextBlock ID="TextBlock_53" HPOS="2728" VPOS="1227" HEIGHT="68" WIDTH="494">
          <TextLine ID="TextLine_78" HPOS="2728" VPOS="1227" HEIGHT="68" WIDTH="494">
            <String ID="Textword_168" HPOS="2728" VPOS="1227" HEIGHT="68" WIDTH="494" CONTENT="Buchhaltung." WC="0.95" />
          </TextLine>
        </TextBlock>
        <TextBlock ID="TextBlock_54" HPOS="2688" VPOS="1295" HEIGHT="280" WIDTH="560">
          <TextLine ID="TextLine_79" HPOS="2690" VPOS="1295" HEIGHT="35" WIDTH="557">
            <String ID="Textword_169" HPOS="2690" VPOS="1295" HEIGHT="25" WIDTH="70" CONTENT="nach" WC="0.96" />
            <String ID="Textword_170" HPOS="2780" VPOS="1296" HEIGHT="26" WIDTH="71" CONTENT="allen" WC="0.96" />
            <String ID="Textword_171" HPOS="2865" VPOS="1296" HEIGHT="33" WIDTH="141" CONTENT="Systemen" WC="0.96" />
            <String ID="Textword_172" HPOS="3024" VPOS="1297" HEIGHT="26" WIDTH="55" CONTENT="und" WC="0.95" />
            <String ID="Textword_173" HPOS="3089" VPOS="1297" HEIGHT="33" WIDTH="92" CONTENT="jedem" WC="0.93" />
            <String ID="Textword_174" HPOS="3195" VPOS="1297" HEIGHT="27" WIDTH="52" CONTENT="Ge-" WC="0.93" />
          </TextLine>
          <TextLine ID="TextLine_80" HPOS="2690" VPOS="1330" HEIGHT="35" WIDTH="558">
            <String ID="Textword_175" HPOS="2690" VPOS="1330" HEIGHT="27" WIDTH="208" CONTENT="schäftsbetrieb" WC="0.91" />
            <String ID="Textword_176" HPOS="2955" VPOS="1335" HEIGHT="30" WIDTH="156" CONTENT="angepasst," WC="0.85" />
            <String ID="Textword_177" HPOS="3161" VPOS="1333" HEIGHT="26" WIDTH="87" CONTENT="Nach-" WC="0.74" />
          </TextLine>
          <TextLine ID="TextLine_81" HPOS="2689" VPOS="1367" HEIGHT="33" WIDTH="559">
            <String ID="Textword_178" HPOS="2689" VPOS="1367" HEIGHT="32" WIDTH="121" CONTENT="tragung" WC="0.92" />
            <String ID="Textword_179" HPOS="2850" VPOS="1375" HEIGHT="18" WIDTH="51" CONTENT="von" WC="0.96" />
            <String ID="Textword_180" HPOS="2946" VPOS="1367" HEIGHT="33" WIDTH="131" CONTENT="Büchern," WC="0.93" />
            <String ID="Textword_181" HPOS="3125" VPOS="1368" HEIGHT="27" WIDTH="123" CONTENT="Bücher-" WC="0.92" />
          </TextLine>
          <TextLine ID="TextLine_82" HPOS="2689" VPOS="1402" HEIGHT="36" WIDTH="554">
            <String ID="Textword_182" HPOS="2689" VPOS="1407" HEIGHT="19" WIDTH="33" CONTENT="ex" WC="0.92" />
            <String ID="Textword_183" HPOS="2742" VPOS="1403" HEIGHT="24" WIDTH="101" CONTENT="ertisen" WC="0.90" />
            <String ID="Textword_184" HPOS="2887" VPOS="1402" HEIGHT="27" WIDTH="54" CONTENT="und" WC="0.96" />
            <String ID="Textword_185" HPOS="2987" VPOS="1404" HEIGHT="34" WIDTH="158" CONTENT="Erstellung" WC="0.14" />
            <String ID="Textword_186" HPOS="3188" VPOS="1412" HEIGHT="19" WIDTH="55" CONTENT="von" WC="0.96" />
          </TextLine>
          <TextLine ID="TextLine_83" HPOS="2688" VPOS="1435" HEIGHT="45" WIDTH="559">
            <String ID="Textword_187" HPOS="2688" VPOS="1435" HEIGHT="28" WIDTH="134" CONTENT="Bilanzen" WC="0.96" />
            <String ID="Textword_188" HPOS="2850" VPOS="1436" HEIGHT="36" WIDTH="111" CONTENT="besorgt" WC="0.96" />
            <String ID="Textword_189" HPOS="2979" VPOS="1439" HEIGHT="41" WIDTH="180" CONTENT="„zuverlässig" WC="0.83" />
            <String ID="Textword_190" HPOS="3190" VPOS="1440" HEIGHT="26" WIDTH="57" CONTENT="und" WC="0.96" />
          </TextLine>
          <TextLine ID="TextLine_84" HPOS="2689" VPOS="1471" HEIGHT="36" WIDTH="558">
            <String ID="Textword_191" HPOS="2689" VPOS="1471" HEIGHT="36" WIDTH="431" CONTENT="diskretE.Muggii-Esler," WC="0.86" />
            <String ID="Textword_192" HPOS="3128" VPOS="1475" HEIGHT="26" WIDTH="119" CONTENT="Bücher-" WC="0.83" />
          </TextLine>
          <TextLine ID="TextLine_85" HPOS="2689" VPOS="1509" HEIGHT="32" WIDTH="558">
            <String ID="Textword_193" HPOS="2689" VPOS="1509" HEIGHT="31" WIDTH="109" CONTENT="experte" WC="0.92" />
            <String ID="Textword_194" HPOS="2810" VPOS="1509" HEIGHT="32" WIDTH="95" CONTENT="ehem." WC="0.74" />
            <String ID="Textword_195" HPOS="2912" VPOS="1509" HEIGHT="26" WIDTH="143" CONTENT="Prokurist" WC="0.74" />
            <String ID="Textword_196" HPOS="3063" VPOS="1510" HEIGHT="25" WIDTH="46" CONTENT="der" WC="0.87" />
            <String ID="Textword_197" HPOS="3114" VPOS="1510" HEIGHT="27" WIDTH="133" CONTENT="Schweiz." WC="0.87" />
          </TextLine>
          <TextLine ID="TextLine_86" HPOS="2692" VPOS="1542" HEIGHT="33" WIDTH="422">
            <String ID="Textword_198" HPOS="2692" VPOS="1534" HEIGHT="41" WIDTH="169" CONTENT="Volkspank)" WC="0.78" />
            <String ID="Textword_199" HPOS="2881" VPOS="1542" HEIGHT="29" WIDTH="143" CONTENT="Zürieh" WC="0.86" />
            <String ID="Textword_200" HPOS="3046" VPOS="1544" HEIGHT="28" WIDTH="68" CONTENT="IV." WC="0.73" />
          </TextLine>
        </TextBlock>
        <TextBlock ID="TextBlock_55" HPOS="2766" VPOS="1621" HEIGHT="130" WIDTH="423">
          <TextLine ID="TextLine_87" HPOS="2766" VPOS="1621" HEIGHT="130" WIDTH="423">
            <String ID="Textword_201" HPOS="2766" VPOS="1621" HEIGHT="130" WIDTH="423" CONTENT="Modelle" WC="0.90" />
          </TextLine>
        </TextBlock>
        <TextBlock ID="TextBlock_56" HPOS="2686" VPOS="1774" HEIGHT="283" WIDTH="560">
          <TextLine ID="TextLine_88" HPOS="2688" VPOS="1774" HEIGHT="33" WIDTH="558">
            <String ID="Textword_202" HPOS="2688" VPOS="1775" HEIGHT="32" WIDTH="84" CONTENT="8" WC="0.78" />
            <String ID="Textword_203" HPOS="2793" VPOS="1774" HEIGHT="27" WIDTH="45" CONTENT="für" WC="0.93" />
            <String ID="Textword_204" HPOS="2857" VPOS="1775" HEIGHT="27" WIDTH="170" CONTENT="Giessereien" WC="0.91" />
            <String ID="Textword_205" HPOS="3053" VPOS="1776" HEIGHT="26" WIDTH="56" CONTENT="und" WC="0.92" />
            <String ID="Textword_206" HPOS="3130" VPOS="1776" HEIGHT="26" WIDTH="116" CONTENT="Maschi-" WC="0.92" />
          </TextLine>
          <TextLine ID="TextLine_89" HPOS="2688" VPOS="1810" HEIGHT="35" WIDTH="557">
            <String ID="Textword_207" HPOS="2688" VPOS="1810" HEIGHT="35" WIDTH="188" CONTENT="nenfabriken," WC="0.92" />
            <String ID="Textword_208" HPOS="2896" VPOS="1811" HEIGHT="26" WIDTH="81" CONTENT="sowie" WC="0.96" />
            <String ID="Textword_209" HPOS="2996" VPOS="1811" HEIGHT="27" WIDTH="46" CONTENT="für" WC="0.93" />
            <String ID="Textword_210" HPOS="3062" VPOS="1811" HEIGHT="28" WIDTH="96" CONTENT="Schul-" WC="0.92" />
            <String ID="Textword_211" HPOS="3187" VPOS="1812" HEIGHT="26" WIDTH="58" CONTENT="und" WC="0.96" />
          </TextLine>
          <TextLine ID="TextLine_90" HPOS="2687" VPOS="1845" HEIGHT="35" WIDTH="557">
            <String ID="Textword_212" HPOS="2687" VPOS="1845" HEIGHT="27" WIDTH="210" CONTENT="Patentzwecke" WC="0.92" />
            <String ID="Textword_213" HPOS="2925" VPOS="1846" HEIGHT="34" WIDTH="146" CONTENT="verfertigt" WC="0.92" />
            <String ID="Textword_214" HPOS="3099" VPOS="1847" HEIGHT="26" WIDTH="68" CONTENT="nach" WC="0.93" />
            <String ID="Textword_215" HPOS="3187" VPOS="1848" HEIGHT="25" WIDTH="57" CONTENT="ein-" WC="0.91" />
          </TextLine>
          <TextLine ID="TextLine_91" HPOS="2687" VPOS="1881" HEIGHT="34" WIDTH="559">
            <String ID="Textword_216" HPOS="2687" VPOS="1881" HEIGHT="33" WIDTH="147" CONTENT="gesandter" WC="0.92" />
            <String ID="Textword_217" HPOS="2860" VPOS="1882" HEIGHT="33" WIDTH="158" CONTENT="Zeichnung" WC="0.96" />
            <String ID="Textword_218" HPOS="3047" VPOS="1882" HEIGHT="26" WIDTH="65" CONTENT="oder" WC="0.95" />
            <String ID="Textword_219" HPOS="3141" VPOS="1882" HEIGHT="26" WIDTH="105" CONTENT="Muster" WC="0.96" />
          </TextLine>
          <TextLine ID="TextLine_92" HPOS="2689" VPOS="1916" HEIGHT="34" WIDTH="555">
            <String ID="Textword_220" HPOS="2689" VPOS="1916" HEIGHT="26" WIDTH="40" CONTENT="bei" WC="0.96" />
            <String ID="Textword_221" HPOS="2759" VPOS="1916" HEIGHT="34" WIDTH="141" CONTENT="billigsten" WC="0.96" />
            <String ID="Textword_222" HPOS="2929" VPOS="1918" HEIGHT="26" WIDTH="112" CONTENT="Preisen" WC="0.96" />
            <String ID="Textword_223" HPOS="3073" VPOS="1918" HEIGHT="26" WIDTH="56" CONTENT="und" WC="0.90" />
            <String ID="Textword_224" HPOS="3157" VPOS="1918" HEIGHT="25" WIDTH="87" CONTENT="tadel-" WC="0.90" />
          </TextLine>
          <TextLine ID="TextLine_93" HPOS="2686" VPOS="1951" HEIGHT="36" WIDTH="275">
            <String ID="Textword_225" HPOS="2686" VPOS="1952" HEIGHT="25" WIDTH="71" CONTENT="loser" WC="0.95" />
            <String ID="Textword_226" HPOS="2775" VPOS="1951" HEIGHT="36" WIDTH="186" CONTENT="Ausführung" WC="0.96" />
          </TextLine>
          <TextLine ID="TextLine_94" HPOS="2862" VPOS="1986" HEIGHT="35" WIDTH="222">
            <String ID="Textword_227" HPOS="2862" VPOS="1986" HEIGHT="28" WIDTH="48" CONTENT="A." WC="0.87" />
            <String ID="Textword_228" HPOS="2919" VPOS="1987" HEIGHT="34" WIDTH="165" CONTENT="Locher," WC="0.87" />
          </TextLine>
          <TextLine ID="TextLine_95" HPOS="2768" VPOS="2023" HEIGHT="34" WIDTH="474">
            <String ID="Textword_229" HPOS="2768" VPOS="2023" HEIGHT="25" WIDTH="86" CONTENT="mech." WC="0.90" />
            <String ID="Textword_230" HPOS="2869" VPOS="2023" HEIGHT="34" WIDTH="274" CONTENT="Modellschreinerei," WC="0.91" />
            <String ID="Textword_231" HPOS="3164" VPOS="2023" HEIGHT="27" WIDTH="78" CONTENT="Bern." WC="0.96" />
          </TextLine>
        </TextBlock>
        <TextBlock ID="TextBlock_57" HPOS="2692" VPOS="634" HEIGHT="11" WIDTH="560">
          <TextLine ID="TextLine_96" HPOS="2692" VPOS="634" HEIGHT="11" WIDTH="560">
            <SP ID="Textword_28" HPOS="2692" VPOS="634" />
            <String ID="Textword_232" HPOS="2692" VPOS="634" HEIGHT="11" WIDTH="560" CONTENT=" " WC="0.95" />
          </TextLine>
        </TextBlock>
        <TextBlock ID="TextBlock_58" HPOS="2689" VPOS="1196" HEIGHT="10" WIDTH="561">
          <TextLine ID="TextLine_97" HPOS="2689" VPOS="1196" HEIGHT="10" WIDTH="561">
            <SP ID="Textword_29" HPOS="2689" VPOS="1196" />
            <String ID="Textword_233" HPOS="2689" VPOS="1196" HEIGHT="10" WIDTH="561" CONTENT=" " WC="0.95" />
          </TextLine>
        </TextBlock>
        <TextBlock ID="TextBlock_59" HPOS="2687" VPOS="1588" HEIGHT="8" WIDTH="560">
          <TextLine ID="TextLine_98" HPOS="2687" VPOS="1588" HEIGHT="8" WIDTH="560">
            <SP ID="Textword_30" HPOS="2687" VPOS="1588" />
            <String ID="Textword_234" HPOS="2687" VPOS="1588" HEIGHT="8" WIDTH="560" CONTENT=" " WC="0.95" />
          </TextLine>
        </TextBlock>
        <TextBlock ID="TextBlock_60" HPOS="2686" VPOS="2075" HEIGHT="8" WIDTH="559">
          <TextLine ID="TextLine_99" HPOS="2686" VPOS="2075" HEIGHT="8" WIDTH="559">
            <SP ID="Textword_31" HPOS="2686" VPOS="2075" />
            <String ID="Textword_235" HPOS="2686" VPOS="2075" HEIGHT="8" WIDTH="559" CONTENT=" " WC="0.95" />
          </TextLine>
        </TextBlock>
        <TextBlock ID="TextBlock_61" HPOS="2727" VPOS="2109" HEIGHT="4" WIDTH="500">
          <TextLine ID="TextLine_100" HPOS="2727" VPOS="2109" HEIGHT="4" WIDTH="500">
            <SP ID="Textword_32" HPOS="2727" VPOS="2109" />
            <String ID="Textword_236" HPOS="2727" VPOS="2109" HEIGHT="4" WIDTH="500" CONTENT=" " WC="0.95" />
          </TextLine>
        </TextBlock>
        <TextBlock ID="TextBlock_62" HPOS="2750" VPOS="2236" HEIGHT="146" WIDTH="447">
          <TextLine ID="TextLine_101" HPOS="2750" VPOS="2236" HEIGHT="111" WIDTH="367">
            <String ID="Textword_237" HPOS="2750" VPOS="2342" HEIGHT="5" WIDTH="3" CONTENT="|" WC="0.83" />
            <String ID="Textword_238" HPOS="2790" VPOS="2236" HEIGHT="109" WIDTH="302" CONTENT="LR" WC="0.23" />
            <String ID="Textword_239" HPOS="3084" VPOS="2310" HEIGHT="31" WIDTH="33" CONTENT="©" WC="0.13" />
          </TextLine>
          <TextLine ID="TextLine_102" HPOS="2751" VPOS="2306" HEIGHT="76" WIDTH="446">
            <String ID="Textword_240" HPOS="2751" VPOS="2306" HEIGHT="76" WIDTH="446" CONTENT="Pr" WC="0.23" />
          </TextLine>
        </TextBlock>
        <TextBlock ID="TextBlock_63" HPOS="2687" VPOS="2451" HEIGHT="138" WIDTH="539">
          <TextLine ID="TextLine_103" HPOS="2687" VPOS="2451" HEIGHT="127" WIDTH="539">
            <String ID="Textword_241" HPOS="2687" VPOS="2451" HEIGHT="96" WIDTH="108" CONTENT="Clic" WC="0.36" />
            <String ID="Textword_242" HPOS="2782" VPOS="2452" HEIGHT="126" WIDTH="142" CONTENT="chés" WC="0.93" />
            <String ID="Textword_243" HPOS="2947" VPOS="2451" HEIGHT="85" WIDTH="279" CONTENT="Holzschnitt" WC="0.82" />
          </TextLine>
          <TextLine ID="TextLine_104" HPOS="2984" VPOS="2545" HEIGHT="44" WIDTH="203">
            <String ID="Textword_244" HPOS="2984" VPOS="2545" HEIGHT="44" WIDTH="203" CONTENT="Zinkätzung." WC="0.92" />
          </TextLine>
        </TextBlock>
        <TextBlock ID="TextBlock_64" HPOS="2684" VPOS="2572" HEIGHT="88" WIDTH="532">
          <TextLine ID="TextLine_105" HPOS="2684" VPOS="2572" HEIGHT="88" WIDTH="532">
            <String ID="Textword_245" HPOS="2711" VPOS="2608" HEIGHT="42" WIDTH="80" CONTENT="“Heh." WC="0.29" />
            <String ID="Textword_246" HPOS="2684" VPOS="2581" HEIGHT="7" WIDTH="240" CONTENT="Baung" WC="0.59" />
            <String ID="Textword_247" HPOS="2810" VPOS="2572" HEIGHT="88" WIDTH="226" CONTENT="auto" WC="0.07" />
            <String ID="Textword_248" HPOS="3064" VPOS="2608" HEIGHT="43" WIDTH="106" CONTENT="Zürich" WC="0.84" />
            <String ID="Textword_249" HPOS="3186" VPOS="2609" HEIGHT="43" WIDTH="30" CONTENT="11" WC="0.51" />
          </TextLine>
        </TextBlock>
        <TextBlock ID="TextBlock_65" HPOS="2771" VPOS="2660" HEIGHT="25" WIDTH="384">
          <TextLine ID="TextLine_106" HPOS="2771" VPOS="2660" HEIGHT="25" WIDTH="384">
            <String ID="Textword_250" HPOS="2771" VPOS="2670" HEIGHT="6" WIDTH="54" CONTENT="—" WC="0.59" />
            <String ID="Textword_251" HPOS="2839" VPOS="2660" HEIGHT="25" WIDTH="117" CONTENT="Telephon" WC="0.86" />
            <String ID="Textword_252" HPOS="2970" VPOS="2661" HEIGHT="20" WIDTH="40" CONTENT="Nr." WC="0.94" />
            <String ID="Textword_253" HPOS="3026" VPOS="2661" HEIGHT="20" WIDTH="62" CONTENT="7508." WC="0.87" />
            <String ID="Textword_254" HPOS="3102" VPOS="2671" HEIGHT="6" WIDTH="53" CONTENT="—" WC="0.81" />
          </TextLine>
        </TextBlock>
        <TextBlock ID="TextBlock_66" HPOS="2723" VPOS="2108" HEIGHT="315" WIDTH="523">
          <TextLine ID="TextLine_107" HPOS="2723" VPOS="2108" HEIGHT="315" WIDTH="523">
            <SP ID="Textword_33" HPOS="2723" VPOS="2108" />
            <String ID="Textword_255" HPOS="2723" VPOS="2108" HEIGHT="315" WIDTH="523" CONTENT=" " WC="0.95" />
          </TextLine>
        </TextBlock>
        <TextBlock ID="TextBlock_67" HPOS="2684" VPOS="2430" HEIGHT="9" WIDTH="560">
          <TextLine ID="TextLine_108" HPOS="2684" VPOS="2430" HEIGHT="9" WIDTH="560">
            <SP ID="Textword_34" HPOS="2684" VPOS="2430" />
            <String ID="Textword_256" HPOS="2684" VPOS="2430" HEIGHT="9" WIDTH="560" CONTENT=" " WC="0.95" />
          </TextLine>
        </TextBlock>
        <TextBlock ID="TextBlock_68" HPOS="2684" VPOS="2571" HEIGHT="7" WIDTH="159">
          <TextLine ID="TextLine_109" HPOS="2684" VPOS="2571" HEIGHT="7" WIDTH="159">
            <SP ID="Textword_35" HPOS="2684" VPOS="2571" />
            <String ID="Textword_257" HPOS="2684" VPOS="2571" HEIGHT="7" WIDTH="159" CONTENT=" " WC="0.95" />
          </TextLine>
        </TextBlock>
        <TextBlock ID="TextBlock_69" HPOS="2685" VPOS="2705" HEIGHT="9" WIDTH="559">
          <TextLine ID="TextLine_110" HPOS="2685" VPOS="2705" HEIGHT="9" WIDTH="559">
            <SP ID="Textword_36" HPOS="2685" VPOS="2705" />
            <String ID="Textword_258" HPOS="2685" VPOS="2705" HEIGHT="9" WIDTH="559" CONTENT=" " WC="0.95" />
          </TextLine>
        </TextBlock>
        <TextBlock ID="TextBlock_70" HPOS="2711" VPOS="2860" HEIGHT="483" WIDTH="4">
          <TextLine ID="TextLine_111" HPOS="2711" VPOS="2860" HEIGHT="483" WIDTH="4">
            <SP ID="Textword_37" HPOS="2711" VPOS="2860" />
            <String ID="Textword_259" HPOS="2711" VPOS="2860" HEIGHT="483" WIDTH="4" CONTENT=" " WC="0.95" />
          </TextLine>
        </TextBlock>
        <TextBlock ID="TextBlock_71" HPOS="2886" VPOS="3398" HEIGHT="98" WIDTH="312">
          <TextLine ID="TextLine_112" HPOS="2908" VPOS="3398" HEIGHT="51" WIDTH="290">
            <String ID="Textword_260" HPOS="2881" VPOS="3398" HEIGHT="42" WIDTH="52" CONTENT="1." WC="0.25" />
            <String ID="Textword_261" HPOS="2950" VPOS="3410" HEIGHT="39" WIDTH="248" CONTENT="WASCHTRÔGE" WC="0.80" />
          </TextLine>
          <TextLine ID="TextLine_113" HPOS="2886" VPOS="3459" HEIGHT="37" WIDTH="305">
            <String ID="Textword_262" HPOS="2886" VPOS="3470" HEIGHT="9" WIDTH="8" CONTENT="M" WC="0.26" />
            <String ID="Textword_263" HPOS="2949" VPOS="3459" HEIGHT="37" WIDTH="242" CONTENT="=GLÂTTOFEN" WC="0.31" />
          </TextLine>
        </TextBlock>
        <TextBlock ID="TextBlock_72" HPOS="2706" VPOS="2732" HEIGHT="794" WIDTH="535">
          <TextLine ID="TextLine_114" HPOS="2706" VPOS="2732" HEIGHT="794" WIDTH="535">
            <SP ID="Textword_38" HPOS="2706" VPOS="2732" />
            <String ID="Textword_264" HPOS="2706" VPOS="2732" HEIGHT="794" WIDTH="535" CONTENT=" " WC="0.95" />
          </TextLine>
        </TextBlock>
        <TextBlock ID="TextBlock_73" HPOS="2710" VPOS="3517" HEIGHT="9" WIDTH="506">
          <TextLine ID="TextLine_115" HPOS="2710" VPOS="3517" HEIGHT="9" WIDTH="506">
            <SP ID="Textword_39" HPOS="2710" VPOS="3517" />
            <String ID="Textword_265" HPOS="2710" VPOS="3517" HEIGHT="9" WIDTH="506" CONTENT=" " WC="0.95" />
          </TextLine>
        </TextBlock>
        <TextBlock ID="TextBlock_74" HPOS="2685" VPOS="3546" HEIGHT="8" WIDTH="558">
          <TextLine ID="TextLine_116" HPOS="2685" VPOS="3546" HEIGHT="8" WIDTH="558">
            <SP ID="Textword_40" HPOS="2685" VPOS="3546" />
            <String ID="Textword_266" HPOS="2685" VPOS="3546" HEIGHT="8" WIDTH="558" CONTENT=" " WC="0.95" />
          </TextLine>
        </TextBlock>
        <TextBlock ID="TextBlock_75" HPOS="2688" VPOS="3582" HEIGHT="21" WIDTH="551">
          <TextLine ID="TextLine_117" HPOS="2688" VPOS="3582" HEIGHT="21" WIDTH="551">
            <SP ID="Textword_41" HPOS="2688" VPOS="3582" />
            <String ID="Textword_267" HPOS="2688" VPOS="3582" HEIGHT="21" WIDTH="551" CONTENT=" " WC="0.95" />
          </TextLine>
        </TextBlock>
        <TextBlock ID="TextBlock_76" HPOS="2717" VPOS="3601" HEIGHT="87" WIDTH="495">
          <TextLine ID="TextLine_118" HPOS="2717" VPOS="3601" HEIGHT="87" WIDTH="495">
            <String ID="Textword_268" HPOS="2717" VPOS="3601" HEIGHT="87" WIDTH="230" CONTENT="Gegenstrom" WC="0.38" />
            <String ID="Textword_269" HPOS="2960" VPOS="3640" HEIGHT="12" WIDTH="17" CONTENT="-" WC="0.89" />
            <String ID="Textword_270" HPOS="2989" VPOS="3603" HEIGHT="75" WIDTH="223" CONTENT="Vorwärmer" WC="0.59" />
          </TextLine>
        </TextBlock>
        <TextBlock ID="TextBlock_77" HPOS="2750" VPOS="3689" HEIGHT="24" WIDTH="403">
          <TextLine ID="TextLine_119" HPOS="2750" VPOS="3689" HEIGHT="24" WIDTH="403">
            <String ID="Textword_271" HPOS="2750" VPOS="3689" HEIGHT="21" WIDTH="96" CONTENT="D.R.P" WC="0.66" />
            <String ID="Textword_272" HPOS="2871" VPOS="3690" HEIGHT="21" WIDTH="47" CONTENT="und" WC="0.96" />
            <String ID="Textword_273" HPOS="2933" VPOS="3691" HEIGHT="22" WIDTH="115" CONTENT="Schweiz." WC="0.91" />
            <String ID="Textword_274" HPOS="3058" VPOS="3691" HEIGHT="21" WIDTH="95" CONTENT="Patent." WC="0.95" />
          </TextLine>
        </TextBlock>
        <TextBlock ID="TextBlock_78" HPOS="2956" VPOS="3733" HEIGHT="123" WIDTH="33">
          <TextLine ID="TextLine_120" HPOS="2956" VPOS="3748" HEIGHT="88" WIDTH="11">
            <String ID="Textword_275" HPOS="2956" VPOS="3748" HEIGHT="88" WIDTH="11" CONTENT="=&gt;" WC="0.47" />
          </TextLine>
          <TextLine ID="TextLine_121" HPOS="2969" VPOS="3733" HEIGHT="123" WIDTH="20">
            <String ID="Textword_276" HPOS="2969" VPOS="3837" HEIGHT="19" WIDTH="20" CONTENT="AP" WC="0.38" />
            <String ID="Textword_277" HPOS="2970" VPOS="3733" HEIGHT="70" WIDTH="12" CONTENT="AUSTRITT" WC="0.30" />
          </TextLine>
        </TextBlock>
        <TextBlock ID="TextBlock_79" HPOS="2719" VPOS="3931" HEIGHT="7" WIDTH="160">
          <TextLine ID="TextLine_122" HPOS="2719" VPOS="3931" HEIGHT="7" WIDTH="160">
            <SP ID="Textword_42" HPOS="2719" VPOS="3931" />
            <String ID="Textword_278" HPOS="2719" VPOS="3931" HEIGHT="7" WIDTH="160" CONTENT=" " WC="0.95" />
          </TextLine>
        </TextBlock>
        <TextBlock ID="TextBlock_80" HPOS="3054" VPOS="3932" HEIGHT="7" WIDTH="159">
          <TextLine ID="TextLine_123" HPOS="3054" VPOS="3932" HEIGHT="7" WIDTH="159">
            <SP ID="Textword_43" HPOS="3054" VPOS="3932" />
            <String ID="Textword_279" HPOS="3054" VPOS="3932" HEIGHT="7" WIDTH="159" CONTENT=" " WC="0.95" />
          </TextLine>
        </TextBlock>
        <TextBlock ID="TextBlock_81" HPOS="2717" VPOS="3941" HEIGHT="7" WIDTH="160">
          <TextLine ID="TextLine_124" HPOS="2717" VPOS="3941" HEIGHT="7" WIDTH="160">
            <SP ID="Textword_44" HPOS="2717" VPOS="3941" />
            <String ID="Textword_280" HPOS="2717" VPOS="3941" HEIGHT="7" WIDTH="160" CONTENT=" " WC="0.95" />
          </TextLine>
        </TextBlock>
        <TextBlock ID="TextBlock_82" HPOS="3054" VPOS="3942" HEIGHT="7" WIDTH="159">
          <TextLine ID="TextLine_125" HPOS="3054" VPOS="3942" HEIGHT="7" WIDTH="159">
            <SP ID="Textword_45" HPOS="3054" VPOS="3942" />
            <String ID="Textword_281" HPOS="3054" VPOS="3942" HEIGHT="7" WIDTH="159" CONTENT=" " WC="0.95" />
          </TextLine>
        </TextBlock>
        <TextBlock ID="TextBlock_83" HPOS="2734" VPOS="3958" HEIGHT="101" WIDTH="129">
          <TextLine ID="TextLine_126" HPOS="2746" VPOS="3958" HEIGHT="30" WIDTH="101">
            <String ID="Textword_282" HPOS="2746" VPOS="3958" HEIGHT="30" WIDTH="101" CONTENT="einfachste" WC="0.60" />
          </TextLine>
          <TextLine ID="TextLine_127" HPOS="2746" VPOS="3994" HEIGHT="30" WIDTH="100">
            <String ID="Textword_283" HPOS="2746" VPOS="3994" HEIGHT="29" WIDTH="36" CONTENT="und" WC="0.93" />
            <String ID="Textword_284" HPOS="2794" VPOS="3994" HEIGHT="30" WIDTH="52" CONTENT="besto" WC="0.72" />
          </TextLine>
          <TextLine ID="TextLine_128" HPOS="2734" VPOS="4029" HEIGHT="30" WIDTH="129">
            <String ID="Textword_285" HPOS="2734" VPOS="4029" HEIGHT="30" WIDTH="129" CONTENT="Konstraktion" WC="0.76" />
          </TextLine>
        </TextBlock>
        <TextBlock ID="TextBlock_84" HPOS="3094" VPOS="3977" HEIGHT="29" WIDTH="73">
          <TextLine ID="TextLine_129" HPOS="3094" VPOS="3977" HEIGHT="29" WIDTH="73">
            <String ID="Textword_286" HPOS="3094" VPOS="3977" HEIGHT="29" WIDTH="73" CONTENT="höchste" WC="0.59" />
          </TextLine>
        </TextBlock>
        <TextBlock ID="TextBlock_85" HPOS="3054" VPOS="4074" HEIGHT="7" WIDTH="159">
          <TextLine ID="TextLine_130" HPOS="3054" VPOS="4074" HEIGHT="7" WIDTH="159">
            <SP ID="Textword_46" HPOS="3054" VPOS="4074" />
            <String ID="Textword_287" HPOS="3054" VPOS="4074" HEIGHT="7" WIDTH="159" CONTENT=" " WC="0.95" />
          </TextLine>
        </TextBlock>
        <TextBlock ID="TextBlock_86" HPOS="3054" VPOS="4084" HEIGHT="7" WIDTH="159">
          <TextLine ID="TextLine_131" HPOS="3054" VPOS="4084" HEIGHT="7" WIDTH="159">
            <SP ID="Textword_47" HPOS="3054" VPOS="4084" />
            <String ID="Textword_288" HPOS="3054" VPOS="4084" HEIGHT="7" WIDTH="159" CONTENT=" " WC="0.95" />
          </TextLine>
        </TextBlock>
        <TextBlock ID="TextBlock_87" HPOS="2866" VPOS="3818" HEIGHT="466" WIDTH="223">
          <TextLine ID="TextLine_132" HPOS="2866" VPOS="3818" HEIGHT="466" WIDTH="223">
            <SP ID="Textword_48" HPOS="2866" VPOS="3818" />
            <String ID="Textword_289" HPOS="2866" VPOS="3818" HEIGHT="466" WIDTH="223" CONTENT=" " WC="0.95" />
          </TextLine>
        </TextBlock>
        <TextBlock ID="TextBlock_88" HPOS="2864" VPOS="4302" HEIGHT="30" WIDTH="158">
          <TextLine ID="TextLine_133" HPOS="2864" VPOS="4302" HEIGHT="30" WIDTH="158">
            <String ID="Textword_290" HPOS="2864" VPOS="4302" HEIGHT="28" WIDTH="141" CONTENT="Vertreter" WC="0.92" />
            <String ID="Textword_291" HPOS="3016" VPOS="4314" HEIGHT="18" WIDTH="6" CONTENT=":" WC="0.91" />
          </TextLine>
        </TextBlock>
        <TextBlock ID="TextBlock_89" HPOS="2763" VPOS="4347" HEIGHT="54" WIDTH="391">
          <TextLine ID="TextLine_134" HPOS="2763" VPOS="4347" HEIGHT="54" WIDTH="391">
            <String ID="Textword_292" HPOS="2763" VPOS="4347" HEIGHT="45" WIDTH="189" CONTENT="Schmassmann" WC="0.82" />
            <String ID="Textword_293" HPOS="2966" VPOS="4352" HEIGHT="41" WIDTH="18" CONTENT="&amp;" WC="0.92" />
            <String ID="Textword_294" HPOS="2998" VPOS="4349" HEIGHT="52" WIDTH="45" CONTENT="Co.," WC="0.72" />
            <String ID="Textword_295" HPOS="3058" VPOS="4349" HEIGHT="46" WIDTH="96" CONTENT="Zürich." WC="0.75" />
          </TextLine>
        </TextBlock>
        <TextBlock ID="TextBlock_90" HPOS="2671" VPOS="393" HEIGHT="4062" WIDTH="15">
          <TextLine ID="TextLine_135" HPOS="2671" VPOS="393" HEIGHT="4062" WIDTH="15">
            <SP ID="Textword_49" HPOS="2671" VPOS="393" />
            <String ID="Textword_296" HPOS="2671" VPOS="393" HEIGHT="4062" WIDTH="15" CONTENT=" " WC="0.95" />
          </TextLine>
        </TextBlock>
        <TextBlock ID="TextBlock_91" HPOS="1521" VPOS="4318" HEIGHT="155" WIDTH="1095">
          <TextLine ID="TextLine_136" HPOS="1521" VPOS="4318" HEIGHT="151" WIDTH="1090">
            <String ID="Textword_297" HPOS="0" VPOS="0" HEIGHT="4983" WIDTH="3419" CONTENT="6" WC="0.08" />
            <String ID="Textword_298" HPOS="1521" VPOS="4319" HEIGHT="150" WIDTH="508" CONTENT="Li" WC="0.05" />
            <String ID="Textword_299" HPOS="2062" VPOS="4333" HEIGHT="83" WIDTH="257" CONTENT="TOTAL" WC="0.07" />
            <String ID="Textword_300" HPOS="2321" VPOS="4318" HEIGHT="93" WIDTH="290" CONTENT="VAI" WC="0.15" />
          </TextLine>
          <TextLine ID="TextLine_137" HPOS="2025" VPOS="4420" HEIGHT="53" WIDTH="591">
            <String ID="Textword_301" HPOS="2025" VPOS="4424" HEIGHT="30" WIDTH="71" CONTENT="Unt." WC="0.89" />
            <String ID="Textword_302" HPOS="2109" VPOS="4423" HEIGHT="50" WIDTH="218" CONTENT="Münhlesteg" WC="0.73" />
            <String ID="Textword_303" HPOS="2332" VPOS="4427" HEIGHT="29" WIDTH="30" CONTENT="8." WC="0.92" />
            <String ID="Textword_304" HPOS="2373" VPOS="4420" HEIGHT="46" WIDTH="159" CONTENT="Telephon" WC="0.85" />
            <String ID="Textword_305" HPOS="2540" VPOS="4426" HEIGHT="33" WIDTH="76" CONTENT="1908." WC="0.95" />
          </TextLine>
        </TextBlock>
        <TextBlock ID="TextBlock_92" HPOS="2613" VPOS="4458" HEIGHT="21" WIDTH="17">
          <TextLine ID="TextLine_138" HPOS="2613" VPOS="4458" HEIGHT="21" WIDTH="17">
            <SP ID="Textword_50" HPOS="2613" VPOS="4458" />
            <String ID="Textword_306" HPOS="2613" VPOS="4458" HEIGHT="21" WIDTH="17" CONTENT=" " WC="0.95" />
          </TextLine>
        </TextBlock>
        <TextBlock ID="TextBlock_93" HPOS="2723" VPOS="4400" HEIGHT="55" WIDTH="449">
          <TextLine ID="TextLine_139" HPOS="2723" VPOS="4400" HEIGHT="55" WIDTH="449">
            <String ID="Textword_307" HPOS="2723" VPOS="4400" HEIGHT="43" WIDTH="32" CONTENT="F." WC="0.92" />
            <String ID="Textword_308" HPOS="2773" VPOS="4400" HEIGHT="64" WIDTH="144" CONTENT="Maftick," WC="0.84" />
            <String ID="Textword_309" HPOS="2931" VPOS="4411" HEIGHT="38" WIDTH="102" CONTENT="Puisuits" WC="0.19" />
            <String ID="Textword_310" HPOS="3045" VPOS="4413" HEIGHT="42" WIDTH="36" CONTENT="21," WC="0.94" />
            <String ID="Textword_311" HPOS="3094" VPOS="4413" HEIGHT="38" WIDTH="78" CONTENT="Sachs." WC="0.85" />
          </TextLine>
        </TextBlock>
        <TextBlock ID="TextBlock_94" HPOS="349" VPOS="4498" HEIGHT="12" WIDTH="2892">
          <TextLine ID="TextLine_140" HPOS="349" VPOS="4498" HEIGHT="12" WIDTH="2892">
            <SP ID="Textword_51" HPOS="349" VPOS="4498" />
            <String ID="Textword_312" HPOS="349" VPOS="4498" HEIGHT="12" WIDTH="2892" CONTENT=" " WC="0.95" />
          </TextLine>
        </TextBlock>
        <TextBlock ID="TextBlock_95" HPOS="11" VPOS="4618" HEIGHT="50" WIDTH="48">
          <TextLine ID="TextLine_141" HPOS="11" VPOS="4618" HEIGHT="50" WIDTH="48">
            <String ID="Textword_313" HPOS="11" VPOS="4618" HEIGHT="50" WIDTH="48" CONTENT="4" WC="0.54" />
          </TextLine>
        </TextBlock>
        <TextBlock ID="TextBlock_96" HPOS="351" VPOS="4528" HEIGHT="153" WIDTH="1376">
          <TextLine ID="TextLine_142" HPOS="351" VPOS="4528" HEIGHT="153" WIDTH="1376">
            <String ID="Textword_314" HPOS="351" VPOS="4531" HEIGHT="117" WIDTH="538" CONTENT="Kistenfabrik" WC="0.92" />
            <String ID="Textword_315" HPOS="936" VPOS="4530" HEIGHT="151" WIDTH="164" CONTENT="Zug" WC="0.93" />
            <String ID="Textword_316" HPOS="1149" VPOS="4528" HEIGHT="117" WIDTH="220" CONTENT="A.-G." WC="0.84" />
            <String ID="Textword_317" HPOS="1423" VPOS="4530" HEIGHT="113" WIDTH="69" CONTENT="in" WC="0.93" />
            <String ID="Textword_318" HPOS="1541" VPOS="4530" HEIGHT="151" WIDTH="186" CONTENT="Zug." WC="0.64" />
          </TextLine>
        </TextBlock>
        <TextBlock ID="TextBlock_97" HPOS="1804" VPOS="4527" HEIGHT="41" WIDTH="1433">
          <TextLine ID="TextLine_143" HPOS="1804" VPOS="4527" HEIGHT="41" WIDTH="1433">
            <String ID="Textword_319" HPOS="1804" VPOS="4529" HEIGHT="32" WIDTH="137" CONTENT="Grösste" WC="0.92" />
            <String ID="Textword_320" HPOS="1965" VPOS="4529" HEIGHT="30" WIDTH="67" CONTENT="und" WC="0.96" />
            <String ID="Textword_321" HPOS="2059" VPOS="4528" HEIGHT="31" WIDTH="94" CONTENT="beste" WC="0.96" />
            <String ID="Textword_322" HPOS="2177" VPOS="4528" HEIGHT="40" WIDTH="240" CONTENT="Bezugsquelle" WC="0.96" />
            <String ID="Textword_323" HPOS="2449" VPOS="4529" HEIGHT="31" WIDTH="107" CONTENT="dieser" WC="0.96" />
            <String ID="Textword_324" HPOS="2589" VPOS="4527" HEIGHT="32" WIDTH="159" CONTENT="Branche." WC="0.92" />
            <String ID="Textword_325" HPOS="2782" VPOS="4547" HEIGHT="4" WIDTH="41" CONTENT="—" WC="0.92" />
            <String ID="Textword_326" HPOS="2854" VPOS="4529" HEIGHT="32" WIDTH="144" CONTENT="Neueste" WC="0.93" />
            <String ID="Textword_327" HPOS="3032" VPOS="4529" HEIGHT="32" WIDTH="205" CONTENT="Maschinen-" WC="0.92" />
          </TextLine>
        </TextBlock>
        <TextBlock ID="TextBlock_98" HPOS="1805" VPOS="4570" HEIGHT="8" WIDTH="1432">
          <TextLine ID="TextLine_144" HPOS="1805" VPOS="4570" HEIGHT="8" WIDTH="1432">
            <SP ID="Textword_52" HPOS="1805" VPOS="4570" />
            <String ID="Textword_328" HPOS="1805" VPOS="4570" HEIGHT="8" WIDTH="1432" CONTENT=" " WC="0.95" />
          </TextLine>
        </TextBlock>
        <TextBlock ID="TextBlock_99" HPOS="1804" VPOS="4590" HEIGHT="41" WIDTH="1433">
          <TextLine ID="TextLine_145" HPOS="1804" VPOS="4590" HEIGHT="41" WIDTH="1433">
            <String ID="Textword_329" HPOS="1804" VPOS="4591" HEIGHT="38" WIDTH="272" CONTENT="Einrichtungen." WC="0.91" />
            <String ID="Textword_330" HPOS="2116" VPOS="4609" HEIGHT="3" WIDTH="42" CONTENT="—" WC="0.91" />
            <String ID="Textword_331" HPOS="2198" VPOS="4590" HEIGHT="32" WIDTH="91" CONTENT="Ganz" WC="0.96" />
            <String ID="Textword_332" HPOS="2331" VPOS="4600" HEIGHT="31" WIDTH="114" CONTENT="grosse" WC="0.93" />
            <String ID="Textword_333" HPOS="2478" VPOS="4591" HEIGHT="38" WIDTH="231" CONTENT="Lagerräume." WC="0.92" />
            <String ID="Textword_334" HPOS="2749" VPOS="4610" HEIGHT="3" WIDTH="41" CONTENT="—" WC="0.91" />
            <String ID="Textword_335" HPOS="2829" VPOS="4592" HEIGHT="39" WIDTH="144" CONTENT="Eigenes" WC="0.75" />
            <String ID="Textword_336" HPOS="3008" VPOS="4591" HEIGHT="40" WIDTH="229" CONTENT="Bahngeleise." WC="0.90" />
          </TextLine>
        </TextBlock>
        <TextBlock ID="TextBlock_100" HPOS="1805" VPOS="4631" HEIGHT="10" WIDTH="1433">
          <TextLine ID="TextLine_146" HPOS="1805" VPOS="4631" HEIGHT="10" WIDTH="1433">
            <SP ID="Textword_53" HPOS="1805" VPOS="4631" />
            <String ID="Textword_337" HPOS="1805" VPOS="4631" HEIGHT="10" WIDTH="1433" CONTENT=" " WC="0.95" />
          </TextLine>
        </TextBlock>
        <TextBlock ID="TextBlock_101" HPOS="1945" VPOS="4651" HEIGHT="33" WIDTH="560">
          <TextLine ID="TextLine_147" HPOS="1945" VPOS="4651" HEIGHT="33" WIDTH="560">
            <String ID="Textword_338" HPOS="1945" VPOS="4651" HEIGHT="33" WIDTH="199" CONTENT="Telephonruf:" WC="0.89" />
            <String ID="Textword_339" HPOS="2164" VPOS="4652" HEIGHT="27" WIDTH="241" CONTENT="Kistenfabrik" WC="0.91" />
            <String ID="Textword_340" HPOS="2424" VPOS="4652" HEIGHT="32" WIDTH="81" CONTENT="Zug." WC="0.96" />
          </TextLine>
        </TextBlock>
        <TextBlock ID="TextBlock_102" HPOS="3082" VPOS="4652" HEIGHT="26" WIDTH="53">
          <TextLine ID="TextLine_148" HPOS="3082" VPOS="4652" HEIGHT="26" WIDTH="53">
            <String ID="Textword_341" HPOS="3082" VPOS="4652" HEIGHT="26" WIDTH="53" CONTENT="214" WC="0.96" />
          </TextLine>
        </TextBlock>
        <TextBlock ID="TextBlock_103" HPOS="362" VPOS="4695" HEIGHT="10" WIDTH="2874">
          <TextLine ID="TextLine_149" HPOS="362" VPOS="4695" HEIGHT="10" WIDTH="2874">
            <SP ID="Textword_54" HPOS="362" VPOS="4695" />
            <String ID="Textword_342" HPOS="362" VPOS="4695" HEIGHT="10" WIDTH="2874" CONTENT=" " WC="0.95" />
          </TextLine>
        </TextBlock>
        <TextBlock ID="TextBlock_104" HPOS="1231" VPOS="4713" HEIGHT="36" WIDTH="1132">
          <TextLine ID="TextLine_150" HPOS="1231" VPOS="4713" HEIGHT="36" WIDTH="1132">
            <String ID="Textword_343" HPOS="1231" VPOS="4715" HEIGHT="26" WIDTH="93" CONTENT="Druck" WC="0.96" />
            <String ID="Textword_344" HPOS="1342" VPOS="4715" HEIGHT="26" WIDTH="56" CONTENT="und" WC="0.96" />
            <String ID="Textword_345" HPOS="1416" VPOS="4714" HEIGHT="34" WIDTH="165" CONTENT="Expedition" WC="0.96" />
            <String ID="Textword_346" HPOS="1601" VPOS="4722" HEIGHT="19" WIDTH="52" CONTENT="von" WC="0.96" />
            <String ID="Textword_347" HPOS="1673" VPOS="4714" HEIGHT="34" WIDTH="106" CONTENT="Müller," WC="0.96" />
            <String ID="Textword_348" HPOS="1799" VPOS="4713" HEIGHT="36" WIDTH="115" CONTENT="Werder" WC="0.92" />
            <String ID="Textword_349" HPOS="1933" VPOS="4713" HEIGHT="26" WIDTH="25" CONTENT="&amp;" WC="0.92" />
            <String ID="Textword_350" HPOS="1978" VPOS="4713" HEIGHT="34" WIDTH="65" CONTENT="Cie.," WC="0.92" />
            <String ID="Textword_351" HPOS="2064" VPOS="4714" HEIGHT="33" WIDTH="109" CONTENT="Schipfe" WC="0.92" />
            <String ID="Textword_352" HPOS="2191" VPOS="4714" HEIGHT="34" WIDTH="44" CONTENT="33," WC="0.96" />
            <String ID="Textword_353" HPOS="2254" VPOS="4715" HEIGHT="26" WIDTH="109" CONTENT="Zürich." WC="0.95" />
          </TextLine>
        </TextBlock>
        <TextBlock ID="TextBlock_105" HPOS="3241" VPOS="4398" HEIGHT="585" WIDTH="178">
          <TextLine ID="TextLine_151" HPOS="3241" VPOS="4398" HEIGHT="585" WIDTH="178">
            <SP ID="Textword_55" HPOS="3241" VPOS="4398" />
            <String ID="Textword_354" HPOS="3241" VPOS="4398" HEIGHT="585" WIDTH="178" CONTENT=" " WC="0.95" />
          </TextLine>
        </TextBlock>
        <TextBlock ID="TextBlock_106" HPOS="3315" VPOS="319" HEIGHT="4083" WIDTH="22">
          <TextLine ID="TextLine_152" HPOS="3315" VPOS="319" HEIGHT="4083" WIDTH="22">
            <SP ID="Textword_56" HPOS="3315" VPOS="319" />
            <String ID="Textword_355" HPOS="3315" VPOS="319" HEIGHT="4083" WIDTH="22" CONTENT=" " WC="0.95" />
          </TextLine>
        </TextBlock>
      </PrintSpace>
    </Page>
  </Layout>
</alto>
