<?xml version="1.0" encoding="UTF-8"?>
<alto xmlns="http://www.loc.gov/standards/alto/ns-v2#" xmlns:xsi="http://www.w3.org/2001/XMLSchema-instance" xsi:schemaLocation="http://www.loc.gov/standards/alto/ns-v2# http://www.loc.gov/standards/alto/alto.xsd">
  <Description>
    <MeasurementUnit>pixel</MeasurementUnit>
    <sourceImageInformation />
    <OCRProcessing ID="OCR_1">
      <preProcessingStep>
        <processingDateTime>2019-05-08T04:17:00</processingDateTime>
        <processingAgency>intranda GmbH, www.intranda.com</processingAgency>
        <processingSoftware>
          <softwareCreator>intranda GmbH, Germany</softwareCreator>
          <softwareName>intranda OCR Module for TaskManager</softwareName>
          <softwareVersion>1.0r42</softwareVersion>
        </processingSoftware>
      </preProcessingStep>
      <ocrProcessingStep>
        <processingSoftware>
          <softwareCreator>Tesseract contributors</softwareCreator>
          <softwareName>Tesseract Open Source OCR Engine</softwareName>
          <softwareVersion>4.0.0-beta.1-270-g5a56</softwareVersion>
        </processingSoftware>
      </ocrProcessingStep>
    </OCRProcessing>
  </Description>
  <Layout>
    <Page ID="PAGE_1" HEIGHT="1849" WIDTH="2183" PHYSICAL_IMG_NR="1">
      <PrintSpace ID="PrintSpace_1" HPOS="0" VPOS="0" HEIGHT="1849" WIDTH="2183">
        <TextBlock ID="TextBlock_1" HPOS="1" VPOS="731" HEIGHT="1116" WIDTH="10">
          <TextLine ID="TextLine_1" HPOS="1" VPOS="731" HEIGHT="1116" WIDTH="10">
            <SP ID="Textword_1" HPOS="1" VPOS="731" />
            <String ID="Textword_1" HPOS="1" VPOS="731" HEIGHT="1116" WIDTH="10" CONTENT=" " WC="0.95" />
          </TextLine>
        </TextBlock>
        <TextBlock ID="TextBlock_2" HPOS="0" VPOS="0" HEIGHT="773" WIDTH="1544">
          <TextLine ID="TextLine_2" HPOS="0" VPOS="0" HEIGHT="773" WIDTH="1544">
            <SP ID="Textword_2" HPOS="0" VPOS="0" />
            <String ID="Textword_2" HPOS="0" VPOS="0" HEIGHT="773" WIDTH="1544" CONTENT=" " WC="0.95" />
          </TextLine>
        </TextBlock>
        <TextBlock ID="TextBlock_3" HPOS="469" VPOS="719" HEIGHT="84" WIDTH="1058">
          <TextLine ID="TextLine_3" HPOS="469" VPOS="719" HEIGHT="47" WIDTH="1058">
            <String ID="Textword_3" HPOS="469" VPOS="742" HEIGHT="21" WIDTH="7" CONTENT="/o" WC="0.78" />
            <String ID="Textword_4" HPOS="547" VPOS="726" HEIGHT="38" WIDTH="234" CONTENT="Gasersparnis" WC="0.53" />
            <String ID="Textword_5" HPOS="813" VPOS="719" HEIGHT="46" WIDTH="203" CONTENT="gegenüber" WC="0.93" />
            <String ID="Textword_6" HPOS="1037" VPOS="728" HEIGHT="28" WIDTH="293" CONTENT="ausländischem" WC="0.91" />
            <String ID="Textword_7" HPOS="1377" VPOS="719" HEIGHT="47" WIDTH="150" CONTENT="Fabrikat," WC="0.94" />
          </TextLine>
          <TextLine ID="TextLine_4" HPOS="898" VPOS="777" HEIGHT="26" WIDTH="152">
            <String ID="Textword_8" HPOS="898" VPOS="777" HEIGHT="26" WIDTH="89" CONTENT="liefert" WC="0.92" />
            <String ID="Textword_9" HPOS="1008" VPOS="778" HEIGHT="25" WIDTH="42" CONTENT="die" WC="0.92" />
          </TextLine>
        </TextBlock>
        <TextBlock ID="TextBlock_4" HPOS="462" VPOS="829" HEIGHT="73" WIDTH="991">
          <TextLine ID="TextLine_5" HPOS="462" VPOS="829" HEIGHT="73" WIDTH="991">
            <String ID="Textword_10" HPOS="462" VPOS="829" HEIGHT="56" WIDTH="260" CONTENT="Glashütte" WC="0.96" />
            <String ID="Textword_11" HPOS="751" VPOS="830" HEIGHT="56" WIDTH="138" CONTENT="Olten" WC="0.93" />
            <String ID="Textword_12" HPOS="919" VPOS="832" HEIGHT="70" WIDTH="534" CONTENT="Aktiengesellschaft." WC="0.91" />
          </TextLine>
        </TextBlock>
        <TextBlock ID="TextBlock_5" HPOS="2142" VPOS="11" HEIGHT="777" WIDTH="41">
          <TextLine ID="TextLine_6" HPOS="2144" VPOS="11" HEIGHT="212" WIDTH="39">
            <SP ID="Textword_3" HPOS="2144" VPOS="11" />
            <String ID="Textword_13" HPOS="2144" VPOS="11" HEIGHT="212" WIDTH="39" CONTENT="   " WC="0.95" />
          </TextLine>
          <TextLine ID="TextLine_7" HPOS="2142" VPOS="223" HEIGHT="299" WIDTH="41">
            <SP ID="Textword_4" HPOS="2142" VPOS="223" />
            <String ID="Textword_14" HPOS="2142" VPOS="223" HEIGHT="299" WIDTH="41" CONTENT="    " WC="0.95" />
          </TextLine>
          <TextLine ID="TextLine_8" HPOS="2142" VPOS="522" HEIGHT="120" WIDTH="41">
            <SP ID="Textword_5" HPOS="2142" VPOS="522" />
            <String ID="Textword_15" HPOS="2142" VPOS="522" HEIGHT="120" WIDTH="41" CONTENT="   " WC="0.95" />
          </TextLine>
          <TextLine ID="TextLine_9" HPOS="2149" VPOS="642" HEIGHT="146" WIDTH="34">
            <SP ID="Textword_6" HPOS="2149" VPOS="642" />
            <String ID="Textword_16" HPOS="2149" VPOS="642" HEIGHT="146" WIDTH="34" CONTENT="    " WC="0.95" />
          </TextLine>
        </TextBlock>
        <TextBlock ID="TextBlock_6" HPOS="1647" VPOS="0" HEIGHT="141" WIDTH="507">
          <TextLine ID="TextLine_10" HPOS="1647" VPOS="0" HEIGHT="36" WIDTH="450">
            <String ID="Textword_17" HPOS="1647" VPOS="0" HEIGHT="36" WIDTH="450" CONTENT="ACKFIAHNLE=-SCHHUCT" WC="0.15" />
          </TextLine>
          <TextLine ID="TextLine_11" HPOS="1649" VPOS="0" HEIGHT="99" WIDTH="505">
            <String ID="Textword_18" HPOS="1649" VPOS="43" HEIGHT="45" WIDTH="341" CONTENT="Strassentafeln" WC="0.87" />
            <String ID="Textword_19" HPOS="2129" VPOS="0" HEIGHT="99" WIDTH="25" CONTENT="[" WC="0.33" />
          </TextLine>
          <TextLine ID="TextLine_12" HPOS="1647" VPOS="97" HEIGHT="44" WIDTH="491">
            <String ID="Textword_20" HPOS="1647" VPOS="97" HEIGHT="44" WIDTH="355" CONTENT="Hausnummern" WC="0.90" />
            <String ID="Textword_21" HPOS="2135" VPOS="103" HEIGHT="6" WIDTH="3" CONTENT="|" WC="0.72" />
          </TextLine>
        </TextBlock>
        <TextBlock ID="TextBlock_7" HPOS="1563" VPOS="157" HEIGHT="136" WIDTH="575">
          <TextLine ID="TextLine_13" HPOS="1563" VPOS="157" HEIGHT="42" WIDTH="575">
            <String ID="Textword_22" HPOS="1563" VPOS="157" HEIGHT="34" WIDTH="78" CONTENT="jeder" WC="0.89" />
            <String ID="Textword_23" HPOS="1656" VPOS="158" HEIGHT="27" WIDTH="53" CONTENT="Art" WC="0.96" />
            <String ID="Textword_24" HPOS="1726" VPOS="161" HEIGHT="25" WIDTH="56" CONTENT="und" WC="0.93" />
            <String ID="Textword_25" HPOS="1797" VPOS="161" HEIGHT="27" WIDTH="98" CONTENT="Grösse" WC="0.96" />
            <String ID="Textword_26" HPOS="1908" VPOS="164" HEIGHT="33" WIDTH="147" CONTENT="empfiehlt," WC="0.75" />
            <String ID="Textword_27" HPOS="2074" VPOS="173" HEIGHT="26" WIDTH="34" CONTENT="ge-" WC="0.92" />
            <String ID="Textword_28" HPOS="2112" VPOS="168" HEIGHT="28" WIDTH="26" CONTENT="|" WC="0.97" />
          </TextLine>
          <TextLine ID="TextLine_14" HPOS="1565" VPOS="195" HEIGHT="40" WIDTH="572">
            <String ID="Textword_29" HPOS="1565" VPOS="195" HEIGHT="25" WIDTH="89" CONTENT="stützt" WC="0.96" />
            <String ID="Textword_30" HPOS="1682" VPOS="196" HEIGHT="25" WIDTH="50" CONTENT="auf" WC="0.96" />
            <String ID="Textword_31" HPOS="1757" VPOS="197" HEIGHT="34" WIDTH="175" CONTENT="langjährige" WC="0.96" />
            <String ID="Textword_32" HPOS="1955" VPOS="199" HEIGHT="35" WIDTH="158" CONTENT="Erfahrung," WC="0.93" />
            <String ID="Textword_33" HPOS="2116" VPOS="199" HEIGHT="36" WIDTH="21" CONTENT="|" WC="0.95" />
          </TextLine>
          <TextLine ID="TextLine_15" HPOS="1565" VPOS="229" HEIGHT="41" WIDTH="572">
            <String ID="Textword_34" HPOS="1565" VPOS="229" HEIGHT="26" WIDTH="28" CONTENT="in" WC="0.92" />
            <String ID="Textword_35" HPOS="1612" VPOS="231" HEIGHT="26" WIDTH="146" CONTENT="tadelloset‘" WC="0.65" />
            <String ID="Textword_36" HPOS="1777" VPOS="233" HEIGHT="35" WIDTH="180" CONTENT="Ausführung" WC="0.96" />
            <String ID="Textword_37" HPOS="1976" VPOS="243" HEIGHT="18" WIDTH="34" CONTENT="zu" WC="0.93" />
            <String ID="Textword_38" HPOS="2031" VPOS="236" HEIGHT="34" WIDTH="88" CONTENT="billig-" WC="0.91" />
            <String ID="Textword_39" HPOS="2134" VPOS="235" HEIGHT="28" WIDTH="3" CONTENT="|" WC="0.96" />
          </TextLine>
          <TextLine ID="TextLine_16" HPOS="1565" VPOS="264" HEIGHT="29" WIDTH="572">
            <String ID="Textword_40" HPOS="1565" VPOS="266" HEIGHT="25" WIDTH="61" CONTENT="sten" WC="0.91" />
            <String ID="Textword_41" HPOS="1645" VPOS="266" HEIGHT="27" WIDTH="119" CONTENT="Preisen:" WC="0.92" />
            <String ID="Textword_42" HPOS="2134" VPOS="264" HEIGHT="20" WIDTH="3" CONTENT="|" WC="0.89" />
          </TextLine>
        </TextBlock>
        <TextBlock ID="TextBlock_8" HPOS="1660" VPOS="311" HEIGHT="55" WIDTH="459">
          <TextLine ID="TextLine_17" HPOS="1660" VPOS="311" HEIGHT="55" WIDTH="459">
            <String ID="Textword_43" HPOS="1660" VPOS="311" HEIGHT="43" WIDTH="357" CONTENT="Metallwarenfabrik" WC="0.87" />
            <String ID="Textword_44" HPOS="2036" VPOS="316" HEIGHT="50" WIDTH="83" CONTENT="Zug." WC="0.92" />
          </TextLine>
        </TextBlock>
        <TextBlock ID="TextBlock_9" HPOS="1577" VPOS="384" HEIGHT="92" WIDTH="525">
          <TextLine ID="TextLine_18" HPOS="1577" VPOS="384" HEIGHT="92" WIDTH="525">
            <String ID="Textword_45" HPOS="1577" VPOS="384" HEIGHT="92" WIDTH="525" CONTENT="Geld:Darleben" WC="0.58" />
          </TextLine>
        </TextBlock>
        <TextBlock ID="TextBlock_10" HPOS="1558" VPOS="486" HEIGHT="322" WIDTH="560">
          <TextLine ID="TextLine_19" HPOS="1560" VPOS="486" HEIGHT="37" WIDTH="558">
            <String ID="Textword_46" HPOS="1560" VPOS="486" HEIGHT="26" WIDTH="28" CONTENT="in" WC="0.92" />
            <String ID="Textword_47" HPOS="1595" VPOS="486" HEIGHT="34" WIDTH="79" CONTENT="jeder" WC="0.90" />
            <String ID="Textword_48" HPOS="1687" VPOS="488" HEIGHT="26" WIDTH="63" CONTENT="Hôhe" WC="0.89" />
            <String ID="Textword_49" HPOS="1752" VPOS="489" HEIGHT="26" WIDTH="67" CONTENT="für" WC="0.93" />
            <String ID="Textword_50" HPOS="1826" VPOS="490" HEIGHT="33" WIDTH="160" CONTENT="jedermann" WC="0.90" />
            <String ID="Textword_51" HPOS="1997" VPOS="499" HEIGHT="19" WIDTH="35" CONTENT="zu" WC="0.96" />
            <String ID="Textword_52" HPOS="2041" VPOS="492" HEIGHT="26" WIDTH="17" CONTENT="4" WC="0.96" />
            <String ID="Textword_53" HPOS="2077" VPOS="493" HEIGHT="27" WIDTH="41" CONTENT="bis" WC="0.96" />
          </TextLine>
          <TextLine ID="TextLine_20" HPOS="1560" VPOS="522" HEIGHT="35" WIDTH="557">
            <String ID="Textword_54" HPOS="1560" VPOS="522" HEIGHT="24" WIDTH="14" CONTENT="9" WC="0.54" />
            <String ID="Textword_55" HPOS="1589" VPOS="523" HEIGHT="31" WIDTH="34" CONTENT="°/o" WC="0.89" />
            <String ID="Textword_56" HPOS="1641" VPOS="531" HEIGHT="26" WIDTH="91" CONTENT="gegen" WC="0.90" />
            <String ID="Textword_57" HPOS="1757" VPOS="524" HEIGHT="29" WIDTH="194" CONTENT="Schuldschein" WC="0.91" />
            <String ID="Textword_58" HPOS="1973" VPOS="527" HEIGHT="26" WIDTH="51" CONTENT="mit" WC="0.95" />
            <String ID="Textword_59" HPOS="2053" VPOS="529" HEIGHT="26" WIDTH="64" CONTENT="oder" WC="0.96" />
          </TextLine>
          <TextLine ID="TextLine_21" HPOS="1560" VPOS="557" HEIGHT="38" WIDTH="553">
            <String ID="Textword_60" HPOS="1560" VPOS="557" HEIGHT="27" WIDTH="67" CONTENT="ohne" WC="0.93" />
            <String ID="Textword_61" HPOS="1667" VPOS="558" HEIGHT="34" WIDTH="106" CONTENT="Bürgen" WC="0.88" />
            <String ID="Textword_62" HPOS="1812" VPOS="561" HEIGHT="34" WIDTH="100" CONTENT="tilgbar" WC="0.90" />
            <String ID="Textword_63" HPOS="1946" VPOS="563" HEIGHT="26" WIDTH="28" CONTENT="in" WC="0.93" />
            <String ID="Textword_64" HPOS="2012" VPOS="567" HEIGHT="23" WIDTH="101" CONTENT="monat-" WC="0.87" />
          </TextLine>
          <TextLine ID="TextLine_22" HPOS="1558" VPOS="593" HEIGHT="33" WIDTH="555">
            <String ID="Textword_65" HPOS="1558" VPOS="593" HEIGHT="27" WIDTH="88" CONTENT="lichen" WC="0.91" />
            <String ID="Textword_66" HPOS="1670" VPOS="594" HEIGHT="27" WIDTH="89" CONTENT="Raten" WC="0.91" />
            <String ID="Textword_67" HPOS="1784" VPOS="603" HEIGHT="19" WIDTH="53" CONTENT="von" WC="0.96" />
            <String ID="Textword_68" HPOS="1856" VPOS="598" HEIGHT="24" WIDTH="13" CONTENT="1" WC="0.96" />
            <String ID="Textword_69" HPOS="1890" VPOS="597" HEIGHT="26" WIDTH="41" CONTENT="bis" WC="0.96" />
            <String ID="Textword_70" HPOS="1953" VPOS="597" HEIGHT="27" WIDTH="31" CONTENT="10" WC="0.93" />
            <String ID="Textword_71" HPOS="2003" VPOS="598" HEIGHT="28" WIDTH="110" CONTENT="Jahren." WC="0.91" />
          </TextLine>
          <TextLine ID="TextLine_23" HPOS="1559" VPOS="628" HEIGHT="37" WIDTH="554">
            <String ID="Textword_72" HPOS="1559" VPOS="628" HEIGHT="27" WIDTH="76" CONTENT="Ohne" WC="0.92" />
            <String ID="Textword_73" HPOS="1646" VPOS="629" HEIGHT="36" WIDTH="315" CONTENT="Vermittlungsgebühr." WC="0.84" />
            <String ID="Textword_74" HPOS="1982" VPOS="633" HEIGHT="29" WIDTH="131" CONTENT="Darleheu" WC="0.91" />
          </TextLine>
          <TextLine ID="TextLine_24" HPOS="1559" VPOS="664" HEIGHT="37" WIDTH="551">
            <String ID="Textword_75" HPOS="1559" VPOS="664" HEIGHT="26" WIDTH="44" CONTENT="auf" WC="0.93" />
            <String ID="Textword_76" HPOS="1614" VPOS="665" HEIGHT="34" WIDTH="163" CONTENT="Realitäten," WC="0.91" />
            <String ID="Textword_77" HPOS="1798" VPOS="675" HEIGHT="18" WIDTH="33" CONTENT="zu" WC="0.92" />
            <String ID="Textword_78" HPOS="1851" VPOS="668" HEIGHT="33" WIDTH="50" CONTENT="3*/2" WC="0.58" />
            <String ID="Textword_79" HPOS="1915" VPOS="668" HEIGHT="33" WIDTH="35" CONTENT="°/o" WC="0.75" />
            <String ID="Textword_80" HPOS="1964" VPOS="669" HEIGHT="26" WIDTH="50" CONTENT="auf" WC="0.96" />
            <String ID="Textword_81" HPOS="2025" VPOS="669" HEIGHT="27" WIDTH="34" CONTENT="30" WC="0.95" />
            <String ID="Textword_82" HPOS="2069" VPOS="670" HEIGHT="27" WIDTH="41" CONTENT="bis" WC="0.96" />
          </TextLine>
          <TextLine ID="TextLine_25" HPOS="1559" VPOS="699" HEIGHT="39" WIDTH="553">
            <String ID="Textword_83" HPOS="1559" VPOS="699" HEIGHT="26" WIDTH="32" CONTENT="60" WC="0.96" />
            <String ID="Textword_84" HPOS="1605" VPOS="700" HEIGHT="34" WIDTH="91" CONTENT="Jahre," WC="0.96" />
            <String ID="Textword_85" HPOS="1717" VPOS="702" HEIGHT="26" WIDTH="113" CONTENT="höchste" WC="0.92" />
            <String ID="Textword_86" HPOS="1842" VPOS="703" HEIGHT="35" WIDTH="169" CONTENT="Belehnung." WC="0.92" />
            <String ID="Textword_87" HPOS="2032" VPOS="705" HEIGHT="27" WIDTH="80" CONTENT="Grös-" WC="0.87" />
          </TextLine>
          <TextLine ID="TextLine_26" HPOS="1558" VPOS="736" HEIGHT="35" WIDTH="553">
            <String ID="Textword_88" HPOS="1558" VPOS="743" HEIGHT="18" WIDTH="59" CONTENT="sere" WC="0.91" />
            <String ID="Textword_89" HPOS="1633" VPOS="736" HEIGHT="35" WIDTH="246" CONTENT="Finanzierungen." WC="0.93" />
            <String ID="Textword_90" HPOS="1899" VPOS="739" HEIGHT="28" WIDTH="109" CONTENT="Rasche" WC="0.92" />
            <String ID="Textword_91" HPOS="2022" VPOS="748" HEIGHT="19" WIDTH="26" CONTENT="u." WC="0.93" />
            <String ID="Textword_92" HPOS="2058" VPOS="741" HEIGHT="27" WIDTH="53" CONTENT="dis-" WC="0.92" />
          </TextLine>
          <TextLine ID="TextLine_27" HPOS="1558" VPOS="771" HEIGHT="37" WIDTH="424">
            <String ID="Textword_93" HPOS="1558" VPOS="771" HEIGHT="26" WIDTH="77" CONTENT="krete" WC="0.92" />
            <String ID="Textword_94" HPOS="1655" VPOS="772" HEIGHT="35" WIDTH="181" CONTENT="Abwicklung" WC="0.96" />
            <String ID="Textword_95" HPOS="1856" VPOS="774" HEIGHT="34" WIDTH="126" CONTENT="besorgt:" WC="0.96" />
          </TextLine>
        </TextBlock>
        <TextBlock ID="TextBlock_11" HPOS="1560" VPOS="815" HEIGHT="53" WIDTH="552">
          <TextLine ID="TextLine_28" HPOS="1560" VPOS="815" HEIGHT="53" WIDTH="552">
            <String ID="Textword_96" HPOS="1560" VPOS="815" HEIGHT="48" WIDTH="228" CONTENT="Administration" WC="0.85" />
            <String ID="Textword_97" HPOS="1808" VPOS="817" HEIGHT="47" WIDTH="47" CONTENT="des" WC="0.92" />
            <String ID="Textword_98" HPOS="1876" VPOS="818" HEIGHT="50" WIDTH="236" CONTENT="Börsen-Courier" WC="0.90" />
          </TextLine>
        </TextBlock>
        <TextBlock ID="TextBlock_12" HPOS="1639" VPOS="870" HEIGHT="35" WIDTH="396">
          <TextLine ID="TextLine_29" HPOS="1639" VPOS="870" HEIGHT="35" WIDTH="396">
            <String ID="Textword_99" HPOS="1639" VPOS="870" HEIGHT="33" WIDTH="146" CONTENT="Budapest," WC="0.92" />
            <String ID="Textword_100" HPOS="1806" VPOS="871" HEIGHT="34" WIDTH="229" CONTENT="Hauptpostfach." WC="0.88" />
          </TextLine>
        </TextBlock>
        <TextBlock ID="TextBlock_13" HPOS="1541" VPOS="2" HEIGHT="936" WIDTH="16">
          <TextLine ID="TextLine_30" HPOS="1541" VPOS="2" HEIGHT="936" WIDTH="16">
            <SP ID="Textword_7" HPOS="1541" VPOS="2" />
            <String ID="Textword_101" HPOS="1541" VPOS="2" HEIGHT="936" WIDTH="16" CONTENT=" " WC="0.95" />
          </TextLine>
        </TextBlock>
        <TextBlock ID="TextBlock_14" HPOS="1530" VPOS="938" HEIGHT="23" WIDTH="63">
          <TextLine ID="TextLine_31" HPOS="1530" VPOS="938" HEIGHT="23" WIDTH="63">
            <SP ID="Textword_8" HPOS="1530" VPOS="938" />
            <String ID="Textword_102" HPOS="1530" VPOS="938" HEIGHT="23" WIDTH="63" CONTENT=" " WC="0.95" />
          </TextLine>
        </TextBlock>
        <TextBlock ID="TextBlock_15" HPOS="443" VPOS="1087" HEIGHT="219" WIDTH="1695">
          <TextLine ID="TextLine_32" HPOS="587" VPOS="1087" HEIGHT="76" WIDTH="1530">
            <String ID="Textword_103" HPOS="587" VPOS="1087" HEIGHT="53" WIDTH="138" CONTENT="Wir" WC="0.94" />
            <String ID="Textword_104" HPOS="760" VPOS="1088" HEIGHT="54" WIDTH="204" CONTENT="bitten" WC="0.96" />
            <String ID="Textword_105" HPOS="1006" VPOS="1090" HEIGHT="53" WIDTH="103" CONTENT="die" WC="0.93" />
            <String ID="Textword_106" HPOS="1157" VPOS="1091" HEIGHT="53" WIDTH="110" CONTENT="Tit." WC="0.92" />
            <String ID="Textword_107" HPOS="1309" VPOS="1091" HEIGHT="54" WIDTH="210" CONTENT="Leser" WC="0.96" />
            <String ID="Textword_108" HPOS="1555" VPOS="1095" HEIGHT="52" WIDTH="141" CONTENT="und" WC="0.95" />
            <String ID="Textword_109" HPOS="1725" VPOS="1095" HEIGHT="68" WIDTH="392" CONTENT="Mitglieder," WC="0.95" />
          </TextLine>
          <TextLine ID="TextLine_33" HPOS="443" VPOS="1168" HEIGHT="76" WIDTH="1695">
            <String ID="Textword_110" HPOS="443" VPOS="1168" HEIGHT="55" WIDTH="271" CONTENT="Firmen" WC="0.96" />
            <String ID="Textword_111" HPOS="764" VPOS="1185" HEIGHT="38" WIDTH="86" CONTENT="zu" WC="0.96" />
            <String ID="Textword_112" HPOS="898" VPOS="1170" HEIGHT="64" WIDTH="303" CONTENT="machen," WC="0.95" />
            <String ID="Textword_113" HPOS="1247" VPOS="1171" HEIGHT="54" WIDTH="103" CONTENT="die" WC="0.96" />
            <String ID="Textword_114" HPOS="1401" VPOS="1172" HEIGHT="54" WIDTH="103" CONTENT="die" WC="0.96" />
            <String ID="Textword_115" HPOS="1540" VPOS="1173" HEIGHT="71" WIDTH="503" CONTENT="Bestrebungen" WC="0.93" />
            <String ID="Textword_116" HPOS="2094" VPOS="1179" HEIGHT="53" WIDTH="44" CONTENT="d" WC="0.90" />
          </TextLine>
          <TextLine ID="TextLine_34" HPOS="443" VPOS="1248" HEIGHT="58" WIDTH="1202">
            <String ID="Textword_117" HPOS="443" VPOS="1249" HEIGHT="52" WIDTH="70" CONTENT="in" WC="0.96" />
            <String ID="Textword_118" HPOS="556" VPOS="1263" HEIGHT="39" WIDTH="313" CONTENT="unserem" WC="0.93" />
            <String ID="Textword_119" HPOS="906" VPOS="1248" HEIGHT="55" WIDTH="221" CONTENT="Blatte" WC="0.83" />
            <String ID="Textword_120" HPOS="1167" VPOS="1254" HEIGHT="52" WIDTH="478" CONTENT="unterstützen." WC="0.96" />
          </TextLine>
        </TextBlock>
        <TextBlock ID="TextBlock_16" HPOS="2125" VPOS="298" HEIGHT="645" WIDTH="15">
          <TextLine ID="TextLine_35" HPOS="2125" VPOS="298" HEIGHT="645" WIDTH="15">
            <SP ID="Textword_9" HPOS="2125" VPOS="298" />
            <String ID="Textword_121" HPOS="2125" VPOS="298" HEIGHT="645" WIDTH="15" CONTENT=" " WC="0.95" />
          </TextLine>
        </TextBlock>
        <TextBlock ID="TextBlock_17" HPOS="440" VPOS="826" HEIGHT="304" WIDTH="1743">
          <TextLine ID="TextLine_36" HPOS="1933" VPOS="826" HEIGHT="135" WIDTH="250">
            <SP ID="Textword_10" HPOS="1933" VPOS="826" />
            <String ID="Textword_122" HPOS="1933" VPOS="826" HEIGHT="135" WIDTH="250" CONTENT="   " WC="0.95" />
          </TextLine>
          <TextLine ID="TextLine_37" HPOS="440" VPOS="961" HEIGHT="88" WIDTH="1743">
            <SP ID="Textword_11" HPOS="440" VPOS="961" />
            <String ID="Textword_123" HPOS="440" VPOS="961" HEIGHT="88" WIDTH="1743" CONTENT=" " WC="0.95" />
          </TextLine>
          <TextLine ID="TextLine_38" HPOS="440" VPOS="1049" HEIGHT="81" WIDTH="147">
            <SP ID="Textword_12" HPOS="440" VPOS="1049" />
            <String ID="Textword_124" HPOS="440" VPOS="1049" HEIGHT="81" WIDTH="147" CONTENT=" " WC="0.95" />
          </TextLine>
        </TextBlock>
        <TextBlock ID="TextBlock_18" HPOS="1593" VPOS="912" HEIGHT="33" WIDTH="518">
          <TextLine ID="TextLine_39" HPOS="1593" VPOS="912" HEIGHT="33" WIDTH="518">
            <String ID="Textword_125" HPOS="1593" VPOS="912" HEIGHT="33" WIDTH="158" CONTENT="Rückporto" WC="0.92" />
            <String ID="Textword_126" HPOS="1771" VPOS="916" HEIGHT="27" WIDTH="162" CONTENT="erwünscht," WC="0.85" />
            <String ID="Textword_127" HPOS="2011" VPOS="917" HEIGHT="28" WIDTH="100" CONTENT="11995." WC="0.62" />
          </TextLine>
        </TextBlock>
        <TextBlock ID="TextBlock_19" HPOS="1933" VPOS="938" HEIGHT="21" WIDTH="78">
          <TextLine ID="TextLine_40" HPOS="1933" VPOS="938" HEIGHT="21" WIDTH="78">
            <SP ID="Textword_13" HPOS="1933" VPOS="938" />
            <String ID="Textword_128" HPOS="1933" VPOS="938" HEIGHT="21" WIDTH="78" CONTENT=" " WC="0.95" />
          </TextLine>
        </TextBlock>
        <TextBlock ID="TextBlock_20" HPOS="1567" VPOS="1049" HEIGHT="800" WIDTH="616">
          <TextLine ID="TextLine_41" HPOS="2117" VPOS="1049" HEIGHT="233" WIDTH="66">
            <SP ID="Textword_14" HPOS="2117" VPOS="1049" />
            <String ID="Textword_129" HPOS="2117" VPOS="1049" HEIGHT="233" WIDTH="66" CONTENT="   " WC="0.95" />
          </TextLine>
          <TextLine ID="TextLine_42" HPOS="1567" VPOS="1282" HEIGHT="567" WIDTH="616">
            <SP ID="Textword_15" HPOS="1567" VPOS="1282" />
            <String ID="Textword_130" HPOS="1567" VPOS="1282" HEIGHT="567" WIDTH="616" CONTENT="  " WC="0.95" />
          </TextLine>
        </TextBlock>
      </PrintSpace>
    </Page>
  </Layout>
</alto>
