<?xml version="1.0" encoding="UTF-8"?>
<alto xmlns="http://www.loc.gov/standards/alto/ns-v2#" xmlns:xsi="http://www.w3.org/2001/XMLSchema-instance" xsi:schemaLocation="http://www.loc.gov/standards/alto/ns-v2# http://www.loc.gov/standards/alto/alto.xsd">
  <Description>
    <MeasurementUnit>pixel</MeasurementUnit>
    <sourceImageInformation />
    <OCRProcessing ID="OCR_1">
      <preProcessingStep>
        <processingDateTime>2019-05-09T06:38:38</processingDateTime>
        <processingAgency>intranda GmbH, www.intranda.com</processingAgency>
        <processingSoftware>
          <softwareCreator>intranda GmbH, Germany</softwareCreator>
          <softwareName>intranda OCR Module for TaskManager</softwareName>
          <softwareVersion>1.0r42</softwareVersion>
        </processingSoftware>
      </preProcessingStep>
      <ocrProcessingStep>
        <processingSoftware>
          <softwareCreator>Tesseract contributors</softwareCreator>
          <softwareName>Tesseract Open Source OCR Engine</softwareName>
          <softwareVersion>4.0.0-beta.1-270-g5a56</softwareVersion>
        </processingSoftware>
      </ocrProcessingStep>
    </OCRProcessing>
  </Description>
  <Layout>
    <Page ID="PAGE_1" HEIGHT="4984" WIDTH="3401" PHYSICAL_IMG_NR="1">
      <PrintSpace ID="PrintSpace_1" HPOS="0" VPOS="0" HEIGHT="4984" WIDTH="3401">
        <TextBlock ID="TextBlock_1" HPOS="0" VPOS="40" HEIGHT="20" WIDTH="34">
          <TextLine ID="TextLine_1" HPOS="0" VPOS="40" HEIGHT="20" WIDTH="34">
            <SP ID="Textword_1" HPOS="0" VPOS="40" />
            <String ID="Textword_1" HPOS="0" VPOS="40" HEIGHT="20" WIDTH="34" CONTENT=" " WC="0.95" />
          </TextLine>
        </TextBlock>
        <TextBlock ID="TextBlock_2" HPOS="10" VPOS="4264" HEIGHT="192" WIDTH="16">
          <TextLine ID="TextLine_2" HPOS="10" VPOS="4264" HEIGHT="192" WIDTH="16">
            <String ID="Textword_2" HPOS="10" VPOS="4327" HEIGHT="129" WIDTH="14" CONTENT="RTE" WC="0.07" />
            <String ID="Textword_3" HPOS="15" VPOS="4264" HEIGHT="25" WIDTH="11" CONTENT="IN" WC="0.15" />
          </TextLine>
        </TextBlock>
        <TextBlock ID="TextBlock_3" HPOS="0" VPOS="118" HEIGHT="4864" WIDTH="41">
          <TextLine ID="TextLine_3" HPOS="0" VPOS="118" HEIGHT="4864" WIDTH="41">
            <SP ID="Textword_2" HPOS="0" VPOS="118" />
            <String ID="Textword_4" HPOS="0" VPOS="118" HEIGHT="4864" WIDTH="41" CONTENT=" " WC="0.95" />
          </TextLine>
        </TextBlock>
        <TextBlock ID="TextBlock_4" HPOS="0" VPOS="4903" HEIGHT="81" WIDTH="159">
          <TextLine ID="TextLine_4" HPOS="0" VPOS="4903" HEIGHT="81" WIDTH="159">
            <SP ID="Textword_3" HPOS="0" VPOS="4903" />
            <String ID="Textword_5" HPOS="0" VPOS="4903" HEIGHT="81" WIDTH="159" CONTENT=" " WC="0.95" />
          </TextLine>
        </TextBlock>
        <TextBlock ID="TextBlock_5" HPOS="1770" VPOS="0" HEIGHT="68" WIDTH="589">
          <TextLine ID="TextLine_5" HPOS="1770" VPOS="0" HEIGHT="68" WIDTH="589">
            <SP ID="Textword_4" HPOS="1770" VPOS="0" />
            <String ID="Textword_6" HPOS="1770" VPOS="0" HEIGHT="68" WIDTH="210" CONTENT=" " WC="0.95" />
            <SP ID="Textword_5" HPOS="2238" VPOS="0" />
            <String ID="Textword_7" HPOS="2238" VPOS="0" HEIGHT="25" WIDTH="121" CONTENT=" " WC="0.95" />
          </TextLine>
        </TextBlock>
        <TextBlock ID="TextBlock_6" HPOS="1570" VPOS="149" HEIGHT="38" WIDTH="570">
          <TextLine ID="TextLine_6" HPOS="1570" VPOS="149" HEIGHT="38" WIDTH="570">
            <String ID="Textword_8" HPOS="1570" VPOS="149" HEIGHT="27" WIDTH="225" CONTENT="Schweizerische" WC="0.91" />
            <String ID="Textword_9" HPOS="1822" VPOS="152" HEIGHT="35" WIDTH="318" CONTENT="Arbeitgeber-Zeitung." WC="0.77" />
          </TextLine>
        </TextBlock>
        <TextBlock ID="TextBlock_7" HPOS="3112" VPOS="0" HEIGHT="202" WIDTH="255">
          <TextLine ID="TextLine_7" HPOS="3112" VPOS="0" HEIGHT="202" WIDTH="255">
            <SP ID="Textword_6" HPOS="3112" VPOS="0" />
            <String ID="Textword_10" HPOS="3112" VPOS="0" HEIGHT="202" WIDTH="255" CONTENT="  " WC="0.95" />
            <SP ID="Textword_7" HPOS="3269" VPOS="146" />
            <String ID="Textword_11" HPOS="3269" VPOS="146" HEIGHT="56" WIDTH="98" CONTENT=" " WC="0.95" />
          </TextLine>
        </TextBlock>
        <TextBlock ID="TextBlock_8" HPOS="3165" VPOS="148" HEIGHT="55" WIDTH="128">
          <TextLine ID="TextLine_8" HPOS="3165" VPOS="148" HEIGHT="55" WIDTH="128">
            <String ID="Textword_12" HPOS="3165" VPOS="160" HEIGHT="27" WIDTH="47" CONTENT="Nr." WC="0.96" />
            <String ID="Textword_13" HPOS="3231" VPOS="162" HEIGHT="26" WIDTH="38" CONTENT="49" WC="0.96" />
            <String ID="Textword_14" HPOS="3275" VPOS="148" HEIGHT="55" WIDTH="18" CONTENT="â" WC="0.81" />
          </TextLine>
        </TextBlock>
        <TextBlock ID="TextBlock_9" HPOS="440" VPOS="186" HEIGHT="23" WIDTH="2797">
          <TextLine ID="TextLine_9" HPOS="440" VPOS="186" HEIGHT="23" WIDTH="2797">
            <SP ID="Textword_8" HPOS="440" VPOS="186" />
            <String ID="Textword_15" HPOS="440" VPOS="186" HEIGHT="23" WIDTH="2797" CONTENT=" " WC="0.95" />
          </TextLine>
        </TextBlock>
        <TextBlock ID="TextBlock_10" HPOS="630" VPOS="251" HEIGHT="17" WIDTH="661">
          <TextLine ID="TextLine_10" HPOS="630" VPOS="251" HEIGHT="17" WIDTH="661">
            <SP ID="Textword_9" HPOS="630" VPOS="251" />
            <String ID="Textword_16" HPOS="630" VPOS="251" HEIGHT="17" WIDTH="661" CONTENT=" " WC="0.95" />
          </TextLine>
        </TextBlock>
        <TextBlock ID="TextBlock_11" HPOS="675" VPOS="253" HEIGHT="17" WIDTH="616">
          <TextLine ID="TextLine_11" HPOS="675" VPOS="253" HEIGHT="17" WIDTH="616">
            <SP ID="Textword_10" HPOS="675" VPOS="253" />
            <String ID="Textword_17" HPOS="675" VPOS="253" HEIGHT="17" WIDTH="616" CONTENT=" " WC="0.95" />
          </TextLine>
        </TextBlock>
        <TextBlock ID="TextBlock_12" HPOS="675" VPOS="256" HEIGHT="12" WIDTH="616">
          <TextLine ID="TextLine_12" HPOS="675" VPOS="256" HEIGHT="12" WIDTH="616">
            <SP ID="Textword_11" HPOS="675" VPOS="256" />
            <String ID="Textword_18" HPOS="675" VPOS="256" HEIGHT="12" WIDTH="616" CONTENT=" " WC="0.95" />
          </TextLine>
        </TextBlock>
        <TextBlock ID="TextBlock_13" HPOS="675" VPOS="257" HEIGHT="17" WIDTH="616">
          <TextLine ID="TextLine_13" HPOS="675" VPOS="257" HEIGHT="17" WIDTH="616">
            <SP ID="Textword_12" HPOS="675" VPOS="257" />
            <String ID="Textword_19" HPOS="675" VPOS="257" HEIGHT="17" WIDTH="616" CONTENT=" " WC="0.95" />
          </TextLine>
        </TextBlock>
        <TextBlock ID="TextBlock_14" HPOS="677" VPOS="681" HEIGHT="13" WIDTH="538">
          <TextLine ID="TextLine_14" HPOS="677" VPOS="681" HEIGHT="13" WIDTH="538">
            <SP ID="Textword_13" HPOS="677" VPOS="681" />
            <String ID="Textword_20" HPOS="677" VPOS="681" HEIGHT="13" WIDTH="538" CONTENT=" " WC="0.95" />
          </TextLine>
        </TextBlock>
        <TextBlock ID="TextBlock_15" HPOS="677" VPOS="681" HEIGHT="13" WIDTH="538">
          <TextLine ID="TextLine_15" HPOS="677" VPOS="681" HEIGHT="13" WIDTH="538">
            <SP ID="Textword_14" HPOS="677" VPOS="681" />
            <String ID="Textword_21" HPOS="677" VPOS="681" HEIGHT="13" WIDTH="538" CONTENT=" " WC="0.95" />
          </TextLine>
        </TextBlock>
        <TextBlock ID="TextBlock_16" HPOS="677" VPOS="684" HEIGHT="8" WIDTH="538">
          <TextLine ID="TextLine_16" HPOS="677" VPOS="684" HEIGHT="8" WIDTH="538">
            <SP ID="Textword_15" HPOS="677" VPOS="684" />
            <String ID="Textword_22" HPOS="677" VPOS="684" HEIGHT="8" WIDTH="538" CONTENT=" " WC="0.95" />
          </TextLine>
        </TextBlock>
        <TextBlock ID="TextBlock_17" HPOS="994" VPOS="668" HEIGHT="80" WIDTH="4">
          <TextLine ID="TextLine_17" HPOS="994" VPOS="668" HEIGHT="80" WIDTH="4">
            <SP ID="Textword_16" HPOS="994" VPOS="668" />
            <String ID="Textword_23" HPOS="994" VPOS="668" HEIGHT="80" WIDTH="4" CONTENT=" " WC="0.95" />
          </TextLine>
        </TextBlock>
        <TextBlock ID="TextBlock_18" HPOS="915" VPOS="1939" HEIGHT="99" WIDTH="12">
          <TextLine ID="TextLine_18" HPOS="915" VPOS="1939" HEIGHT="99" WIDTH="12">
            <SP ID="Textword_17" HPOS="915" VPOS="1939" />
            <String ID="Textword_24" HPOS="915" VPOS="1939" HEIGHT="99" WIDTH="12" CONTENT=" " WC="0.95" />
          </TextLine>
        </TextBlock>
        <TextBlock ID="TextBlock_19" HPOS="941" VPOS="2064" HEIGHT="76" WIDTH="1">
          <TextLine ID="TextLine_19" HPOS="941" VPOS="2064" HEIGHT="76" WIDTH="1">
            <SP ID="Textword_18" HPOS="941" VPOS="2064" />
            <String ID="Textword_25" HPOS="941" VPOS="2064" HEIGHT="76" WIDTH="1" CONTENT=" " WC="0.95" />
          </TextLine>
        </TextBlock>
        <TextBlock ID="TextBlock_20" HPOS="591" VPOS="522" HEIGHT="1665" WIDTH="21">
          <TextLine ID="TextLine_20" HPOS="591" VPOS="522" HEIGHT="1665" WIDTH="21">
            <SP ID="Textword_19" HPOS="591" VPOS="522" />
            <String ID="Textword_26" HPOS="591" VPOS="522" HEIGHT="1665" WIDTH="21" CONTENT=" " WC="0.95" />
          </TextLine>
        </TextBlock>
        <TextBlock ID="TextBlock_21" HPOS="821" VPOS="2179" HEIGHT="16" WIDTH="536">
          <TextLine ID="TextLine_21" HPOS="821" VPOS="2179" HEIGHT="16" WIDTH="536">
            <SP ID="Textword_20" HPOS="821" VPOS="2179" />
            <String ID="Textword_27" HPOS="821" VPOS="2179" HEIGHT="16" WIDTH="536" CONTENT=" " WC="0.95" />
          </TextLine>
        </TextBlock>
        <TextBlock ID="TextBlock_22" HPOS="599" VPOS="242" HEIGHT="1970" WIDTH="1871">
          <TextLine ID="TextLine_22" HPOS="599" VPOS="242" HEIGHT="1970" WIDTH="1871">
            <SP ID="Textword_21" HPOS="599" VPOS="242" />
            <String ID="Textword_28" HPOS="599" VPOS="242" HEIGHT="1970" WIDTH="1871" CONTENT=" " WC="0.95" />
          </TextLine>
        </TextBlock>
        <TextBlock ID="TextBlock_23" HPOS="1651" VPOS="1865" HEIGHT="83" WIDTH="3">
          <TextLine ID="TextLine_23" HPOS="1651" VPOS="1865" HEIGHT="83" WIDTH="3">
            <SP ID="Textword_22" HPOS="1651" VPOS="1865" />
            <String ID="Textword_29" HPOS="1651" VPOS="1865" HEIGHT="83" WIDTH="3" CONTENT=" " WC="0.95" />
          </TextLine>
        </TextBlock>
        <TextBlock ID="TextBlock_24" HPOS="599" VPOS="2178" HEIGHT="259" WIDTH="1791">
          <TextLine ID="TextLine_24" HPOS="599" VPOS="2178" HEIGHT="188" WIDTH="1791">
            <String ID="Textword_30" HPOS="599" VPOS="2314" HEIGHT="2" WIDTH="2" CONTENT="“" WC="0.00" />
            <String ID="Textword_31" HPOS="658" VPOS="2178" HEIGHT="188" WIDTH="715" CONTENT="ALLEINVERKAUF" WC="0.45" />
            <String ID="Textword_32" HPOS="1433" VPOS="2252" HEIGHT="82" WIDTH="170" CONTENT="UND" WC="0.95" />
            <String ID="Textword_33" HPOS="1666" VPOS="2227" HEIGHT="129" WIDTH="724" CONTENT="GENERALDEPOT" WC="0.89" />
          </TextLine>
          <TextLine ID="TextLine_25" HPOS="1215" VPOS="2366" HEIGHT="71" WIDTH="643">
            <String ID="Textword_34" HPOS="1215" VPOS="2353" HEIGHT="82" WIDTH="100" CONTENT="für" WC="0.94" />
            <String ID="Textword_35" HPOS="1360" VPOS="2368" HEIGHT="66" WIDTH="96" CONTENT="die" WC="0.96" />
            <String ID="Textword_36" HPOS="1488" VPOS="2367" HEIGHT="76" WIDTH="370" CONTENT="Schweiz:" WC="0.96" />
          </TextLine>
        </TextBlock>
        <TextBlock ID="TextBlock_25" HPOS="580" VPOS="2418" HEIGHT="260" WIDTH="1840">
          <TextLine ID="TextLine_26" HPOS="580" VPOS="2418" HEIGHT="260" WIDTH="1840">
            <String ID="Textword_37" HPOS="580" VPOS="2418" HEIGHT="192" WIDTH="290" CONTENT="ROB." WC="0.75" />
            <String ID="Textword_38" HPOS="932" VPOS="2476" HEIGHT="142" WIDTH="367" CONTENT="JACOB" WC="0.95" />
            <String ID="Textword_39" HPOS="1355" VPOS="2488" HEIGHT="156" WIDTH="84" CONTENT="&amp;" WC="0.92" />
            <String ID="Textword_40" HPOS="1487" VPOS="2473" HEIGHT="205" WIDTH="146" CONTENT="G" WC="0.51" />
            <String ID="Textword_41" HPOS="1696" VPOS="2425" HEIGHT="213" WIDTH="724" CONTENT="WINTERTHUR" WC="0.92" />
          </TextLine>
        </TextBlock>
        <TextBlock ID="TextBlock_26" HPOS="3280" VPOS="202" HEIGHT="194" WIDTH="45">
          <TextLine ID="TextLine_27" HPOS="3280" VPOS="202" HEIGHT="194" WIDTH="45">
            <SP ID="Textword_23" HPOS="3280" VPOS="202" />
            <String ID="Textword_42" HPOS="3280" VPOS="202" HEIGHT="194" WIDTH="45" CONTENT="  " WC="0.95" />
          </TextLine>
        </TextBlock>
        <TextBlock ID="TextBlock_27" HPOS="2802" VPOS="268" HEIGHT="83" WIDTH="438">
          <TextLine ID="TextLine_28" HPOS="2802" VPOS="268" HEIGHT="83" WIDTH="438">
            <String ID="Textword_43" HPOS="2802" VPOS="268" HEIGHT="83" WIDTH="438" CONTENT="Kopierbureau" WC="0.92" />
          </TextLine>
        </TextBlock>
        <TextBlock ID="TextBlock_28" HPOS="2739" VPOS="353" HEIGHT="134" WIDTH="563">
          <TextLine ID="TextLine_29" HPOS="2742" VPOS="353" HEIGHT="43" WIDTH="553">
            <String ID="Textword_44" HPOS="2742" VPOS="353" HEIGHT="30" WIDTH="239" CONTENT="Steinmann" WC="0.83" />
            <String ID="Textword_45" HPOS="3010" VPOS="356" HEIGHT="28" WIDTH="36" CONTENT="&amp;" WC="0.92" />
            <String ID="Textword_46" HPOS="3071" VPOS="357" HEIGHT="34" WIDTH="110" CONTENT="Erni," WC="0.88" />
            <String ID="Textword_47" HPOS="3219" VPOS="369" HEIGHT="27" WIDTH="76" CONTENT="gegr." WC="0.91" />
          </TextLine>
          <TextLine ID="TextLine_30" HPOS="2741" VPOS="389" HEIGHT="40" WIDTH="561">
            <String ID="Textword_48" HPOS="2741" VPOS="389" HEIGHT="33" WIDTH="77" CONTENT="1892," WC="0.93" />
            <String ID="Textword_49" HPOS="2834" VPOS="391" HEIGHT="28" WIDTH="208" CONTENT="Bôrsenstrasse" WC="0.88" />
            <String ID="Textword_50" HPOS="3054" VPOS="393" HEIGHT="33" WIDTH="40" CONTENT="10," WC="0.96" />
            <String ID="Textword_51" HPOS="3107" VPOS="393" HEIGHT="31" WIDTH="147" CONTENT="Zürich" WC="0.87" />
            <String ID="Textword_52" HPOS="3264" VPOS="398" HEIGHT="31" WIDTH="38" CONTENT="T." WC="0.84" />
          </TextLine>
          <TextLine ID="TextLine_31" HPOS="2740" VPOS="409" HEIGHT="55" WIDTH="555">
            <String ID="Textword_53" HPOS="2740" VPOS="425" HEIGHT="26" WIDTH="28" CONTENT="Se" WC="0.94" />
            <String ID="Textword_54" HPOS="2776" VPOS="409" HEIGHT="46" WIDTH="294" CONTENT="hreibmaschinenarb." WC="0.75" />
            <String ID="Textword_55" HPOS="3125" VPOS="420" HEIGHT="44" WIDTH="170" CONTENT="Vervielfält," WC="0.80" />
          </TextLine>
          <TextLine ID="TextLine_32" HPOS="2739" VPOS="460" HEIGHT="27" WIDTH="561">
            <String ID="Textword_56" HPOS="2739" VPOS="460" HEIGHT="27" WIDTH="107" CONTENT="Diktat." WC="0.91" />
          </TextLine>
        </TextBlock>
        <TextBlock ID="TextBlock_29" HPOS="2771" VPOS="518" HEIGHT="139" WIDTH="525">
          <TextLine ID="TextLine_33" HPOS="2771" VPOS="518" HEIGHT="139" WIDTH="525">
            <String ID="Textword_57" HPOS="2771" VPOS="518" HEIGHT="139" WIDTH="525" CONTENT="Buchführung." WC="0.91" />
          </TextLine>
        </TextBlock>
        <TextBlock ID="TextBlock_30" HPOS="2733" VPOS="657" HEIGHT="283" WIDTH="570">
          <TextLine ID="TextLine_34" HPOS="2772" VPOS="657" HEIGHT="37" WIDTH="523">
            <String ID="Textword_58" HPOS="2772" VPOS="657" HEIGHT="37" WIDTH="170" CONTENT="Neuanlage," WC="0.90" />
            <String ID="Textword_59" HPOS="2975" VPOS="660" HEIGHT="33" WIDTH="141" CONTENT="Revision," WC="0.90" />
            <String ID="Textword_60" HPOS="3159" VPOS="663" HEIGHT="29" WIDTH="136" CONTENT="Nachtra-" WC="0.61" />
          </TextLine>
          <TextLine ID="TextLine_35" HPOS="2734" VPOS="681" HEIGHT="48" WIDTH="557">
            <String ID="Textword_61" HPOS="2734" VPOS="700" HEIGHT="27" WIDTH="88" CONTENT="gung," WC="0.91" />
            <String ID="Textword_62" HPOS="2852" VPOS="681" HEIGHT="40" WIDTH="107" CONTENT="Ordnen" WC="0.92" />
            <String ID="Textword_63" HPOS="2988" VPOS="697" HEIGHT="25" WIDTH="55" CONTENT="und" WC="0.87" />
            <String ID="Textword_64" HPOS="3062" VPOS="698" HEIGHT="27" WIDTH="151" CONTENT="Abschluss" WC="0.91" />
            <String ID="Textword_65" HPOS="3241" VPOS="708" HEIGHT="21" WIDTH="50" CONTENT="von" WC="0.96" />
          </TextLine>
          <TextLine ID="TextLine_36" HPOS="2736" VPOS="728" HEIGHT="35" WIDTH="556">
            <String ID="Textword_66" HPOS="2736" VPOS="728" HEIGHT="35" WIDTH="280" CONTENT="Geschäftsbüchern;" WC="0.78" />
            <String ID="Textword_67" HPOS="3043" VPOS="733" HEIGHT="27" WIDTH="126" CONTENT="Gewinn-" WC="0.90" />
            <String ID="Textword_68" HPOS="3189" VPOS="743" HEIGHT="18" WIDTH="25" CONTENT="u." WC="0.93" />
            <String ID="Textword_69" HPOS="3229" VPOS="735" HEIGHT="28" WIDTH="63" CONTENT="Ver-" WC="0.92" />
          </TextLine>
          <TextLine ID="TextLine_37" HPOS="2734" VPOS="764" HEIGHT="36" WIDTH="569">
            <String ID="Textword_70" HPOS="2734" VPOS="764" HEIGHT="36" WIDTH="241" CONTENT="lustrechnungen," WC="0.91" />
            <String ID="Textword_71" HPOS="3001" VPOS="753" HEIGHT="43" WIDTH="132" CONTENT="Bilanzen" WC="0.92" />
            <String ID="Textword_72" HPOS="3152" VPOS="771" HEIGHT="25" WIDTH="56" CONTENT="und" WC="0.96" />
            <String ID="Textword_73" HPOS="3229" VPOS="771" HEIGHT="28" WIDTH="74" CONTENT="Gut." WC="0.72" />
          </TextLine>
          <TextLine ID="TextLine_38" HPOS="2735" VPOS="800" HEIGHT="40" WIDTH="555">
            <String ID="Textword_74" HPOS="2735" VPOS="800" HEIGHT="26" WIDTH="97" CONTENT="achten" WC="0.92" />
            <String ID="Textword_75" HPOS="2857" VPOS="801" HEIGHT="26" WIDTH="46" CONTENT="für" WC="0.93" />
            <String ID="Textword_76" HPOS="2923" VPOS="802" HEIGHT="35" WIDTH="138" CONTENT="Gewerbe," WC="0.92" />
            <String ID="Textword_77" HPOS="3082" VPOS="805" HEIGHT="35" WIDTH="104" CONTENT="Hotels," WC="0.93" />
            <String ID="Textword_78" HPOS="3217" VPOS="807" HEIGHT="27" WIDTH="73" CONTENT="Han-" WC="0.93" />
          </TextLine>
          <TextLine ID="TextLine_39" HPOS="2734" VPOS="825" HEIGHT="48" WIDTH="567">
            <String ID="Textword_79" HPOS="2734" VPOS="835" HEIGHT="25" WIDTH="55" CONTENT="del-" WC="0.92" />
            <String ID="Textword_80" HPOS="2818" VPOS="837" HEIGHT="26" WIDTH="56" CONTENT="und" WC="0.94" />
            <String ID="Textword_81" HPOS="2902" VPOS="825" HEIGHT="48" WIDTH="255" CONTENT="Fabrikgeschäfte," WC="0.91" />
            <String ID="Textword_82" HPOS="3181" VPOS="827" HEIGHT="42" WIDTH="120" CONTENT="’Gesell-" WC="0.41" />
          </TextLine>
          <TextLine ID="TextLine_40" HPOS="2734" VPOS="871" HEIGHT="36" WIDTH="560">
            <String ID="Textword_83" HPOS="2734" VPOS="871" HEIGHT="27" WIDTH="125" CONTENT="scla’ten" WC="0.79" />
            <String ID="Textword_84" HPOS="2886" VPOS="873" HEIGHT="33" WIDTH="79" CONTENT="jeder" WC="0.92" />
            <String ID="Textword_85" HPOS="2995" VPOS="876" HEIGHT="25" WIDTH="60" CONTENT="Art." WC="0.90" />
            <String ID="Textword_86" HPOS="3093" VPOS="876" HEIGHT="27" WIDTH="112" CONTENT="Diskret" WC="0.90" />
            <String ID="Textword_87" HPOS="3236" VPOS="880" HEIGHT="27" WIDTH="58" CONTENT="und" WC="0.90" />
          </TextLine>
          <TextLine ID="TextLine_41" HPOS="2733" VPOS="908" HEIGHT="32" WIDTH="205">
            <String ID="Textword_88" HPOS="2733" VPOS="915" HEIGHT="25" WIDTH="54" CONTENT="gen" WC="0.38" />
            <String ID="Textword_89" HPOS="2795" VPOS="908" HEIGHT="26" WIDTH="143" CONTENT="issenhaft." WC="0.88" />
          </TextLine>
        </TextBlock>
        <TextBlock ID="TextBlock_31" HPOS="2790" VPOS="944" HEIGHT="36" WIDTH="450">
          <TextLine ID="TextLine_42" HPOS="2790" VPOS="944" HEIGHT="36" WIDTH="450">
            <String ID="Textword_90" HPOS="2790" VPOS="944" HEIGHT="32" WIDTH="43" CONTENT="C." WC="0.90" />
            <String ID="Textword_91" HPOS="2850" VPOS="945" HEIGHT="31" WIDTH="50" CONTENT="A." WC="0.94" />
            <String ID="Textword_92" HPOS="2918" VPOS="944" HEIGHT="33" WIDTH="46" CONTENT="O." WC="0.74" />
            <String ID="Textword_93" HPOS="2984" VPOS="945" HEIGHT="35" WIDTH="256" CONTENT="Gademann" WC="0.90" />
          </TextLine>
        </TextBlock>
        <TextBlock ID="TextBlock_32" HPOS="2775" VPOS="989" HEIGHT="68" WIDTH="471">
          <TextLine ID="TextLine_43" HPOS="2906" VPOS="989" HEIGHT="28" WIDTH="212">
            <String ID="Textword_94" HPOS="2906" VPOS="989" HEIGHT="28" WIDTH="212" CONTENT="Bücherrevisor" WC="0.75" />
          </TextLine>
          <TextLine ID="TextLine_44" HPOS="2775" VPOS="1022" HEIGHT="35" WIDTH="471">
            <String ID="Textword_95" HPOS="2775" VPOS="1022" HEIGHT="29" WIDTH="148" CONTENT="Zürich" WC="0.92" />
            <String ID="Textword_96" HPOS="2943" VPOS="1024" HEIGHT="33" WIDTH="31" CONTENT="I," WC="0.60" />
            <String ID="Textword_97" HPOS="2996" VPOS="1025" HEIGHT="28" WIDTH="188" CONTENT="Gessnerallee" WC="0.92" />
            <String ID="Textword_98" HPOS="3204" VPOS="1028" HEIGHT="25" WIDTH="42" CONTENT="50." WC="0.96" />
          </TextLine>
        </TextBlock>
        <TextBlock ID="TextBlock_33" HPOS="2770" VPOS="1098" HEIGHT="71" WIDTH="494">
          <TextLine ID="TextLine_45" HPOS="2770" VPOS="1098" HEIGHT="71" WIDTH="494">
            <String ID="Textword_99" HPOS="2770" VPOS="1098" HEIGHT="78" WIDTH="494" CONTENT="Buchhaltung." WC="0.86" />
          </TextLine>
        </TextBlock>
        <TextBlock ID="TextBlock_34" HPOS="2728" VPOS="1166" HEIGHT="281" WIDTH="576">
          <TextLine ID="TextLine_46" HPOS="2730" VPOS="1166" HEIGHT="38" WIDTH="558">
            <String ID="Textword_100" HPOS="2730" VPOS="1166" HEIGHT="25" WIDTH="70" CONTENT="nach" WC="0.70" />
            <String ID="Textword_101" HPOS="2821" VPOS="1167" HEIGHT="26" WIDTH="71" CONTENT="allen" WC="0.70" />
            <String ID="Textword_102" HPOS="2907" VPOS="1168" HEIGHT="33" WIDTH="142" CONTENT="Systemen" WC="0.96" />
            <String ID="Textword_103" HPOS="3067" VPOS="1170" HEIGHT="26" WIDTH="54" CONTENT="und" WC="0.95" />
            <String ID="Textword_104" HPOS="3130" VPOS="1170" HEIGHT="34" WIDTH="93" CONTENT="jedem" WC="0.93" />
            <String ID="Textword_105" HPOS="3238" VPOS="1171" HEIGHT="27" WIDTH="50" CONTENT="Ge-" WC="0.90" />
          </TextLine>
          <TextLine ID="TextLine_47" HPOS="2730" VPOS="1200" HEIGHT="39" WIDTH="571">
            <String ID="Textword_106" HPOS="2730" VPOS="1200" HEIGHT="29" WIDTH="209" CONTENT="schäftsbetrieb" WC="0.89" />
            <String ID="Textword_107" HPOS="0" VPOS="0" HEIGHT="4984" WIDTH="3401" CONTENT="." WC="0.56" />
            <String ID="Textword_108" HPOS="2996" VPOS="1210" HEIGHT="29" WIDTH="156" CONTENT="angepasst," WC="0.89" />
            <String ID="Textword_109" HPOS="3203" VPOS="1207" HEIGHT="27" WIDTH="98" CONTENT="Nach-" WC="0.77" />
          </TextLine>
          <TextLine ID="TextLine_48" HPOS="2730" VPOS="1239" HEIGHT="36" WIDTH="574">
            <String ID="Textword_110" HPOS="2730" VPOS="1239" HEIGHT="32" WIDTH="121" CONTENT="tragung" WC="0.92" />
            <String ID="Textword_111" HPOS="2891" VPOS="1246" HEIGHT="19" WIDTH="51" CONTENT="von" WC="0.94" />
            <String ID="Textword_112" HPOS="2986" VPOS="1240" HEIGHT="35" WIDTH="132" CONTENT="Büchern," WC="0.81" />
            <String ID="Textword_113" HPOS="3165" VPOS="1242" HEIGHT="27" WIDTH="139" CONTENT="Bücher-" WC="0.81" />
          </TextLine>
          <TextLine ID="TextLine_49" HPOS="2729" VPOS="1275" HEIGHT="36" WIDTH="568">
            <String ID="Textword_114" HPOS="2729" VPOS="1279" HEIGHT="19" WIDTH="32" CONTENT="ex" WC="0.93" />
            <String ID="Textword_115" HPOS="2781" VPOS="1277" HEIGHT="23" WIDTH="103" CONTENT="ertisen" WC="0.89" />
            <String ID="Textword_116" HPOS="2928" VPOS="1275" HEIGHT="26" WIDTH="53" CONTENT="und" WC="0.87" />
            <String ID="Textword_117" HPOS="3027" VPOS="1277" HEIGHT="34" WIDTH="159" CONTENT="Erstellung" WC="0.80" />
            <String ID="Textword_118" HPOS="3231" VPOS="1282" HEIGHT="24" WIDTH="66" CONTENT="von" WC="0.54" />
          </TextLine>
          <TextLine ID="TextLine_50" HPOS="2728" VPOS="1308" HEIGHT="40" WIDTH="570">
            <String ID="Textword_119" HPOS="2728" VPOS="1308" HEIGHT="27" WIDTH="135" CONTENT="Bilanzen" WC="0.92" />
            <String ID="Textword_120" HPOS="2891" VPOS="1310" HEIGHT="35" WIDTH="110" CONTENT="besorgt" WC="0.92" />
            <String ID="Textword_121" HPOS="3030" VPOS="1313" HEIGHT="35" WIDTH="170" CONTENT="zuverlässig" WC="0.92" />
            <String ID="Textword_122" HPOS="3232" VPOS="1316" HEIGHT="27" WIDTH="66" CONTENT="und" WC="0.95" />
          </TextLine>
          <TextLine ID="TextLine_51" HPOS="2728" VPOS="1343" HEIGHT="39" WIDTH="558">
            <String ID="Textword_123" HPOS="2728" VPOS="1343" HEIGHT="39" WIDTH="431" CONTENT="diskretE.Muggli-isier," WC="0.77" />
            <String ID="Textword_124" HPOS="3167" VPOS="1349" HEIGHT="27" WIDTH="119" CONTENT="Bücher-" WC="0.92" />
          </TextLine>
          <TextLine ID="TextLine_52" HPOS="2729" VPOS="1381" HEIGHT="32" WIDTH="574">
            <String ID="Textword_125" HPOS="2729" VPOS="1382" HEIGHT="29" WIDTH="110" CONTENT="experte" WC="0.93" />
            <String ID="Textword_126" HPOS="2852" VPOS="1381" HEIGHT="32" WIDTH="93" CONTENT="ehem." WC="0.86" />
            <String ID="Textword_127" HPOS="2952" VPOS="1382" HEIGHT="28" WIDTH="144" CONTENT="Prokurist" WC="0.86" />
            <String ID="Textword_128" HPOS="3103" VPOS="1384" HEIGHT="26" WIDTH="46" CONTENT="der" WC="0.84" />
            <String ID="Textword_129" HPOS="3155" VPOS="1385" HEIGHT="28" WIDTH="148" CONTENT="Schweiz." WC="0.84" />
          </TextLine>
          <TextLine ID="TextLine_53" HPOS="2731" VPOS="1414" HEIGHT="33" WIDTH="422">
            <String ID="Textword_130" HPOS="2731" VPOS="1407" HEIGHT="40" WIDTH="171" CONTENT="Volkspank)" WC="0.40" />
            <String ID="Textword_131" HPOS="2921" VPOS="1416" HEIGHT="29" WIDTH="143" CONTENT="Zürich" WC="0.89" />
            <String ID="Textword_132" HPOS="3089" VPOS="1419" HEIGHT="28" WIDTH="64" CONTENT="IV." WC="0.90" />
          </TextLine>
        </TextBlock>
        <TextBlock ID="TextBlock_35" HPOS="2806" VPOS="1493" HEIGHT="131" WIDTH="424">
          <TextLine ID="TextLine_54" HPOS="2806" VPOS="1493" HEIGHT="131" WIDTH="424">
            <String ID="Textword_133" HPOS="2806" VPOS="1493" HEIGHT="131" WIDTH="424" CONTENT="Modelle" WC="0.92" />
          </TextLine>
        </TextBlock>
        <TextBlock ID="TextBlock_36" HPOS="2725" VPOS="1647" HEIGHT="286" WIDTH="581">
          <TextLine ID="TextLine_55" HPOS="2726" VPOS="1647" HEIGHT="32" WIDTH="562">
            <String ID="Textword_134" HPOS="2726" VPOS="1647" HEIGHT="32" WIDTH="85" CONTENT="85" WC="0.54" />
            <String ID="Textword_135" HPOS="2832" VPOS="1647" HEIGHT="27" WIDTH="45" CONTENT="für" WC="0.93" />
            <String ID="Textword_136" HPOS="2897" VPOS="1648" HEIGHT="28" WIDTH="170" CONTENT="Giessereien" WC="0.92" />
            <String ID="Textword_137" HPOS="3092" VPOS="1651" HEIGHT="26" WIDTH="56" CONTENT="und" WC="0.93" />
            <String ID="Textword_138" HPOS="3169" VPOS="1652" HEIGHT="26" WIDTH="119" CONTENT="Maschi-" WC="0.89" />
          </TextLine>
          <TextLine ID="TextLine_56" HPOS="2726" VPOS="1683" HEIGHT="35" WIDTH="575">
            <String ID="Textword_139" HPOS="2726" VPOS="1683" HEIGHT="35" WIDTH="189" CONTENT="nenfabriken," WC="0.92" />
            <String ID="Textword_140" HPOS="2934" VPOS="1685" HEIGHT="32" WIDTH="83" CONTENT="sowie" WC="0.92" />
            <String ID="Textword_141" HPOS="3036" VPOS="1685" HEIGHT="28" WIDTH="161" CONTENT="für'Schul-" WC="0.73" />
            <String ID="Textword_142" HPOS="3227" VPOS="1688" HEIGHT="28" WIDTH="74" CONTENT="und" WC="0.71" />
          </TextLine>
          <TextLine ID="TextLine_57" HPOS="2725" VPOS="1718" HEIGHT="36" WIDTH="557">
            <String ID="Textword_143" HPOS="2725" VPOS="1718" HEIGHT="27" WIDTH="210" CONTENT="Patentzwecke" WC="0.91" />
            <String ID="Textword_144" HPOS="2963" VPOS="1720" HEIGHT="34" WIDTH="154" CONTENT="verfertigt." WC="0.39" />
            <String ID="Textword_145" HPOS="3138" VPOS="1723" HEIGHT="25" WIDTH="69" CONTENT="nach" WC="0.93" />
            <String ID="Textword_146" HPOS="3227" VPOS="1723" HEIGHT="26" WIDTH="55" CONTENT="ein-" WC="0.90" />
          </TextLine>
          <TextLine ID="TextLine_58" HPOS="2726" VPOS="1754" HEIGHT="35" WIDTH="563">
            <String ID="Textword_147" HPOS="2726" VPOS="1754" HEIGHT="32" WIDTH="148" CONTENT="gesandter" WC="0.91" />
            <String ID="Textword_148" HPOS="2900" VPOS="1755" HEIGHT="34" WIDTH="158" CONTENT="Zeichnung" WC="0.94" />
            <String ID="Textword_149" HPOS="3086" VPOS="1757" HEIGHT="26" WIDTH="65" CONTENT="oder" WC="0.96" />
            <String ID="Textword_150" HPOS="3180" VPOS="1758" HEIGHT="26" WIDTH="109" CONTENT="Muster" WC="0.96" />
          </TextLine>
          <TextLine ID="TextLine_59" HPOS="2726" VPOS="1789" HEIGHT="34" WIDTH="560">
            <String ID="Textword_151" HPOS="2726" VPOS="1789" HEIGHT="26" WIDTH="41" CONTENT="bei" WC="0.96" />
            <String ID="Textword_152" HPOS="2798" VPOS="1789" HEIGHT="34" WIDTH="141" CONTENT="billigsten" WC="0.96" />
            <String ID="Textword_153" HPOS="2967" VPOS="1792" HEIGHT="26" WIDTH="113" CONTENT="Preisen" WC="0.96" />
            <String ID="Textword_154" HPOS="3113" VPOS="1793" HEIGHT="26" WIDTH="55" CONTENT="und" WC="0.92" />
            <String ID="Textword_155" HPOS="3197" VPOS="1794" HEIGHT="26" WIDTH="89" CONTENT="tadel-" WC="0.92" />
          </TextLine>
          <TextLine ID="TextLine_60" HPOS="2725" VPOS="1825" HEIGHT="36" WIDTH="276">
            <String ID="Textword_156" HPOS="2725" VPOS="1825" HEIGHT="25" WIDTH="69" CONTENT="loser" WC="0.96" />
            <String ID="Textword_157" HPOS="2814" VPOS="1825" HEIGHT="36" WIDTH="187" CONTENT="Ausführung" WC="0.96" />
          </TextLine>
          <TextLine ID="TextLine_61" HPOS="2901" VPOS="1861" HEIGHT="35" WIDTH="405">
            <String ID="Textword_158" HPOS="2901" VPOS="1861" HEIGHT="27" WIDTH="47" CONTENT="A." WC="0.90" />
            <String ID="Textword_159" HPOS="2957" VPOS="1861" HEIGHT="35" WIDTH="165" CONTENT="Locher," WC="0.94" />
            <String ID="Textword_160" HPOS="3300" VPOS="1873" HEIGHT="6" WIDTH="6" CONTENT=";" WC="0.80" />
          </TextLine>
          <TextLine ID="TextLine_62" HPOS="2806" VPOS="1897" HEIGHT="36" WIDTH="480">
            <String ID="Textword_161" HPOS="2806" VPOS="1897" HEIGHT="25" WIDTH="87" CONTENT="mech." WC="0.91" />
            <String ID="Textword_162" HPOS="2908" VPOS="1897" HEIGHT="36" WIDTH="274" CONTENT="Modellschreinerei," WC="0.91" />
            <String ID="Textword_163" HPOS="3204" VPOS="1899" HEIGHT="27" WIDTH="82" CONTENT="Bern." WC="0.86" />
          </TextLine>
        </TextBlock>
        <TextBlock ID="TextBlock_37" HPOS="2764" VPOS="1984" HEIGHT="142" WIDTH="471">
          <TextLine ID="TextLine_63" HPOS="2764" VPOS="1984" HEIGHT="84" WIDTH="471">
            <String ID="Textword_164" HPOS="2764" VPOS="1984" HEIGHT="102" WIDTH="471" CONTENT="TIR" WC="0.28" />
          </TextLine>
          <TextLine ID="TextLine_64" HPOS="2786" VPOS="2075" HEIGHT="51" WIDTH="445">
            <String ID="Textword_165" HPOS="2786" VPOS="2071" HEIGHT="98" WIDTH="445" CONTENT="Fete" WC="0.34" />
          </TextLine>
        </TextBlock>
        <TextBlock ID="TextBlock_38" HPOS="2835" VPOS="2128" HEIGHT="39" WIDTH="374">
          <TextLine ID="TextLine_65" HPOS="2835" VPOS="2128" HEIGHT="39" WIDTH="374">
            <String ID="Textword_166" HPOS="2835" VPOS="2128" HEIGHT="33" WIDTH="103" CONTENT="Nachfy" WC="0.25" />
            <String ID="Textword_167" HPOS="2938" VPOS="2127" HEIGHT="34" WIDTH="59" CONTENT="SE:" WC="0.27" />
            <String ID="Textword_168" HPOS="3002" VPOS="2128" HEIGHT="41" WIDTH="170" CONTENT="REINHARD" WC="0.47" />
            <String ID="Textword_169" HPOS="3207" VPOS="2148" HEIGHT="2" WIDTH="2" CONTENT="-" WC="0.56" />
          </TextLine>
        </TextBlock>
        <TextBlock ID="TextBlock_39" HPOS="2786" VPOS="2171" HEIGHT="89" WIDTH="447">
          <TextLine ID="TextLine_66" HPOS="2877" VPOS="2171" HEIGHT="42" WIDTH="262">
            <String ID="Textword_170" HPOS="2877" VPOS="2171" HEIGHT="47" WIDTH="262" CONTENT="ZURICH:" WC="0.82" />
          </TextLine>
          <TextLine ID="TextLine_67" HPOS="2786" VPOS="2223" HEIGHT="37" WIDTH="447">
            <String ID="Textword_171" HPOS="2786" VPOS="2220" HEIGHT="40" WIDTH="447" CONTENT="VOTEN" WC="0.13" />
          </TextLine>
        </TextBlock>
        <TextBlock ID="TextBlock_40" HPOS="2737" VPOS="505" HEIGHT="12" WIDTH="549">
          <TextLine ID="TextLine_68" HPOS="2737" VPOS="505" HEIGHT="12" WIDTH="549">
            <SP ID="Textword_24" HPOS="2737" VPOS="505" />
            <String ID="Textword_172" HPOS="2737" VPOS="505" HEIGHT="12" WIDTH="549" CONTENT=" " WC="0.95" />
          </TextLine>
        </TextBlock>
        <TextBlock ID="TextBlock_41" HPOS="2730" VPOS="1067" HEIGHT="12" WIDTH="568">
          <TextLine ID="TextLine_69" HPOS="2730" VPOS="1067" HEIGHT="12" WIDTH="568">
            <SP ID="Textword_25" HPOS="2730" VPOS="1067" />
            <String ID="Textword_173" HPOS="2730" VPOS="1067" HEIGHT="12" WIDTH="568" CONTENT=" " WC="0.95" />
          </TextLine>
        </TextBlock>
        <TextBlock ID="TextBlock_42" HPOS="2726" VPOS="1458" HEIGHT="12" WIDTH="564">
          <TextLine ID="TextLine_70" HPOS="2726" VPOS="1458" HEIGHT="12" WIDTH="564">
            <SP ID="Textword_26" HPOS="2726" VPOS="1458" />
            <String ID="Textword_174" HPOS="2726" VPOS="1458" HEIGHT="12" WIDTH="564" CONTENT=" " WC="0.95" />
          </TextLine>
        </TextBlock>
        <TextBlock ID="TextBlock_43" HPOS="2722" VPOS="1948" HEIGHT="11" WIDTH="565">
          <TextLine ID="TextLine_71" HPOS="2722" VPOS="1948" HEIGHT="11" WIDTH="565">
            <SP ID="Textword_27" HPOS="2722" VPOS="1948" />
            <String ID="Textword_175" HPOS="2722" VPOS="1948" HEIGHT="11" WIDTH="565" CONTENT=" " WC="0.95" />
          </TextLine>
        </TextBlock>
        <TextBlock ID="TextBlock_44" HPOS="2758" VPOS="1984" HEIGHT="167" WIDTH="529">
          <TextLine ID="TextLine_72" HPOS="2758" VPOS="1984" HEIGHT="167" WIDTH="529">
            <SP ID="Textword_28" HPOS="2758" VPOS="1984" />
            <String ID="Textword_176" HPOS="2758" VPOS="1984" HEIGHT="167" WIDTH="529" CONTENT="   " WC="0.95" />
          </TextLine>
        </TextBlock>
        <TextBlock ID="TextBlock_45" HPOS="2763" VPOS="1983" HEIGHT="9" WIDTH="502">
          <TextLine ID="TextLine_73" HPOS="2763" VPOS="1983" HEIGHT="9" WIDTH="502">
            <SP ID="Textword_29" HPOS="2763" VPOS="1983" />
            <String ID="Textword_177" HPOS="2763" VPOS="1983" HEIGHT="9" WIDTH="502" CONTENT=" " WC="0.95" />
          </TextLine>
        </TextBlock>
        <TextBlock ID="TextBlock_46" HPOS="2758" VPOS="1985" HEIGHT="316" WIDTH="529">
          <TextLine ID="TextLine_74" HPOS="3223" VPOS="1985" HEIGHT="109" WIDTH="64">
            <SP ID="Textword_30" HPOS="3223" VPOS="1985" />
            <String ID="Textword_178" HPOS="3223" VPOS="1985" HEIGHT="109" WIDTH="64" CONTENT="  " WC="0.95" />
          </TextLine>
          <TextLine ID="TextLine_75" HPOS="3242" VPOS="2094" HEIGHT="57" WIDTH="45">
            <SP ID="Textword_31" HPOS="3242" VPOS="2094" />
            <String ID="Textword_179" HPOS="3242" VPOS="2094" HEIGHT="57" WIDTH="45" CONTENT=" " WC="0.95" />
          </TextLine>
          <TextLine ID="TextLine_76" HPOS="2758" VPOS="2151" HEIGHT="83" WIDTH="528">
            <SP ID="Textword_32" HPOS="2758" VPOS="2151" />
            <String ID="Textword_180" HPOS="2758" VPOS="2151" HEIGHT="83" WIDTH="27" CONTENT="  " WC="0.95" />
            <SP ID="Textword_33" HPOS="3242" VPOS="2151" />
            <String ID="Textword_181" HPOS="3242" VPOS="2151" HEIGHT="83" WIDTH="44" CONTENT="  " WC="0.95" />
          </TextLine>
          <TextLine ID="TextLine_77" HPOS="2758" VPOS="2234" HEIGHT="67" WIDTH="528">
            <SP ID="Textword_34" HPOS="2758" VPOS="2234" />
            <String ID="Textword_182" HPOS="2758" VPOS="2234" HEIGHT="67" WIDTH="528" CONTENT="   " WC="0.95" />
          </TextLine>
        </TextBlock>
        <TextBlock ID="TextBlock_47" HPOS="2715" VPOS="2324" HEIGHT="11" WIDTH="567">
          <TextLine ID="TextLine_78" HPOS="2715" VPOS="2324" HEIGHT="11" WIDTH="567">
            <SP ID="Textword_35" HPOS="2715" VPOS="2324" />
            <String ID="Textword_183" HPOS="2715" VPOS="2324" HEIGHT="11" WIDTH="567" CONTENT=" " WC="0.95" />
          </TextLine>
        </TextBlock>
        <TextBlock ID="TextBlock_48" HPOS="364" VPOS="2607" HEIGHT="29" WIDTH="2322">
          <TextLine ID="TextLine_79" HPOS="364" VPOS="2607" HEIGHT="29" WIDTH="2322">
            <SP ID="Textword_36" HPOS="364" VPOS="2607" />
            <String ID="Textword_184" HPOS="364" VPOS="2607" HEIGHT="29" WIDTH="2322" CONTENT=" " WC="0.95" />
          </TextLine>
        </TextBlock>
        <TextBlock ID="TextBlock_49" HPOS="351" VPOS="2640" HEIGHT="538" WIDTH="1160">
          <TextLine ID="TextLine_80" HPOS="351" VPOS="2640" HEIGHT="538" WIDTH="1160">
            <SP ID="Textword_37" HPOS="351" VPOS="2640" />
            <String ID="Textword_185" HPOS="351" VPOS="2640" HEIGHT="538" WIDTH="1160" CONTENT="  " WC="0.95" />
          </TextLine>
        </TextBlock>
        <TextBlock ID="TextBlock_50" HPOS="454" VPOS="2947" HEIGHT="154" WIDTH="949">
          <TextLine ID="TextLine_81" HPOS="454" VPOS="2947" HEIGHT="154" WIDTH="949">
            <String ID="Textword_186" HPOS="454" VPOS="2947" HEIGHT="154" WIDTH="949" CONTENT="Diesel-Motoren" WC="0.90" />
          </TextLine>
        </TextBlock>
        <TextBlock ID="TextBlock_51" HPOS="705" VPOS="3160" HEIGHT="34" WIDTH="442">
          <TextLine ID="TextLine_82" HPOS="705" VPOS="3160" HEIGHT="34" WIDTH="442">
            <String ID="Textword_187" HPOS="705" VPOS="3160" HEIGHT="34" WIDTH="216" CONTENT="(Eingetragene" WC="0.93" />
            <String ID="Textword_188" HPOS="940" VPOS="3160" HEIGHT="34" WIDTH="207" CONTENT="Schutzmarke)" WC="0.91" />
          </TextLine>
        </TextBlock>
        <TextBlock ID="TextBlock_52" HPOS="665" VPOS="3221" HEIGHT="106" WIDTH="521">
          <TextLine ID="TextLine_83" HPOS="665" VPOS="3221" HEIGHT="36" WIDTH="521">
            <String ID="Textword_189" HPOS="665" VPOS="3221" HEIGHT="35" WIDTH="243" CONTENT="Wirtschaftlich" WC="0.92" />
            <String ID="Textword_190" HPOS="934" VPOS="3223" HEIGHT="34" WIDTH="252" CONTENT="vorteilhafteste" WC="0.92" />
          </TextLine>
          <TextLine ID="TextLine_84" HPOS="723" VPOS="3284" HEIGHT="43" WIDTH="383">
            <String ID="Textword_191" HPOS="723" VPOS="3284" HEIGHT="43" WIDTH="383" CONTENT="Verbrennungsmotoren" WC="0.92" />
          </TextLine>
        </TextBlock>
        <TextBlock ID="TextBlock_53" HPOS="350" VPOS="2870" HEIGHT="1037" WIDTH="1161">
          <TextLine ID="TextLine_85" HPOS="1403" VPOS="2870" HEIGHT="308" WIDTH="108">
            <SP ID="Textword_38" HPOS="1403" VPOS="2870" />
            <String ID="Textword_192" HPOS="1403" VPOS="2870" HEIGHT="308" WIDTH="108" CONTENT=" " WC="0.95" />
          </TextLine>
          <TextLine ID="TextLine_86" HPOS="350" VPOS="3675" HEIGHT="232" WIDTH="1158">
            <SP ID="Textword_39" HPOS="350" VPOS="3895" />
            <String ID="Textword_193" HPOS="350" VPOS="3895" HEIGHT="12" WIDTH="406" CONTENT=" " WC="0.95" />
            <SP ID="Textword_40" HPOS="1447" VPOS="3675" />
            <String ID="Textword_194" HPOS="1447" VPOS="3675" HEIGHT="220" WIDTH="61" CONTENT=" " WC="0.95" />
          </TextLine>
        </TextBlock>
        <TextBlock ID="TextBlock_54" HPOS="350" VPOS="3178" HEIGHT="717" WIDTH="67">
          <TextLine ID="TextLine_87" HPOS="351" VPOS="3178" HEIGHT="97" WIDTH="66">
            <SP ID="Textword_41" HPOS="351" VPOS="3178" />
            <String ID="Textword_195" HPOS="351" VPOS="3178" HEIGHT="97" WIDTH="66" CONTENT="  " WC="0.95" />
          </TextLine>
          <TextLine ID="TextLine_88" HPOS="351" VPOS="3275" HEIGHT="121" WIDTH="66">
            <SP ID="Textword_42" HPOS="351" VPOS="3275" />
            <String ID="Textword_196" HPOS="351" VPOS="3275" HEIGHT="121" WIDTH="66" CONTENT="  " WC="0.95" />
          </TextLine>
          <TextLine ID="TextLine_89" HPOS="351" VPOS="3396" HEIGHT="146" WIDTH="66">
            <SP ID="Textword_43" HPOS="351" VPOS="3396" />
            <String ID="Textword_197" HPOS="351" VPOS="3396" HEIGHT="146" WIDTH="66" CONTENT="   " WC="0.95" />
          </TextLine>
          <TextLine ID="TextLine_90" HPOS="350" VPOS="3542" HEIGHT="353" WIDTH="67">
            <SP ID="Textword_44" HPOS="350" VPOS="3542" />
            <String ID="Textword_198" HPOS="350" VPOS="3542" HEIGHT="353" WIDTH="67" CONTENT="    " WC="0.95" />
          </TextLine>
        </TextBlock>
        <TextBlock ID="TextBlock_55" HPOS="750" VPOS="3356" HEIGHT="141" WIDTH="354">
          <TextLine ID="TextLine_91" HPOS="792" VPOS="3356" HEIGHT="27" WIDTH="278">
            <String ID="Textword_199" HPOS="792" VPOS="3364" HEIGHT="18" WIDTH="63" CONTENT="zum" WC="0.96" />
            <String ID="Textword_200" HPOS="874" VPOS="3356" HEIGHT="27" WIDTH="126" CONTENT="Betriebe" WC="0.96" />
            <String ID="Textword_201" HPOS="1019" VPOS="3357" HEIGHT="26" WIDTH="51" CONTENT="mit" WC="0.96" />
          </TextLine>
          <TextLine ID="TextLine_92" HPOS="857" VPOS="3409" HEIGHT="35" WIDTH="146">
            <String ID="Textword_202" HPOS="857" VPOS="3409" HEIGHT="35" WIDTH="146" CONTENT="billigen" WC="0.96" />
          </TextLine>
          <TextLine ID="TextLine_93" HPOS="750" VPOS="3462" HEIGHT="35" WIDTH="354">
            <String ID="Textword_203" HPOS="750" VPOS="3462" HEIGHT="35" WIDTH="132" CONTENT="flüssigen" WC="0.89" />
            <String ID="Textword_204" HPOS="901" VPOS="3463" HEIGHT="28" WIDTH="203" CONTENT="Brennstoffen." WC="0.91" />
          </TextLine>
        </TextBlock>
        <TextBlock ID="TextBlock_56" HPOS="845" VPOS="3544" HEIGHT="16" WIDTH="160">
          <TextLine ID="TextLine_94" HPOS="845" VPOS="3544" HEIGHT="16" WIDTH="160">
            <String ID="Textword_205" HPOS="845" VPOS="3544" HEIGHT="16" WIDTH="160" CONTENT="——" WC="0.45" />
          </TextLine>
        </TextBlock>
        <TextBlock ID="TextBlock_57" HPOS="606" VPOS="3623" HEIGHT="35" WIDTH="624">
          <TextLine ID="TextLine_95" HPOS="606" VPOS="3623" HEIGHT="35" WIDTH="624">
            <String ID="Textword_206" HPOS="606" VPOS="3623" HEIGHT="35" WIDTH="140" CONTENT="Alleinige" WC="0.92" />
            <String ID="Textword_207" HPOS="765" VPOS="3623" HEIGHT="28" WIDTH="185" CONTENT="Fabrikanten" WC="0.92" />
            <String ID="Textword_208" HPOS="970" VPOS="3624" HEIGHT="27" WIDTH="45" CONTENT="für" WC="0.96" />
            <String ID="Textword_209" HPOS="1035" VPOS="3625" HEIGHT="26" WIDTH="43" CONTENT="die" WC="0.96" />
            <String ID="Textword_210" HPOS="1096" VPOS="3625" HEIGHT="26" WIDTH="134" CONTENT="Schweiz:" WC="0.87" />
          </TextLine>
        </TextBlock>
        <TextBlock ID="TextBlock_58" HPOS="486" VPOS="3694" HEIGHT="134" WIDTH="892">
          <TextLine ID="TextLine_96" HPOS="486" VPOS="3694" HEIGHT="134" WIDTH="892">
            <String ID="Textword_211" HPOS="486" VPOS="3694" HEIGHT="132" WIDTH="488" CONTENT="Gebrüder" WC="0.95" />
            <String ID="Textword_212" HPOS="1032" VPOS="3696" HEIGHT="132" WIDTH="346" CONTENT="Sulzer" WC="0.95" />
          </TextLine>
        </TextBlock>
        <TextBlock ID="TextBlock_59" HPOS="756" VPOS="3855" HEIGHT="35" WIDTH="329">
          <TextLine ID="TextLine_97" HPOS="756" VPOS="3855" HEIGHT="35" WIDTH="329">
            <String ID="Textword_213" HPOS="756" VPOS="3855" HEIGHT="35" WIDTH="329" CONTENT="WINTERTHUR." WC="0.95" />
          </TextLine>
        </TextBlock>
        <TextBlock ID="TextBlock_60" HPOS="350" VPOS="3895" HEIGHT="193" WIDTH="1158">
          <TextLine ID="TextLine_98" HPOS="350" VPOS="3895" HEIGHT="80" WIDTH="1158">
            <SP ID="Textword_45" HPOS="350" VPOS="3895" />
            <String ID="Textword_214" HPOS="350" VPOS="3895" HEIGHT="80" WIDTH="1158" CONTENT="  " WC="0.95" />
          </TextLine>
          <TextLine ID="TextLine_99" HPOS="1304" VPOS="3975" HEIGHT="60" WIDTH="204">
            <SP ID="Textword_46" HPOS="1304" VPOS="3975" />
            <String ID="Textword_215" HPOS="1304" VPOS="3975" HEIGHT="60" WIDTH="204" CONTENT=" " WC="0.95" />
          </TextLine>
          <TextLine ID="TextLine_100" HPOS="350" VPOS="3975" HEIGHT="113" WIDTH="415">
            <SP ID="Textword_47" HPOS="350" VPOS="3975" />
            <String ID="Textword_216" HPOS="350" VPOS="3975" HEIGHT="113" WIDTH="415" CONTENT="  " WC="0.95" />
          </TextLine>
        </TextBlock>
        <TextBlock ID="TextBlock_61" HPOS="552" VPOS="3990" HEIGHT="81" WIDTH="752">
          <TextLine ID="TextLine_101" HPOS="552" VPOS="3990" HEIGHT="30" WIDTH="752">
            <String ID="Textword_217" HPOS="552" VPOS="3992" HEIGHT="27" WIDTH="51" CONTENT="Die" WC="0.96" />
            <String ID="Textword_218" HPOS="622" VPOS="3991" HEIGHT="28" WIDTH="125" CONTENT="Motoren" WC="0.96" />
            <String ID="Textword_219" HPOS="760" VPOS="3992" HEIGHT="27" WIDTH="107" CONTENT="werden" WC="0.96" />
            <String ID="Textword_220" HPOS="886" VPOS="3991" HEIGHT="28" WIDTH="29" CONTENT="in" WC="0.96" />
            <String ID="Textword_221" HPOS="929" VPOS="3990" HEIGHT="29" WIDTH="118" CONTENT="Grössen" WC="0.96" />
            <String ID="Textword_222" HPOS="1067" VPOS="3998" HEIGHT="21" WIDTH="53" CONTENT="von" WC="0.96" />
            <String ID="Textword_223" HPOS="1139" VPOS="3991" HEIGHT="27" WIDTH="34" CONTENT="20" WC="0.93" />
            <String ID="Textword_224" HPOS="1186" VPOS="3991" HEIGHT="29" WIDTH="69" CONTENT="P.S." WC="0.87" />
            <String ID="Textword_225" HPOS="1269" VPOS="4001" HEIGHT="19" WIDTH="35" CONTENT="an" WC="0.96" />
          </TextLine>
          <TextLine ID="TextLine_102" HPOS="765" VPOS="4036" HEIGHT="35" WIDTH="325">
            <String ID="Textword_226" HPOS="765" VPOS="4036" HEIGHT="27" WIDTH="132" CONTENT="aufwärts" WC="0.96" />
            <String ID="Textword_227" HPOS="917" VPOS="4037" HEIGHT="34" WIDTH="173" CONTENT="ausgeführt." WC="0.95" />
          </TextLine>
        </TextBlock>
        <TextBlock ID="TextBlock_62" HPOS="1081" VPOS="4035" HEIGHT="53" WIDTH="427">
          <TextLine ID="TextLine_103" HPOS="1081" VPOS="4035" HEIGHT="53" WIDTH="427">
            <SP ID="Textword_48" HPOS="1081" VPOS="4035" />
            <String ID="Textword_228" HPOS="1081" VPOS="4035" HEIGHT="53" WIDTH="427" CONTENT=" " WC="0.95" />
          </TextLine>
        </TextBlock>
        <TextBlock ID="TextBlock_63" HPOS="1536" VPOS="2634" HEIGHT="34" WIDTH="1065">
          <TextLine ID="TextLine_104" HPOS="1536" VPOS="2634" HEIGHT="34" WIDTH="1065">
            <SP ID="Textword_49" HPOS="1536" VPOS="2634" />
            <String ID="Textword_229" HPOS="1536" VPOS="2634" HEIGHT="34" WIDTH="1065" CONTENT=" " WC="0.95" />
          </TextLine>
        </TextBlock>
        <TextBlock ID="TextBlock_64" HPOS="1554" VPOS="2716" HEIGHT="1423" WIDTH="21">
          <TextLine ID="TextLine_105" HPOS="1554" VPOS="2716" HEIGHT="1423" WIDTH="21">
            <SP ID="Textword_50" HPOS="1554" VPOS="2716" />
            <String ID="Textword_230" HPOS="1554" VPOS="2716" HEIGHT="1423" WIDTH="21" CONTENT=" " WC="0.95" />
          </TextLine>
        </TextBlock>
        <TextBlock ID="TextBlock_65" HPOS="1843" VPOS="2698" HEIGHT="30" WIDTH="527">
          <TextLine ID="TextLine_106" HPOS="1843" VPOS="2698" HEIGHT="30" WIDTH="527">
            <String ID="Textword_231" HPOS="1843" VPOS="2698" HEIGHT="25" WIDTH="75" CONTENT="Wir" WC="0.92" />
            <String ID="Textword_232" HPOS="1938" VPOS="2699" HEIGHT="29" WIDTH="191" CONTENT="empfehien" WC="0.91" />
            <String ID="Textword_233" HPOS="2149" VPOS="2699" HEIGHT="24" WIDTH="53" CONTENT="als" WC="0.94" />
            <String ID="Textword_234" HPOS="2221" VPOS="2700" HEIGHT="30" WIDTH="149" CONTENT="beliebte" WC="0.96" />
          </TextLine>
        </TextBlock>
        <TextBlock ID="TextBlock_66" HPOS="1562" VPOS="2668" HEIGHT="224" WIDTH="1045">
          <TextLine ID="TextLine_107" HPOS="1562" VPOS="2668" HEIGHT="224" WIDTH="1045">
            <String ID="Textword_235" HPOS="1562" VPOS="2668" HEIGHT="108" WIDTH="14" CONTENT="|" WC="0.77" />
            <String ID="Textword_236" HPOS="1598" VPOS="2741" HEIGHT="120" WIDTH="346" CONTENT="Festgeschenle" WC="0.25" />
            <String ID="Textword_237" HPOS="0" VPOS="0" HEIGHT="4984" WIDTH="3401" CONTENT="mi" WC="0.53" />
            <String ID="Textword_238" HPOS="1972" VPOS="2841" HEIGHT="6" WIDTH="267" CONTENT="mie" WC="0.41" />
            <String ID="Textword_239" HPOS="1973" VPOS="2747" HEIGHT="90" WIDTH="266" CONTENT="indigne" WC="0.18" />
            <String ID="Textword_240" HPOS="2269" VPOS="2708" HEIGHT="184" WIDTH="338" CONTENT="Wandschmuck" WC="0.58" />
          </TextLine>
        </TextBlock>
        <TextBlock ID="TextBlock_67" HPOS="1743" VPOS="2876" HEIGHT="126" WIDTH="739">
          <TextLine ID="TextLine_108" HPOS="1743" VPOS="2876" HEIGHT="126" WIDTH="739">
            <String ID="Textword_241" HPOS="1743" VPOS="2876" HEIGHT="153" WIDTH="744" CONTENT="Kunstblätter" WC="0.71" />
          </TextLine>
        </TextBlock>
        <TextBlock ID="TextBlock_68" HPOS="1611" VPOS="3095" HEIGHT="108" WIDTH="993">
          <TextLine ID="TextLine_109" HPOS="1611" VPOS="3095" HEIGHT="31" WIDTH="993">
            <String ID="Textword_242" HPOS="1611" VPOS="3097" HEIGHT="25" WIDTH="68" CONTENT="nach" WC="0.96" />
            <String ID="Textword_243" HPOS="1699" VPOS="3096" HEIGHT="25" WIDTH="47" CONTENT="der" WC="0.96" />
            <String ID="Textword_244" HPOS="1765" VPOS="3095" HEIGHT="27" WIDTH="125" CONTENT="Natur" WC="0.95" />
            <String ID="Textword_245" HPOS="1908" VPOS="3098" HEIGHT="25" WIDTH="57" CONTENT="und" WC="0.95" />
            <String ID="Textword_246" HPOS="1984" VPOS="3098" HEIGHT="25" WIDTH="69" CONTENT="nach" WC="0.96" />
            <String ID="Textword_247" HPOS="2076" VPOS="3096" HEIGHT="29" WIDTH="219" CONTENT="Gemälden" WC="0.91" />
            <String ID="Textword_248" HPOS="2316" VPOS="3098" HEIGHT="27" WIDTH="153" CONTENT="berühmter" WC="0.93" />
            <String ID="Textword_249" HPOS="2490" VPOS="3098" HEIGHT="28" WIDTH="114" CONTENT="Schwei-" WC="0.92" />
          </TextLine>
          <TextLine ID="TextLine_110" HPOS="1612" VPOS="3131" HEIGHT="36" WIDTH="796">
            <String ID="Textword_250" HPOS="1612" VPOS="3139" HEIGHT="19" WIDTH="46" CONTENT="zer" WC="0.96" />
            <String ID="Textword_251" HPOS="1679" VPOS="3131" HEIGHT="27" WIDTH="126" CONTENT="Künstler" WC="0.86" />
            <String ID="Textword_252" HPOS="1826" VPOS="3133" HEIGHT="24" WIDTH="27" CONTENT="in" WC="0.92" />
            <String ID="Textword_253" HPOS="1873" VPOS="3132" HEIGHT="26" WIDTH="57" CONTENT="ein-" WC="0.90" />
            <String ID="Textword_254" HPOS="1950" VPOS="3134" HEIGHT="25" WIDTH="55" CONTENT="und" WC="0.93" />
            <String ID="Textword_255" HPOS="2026" VPOS="3134" HEIGHT="33" WIDTH="177" CONTENT="vielfarbiger" WC="0.92" />
            <String ID="Textword_256" HPOS="2225" VPOS="3134" HEIGHT="33" WIDTH="183" CONTENT="Ausführung" WC="0.96" />
          </TextLine>
          <TextLine ID="TextLine_111" HPOS="1818" VPOS="3167" HEIGHT="36" WIDTH="785">
            <String ID="Textword_257" HPOS="1818" VPOS="3167" HEIGHT="26" WIDTH="82" CONTENT="schon" WC="0.96" />
            <String ID="Textword_258" HPOS="1919" VPOS="3176" HEIGHT="19" WIDTH="55" CONTENT="von" WC="0.96" />
            <String ID="Textword_259" HPOS="1993" VPOS="3169" HEIGHT="25" WIDTH="43" CONTENT="Fr." WC="0.91" />
            <String ID="Textword_260" HPOS="2050" VPOS="3170" HEIGHT="24" WIDTH="58" CONTENT="2.—" WC="0.88" />
            <String ID="Textword_261" HPOS="2131" VPOS="3178" HEIGHT="17" WIDTH="34" CONTENT="an" WC="0.95" />
            <String ID="Textword_262" HPOS="2180" VPOS="3178" HEIGHT="24" WIDTH="51" CONTENT="per" WC="0.95" />
            <String ID="Textword_263" HPOS="2249" VPOS="3170" HEIGHT="33" WIDTH="84" CONTENT="Blatt," WC="0.95" />
            <String ID="Textword_264" HPOS="2353" VPOS="3178" HEIGHT="25" WIDTH="109" CONTENT="grosses" WC="0.95" />
            <String ID="Textword_265" HPOS="2482" VPOS="3171" HEIGHT="25" WIDTH="121" CONTENT="Format." WC="0.96" />
          </TextLine>
        </TextBlock>
        <TextBlock ID="TextBlock_69" HPOS="1602" VPOS="3205" HEIGHT="149" WIDTH="1002">
          <TextLine ID="TextLine_112" HPOS="1640" VPOS="3205" HEIGHT="43" WIDTH="964">
            <String ID="Textword_266" HPOS="1640" VPOS="3212" HEIGHT="8" WIDTH="8" CONTENT=";" WC="0.48" />
            <String ID="Textword_267" HPOS="1867" VPOS="3205" HEIGHT="19" WIDTH="113" CONTENT="ap" WC="0.00" />
            <String ID="Textword_268" HPOS="2127" VPOS="3210" HEIGHT="4" WIDTH="5" CONTENT=";" WC="0.66" />
            <String ID="Textword_269" HPOS="2257" VPOS="3213" HEIGHT="28" WIDTH="147" CONTENT="Grosse" WC="0.93" />
            <String ID="Textword_270" HPOS="2418" VPOS="3213" HEIGHT="35" WIDTH="186" CONTENT="Ausgabe" WC="0.90" />
          </TextLine>
          <TextLine ID="TextLine_113" HPOS="1602" VPOS="3210" HEIGHT="74" WIDTH="1001">
            <String ID="Textword_271" HPOS="1602" VPOS="3212" HEIGHT="54" WIDTH="75" CONTENT="Die" WC="0.96" />
            <String ID="Textword_272" HPOS="1700" VPOS="3210" HEIGHT="56" WIDTH="261" CONTENT="Schweizer" WC="0.95" />
            <String ID="Textword_273" HPOS="1988" VPOS="3212" HEIGHT="55" WIDTH="240" CONTENT="Trachten." WC="0.81" />
            <String ID="Textword_274" HPOS="2257" VPOS="3249" HEIGHT="26" WIDTH="156" CONTENT="©3956" WC="0.00" />
            <String ID="Textword_275" HPOS="2417" VPOS="3250" HEIGHT="34" WIDTH="186" CONTENT="Ausgabe" WC="0.40" />
          </TextLine>
          <TextLine ID="TextLine_114" HPOS="1680" VPOS="3283" HEIGHT="44" WIDTH="923">
            <String ID="Textword_276" HPOS="1680" VPOS="3283" HEIGHT="25" WIDTH="50" CONTENT="mit" WC="0.96" />
            <String ID="Textword_277" HPOS="1749" VPOS="3283" HEIGHT="25" WIDTH="110" CONTENT="kurzem" WC="0.93" />
            <String ID="Textword_278" HPOS="1883" VPOS="3283" HEIGHT="33" WIDTH="171" CONTENT="Begleittext" WC="0.92" />
            <String ID="Textword_279" HPOS="2076" VPOS="3284" HEIGHT="25" WIDTH="27" CONTENT="in" WC="0.96" />
            <String ID="Textword_280" HPOS="2136" VPOS="3285" HEIGHT="42" WIDTH="139" CONTENT="eleganter" WC="0.96" />
            <String ID="Textword_281" HPOS="2303" VPOS="3286" HEIGHT="25" WIDTH="56" CONTENT="und" WC="0.95" />
            <String ID="Textword_282" HPOS="2385" VPOS="3285" HEIGHT="26" WIDTH="99" CONTENT="solider" WC="0.95" />
            <String ID="Textword_283" HPOS="2502" VPOS="3286" HEIGHT="40" WIDTH="101" CONTENT="Mappe" WC="0.96" />
          </TextLine>
          <TextLine ID="TextLine_115" HPOS="1681" VPOS="3317" HEIGHT="37" WIDTH="920">
            <String ID="Textword_284" HPOS="1681" VPOS="3318" HEIGHT="25" WIDTH="45" CONTENT="Fr." WC="0.92" />
            <String ID="Textword_285" HPOS="1738" VPOS="3317" HEIGHT="26" WIDTH="87" CONTENT="60.—.”" WC="0.35" />
            <String ID="Textword_286" HPOS="1864" VPOS="3318" HEIGHT="27" WIDTH="89" CONTENT="Kleine." WC="0.87" />
            <String ID="Textword_287" HPOS="1983" VPOS="3318" HEIGHT="34" WIDTH="125" CONTENT="Ausgabe" WC="0.96" />
            <String ID="Textword_288" HPOS="2138" VPOS="3319" HEIGHT="27" WIDTH="16" CONTENT="A" WC="0.38" />
            <String ID="Textword_289" HPOS="2182" VPOS="3320" HEIGHT="26" WIDTH="33" CONTENT="32" WC="0.92" />
            <String ID="Textword_290" HPOS="2236" VPOS="3320" HEIGHT="34" WIDTH="126" CONTENT="farbigen" WC="0.92" />
            <String ID="Textword_291" HPOS="2382" VPOS="3321" HEIGHT="26" WIDTH="98" CONTENT="Tafeln" WC="0.96" />
            <String ID="Textword_292" HPOS="2500" VPOS="3321" HEIGHT="25" WIDTH="27" CONTENT="in" WC="0.93" />
            <String ID="Textword_293" HPOS="2548" VPOS="3322" HEIGHT="25" WIDTH="53" CONTENT="ele-" WC="0.93" />
          </TextLine>
        </TextBlock>
        <TextBlock ID="TextBlock_70" HPOS="1599" VPOS="3356" HEIGHT="532" WIDTH="1004">
          <TextLine ID="TextLine_116" HPOS="2204" VPOS="3356" HEIGHT="34" WIDTH="398">
            <String ID="Textword_294" HPOS="2204" VPOS="3359" HEIGHT="31" WIDTH="117" CONTENT="‚ganter" WC="0.67" />
            <String ID="Textword_295" HPOS="2340" VPOS="3356" HEIGHT="33" WIDTH="98" CONTENT="Mappe" WC="0.96" />
            <String ID="Textword_296" HPOS="2458" VPOS="3356" HEIGHT="26" WIDTH="43" CONTENT="Fr." WC="0.92" />
            <String ID="Textword_297" HPOS="2517" VPOS="3356" HEIGHT="26" WIDTH="85" CONTENT="12.—." WC="0.91" />
          </TextLine>
          <TextLine ID="TextLine_117" HPOS="1872" VPOS="3399" HEIGHT="28" WIDTH="730">
            <String ID="Textword_298" HPOS="1872" VPOS="3399" HEIGHT="13" WIDTH="62" CONTENT="pi" WC="0.49" />
            <String ID="Textword_299" HPOS="2037" VPOS="3399" HEIGHT="25" WIDTH="32" CONTENT="27" WC="0.93" />
            <String ID="Textword_300" HPOS="2090" VPOS="3399" HEIGHT="28" WIDTH="258" CONTENT="Lichtdrucktafeln" WC="0.78" />
            <String ID="Textword_301" HPOS="2377" VPOS="3400" HEIGHT="26" WIDTH="75" CONTENT="einer" WC="0.93" />
            <String ID="Textword_302" HPOS="2471" VPOS="3402" HEIGHT="25" WIDTH="131" CONTENT="Auswahl" WC="0.91" />
          </TextLine>
          <TextLine ID="TextLine_118" HPOS="1601" VPOS="3398" HEIGHT="65" WIDTH="1001">
            <String ID="Textword_303" HPOS="1601" VPOS="3399" HEIGHT="54" WIDTH="90" CONTENT="Das" WC="0.96" />
            <String ID="Textword_304" HPOS="1720" VPOS="3398" HEIGHT="54" WIDTH="88" CONTENT="alte" WC="0.90" />
            <String ID="Textword_305" HPOS="1831" VPOS="3398" HEIGHT="55" WIDTH="133" CONTENT="Züric" WC="0.90" />
            <String ID="Textword_306" HPOS="2000" VPOS="3445" HEIGHT="8" WIDTH="9" CONTENT="=" WC="0.51" />
            <String ID="Textword_307" HPOS="2037" VPOS="3435" HEIGHT="25" WIDTH="46" CONTENT="der" WC="0.96" />
            <String ID="Textword_308" HPOS="2115" VPOS="3436" HEIGHT="27" WIDTH="145" CONTENT="schönsten" WC="0.96" />
            <String ID="Textword_309" HPOS="2292" VPOS="3437" HEIGHT="26" WIDTH="56" CONTENT="und" WC="0.92" />
            <String ID="Textword_310" HPOS="2379" VPOS="3436" HEIGHT="27" WIDTH="223" CONTENT="besterhaltenen" WC="0.91" />
          </TextLine>
          <TextLine ID="TextLine_119" HPOS="1656" VPOS="3469" HEIGHT="34" WIDTH="946">
            <String ID="Textword_311" HPOS="1656" VPOS="3482" HEIGHT="3" WIDTH="4" CONTENT="‘" WC="0.63" />
            <String ID="Textword_312" HPOS="1681" VPOS="3469" HEIGHT="33" WIDTH="166" CONTENT="Fragmente" WC="0.91" />
            <String ID="Textword_313" HPOS="1888" VPOS="3470" HEIGHT="26" WIDTH="204" CONTENT=" zürcherischer" WC="0.06" />
            <String ID="Textword_314" HPOS="2123" VPOS="3471" HEIGHT="32" WIDTH="227" CONTENT="Vergangenheit" WC="0.91" />
            <String ID="Textword_315" HPOS="2382" VPOS="3472" HEIGHT="25" WIDTH="27" CONTENT="in" WC="0.47" />
            <String ID="Textword_316" HPOS="2434" VPOS="3472" HEIGHT="27" WIDTH="168" CONTENT="vornehmer" WC="0.91" />
          </TextLine>
          <TextLine ID="TextLine_120" HPOS="1923" VPOS="3506" HEIGHT="32" WIDTH="678">
            <String ID="Textword_317" HPOS="1923" VPOS="3506" HEIGHT="32" WIDTH="97" CONTENT="Mappe" WC="0.95" />
            <String ID="Textword_318" HPOS="2041" VPOS="3506" HEIGHT="26" WIDTH="37" CONTENT="im" WC="0.95" />
            <String ID="Textword_319" HPOS="2099" VPOS="3506" HEIGHT="26" WIDTH="111" CONTENT="Format" WC="0.95" />
            <String ID="Textword_320" HPOS="2231" VPOS="3507" HEIGHT="26" WIDTH="102" CONTENT="19:28" WC="0.89" />
            <String ID="Textword_321" HPOS="2353" VPOS="3516" HEIGHT="17" WIDTH="40" CONTENT="cm" WC="0.93" />
            <String ID="Textword_322" HPOS="2414" VPOS="3509" HEIGHT="24" WIDTH="16" CONTENT="à" WC="0.96" />
            <String ID="Textword_323" HPOS="2451" VPOS="3508" HEIGHT="25" WIDTH="42" CONTENT="Fr." WC="0.92" />
            <String ID="Textword_324" HPOS="2517" VPOS="3508" HEIGHT="26" WIDTH="84" CONTENT="12.—." WC="0.89" />
          </TextLine>
          <TextLine ID="TextLine_121" HPOS="1639" VPOS="3550" HEIGHT="28" WIDTH="831">
            <String ID="Textword_325" HPOS="1639" VPOS="3550" HEIGHT="8" WIDTH="7" CONTENT="I" WC="0.43" />
            <String ID="Textword_326" HPOS="2179" VPOS="3559" HEIGHT="18" WIDTH="53" CONTENT="von" WC="0.96" />
            <String ID="Textword_327" HPOS="2253" VPOS="3552" HEIGHT="25" WIDTH="45" CONTENT="Dr." WC="0.90" />
            <String ID="Textword_328" HPOS="2313" VPOS="3551" HEIGHT="27" WIDTH="31" CONTENT="C." WC="0.76" />
            <String ID="Textword_329" HPOS="2357" VPOS="3552" HEIGHT="26" WIDTH="113" CONTENT="Täuber." WC="0.91" />
          </TextLine>
          <TextLine ID="TextLine_122" HPOS="1600" VPOS="3549" HEIGHT="72" WIDTH="1001">
            <String ID="Textword_330" HPOS="1600" VPOS="3549" HEIGHT="55" WIDTH="75" CONTENT="Die" WC="0.93" />
            <String ID="Textword_331" HPOS="1699" VPOS="3549" HEIGHT="60" WIDTH="171" CONTENT="Berner" WC="0.92" />
            <String ID="Textword_332" HPOS="1895" VPOS="3550" HEIGHT="70" WIDTH="257" CONTENT="Hochalpen" WC="0.91" />
            <String ID="Textword_333" HPOS="2179" VPOS="3586" HEIGHT="27" WIDTH="77" CONTENT="PA;" WC="0.13" />
            <String ID="Textword_334" HPOS="2276" VPOS="3588" HEIGHT="33" WIDTH="111" CONTENT="tiegaut" WC="0.00" />
            <String ID="Textword_335" HPOS="2399" VPOS="3588" HEIGHT="33" WIDTH="61" CONTENT="gebr" WC="0.11" />
            <String ID="Textword_336" HPOS="2474" VPOS="3589" HEIGHT="25" WIDTH="44" CONTENT="Fr." WC="0.63" />
            <String ID="Textword_337" HPOS="2532" VPOS="3589" HEIGHT="25" WIDTH="69" CONTENT="2.—" WC="0.42" />
          </TextLine>
          <TextLine ID="TextLine_123" HPOS="1758" VPOS="3629" HEIGHT="34" WIDTH="845">
            <String ID="Textword_338" HPOS="1758" VPOS="3629" HEIGHT="8" WIDTH="8" CONTENT="i" WC="0.69" />
            <String ID="Textword_339" HPOS="1931" VPOS="3636" HEIGHT="7" WIDTH="20" CONTENT="e" WC="0.54" />
            <String ID="Textword_340" HPOS="2140" VPOS="3631" HEIGHT="25" WIDTH="23" CONTENT="I." WC="0.91" />
            <String ID="Textword_341" HPOS="2177" VPOS="3631" HEIGHT="26" WIDTH="56" CONTENT="und" WC="0.91" />
            <String ID="Textword_342" HPOS="2253" VPOS="3632" HEIGHT="25" WIDTH="37" CONTENT="II." WC="0.92" />
            <String ID="Textword_343" HPOS="2304" VPOS="3632" HEIGHT="31" WIDTH="97" CONTENT="Folge." WC="0.96" />
            <String ID="Textword_344" HPOS="2420" VPOS="3633" HEIGHT="25" WIDTH="115" CONTENT="Erzählt" WC="0.96" />
            <String ID="Textword_345" HPOS="2549" VPOS="3640" HEIGHT="18" WIDTH="54" CONTENT="von" WC="0.96" />
          </TextLine>
          <TextLine ID="TextLine_124" HPOS="1601" VPOS="3628" HEIGHT="71" WIDTH="1002">
            <String ID="Textword_346" HPOS="1601" VPOS="3628" HEIGHT="71" WIDTH="252" CONTENT="Engadiner" WC="0.91" />
            <String ID="Textword_347" HPOS="1883" VPOS="3630" HEIGHT="67" WIDTH="229" CONTENT="Märchen," WC="0.96" />
            <String ID="Textword_348" HPOS="2141" VPOS="3667" HEIGHT="25" WIDTH="30" CONTENT="G." WC="0.91" />
            <String ID="Textword_349" HPOS="2193" VPOS="3667" HEIGHT="26" WIDTH="90" CONTENT="Bundi" WC="0.91" />
            <String ID="Textword_350" HPOS="2312" VPOS="3668" HEIGHT="25" WIDTH="56" CONTENT="und" WC="0.93" />
            <String ID="Textword_351" HPOS="2387" VPOS="3667" HEIGHT="26" WIDTH="144" CONTENT="illustriert" WC="0.92" />
            <String ID="Textword_352" HPOS="2550" VPOS="3675" HEIGHT="18" WIDTH="53" CONTENT="von" WC="0.96" />
          </TextLine>
          <TextLine ID="TextLine_125" HPOS="1955" VPOS="3701" HEIGHT="37" WIDTH="647">
            <String ID="Textword_353" HPOS="1955" VPOS="3701" HEIGHT="37" WIDTH="30" CONTENT="G." WC="0.91" />
            <String ID="Textword_354" HPOS="2001" VPOS="3701" HEIGHT="27" WIDTH="173" CONTENT="Giacometti." WC="0.92" />
            <String ID="Textword_355" HPOS="2211" VPOS="3703" HEIGHT="25" WIDTH="77" CONTENT="Preis" WC="0.92" />
            <String ID="Textword_356" HPOS="2307" VPOS="3710" HEIGHT="24" WIDTH="49" CONTENT="pro" WC="0.96" />
            <String ID="Textword_357" HPOS="2376" VPOS="3702" HEIGHT="25" WIDTH="78" CONTENT="Band" WC="0.96" />
            <String ID="Textword_358" HPOS="2473" VPOS="3702" HEIGHT="26" WIDTH="46" CONTENT="Fr." WC="0.92" />
            <String ID="Textword_359" HPOS="2534" VPOS="3702" HEIGHT="26" WIDTH="68" CONTENT="3.—." WC="0.73" />
          </TextLine>
          <TextLine ID="TextLine_126" HPOS="1835" VPOS="3745" HEIGHT="33" WIDTH="767">
            <String ID="Textword_360" HPOS="1835" VPOS="3746" HEIGHT="7" WIDTH="7" CONTENT="ï" WC="0.60" />
            <String ID="Textword_361" HPOS="2078" VPOS="3746" HEIGHT="8" WIDTH="8" CONTENT=":" WC="0.60" />
            <String ID="Textword_362" HPOS="2216" VPOS="3745" HEIGHT="33" WIDTH="249" CONTENT="(Arbeiterhäuser)" WC="0.92" />
            <String ID="Textword_363" HPOS="2495" VPOS="3755" HEIGHT="18" WIDTH="52" CONTENT="von" WC="0.93" />
            <String ID="Textword_364" HPOS="2576" VPOS="3748" HEIGHT="26" WIDTH="26" CONTENT="J." WC="0.91" />
          </TextLine>
          <TextLine ID="TextLine_127" HPOS="1599" VPOS="3744" HEIGHT="70" WIDTH="1002">
            <String ID="Textword_365" HPOS="1599" VPOS="3744" HEIGHT="56" WIDTH="361" CONTENT="Bautechnische" WC="0.91" />
            <String ID="Textword_366" HPOS="1985" VPOS="3746" HEIGHT="68" WIDTH="209" CONTENT="Projekte" WC="0.91" />
            <String ID="Textword_367" HPOS="2214" VPOS="3781" HEIGHT="31" WIDTH="114" CONTENT="Troller," WC="0.92" />
            <String ID="Textword_368" HPOS="2349" VPOS="3781" HEIGHT="27" WIDTH="141" CONTENT="Architekt" WC="0.90" />
            <String ID="Textword_369" HPOS="2501" VPOS="3791" HEIGHT="18" WIDTH="25" CONTENT="u." WC="0.88" />
            <String ID="Textword_370" HPOS="2535" VPOS="3783" HEIGHT="27" WIDTH="66" CONTENT="Pro-" WC="0.88" />
          </TextLine>
          <TextLine ID="TextLine_128" HPOS="1679" VPOS="3815" HEIGHT="31" WIDTH="923">
            <String ID="Textword_371" HPOS="1679" VPOS="3816" HEIGHT="26" WIDTH="94" CONTENT="fessor." WC="0.92" />
            <String ID="Textword_372" HPOS="1806" VPOS="3816" HEIGHT="25" WIDTH="34" CONTENT="32" WC="0.93" />
            <String ID="Textword_373" HPOS="1860" VPOS="3817" HEIGHT="25" WIDTH="101" CONTENT="Tafeln" WC="0.91" />
            <String ID="Textword_374" HPOS="1981" VPOS="3817" HEIGHT="25" WIDTH="28" CONTENT="in" WC="0.93" />
            <String ID="Textword_375" HPOS="2029" VPOS="3816" HEIGHT="26" WIDTH="167" CONTENT="Lichtdruck" WC="0.91" />
            <String ID="Textword_376" HPOS="2214" VPOS="3815" HEIGHT="26" WIDTH="50" CONTENT="mit" WC="0.96" />
            <String ID="Textword_377" HPOS="2283" VPOS="3816" HEIGHT="26" WIDTH="71" CONTENT="Text" WC="0.96" />
            <String ID="Textword_378" HPOS="2373" VPOS="3817" HEIGHT="26" WIDTH="56" CONTENT="und" WC="0.92" />
            <String ID="Textword_379" HPOS="2448" VPOS="3818" HEIGHT="28" WIDTH="154" CONTENT="Kostenan-" WC="0.91" />
          </TextLine>
          <TextLine ID="TextLine_129" HPOS="1678" VPOS="3851" HEIGHT="37" WIDTH="924">
            <String ID="Textword_380" HPOS="1678" VPOS="3851" HEIGHT="35" WIDTH="69" CONTENT="gabe" WC="0.96" />
            <String ID="Textword_381" HPOS="1766" VPOS="3851" HEIGHT="26" WIDTH="66" CONTENT="inkl." WC="0.96" />
            <String ID="Textword_382" HPOS="1846" VPOS="3852" HEIGHT="35" WIDTH="99" CONTENT="Mappe" WC="0.96" />
            <String ID="Textword_383" HPOS="1961" VPOS="3852" HEIGHT="34" WIDTH="73" CONTENT="jetzt" WC="0.95" />
            <String ID="Textword_384" HPOS="2054" VPOS="3859" HEIGHT="18" WIDTH="50" CONTENT="nur" WC="0.95" />
            <String ID="Textword_385" HPOS="2122" VPOS="3851" HEIGHT="26" WIDTH="69" CONTENT="noch" WC="0.96" />
            <String ID="Textword_386" HPOS="2212" VPOS="3851" HEIGHT="25" WIDTH="43" CONTENT="Fr." WC="0.92" />
            <String ID="Textword_387" HPOS="2275" VPOS="3851" HEIGHT="26" WIDTH="60" CONTENT="5.—" WC="0.91" />
            <String ID="Textword_388" HPOS="2365" VPOS="3853" HEIGHT="32" WIDTH="104" CONTENT="(früher" WC="0.96" />
            <String ID="Textword_389" HPOS="2488" VPOS="3855" HEIGHT="26" WIDTH="46" CONTENT="Fr." WC="0.96" />
            <String ID="Textword_390" HPOS="2550" VPOS="3855" HEIGHT="33" WIDTH="52" CONTENT="10)." WC="0.96" />
          </TextLine>
        </TextBlock>
        <TextBlock ID="TextBlock_71" HPOS="1614" VPOS="3895" HEIGHT="125" WIDTH="992">
          <TextLine ID="TextLine_130" HPOS="1614" VPOS="3895" HEIGHT="125" WIDTH="992">
            <String ID="Textword_391" HPOS="1614" VPOS="3896" HEIGHT="124" WIDTH="386" CONTENT="Polygraphisches" WC="0.70" />
            <String ID="Textword_392" HPOS="2033" VPOS="3895" HEIGHT="103" WIDTH="158" CONTENT="Institut" WC="0.53" />
            <String ID="Textword_393" HPOS="2222" VPOS="3896" HEIGHT="103" WIDTH="117" CONTENT="A.-G." WC="0.40" />
            <String ID="Textword_394" HPOS="2373" VPOS="3898" HEIGHT="103" WIDTH="153" CONTENT="Zürich" WC="0.94" />
            <String ID="Textword_395" HPOS="2561" VPOS="3900" HEIGHT="101" WIDTH="45" CONTENT="IV" WC="0.87" />
          </TextLine>
        </TextBlock>
        <TextBlock ID="TextBlock_72" HPOS="1691" VPOS="4021" HEIGHT="89" WIDTH="762">
          <TextLine ID="TextLine_131" HPOS="1823" VPOS="4021" HEIGHT="34" WIDTH="566">
            <String ID="Textword_396" HPOS="1823" VPOS="4021" HEIGHT="34" WIDTH="462" CONTENT="Clausiusstrasse" WC="0.90" />
            <String ID="Textword_397" HPOS="2313" VPOS="4025" HEIGHT="30" WIDTH="76" CONTENT="21" WC="0.96" />
          </TextLine>
          <TextLine ID="TextLine_132" HPOS="1691" VPOS="4073" HEIGHT="37" WIDTH="762">
            <String ID="Textword_398" HPOS="1691" VPOS="4074" HEIGHT="28" WIDTH="125" CONTENT="Reich" WC="0.92" />
            <String ID="Textword_399" HPOS="1836" VPOS="4073" HEIGHT="30" WIDTH="262" CONTENT="illustrierter" WC="0.91" />
            <String ID="Textword_400" HPOS="2117" VPOS="4076" HEIGHT="34" WIDTH="178" CONTENT="Kataleg" WC="0.92" />
            <String ID="Textword_401" HPOS="2314" VPOS="4076" HEIGHT="34" WIDTH="139" CONTENT="gratis." WC="0.96" />
          </TextLine>
        </TextBlock>
        <TextBlock ID="TextBlock_73" HPOS="1734" VPOS="3035" HEIGHT="13" WIDTH="746">
          <TextLine ID="TextLine_133" HPOS="1734" VPOS="3035" HEIGHT="13" WIDTH="746">
            <SP ID="Textword_51" HPOS="1734" VPOS="3035" />
            <String ID="Textword_402" HPOS="1734" VPOS="3035" HEIGHT="13" WIDTH="746" CONTENT=" " WC="0.95" />
          </TextLine>
        </TextBlock>
        <TextBlock ID="TextBlock_74" HPOS="1733" VPOS="3053" HEIGHT="13" WIDTH="747">
          <TextLine ID="TextLine_134" HPOS="1733" VPOS="3053" HEIGHT="13" WIDTH="747">
            <SP ID="Textword_52" HPOS="1733" VPOS="3053" />
            <String ID="Textword_403" HPOS="1733" VPOS="3053" HEIGHT="13" WIDTH="747" CONTENT=" " WC="0.95" />
          </TextLine>
        </TextBlock>
        <TextBlock ID="TextBlock_75" HPOS="2717" VPOS="2304" HEIGHT="198" WIDTH="588">
          <TextLine ID="TextLine_135" HPOS="2717" VPOS="2304" HEIGHT="198" WIDTH="588">
            <String ID="Textword_404" HPOS="2717" VPOS="2304" HEIGHT="198" WIDTH="240" CONTENT="Cliches" WC="0.77" />
            <String ID="Textword_405" HPOS="2981" VPOS="2336" HEIGHT="124" WIDTH="291" CONTENT="u." WC="0.40" />
            <String ID="Textword_406" HPOS="3290" VPOS="2390" HEIGHT="85" WIDTH="15" CONTENT="I" WC="0.18" />
          </TextLine>
        </TextBlock>
        <TextBlock ID="TextBlock_76" HPOS="2717" VPOS="2469" HEIGHT="114" WIDTH="533">
          <TextLine ID="TextLine_136" HPOS="3017" VPOS="2469" HEIGHT="48" WIDTH="205">
            <String ID="Textword_407" HPOS="3017" VPOS="2469" HEIGHT="48" WIDTH="205" CONTENT="Zinkàtzung." WC="0.91" />
          </TextLine>
          <TextLine ID="TextLine_137" HPOS="2717" VPOS="2494" HEIGHT="89" WIDTH="533">
            <String ID="Textword_408" HPOS="2717" VPOS="2494" HEIGHT="78" WIDTH="240" CONTENT="paper" WC="0.25" />
            <String ID="Textword_409" HPOS="2843" VPOS="2531" HEIGHT="52" WIDTH="227" CONTENT="Baumgartner," WC="0.83" />
            <String ID="Textword_410" HPOS="3098" VPOS="2532" HEIGHT="43" WIDTH="107" CONTENT="Zürich" WC="0.94" />
            <String ID="Textword_411" HPOS="3220" VPOS="2533" HEIGHT="43" WIDTH="30" CONTENT="II" WC="0.82" />
          </TextLine>
        </TextBlock>
        <TextBlock ID="TextBlock_77" HPOS="2803" VPOS="2583" HEIGHT="25" WIDTH="385">
          <TextLine ID="TextLine_138" HPOS="2803" VPOS="2583" HEIGHT="25" WIDTH="385">
            <String ID="Textword_412" HPOS="2803" VPOS="2593" HEIGHT="6" WIDTH="54" CONTENT="—" WC="0.56" />
            <String ID="Textword_413" HPOS="2872" VPOS="2583" HEIGHT="25" WIDTH="116" CONTENT="Telephon" WC="0.90" />
            <String ID="Textword_414" HPOS="3004" VPOS="2584" HEIGHT="22" WIDTH="40" CONTENT="Nr," WC="0.96" />
            <String ID="Textword_415" HPOS="3060" VPOS="2585" HEIGHT="21" WIDTH="61" CONTENT="7508." WC="0.92" />
            <String ID="Textword_416" HPOS="3135" VPOS="2595" HEIGHT="6" WIDTH="53" CONTENT="—" WC="0.63" />
          </TextLine>
        </TextBlock>
        <TextBlock ID="TextBlock_78" HPOS="2715" VPOS="2636" HEIGHT="13" WIDTH="567">
          <TextLine ID="TextLine_139" HPOS="2715" VPOS="2636" HEIGHT="13" WIDTH="567">
            <SP ID="Textword_53" HPOS="2715" VPOS="2636" />
            <String ID="Textword_417" HPOS="2715" VPOS="2636" HEIGHT="13" WIDTH="567" CONTENT=" " WC="0.95" />
          </TextLine>
        </TextBlock>
        <TextBlock ID="TextBlock_79" HPOS="2633" VPOS="2667" HEIGHT="1472" WIDTH="23">
          <TextLine ID="TextLine_140" HPOS="2633" VPOS="2667" HEIGHT="1472" WIDTH="23">
            <SP ID="Textword_54" HPOS="2633" VPOS="2667" />
            <String ID="Textword_418" HPOS="2633" VPOS="2667" HEIGHT="1472" WIDTH="23" CONTENT=" " WC="0.95" />
          </TextLine>
        </TextBlock>
        <TextBlock ID="TextBlock_80" HPOS="2659" VPOS="2657" HEIGHT="1491" WIDTH="31">
          <TextLine ID="TextLine_141" HPOS="2659" VPOS="2657" HEIGHT="1491" WIDTH="31">
            <SP ID="Textword_55" HPOS="2659" VPOS="2657" />
            <String ID="Textword_419" HPOS="2659" VPOS="2657" HEIGHT="1491" WIDTH="31" CONTENT=" " WC="0.95" />
          </TextLine>
        </TextBlock>
        <TextBlock ID="TextBlock_81" HPOS="1571" VPOS="4121" HEIGHT="24" WIDTH="1075">
          <TextLine ID="TextLine_142" HPOS="1571" VPOS="4121" HEIGHT="24" WIDTH="1075">
            <SP ID="Textword_56" HPOS="1571" VPOS="4121" />
            <String ID="Textword_420" HPOS="1571" VPOS="4121" HEIGHT="24" WIDTH="1075" CONTENT=" " WC="0.95" />
          </TextLine>
        </TextBlock>
        <TextBlock ID="TextBlock_82" HPOS="1508" VPOS="2643" HEIGHT="1708" WIDTH="23">
          <TextLine ID="TextLine_143" HPOS="1508" VPOS="2643" HEIGHT="1708" WIDTH="23">
            <SP ID="Textword_57" HPOS="1508" VPOS="2643" />
            <String ID="Textword_421" HPOS="1508" VPOS="2643" HEIGHT="1708" WIDTH="23" CONTENT=" " WC="0.95" />
          </TextLine>
        </TextBlock>
        <TextBlock ID="TextBlock_83" HPOS="350" VPOS="4088" HEIGHT="267" WIDTH="1158">
          <TextLine ID="TextLine_144" HPOS="350" VPOS="4088" HEIGHT="267" WIDTH="1158">
            <SP ID="Textword_58" HPOS="350" VPOS="4088" />
            <String ID="Textword_422" HPOS="350" VPOS="4088" HEIGHT="267" WIDTH="1158" CONTENT=" " WC="0.95" />
          </TextLine>
        </TextBlock>
        <TextBlock ID="TextBlock_84" HPOS="2073" VPOS="4183" HEIGHT="165" WIDTH="20">
          <TextLine ID="TextLine_145" HPOS="2073" VPOS="4183" HEIGHT="165" WIDTH="20">
            <SP ID="Textword_59" HPOS="2073" VPOS="4183" />
            <String ID="Textword_423" HPOS="2073" VPOS="4183" HEIGHT="165" WIDTH="20" CONTENT="  " WC="0.95" />
          </TextLine>
        </TextBlock>
        <TextBlock ID="TextBlock_85" HPOS="1966" VPOS="4519" HEIGHT="36" WIDTH="561">
          <TextLine ID="TextLine_146" HPOS="1966" VPOS="4519" HEIGHT="36" WIDTH="561">
            <String ID="Textword_424" HPOS="1966" VPOS="4519" HEIGHT="33" WIDTH="199" CONTENT="Telephonruf:" WC="0.91" />
            <String ID="Textword_425" HPOS="2184" VPOS="4519" HEIGHT="28" WIDTH="242" CONTENT="Kistenfabrik" WC="0.91" />
            <String ID="Textword_426" HPOS="2445" VPOS="4521" HEIGHT="34" WIDTH="82" CONTENT="Zug." WC="0.91" />
          </TextLine>
        </TextBlock>
        <TextBlock ID="TextBlock_86" HPOS="1615" VPOS="4138" HEIGHT="38" WIDTH="1064">
          <TextLine ID="TextLine_147" HPOS="1615" VPOS="4138" HEIGHT="38" WIDTH="1064">
            <SP ID="Textword_60" HPOS="1615" VPOS="4138" />
            <String ID="Textword_427" HPOS="1615" VPOS="4138" HEIGHT="38" WIDTH="1064" CONTENT=" " WC="0.95" />
          </TextLine>
        </TextBlock>
        <TextBlock ID="TextBlock_87" HPOS="2081" VPOS="4199" HEIGHT="90" WIDTH="550">
          <TextLine ID="TextLine_148" HPOS="2081" VPOS="4199" HEIGHT="90" WIDTH="550">
            <String ID="Textword_428" HPOS="2081" VPOS="4202" HEIGHT="61" WIDTH="52" CONTENT="7" WC="0.02" />
            <String ID="Textword_429" HPOS="2125" VPOS="4200" HEIGHT="86" WIDTH="267" CONTENT="OIL" WC="0.00" />
            <String ID="Textword_430" HPOS="2394" VPOS="4187" HEIGHT="102" WIDTH="237" CONTENT="IAA" WC="0.30" />
          </TextLine>
        </TextBlock>
        <TextBlock ID="TextBlock_88" HPOS="1537" VPOS="4187" HEIGHT="150" WIDTH="1099">
          <TextLine ID="TextLine_149" HPOS="1748" VPOS="4196" HEIGHT="21" WIDTH="24">
            <String ID="Textword_431" HPOS="1748" VPOS="4196" HEIGHT="21" WIDTH="24" CONTENT="9" WC="0.70" />
          </TextLine>
          <TextLine ID="TextLine_150" HPOS="1537" VPOS="4187" HEIGHT="150" WIDTH="1099">
            <String ID="Textword_432" HPOS="1537" VPOS="4187" HEIGHT="150" WIDTH="577" CONTENT="ELiMER" WC="0.00" />
            <String ID="Textword_433" HPOS="2129" VPOS="4292" HEIGHT="41" WIDTH="218" CONTENT="Müählesteg" WC="0.19" />
            <String ID="Textword_434" HPOS="2353" VPOS="4296" HEIGHT="28" WIDTH="29" CONTENT="&amp;." WC="0.80" />
            <String ID="Textword_435" HPOS="2393" VPOS="4288" HEIGHT="47" WIDTH="160" CONTENT="Télephon" WC="0.76" />
            <String ID="Textword_436" HPOS="2562" VPOS="4296" HEIGHT="32" WIDTH="74" CONTENT="1908." WC="0.86" />
          </TextLine>
        </TextBlock>
        <TextBlock ID="TextBlock_89" HPOS="1824" VPOS="4396" HEIGHT="109" WIDTH="1441">
          <TextLine ID="TextLine_151" HPOS="1825" VPOS="4396" HEIGHT="39" WIDTH="1440">
            <String ID="Textword_437" HPOS="1825" VPOS="4398" HEIGHT="32" WIDTH="138" CONTENT="Grösste" WC="0.92" />
            <String ID="Textword_438" HPOS="1987" VPOS="4397" HEIGHT="31" WIDTH="66" CONTENT="und" WC="0.96" />
            <String ID="Textword_439" HPOS="2081" VPOS="4396" HEIGHT="31" WIDTH="93" CONTENT="beste" WC="0.96" />
            <String ID="Textword_440" HPOS="2199" VPOS="4396" HEIGHT="39" WIDTH="241" CONTENT="Bezugsquelle" WC="0.96" />
            <String ID="Textword_441" HPOS="2472" VPOS="4398" HEIGHT="32" WIDTH="108" CONTENT="dieser" WC="0.94" />
            <String ID="Textword_442" HPOS="2614" VPOS="4399" HEIGHT="31" WIDTH="160" CONTENT="Branche." WC="0.91" />
            <String ID="Textword_443" HPOS="2807" VPOS="4417" HEIGHT="4" WIDTH="42" CONTENT="—" WC="0.91" />
            <String ID="Textword_444" HPOS="2881" VPOS="4400" HEIGHT="33" WIDTH="143" CONTENT="Neueste" WC="0.89" />
            <String ID="Textword_445" HPOS="3037" VPOS="4401" HEIGHT="34" WIDTH="228" CONTENT="FMaschinen-" WC="0.90" />
          </TextLine>
          <TextLine ID="TextLine_152" HPOS="1824" VPOS="4458" HEIGHT="47" WIDTH="1439">
            <String ID="Textword_446" HPOS="1824" VPOS="4460" HEIGHT="37" WIDTH="272" CONTENT="Einrichtungen." WC="0.81" />
            <String ID="Textword_447" HPOS="2136" VPOS="4476" HEIGHT="4" WIDTH="41" CONTENT="—" WC="0.91" />
            <String ID="Textword_448" HPOS="2218" VPOS="4458" HEIGHT="32" WIDTH="92" CONTENT="Ganz" WC="0.94" />
            <String ID="Textword_449" HPOS="2352" VPOS="4469" HEIGHT="30" WIDTH="114" CONTENT="grosse" WC="0.93" />
            <String ID="Textword_450" HPOS="2499" VPOS="4461" HEIGHT="40" WIDTH="232" CONTENT="Lagerräume." WC="0.91" />
            <String ID="Textword_451" HPOS="2773" VPOS="4479" HEIGHT="4" WIDTH="40" CONTENT="—" WC="0.92" />
            <String ID="Textword_452" HPOS="2853" VPOS="4463" HEIGHT="40" WIDTH="145" CONTENT="Eigenes" WC="0.83" />
            <String ID="Textword_453" HPOS="3033" VPOS="4465" HEIGHT="40" WIDTH="230" CONTENT="Bahngeleise." WC="0.92" />
          </TextLine>
        </TextBlock>
        <TextBlock ID="TextBlock_90" HPOS="2691" VPOS="264" HEIGHT="4085" WIDTH="40">
          <TextLine ID="TextLine_153" HPOS="2691" VPOS="264" HEIGHT="4085" WIDTH="40">
            <SP ID="Textword_61" HPOS="2691" VPOS="264" />
            <String ID="Textword_454" HPOS="2691" VPOS="264" HEIGHT="4085" WIDTH="40" CONTENT=" " WC="0.95" />
          </TextLine>
        </TextBlock>
        <TextBlock ID="TextBlock_91" HPOS="2691" VPOS="264" HEIGHT="4085" WIDTH="40">
          <TextLine ID="TextLine_154" HPOS="2691" VPOS="264" HEIGHT="4085" WIDTH="40">
            <SP ID="Textword_62" HPOS="2691" VPOS="264" />
            <String ID="Textword_455" HPOS="2691" VPOS="264" HEIGHT="4085" WIDTH="40" CONTENT=" " WC="0.95" />
          </TextLine>
        </TextBlock>
        <TextBlock ID="TextBlock_92" HPOS="2722" VPOS="2672" HEIGHT="724" WIDTH="556">
          <TextLine ID="TextLine_155" HPOS="2722" VPOS="2672" HEIGHT="724" WIDTH="556">
            <SP ID="Textword_63" HPOS="2722" VPOS="2672" />
            <String ID="Textword_456" HPOS="2722" VPOS="2672" HEIGHT="724" WIDTH="556" CONTENT=" " WC="0.95" />
          </TextLine>
        </TextBlock>
        <TextBlock ID="TextBlock_93" HPOS="2713" VPOS="3416" HEIGHT="12" WIDTH="558">
          <TextLine ID="TextLine_156" HPOS="2713" VPOS="3416" HEIGHT="12" WIDTH="558">
            <SP ID="Textword_64" HPOS="2713" VPOS="3416" />
            <String ID="Textword_457" HPOS="2713" VPOS="3416" HEIGHT="12" WIDTH="558" CONTENT=" " WC="0.95" />
          </TextLine>
        </TextBlock>
        <TextBlock ID="TextBlock_94" HPOS="2742" VPOS="3473" HEIGHT="85" WIDTH="500">
          <TextLine ID="TextLine_157" HPOS="2742" VPOS="3473" HEIGHT="85" WIDTH="500">
            <String ID="Textword_458" HPOS="2742" VPOS="3473" HEIGHT="85" WIDTH="232" CONTENT="Gegenstrom" WC="0.79" />
            <String ID="Textword_459" HPOS="2988" VPOS="3512" HEIGHT="12" WIDTH="16" CONTENT="-" WC="0.79" />
            <String ID="Textword_460" HPOS="3017" VPOS="3476" HEIGHT="74" WIDTH="225" CONTENT="Vorwärmer" WC="0.91" />
          </TextLine>
        </TextBlock>
        <TextBlock ID="TextBlock_95" HPOS="2776" VPOS="3559" HEIGHT="26" WIDTH="405">
          <TextLine ID="TextLine_158" HPOS="2776" VPOS="3559" HEIGHT="26" WIDTH="405">
            <String ID="Textword_461" HPOS="2776" VPOS="3559" HEIGHT="20" WIDTH="27" CONTENT="D." WC="0.82" />
            <String ID="Textword_462" HPOS="2815" VPOS="3559" HEIGHT="21" WIDTH="59" CONTENT="B.P" WC="0.50" />
            <String ID="Textword_463" HPOS="2899" VPOS="3561" HEIGHT="20" WIDTH="46" CONTENT="und" WC="0.96" />
            <String ID="Textword_464" HPOS="2960" VPOS="3561" HEIGHT="23" WIDTH="116" CONTENT="Schweiz." WC="0.93" />
            <String ID="Textword_465" HPOS="3088" VPOS="3562" HEIGHT="23" WIDTH="93" CONTENT="Patent," WC="0.83" />
          </TextLine>
        </TextBlock>
        <TextBlock ID="TextBlock_96" HPOS="2772" VPOS="3829" HEIGHT="29" WIDTH="101">
          <TextLine ID="TextLine_159" HPOS="2772" VPOS="3829" HEIGHT="29" WIDTH="101">
            <String ID="Textword_466" HPOS="2772" VPOS="3829" HEIGHT="29" WIDTH="101" CONTENT="einfachste" WC="0.54" />
          </TextLine>
        </TextBlock>
        <TextBlock ID="TextBlock_97" HPOS="2925" VPOS="3603" HEIGHT="553" WIDTH="189">
          <TextLine ID="TextLine_160" HPOS="2925" VPOS="3603" HEIGHT="553" WIDTH="189">
            <SP ID="Textword_65" HPOS="2925" VPOS="3603" />
            <String ID="Textword_467" HPOS="2925" VPOS="3603" HEIGHT="553" WIDTH="189" CONTENT=" " WC="0.95" />
          </TextLine>
        </TextBlock>
        <TextBlock ID="TextBlock_98" HPOS="2759" VPOS="3849" HEIGHT="353" WIDTH="441">
          <TextLine ID="TextLine_161" HPOS="2771" VPOS="3849" HEIGHT="45" WIDTH="423">
            <String ID="Textword_468" HPOS="2771" VPOS="3865" HEIGHT="28" WIDTH="36" CONTENT="and" WC="0.81" />
            <String ID="Textword_469" HPOS="2820" VPOS="3865" HEIGHT="29" WIDTH="52" CONTENT="beste" WC="0.43" />
            <String ID="Textword_470" HPOS="3121" VPOS="3849" HEIGHT="30" WIDTH="73" CONTENT="hiohste" WC="0.65" />
          </TextLine>
          <TextLine ID="TextLine_162" HPOS="2759" VPOS="3893" HEIGHT="37" WIDTH="441">
            <String ID="Textword_471" HPOS="2759" VPOS="3900" HEIGHT="29" WIDTH="130" CONTENT="Konstruktion" WC="0.74" />
            <String ID="Textword_472" HPOS="3115" VPOS="3893" HEIGHT="37" WIDTH="85" CONTENT="Leistung" WC="0.93" />
          </TextLine>
          <TextLine ID="TextLine_163" HPOS="3018" VPOS="4020" HEIGHT="28" WIDTH="116">
            <String ID="Textword_473" HPOS="3018" VPOS="4031" HEIGHT="17" WIDTH="34" CONTENT="EST" WC="0.00" />
            <String ID="Textword_474" HPOS="3057" VPOS="4020" HEIGHT="25" WIDTH="77" CONTENT="AUSTELTZ" WC="0.00" />
          </TextLine>
          <TextLine ID="TextLine_164" HPOS="2891" VPOS="4175" HEIGHT="27" WIDTH="169">
            <String ID="Textword_475" HPOS="2891" VPOS="4175" HEIGHT="27" WIDTH="152" CONTENT="Vertreter" WC="0.74" />
            <String ID="Textword_476" HPOS="3054" VPOS="4185" HEIGHT="17" WIDTH="6" CONTENT=":" WC="0.74" />
          </TextLine>
        </TextBlock>
        <TextBlock ID="TextBlock_99" HPOS="2783" VPOS="4219" HEIGHT="54" WIDTH="391">
          <TextLine ID="TextLine_165" HPOS="2783" VPOS="4219" HEIGHT="54" WIDTH="391">
            <String ID="Textword_477" HPOS="2783" VPOS="4219" HEIGHT="45" WIDTH="190" CONTENT="Schmassmann" WC="0.89" />
            <String ID="Textword_478" HPOS="2987" VPOS="4223" HEIGHT="41" WIDTH="18" CONTENT="&amp;" WC="0.90" />
            <String ID="Textword_479" HPOS="3020" VPOS="4220" HEIGHT="53" WIDTH="44" CONTENT="Co.," WC="0.58" />
            <String ID="Textword_480" HPOS="3079" VPOS="4222" HEIGHT="47" WIDTH="95" CONTENT="Zürich." WC="0.81" />
          </TextLine>
        </TextBlock>
        <TextBlock ID="TextBlock_100" HPOS="2708" VPOS="4257" HEIGHT="99" WIDTH="551">
          <TextLine ID="TextLine_166" HPOS="2743" VPOS="4257" HEIGHT="71" WIDTH="449">
            <String ID="Textword_481" HPOS="2743" VPOS="4273" HEIGHT="43" WIDTH="32" CONTENT="F." WC="0.90" />
            <String ID="Textword_482" HPOS="2793" VPOS="4272" HEIGHT="50" WIDTH="145" CONTENT="Mattick," WC="0.91" />
            <String ID="Textword_483" HPOS="2952" VPOS="4257" HEIGHT="65" WIDTH="112" CONTENT="Palsnitz" WC="0.66" />
            <String ID="Textword_484" HPOS="3067" VPOS="4285" HEIGHT="43" WIDTH="36" CONTENT="21," WC="0.92" />
            <String ID="Textword_485" HPOS="3115" VPOS="4286" HEIGHT="40" WIDTH="77" CONTENT="Sachs," WC="0.81" />
          </TextLine>
          <TextLine ID="TextLine_167" HPOS="2708" VPOS="4314" HEIGHT="42" WIDTH="551">
            <String ID="Textword_486" HPOS="2708" VPOS="4333" HEIGHT="19" WIDTH="142" CONTENT="meer" WC="0.34" />
            <String ID="Textword_487" HPOS="0" VPOS="0" HEIGHT="4984" WIDTH="3401" CONTENT="—" WC="0.57" />
            <String ID="Textword_488" HPOS="2853" VPOS="4314" HEIGHT="42" WIDTH="406" CONTENT="re" WC="0.26" />
          </TextLine>
        </TextBlock>
        <TextBlock ID="TextBlock_101" HPOS="3107" VPOS="4525" HEIGHT="26" WIDTH="52">
          <TextLine ID="TextLine_168" HPOS="3107" VPOS="4525" HEIGHT="26" WIDTH="52">
            <String ID="Textword_489" HPOS="3107" VPOS="4525" HEIGHT="26" WIDTH="52" CONTENT="214" WC="0.96" />
          </TextLine>
        </TextBlock>
        <TextBlock ID="TextBlock_102" HPOS="370" VPOS="4548" HEIGHT="34" WIDTH="2887">
          <TextLine ID="TextLine_169" HPOS="370" VPOS="4548" HEIGHT="34" WIDTH="2887">
            <SP ID="Textword_66" HPOS="370" VPOS="4548" />
            <String ID="Textword_490" HPOS="370" VPOS="4548" HEIGHT="34" WIDTH="2887" CONTENT=" " WC="0.95" />
          </TextLine>
        </TextBlock>
        <TextBlock ID="TextBlock_103" HPOS="361" VPOS="4393" HEIGHT="156" WIDTH="1385">
          <TextLine ID="TextLine_170" HPOS="361" VPOS="4393" HEIGHT="156" WIDTH="1385">
            <String ID="Textword_491" HPOS="361" VPOS="4393" HEIGHT="117" WIDTH="542" CONTENT="Kistenfabrik" WC="0.84" />
            <String ID="Textword_492" HPOS="951" VPOS="4394" HEIGHT="152" WIDTH="165" CONTENT="Zug" WC="0.93" />
            <String ID="Textword_493" HPOS="1165" VPOS="4396" HEIGHT="117" WIDTH="220" CONTENT="A.-G." WC="0.89" />
            <String ID="Textword_494" HPOS="1441" VPOS="4400" HEIGHT="113" WIDTH="69" CONTENT="in" WC="0.96" />
            <String ID="Textword_495" HPOS="1560" VPOS="4399" HEIGHT="150" WIDTH="186" CONTENT="Zug." WC="0.96" />
          </TextLine>
        </TextBlock>
        <TextBlock ID="TextBlock_104" HPOS="1246" VPOS="4581" HEIGHT="37" WIDTH="1137">
          <TextLine ID="TextLine_171" HPOS="1246" VPOS="4581" HEIGHT="37" WIDTH="1137">
            <String ID="Textword_496" HPOS="1246" VPOS="4582" HEIGHT="27" WIDTH="93" CONTENT="Druck" WC="0.96" />
            <String ID="Textword_497" HPOS="1358" VPOS="4583" HEIGHT="27" WIDTH="55" CONTENT="und" WC="0.96" />
            <String ID="Textword_498" HPOS="1432" VPOS="4584" HEIGHT="33" WIDTH="166" CONTENT="‚Expedition" WC="0.06" />
            <String ID="Textword_499" HPOS="1618" VPOS="4592" HEIGHT="19" WIDTH="53" CONTENT="von" WC="0.96" />
            <String ID="Textword_500" HPOS="1689" VPOS="4583" HEIGHT="35" WIDTH="109" CONTENT="Müller," WC="0.95" />
            <String ID="Textword_501" HPOS="1817" VPOS="4584" HEIGHT="26" WIDTH="115" CONTENT="Werder" WC="0.90" />
            <String ID="Textword_502" HPOS="1952" VPOS="4583" HEIGHT="25" WIDTH="24" CONTENT="&amp;" WC="0.90" />
            <String ID="Textword_503" HPOS="1997" VPOS="4582" HEIGHT="31" WIDTH="64" CONTENT="Cie.," WC="0.89" />
            <String ID="Textword_504" HPOS="2083" VPOS="4582" HEIGHT="33" WIDTH="109" CONTENT="Schipfe" WC="0.92" />
            <String ID="Textword_505" HPOS="2211" VPOS="4581" HEIGHT="34" WIDTH="43" CONTENT="33," WC="0.96" />
            <String ID="Textword_506" HPOS="2274" VPOS="4583" HEIGHT="27" WIDTH="109" CONTENT="Zürich." WC="0.95" />
          </TextLine>
        </TextBlock>
        <TextBlock ID="TextBlock_105" HPOS="3275" VPOS="373" HEIGHT="4404" WIDTH="82">
          <TextLine ID="TextLine_172" HPOS="3275" VPOS="373" HEIGHT="4404" WIDTH="82">
            <SP ID="Textword_67" HPOS="3275" VPOS="373" />
            <String ID="Textword_507" HPOS="3275" VPOS="373" HEIGHT="4404" WIDTH="82" CONTENT=" " WC="0.95" />
          </TextLine>
        </TextBlock>
        <TextBlock ID="TextBlock_106" HPOS="3143" VPOS="4772" HEIGHT="212" WIDTH="258">
          <TextLine ID="TextLine_173" HPOS="3143" VPOS="4772" HEIGHT="212" WIDTH="258">
            <SP ID="Textword_68" HPOS="3143" VPOS="4772" />
            <String ID="Textword_508" HPOS="3143" VPOS="4772" HEIGHT="212" WIDTH="258" CONTENT=" " WC="0.95" />
          </TextLine>
        </TextBlock>
      </PrintSpace>
    </Page>
  </Layout>
</alto>
