<?xml version="1.0" encoding="UTF-8"?>
<alto xmlns="http://www.loc.gov/standards/alto/ns-v2#" xmlns:xsi="http://www.w3.org/2001/XMLSchema-instance" xsi:schemaLocation="http://www.loc.gov/standards/alto/ns-v2# http://www.loc.gov/standards/alto/alto.xsd">
  <Description>
    <MeasurementUnit>pixel</MeasurementUnit>
    <sourceImageInformation />
    <OCRProcessing ID="OCR_1">
      <preProcessingStep>
        <processingDateTime>2019-05-09T12:34:03</processingDateTime>
        <processingAgency>intranda GmbH, www.intranda.com</processingAgency>
        <processingSoftware>
          <softwareCreator>intranda GmbH, Germany</softwareCreator>
          <softwareName>intranda OCR Module for TaskManager</softwareName>
          <softwareVersion>1.0r42</softwareVersion>
        </processingSoftware>
      </preProcessingStep>
      <ocrProcessingStep>
        <processingSoftware>
          <softwareCreator>Tesseract contributors</softwareCreator>
          <softwareName>Tesseract Open Source OCR Engine</softwareName>
          <softwareVersion>4.0.0-beta.1-270-g5a56</softwareVersion>
        </processingSoftware>
      </ocrProcessingStep>
    </OCRProcessing>
  </Description>
  <Layout>
    <Page ID="PAGE_1" HEIGHT="4972" WIDTH="3363" PHYSICAL_IMG_NR="1">
      <PrintSpace ID="PrintSpace_1" HPOS="0" VPOS="0" HEIGHT="4972" WIDTH="3363">
        <TextBlock ID="TextBlock_1" HPOS="769" VPOS="0" HEIGHT="146" WIDTH="2583">
          <TextLine ID="TextLine_1" HPOS="769" VPOS="0" HEIGHT="146" WIDTH="2583">
            <SP ID="Textword_1" HPOS="769" VPOS="0" />
            <String ID="Textword_1" HPOS="769" VPOS="0" HEIGHT="146" WIDTH="2583" CONTENT="  " WC="0.95" />
          </TextLine>
        </TextBlock>
        <TextBlock ID="TextBlock_2" HPOS="392" VPOS="294" HEIGHT="36" WIDTH="2810">
          <TextLine ID="TextLine_2" HPOS="392" VPOS="294" HEIGHT="36" WIDTH="2810">
            <String ID="Textword_2" HPOS="392" VPOS="300" HEIGHT="25" WIDTH="16" CONTENT="8" WC="0.96" />
            <String ID="Textword_3" HPOS="1515" VPOS="297" HEIGHT="26" WIDTH="222" CONTENT="Schweizerische" WC="0.91" />
            <String ID="Textword_4" HPOS="1765" VPOS="296" HEIGHT="34" WIDTH="314" CONTENT="Artbeitgeber-Zeitung." WC="0.48" />
            <String ID="Textword_5" HPOS="3103" VPOS="294" HEIGHT="27" WIDTH="46" CONTENT="Nr." WC="0.94" />
            <String ID="Textword_6" HPOS="3169" VPOS="295" HEIGHT="25" WIDTH="33" CONTENT="42" WC="0.96" />
          </TextLine>
        </TextBlock>
        <TextBlock ID="TextBlock_3" HPOS="391" VPOS="335" HEIGHT="19" WIDTH="2811">
          <TextLine ID="TextLine_3" HPOS="391" VPOS="335" HEIGHT="19" WIDTH="2811">
            <SP ID="Textword_2" HPOS="391" VPOS="335" />
            <String ID="Textword_7" HPOS="391" VPOS="335" HEIGHT="19" WIDTH="2811" CONTENT=" " WC="0.95" />
          </TextLine>
        </TextBlock>
        <TextBlock ID="TextBlock_4" HPOS="2741" VPOS="393" HEIGHT="95" WIDTH="439">
          <TextLine ID="TextLine_4" HPOS="2741" VPOS="393" HEIGHT="95" WIDTH="439">
            <String ID="Textword_8" HPOS="2741" VPOS="393" HEIGHT="95" WIDTH="439" CONTENT="Kopierbureau" WC="0.90" />
          </TextLine>
        </TextBlock>
        <TextBlock ID="TextBlock_5" HPOS="2682" VPOS="491" HEIGHT="133" WIDTH="582">
          <TextLine ID="TextLine_5" HPOS="2683" VPOS="491" HEIGHT="35" WIDTH="553">
            <String ID="Textword_9" HPOS="2683" VPOS="491" HEIGHT="28" WIDTH="236" CONTENT="Steinmann" WC="0.85" />
            <String ID="Textword_10" HPOS="2950" VPOS="491" HEIGHT="28" WIDTH="35" CONTENT="&amp;" WC="0.92" />
            <String ID="Textword_11" HPOS="3011" VPOS="491" HEIGHT="34" WIDTH="110" CONTENT="Erni," WC="0.85" />
            <String ID="Textword_12" HPOS="3159" VPOS="500" HEIGHT="26" WIDTH="77" CONTENT="gegr." WC="0.75" />
          </TextLine>
          <TextLine ID="TextLine_6" HPOS="2684" VPOS="526" HEIGHT="35" WIDTH="552">
            <String ID="Textword_13" HPOS="2684" VPOS="528" HEIGHT="30" WIDTH="76" CONTENT="1892," WC="0.92" />
            <String ID="Textword_14" HPOS="2776" VPOS="528" HEIGHT="26" WIDTH="205" CONTENT="Bôrsenstrasse" WC="0.79" />
            <String ID="Textword_15" HPOS="2994" VPOS="528" HEIGHT="33" WIDTH="40" CONTENT="10," WC="0.93" />
            <String ID="Textword_16" HPOS="3048" VPOS="526" HEIGHT="29" WIDTH="146" CONTENT="Ztirich" WC="0.73" />
            <String ID="Textword_17" HPOS="3204" VPOS="527" HEIGHT="28" WIDTH="32" CONTENT="I." WC="0.88" />
          </TextLine>
          <TextLine ID="TextLine_7" HPOS="2682" VPOS="563" HEIGHT="27" WIDTH="582">
            <String ID="Textword_18" HPOS="2682" VPOS="563" HEIGHT="27" WIDTH="328" CONTENT="Schreibmaschinenarb." WC="0.41" />
            <String ID="Textword_19" HPOS="3065" VPOS="563" HEIGHT="27" WIDTH="199" CONTENT=" Vervielfält." WC="0.41" />
          </TextLine>
          <TextLine ID="TextLine_8" HPOS="2682" VPOS="597" HEIGHT="27" WIDTH="326">
            <String ID="Textword_20" HPOS="2682" VPOS="599" HEIGHT="25" WIDTH="106" CONTENT="Diktat." WC="0.90" />
            <String ID="Textword_21" HPOS="3006" VPOS="597" HEIGHT="2" WIDTH="2" CONTENT=";" WC="0.62" />
          </TextLine>
        </TextBlock>
        <TextBlock ID="TextBlock_6" HPOS="2715" VPOS="668" HEIGHT="111" WIDTH="502">
          <TextLine ID="TextLine_9" HPOS="2715" VPOS="668" HEIGHT="111" WIDTH="502">
            <String ID="Textword_22" HPOS="2715" VPOS="668" HEIGHT="111" WIDTH="502" CONTENT="Buchführung." WC="0.92" />
          </TextLine>
        </TextBlock>
        <TextBlock ID="TextBlock_7" HPOS="2679" VPOS="785" HEIGHT="398" WIDTH="588">
          <TextLine ID="TextLine_10" HPOS="2717" VPOS="785" HEIGHT="35" WIDTH="519">
            <String ID="Textword_23" HPOS="2717" VPOS="785" HEIGHT="35" WIDTH="168" CONTENT="Neuanlage," WC="0.48" />
            <String ID="Textword_24" HPOS="2922" VPOS="786" HEIGHT="32" WIDTH="136" CONTENT="Revision," WC="0.77" />
            <String ID="Textword_25" HPOS="3102" VPOS="786" HEIGHT="26" WIDTH="134" CONTENT=" Nachtra-" WC="0.35" />
          </TextLine>
          <TextLine ID="TextLine_11" HPOS="2680" VPOS="822" HEIGHT="34" WIDTH="557">
            <String ID="Textword_26" HPOS="2680" VPOS="830" HEIGHT="26" WIDTH="86" CONTENT="gung," WC="0.90" />
            <String ID="Textword_27" HPOS="2795" VPOS="822" HEIGHT="26" WIDTH="107" CONTENT="Ordnen" WC="0.92" />
            <String ID="Textword_28" HPOS="2932" VPOS="822" HEIGHT="26" WIDTH="54" CONTENT="und" WC="0.93" />
            <String ID="Textword_29" HPOS="3005" VPOS="822" HEIGHT="26" WIDTH="151" CONTENT="Abschluss" WC="0.91" />
            <String ID="Textword_30" HPOS="3184" VPOS="830" HEIGHT="18" WIDTH="53" CONTENT="von" WC="0.96" />
          </TextLine>
          <TextLine ID="TextLine_12" HPOS="2682" VPOS="857" HEIGHT="30" WIDTH="555">
            <String ID="Textword_31" HPOS="2682" VPOS="857" HEIGHT="30" WIDTH="277" CONTENT="Geschäitsbitchern;" WC="0.72" />
            <String ID="Textword_32" HPOS="2987" VPOS="857" HEIGHT="27" WIDTH="125" CONTENT="Gewinn-" WC="0.91" />
            <String ID="Textword_33" HPOS="3133" VPOS="865" HEIGHT="18" WIDTH="25" CONTENT="u." WC="0.92" />
            <String ID="Textword_34" HPOS="3172" VPOS="858" HEIGHT="26" WIDTH="65" CONTENT="Ver-" WC="0.92" />
          </TextLine>
          <TextLine ID="TextLine_13" HPOS="2680" VPOS="893" HEIGHT="33" WIDTH="557">
            <String ID="Textword_35" HPOS="2680" VPOS="893" HEIGHT="33" WIDTH="239" CONTENT="lustrechnungen," WC="0.73" />
            <String ID="Textword_36" HPOS="2946" VPOS="893" HEIGHT="26" WIDTH="130" CONTENT="Bilanzen" WC="0.91" />
            <String ID="Textword_37" HPOS="3096" VPOS="893" HEIGHT="32" WIDTH="55" CONTENT="und" WC="0.93" />
            <String ID="Textword_38" HPOS="3172" VPOS="893" HEIGHT="26" WIDTH="65" CONTENT="Gut-" WC="0.91" />
          </TextLine>
          <TextLine ID="TextLine_14" HPOS="2681" VPOS="928" HEIGHT="34" WIDTH="554">
            <String ID="Textword_39" HPOS="2681" VPOS="929" HEIGHT="26" WIDTH="96" CONTENT="achten" WC="0.92" />
            <String ID="Textword_40" HPOS="2802" VPOS="929" HEIGHT="26" WIDTH="45" CONTENT="für" WC="0.93" />
            <String ID="Textword_41" HPOS="2868" VPOS="928" HEIGHT="34" WIDTH="137" CONTENT="Gewerbe," WC="0.92" />
            <String ID="Textword_42" HPOS="3027" VPOS="929" HEIGHT="33" WIDTH="103" CONTENT="Hotels," WC="0.91" />
            <String ID="Textword_43" HPOS="3161" VPOS="929" HEIGHT="25" WIDTH="74" CONTENT="Han-" WC="0.91" />
          </TextLine>
          <TextLine ID="TextLine_15" HPOS="2680" VPOS="963" HEIGHT="34" WIDTH="587">
            <String ID="Textword_44" HPOS="2680" VPOS="964" HEIGHT="25" WIDTH="55" CONTENT="del-" WC="0.90" />
            <String ID="Textword_45" HPOS="2764" VPOS="972" HEIGHT="18" WIDTH="17" CONTENT="u" WC="0.88" />
            <String ID="Textword_46" HPOS="2803" VPOS="965" HEIGHT="25" WIDTH="16" CONTENT="d" WC="0.88" />
            <String ID="Textword_47" HPOS="2849" VPOS="963" HEIGHT="34" WIDTH="252" CONTENT="Fabrikgeschäfte," WC="0.88" />
            <String ID="Textword_48" HPOS="3135" VPOS="964" HEIGHT="26" WIDTH="101" CONTENT="Gesell-" WC="0.54" />
            <String ID="Textword_49" HPOS="3264" VPOS="995" HEIGHT="2" WIDTH="3" CONTENT="|" WC="0.38" />
          </TextLine>
          <TextLine ID="TextLine_16" HPOS="2680" VPOS="999" HEIGHT="34" WIDTH="557">
            <String ID="Textword_50" HPOS="2680" VPOS="1000" HEIGHT="25" WIDTH="123" CONTENT="schaften" WC="0.95" />
            <String ID="Textword_51" HPOS="2832" VPOS="999" HEIGHT="34" WIDTH="78" CONTENT="jeder" WC="0.95" />
            <String ID="Textword_52" HPOS="2941" VPOS="1001" HEIGHT="25" WIDTH="58" CONTENT="Art." WC="0.23" />
            <String ID="Textword_53" HPOS="3037" VPOS="999" HEIGHT="26" WIDTH="112" CONTENT="Diskret" WC="0.92" />
            <String ID="Textword_54" HPOS="3180" VPOS="999" HEIGHT="27" WIDTH="57" CONTENT="und" WC="0.95" />
          </TextLine>
          <TextLine ID="TextLine_17" HPOS="2679" VPOS="1036" HEIGHT="32" WIDTH="203">
            <String ID="Textword_55" HPOS="2679" VPOS="1036" HEIGHT="32" WIDTH="203" CONTENT="gewissenhaft." WC="0.93" />
          </TextLine>
          <TextLine ID="TextLine_18" HPOS="2737" VPOS="1070" HEIGHT="33" WIDTH="447">
            <String ID="Textword_56" HPOS="2737" VPOS="1071" HEIGHT="32" WIDTH="42" CONTENT="C." WC="0.90" />
            <String ID="Textword_57" HPOS="2797" VPOS="1072" HEIGHT="30" WIDTH="48" CONTENT="A." WC="0.77" />
            <String ID="Textword_58" HPOS="2863" VPOS="1071" HEIGHT="32" WIDTH="47" CONTENT="O." WC="0.87" />
            <String ID="Textword_59" HPOS="2929" VPOS="1070" HEIGHT="33" WIDTH="255" CONTENT="Gademann" WC="0.89" />
          </TextLine>
          <TextLine ID="TextLine_19" HPOS="2851" VPOS="1115" HEIGHT="26" WIDTH="212">
            <String ID="Textword_60" HPOS="2851" VPOS="1115" HEIGHT="26" WIDTH="212" CONTENT="Bücherrevisor" WC="0.92" />
          </TextLine>
          <TextLine ID="TextLine_20" HPOS="2723" VPOS="1149" HEIGHT="34" WIDTH="468">
            <String ID="Textword_61" HPOS="2723" VPOS="1149" HEIGHT="28" WIDTH="146" CONTENT="Zürich" WC="0.81" />
            <String ID="Textword_62" HPOS="2888" VPOS="1149" HEIGHT="34" WIDTH="32" CONTENT="1," WC="0.86" />
            <String ID="Textword_63" HPOS="2942" VPOS="1150" HEIGHT="26" WIDTH="188" CONTENT="Gessnerallee" WC="0.90" />
            <String ID="Textword_64" HPOS="3150" VPOS="1150" HEIGHT="25" WIDTH="41" CONTENT="50." WC="0.96" />
          </TextLine>
        </TextBlock>
        <TextBlock ID="TextBlock_8" HPOS="2717" VPOS="1216" HEIGHT="66" WIDTH="493">
          <TextLine ID="TextLine_21" HPOS="2717" VPOS="1216" HEIGHT="66" WIDTH="493">
            <String ID="Textword_65" HPOS="2717" VPOS="1216" HEIGHT="66" WIDTH="493" CONTENT="Buchhaltung." WC="0.96" />
          </TextLine>
        </TextBlock>
        <TextBlock ID="TextBlock_9" HPOS="2678" VPOS="1282" HEIGHT="278" WIDTH="560">
          <TextLine ID="TextLine_22" HPOS="2680" VPOS="1282" HEIGHT="35" WIDTH="556">
            <String ID="Textword_66" HPOS="2680" VPOS="1284" HEIGHT="26" WIDTH="68" CONTENT="nach" WC="0.95" />
            <String ID="Textword_67" HPOS="2770" VPOS="1284" HEIGHT="26" WIDTH="68" CONTENT="allen" WC="0.95" />
            <String ID="Textword_68" HPOS="2855" VPOS="1284" HEIGHT="33" WIDTH="140" CONTENT="Systemen" WC="0.96" />
            <String ID="Textword_69" HPOS="3014" VPOS="1282" HEIGHT="27" WIDTH="54" CONTENT="und" WC="0.96" />
            <String ID="Textword_70" HPOS="3078" VPOS="1283" HEIGHT="34" WIDTH="92" CONTENT="jedem" WC="0.93" />
            <String ID="Textword_71" HPOS="3185" VPOS="1283" HEIGHT="26" WIDTH="51" CONTENT="Ge-" WC="0.91" />
          </TextLine>
          <TextLine ID="TextLine_23" HPOS="2680" VPOS="1318" HEIGHT="35" WIDTH="557">
            <String ID="Textword_72" HPOS="2680" VPOS="1319" HEIGHT="26" WIDTH="207" CONTENT="schäftsbetrieb" WC="0.91" />
            <String ID="Textword_73" HPOS="2944" VPOS="1321" HEIGHT="32" WIDTH="155" CONTENT="angepasst," WC="0.88" />
            <String ID="Textword_74" HPOS="3150" VPOS="1318" HEIGHT="27" WIDTH="87" CONTENT=" Nach-" WC="0.10" />
          </TextLine>
          <TextLine ID="TextLine_24" HPOS="2679" VPOS="1354" HEIGHT="34" WIDTH="559">
            <String ID="Textword_75" HPOS="2679" VPOS="1357" HEIGHT="31" WIDTH="120" CONTENT="tragung" WC="0.90" />
            <String ID="Textword_76" HPOS="2838" VPOS="1362" HEIGHT="20" WIDTH="53" CONTENT="von" WC="0.96" />
            <String ID="Textword_77" HPOS="2934" VPOS="1355" HEIGHT="32" WIDTH="132" CONTENT="Büchern," WC="0.92" />
            <String ID="Textword_78" HPOS="3113" VPOS="1354" HEIGHT="27" WIDTH="125" CONTENT="Bücher-" WC="0.91" />
          </TextLine>
          <TextLine ID="TextLine_25" HPOS="2679" VPOS="1390" HEIGHT="33" WIDTH="554">
            <String ID="Textword_79" HPOS="2679" VPOS="1397" HEIGHT="18" WIDTH="32" CONTENT="ex" WC="0.93" />
            <String ID="Textword_80" HPOS="2731" VPOS="1393" HEIGHT="23" WIDTH="102" CONTENT="ertisen" WC="0.90" />
            <String ID="Textword_81" HPOS="2877" VPOS="1390" HEIGHT="26" WIDTH="53" CONTENT="und" WC="0.86" />
            <String ID="Textword_82" HPOS="2970" VPOS="1390" HEIGHT="33" WIDTH="165" CONTENT="Erstellung" WC="0.61" />
            <String ID="Textword_83" HPOS="3180" VPOS="1397" HEIGHT="19" WIDTH="53" CONTENT="von" WC="0.96" />
          </TextLine>
          <TextLine ID="TextLine_26" HPOS="2678" VPOS="1424" HEIGHT="35" WIDTH="559">
            <String ID="Textword_84" HPOS="2678" VPOS="1424" HEIGHT="27" WIDTH="149" CONTENT="Bilanzen" WC="0.44" />
            <String ID="Textword_85" HPOS="2840" VPOS="1424" HEIGHT="35" WIDTH="110" CONTENT="besorgt" WC="0.95" />
            <String ID="Textword_86" HPOS="2979" VPOS="1424" HEIGHT="34" WIDTH="169" CONTENT="zuverlässig" WC="0.95" />
            <String ID="Textword_87" HPOS="3181" VPOS="1425" HEIGHT="26" WIDTH="56" CONTENT="und" WC="0.96" />
          </TextLine>
          <TextLine ID="TextLine_27" HPOS="2680" VPOS="1459" HEIGHT="35" WIDTH="557">
            <String ID="Textword_88" HPOS="2680" VPOS="1460" HEIGHT="27" WIDTH="149" CONTENT="diskretR." WC="0.00" />
            <String ID="Textword_89" HPOS="2832" VPOS="1459" HEIGHT="35" WIDTH="277" CONTENT="Muggli-Isier," WC="0.00" />
            <String ID="Textword_90" HPOS="3119" VPOS="1460" HEIGHT="27" WIDTH="118" CONTENT="Bücher-" WC="0.88" />
          </TextLine>
          <TextLine ID="TextLine_28" HPOS="2680" VPOS="1496" HEIGHT="32" WIDTH="556">
            <String ID="Textword_91" HPOS="2680" VPOS="1499" HEIGHT="29" WIDTH="109" CONTENT="experte" WC="0.92" />
            <String ID="Textword_92" HPOS="2803" VPOS="1496" HEIGHT="32" WIDTH="90" CONTENT="elhem." WC="0.59" />
            <String ID="Textword_93" HPOS="2903" VPOS="1496" HEIGHT="26" WIDTH="142" CONTENT="Prokurist" WC="0.82" />
            <String ID="Textword_94" HPOS="3053" VPOS="1496" HEIGHT="25" WIDTH="45" CONTENT="der" WC="0.95" />
            <String ID="Textword_95" HPOS="3105" VPOS="1496" HEIGHT="27" WIDTH="131" CONTENT="Schweiz." WC="0.95" />
          </TextLine>
          <TextLine ID="TextLine_29" HPOS="2683" VPOS="1529" HEIGHT="31" WIDTH="420">
            <String ID="Textword_96" HPOS="2683" VPOS="1532" HEIGHT="28" WIDTH="168" CONTENT="Volksoank)" WC="0.92" />
            <String ID="Textword_97" HPOS="2871" VPOS="1529" HEIGHT="28" WIDTH="143" CONTENT="Zürich" WC="0.90" />
            <String ID="Textword_98" HPOS="3038" VPOS="1530" HEIGHT="27" WIDTH="65" CONTENT="IV." WC="0.93" />
          </TextLine>
        </TextBlock>
        <TextBlock ID="TextBlock_10" HPOS="2751" VPOS="1599" HEIGHT="130" WIDTH="428">
          <TextLine ID="TextLine_30" HPOS="2751" VPOS="1599" HEIGHT="130" WIDTH="428">
            <String ID="Textword_99" HPOS="2751" VPOS="1599" HEIGHT="130" WIDTH="428" CONTENT="Modelle" WC="0.89" />
          </TextLine>
        </TextBlock>
        <TextBlock ID="TextBlock_11" HPOS="2678" VPOS="1751" HEIGHT="282" WIDTH="558">
          <TextLine ID="TextLine_31" HPOS="2680" VPOS="1751" HEIGHT="35" WIDTH="556">
            <String ID="Textword_100" HPOS="2680" VPOS="1754" HEIGHT="32" WIDTH="82" CONTENT="gas”" WC="0.24" />
            <String ID="Textword_101" HPOS="2784" VPOS="1752" HEIGHT="27" WIDTH="45" CONTENT="für" WC="0.93" />
            <String ID="Textword_102" HPOS="2849" VPOS="1752" HEIGHT="30" WIDTH="179" CONTENT="Giessereien" WC="0.91" />
            <String ID="Textword_103" HPOS="3043" VPOS="1752" HEIGHT="27" WIDTH="56" CONTENT="und" WC="0.93" />
            <String ID="Textword_104" HPOS="3121" VPOS="1751" HEIGHT="27" WIDTH="115" CONTENT="Maschi-" WC="0.92" />
          </TextLine>
          <TextLine ID="TextLine_32" HPOS="2680" VPOS="1787" HEIGHT="35" WIDTH="556">
            <String ID="Textword_105" HPOS="2680" VPOS="1788" HEIGHT="34" WIDTH="187" CONTENT="neufabriken," WC="0.90" />
            <String ID="Textword_106" HPOS="2886" VPOS="1788" HEIGHT="26" WIDTH="83" CONTENT="sowie" WC="0.95" />
            <String ID="Textword_107" HPOS="2988" VPOS="1788" HEIGHT="26" WIDTH="46" CONTENT="für" WC="0.93" />
            <String ID="Textword_108" HPOS="3053" VPOS="1787" HEIGHT="28" WIDTH="97" CONTENT="Schul-" WC="0.92" />
            <String ID="Textword_109" HPOS="3179" VPOS="1787" HEIGHT="26" WIDTH="57" CONTENT="und" WC="0.96" />
          </TextLine>
          <TextLine ID="TextLine_33" HPOS="2679" VPOS="1823" HEIGHT="34" WIDTH="556">
            <String ID="Textword_110" HPOS="2679" VPOS="1824" HEIGHT="29" WIDTH="209" CONTENT="Patentzwecke" WC="0.91" />
            <String ID="Textword_111" HPOS="2916" VPOS="1823" HEIGHT="34" WIDTH="146" CONTENT="verfertigt" WC="0.92" />
            <String ID="Textword_112" HPOS="3090" VPOS="1823" HEIGHT="26" WIDTH="70" CONTENT="nach" WC="0.92" />
            <String ID="Textword_113" HPOS="3180" VPOS="1823" HEIGHT="25" WIDTH="55" CONTENT="ein-" WC="0.92" />
          </TextLine>
          <TextLine ID="TextLine_34" HPOS="2679" VPOS="1858" HEIGHT="35" WIDTH="557">
            <String ID="Textword_114" HPOS="2679" VPOS="1859" HEIGHT="34" WIDTH="147" CONTENT="gesandter" WC="0.92" />
            <String ID="Textword_115" HPOS="2852" VPOS="1859" HEIGHT="33" WIDTH="158" CONTENT="Zeichnung" WC="0.95" />
            <String ID="Textword_116" HPOS="3038" VPOS="1859" HEIGHT="26" WIDTH="65" CONTENT="oder" WC="0.96" />
            <String ID="Textword_117" HPOS="3133" VPOS="1858" HEIGHT="26" WIDTH="103" CONTENT="Muster" WC="0.94" />
          </TextLine>
          <TextLine ID="TextLine_35" HPOS="2681" VPOS="1893" HEIGHT="35" WIDTH="553">
            <String ID="Textword_118" HPOS="2681" VPOS="1895" HEIGHT="25" WIDTH="39" CONTENT="bei" WC="0.96" />
            <String ID="Textword_119" HPOS="2752" VPOS="1894" HEIGHT="34" WIDTH="139" CONTENT="billigsten" WC="0.96" />
            <String ID="Textword_120" HPOS="2920" VPOS="1895" HEIGHT="25" WIDTH="112" CONTENT="Preisen" WC="0.92" />
            <String ID="Textword_121" HPOS="3064" VPOS="1894" HEIGHT="26" WIDTH="57" CONTENT="und" WC="0.92" />
            <String ID="Textword_122" HPOS="3149" VPOS="1893" HEIGHT="26" WIDTH="85" CONTENT="tadel-" WC="0.90" />
          </TextLine>
          <TextLine ID="TextLine_36" HPOS="2678" VPOS="1930" HEIGHT="34" WIDTH="275">
            <String ID="Textword_123" HPOS="2678" VPOS="1931" HEIGHT="25" WIDTH="70" CONTENT="loser" WC="0.93" />
            <String ID="Textword_124" HPOS="2768" VPOS="1930" HEIGHT="34" WIDTH="185" CONTENT="Ausführung" WC="0.61" />
          </TextLine>
          <TextLine ID="TextLine_37" HPOS="2856" VPOS="1964" HEIGHT="33" WIDTH="219">
            <String ID="Textword_125" HPOS="2856" VPOS="1964" HEIGHT="27" WIDTH="45" CONTENT="A." WC="0.94" />
            <String ID="Textword_126" HPOS="2911" VPOS="1960" HEIGHT="37" WIDTH="164" CONTENT="Locher," WC="0.94" />
          </TextLine>
          <TextLine ID="TextLine_38" HPOS="2761" VPOS="1983" HEIGHT="50" WIDTH="472">
            <String ID="Textword_127" HPOS="2761" VPOS="2000" HEIGHT="26" WIDTH="86" CONTENT="mech." WC="0.92" />
            <String ID="Textword_128" HPOS="2861" VPOS="1983" HEIGHT="50" WIDTH="274" CONTENT="Modellschreinerei," WC="0.91" />
            <String ID="Textword_129" HPOS="3157" VPOS="1999" HEIGHT="26" WIDTH="76" CONTENT="Bern." WC="0.96" />
          </TextLine>
        </TextBlock>
        <TextBlock ID="TextBlock_12" HPOS="2965" VPOS="2267" HEIGHT="180" WIDTH="234">
          <TextLine ID="TextLine_39" HPOS="2965" VPOS="2267" HEIGHT="180" WIDTH="234">
            <String ID="Textword_130" HPOS="2965" VPOS="2267" HEIGHT="180" WIDTH="234" CONTENT="con" WC="0.65" />
          </TextLine>
        </TextBlock>
        <TextBlock ID="TextBlock_13" HPOS="3008" VPOS="2483" HEIGHT="27" WIDTH="154">
          <TextLine ID="TextLine_40" HPOS="3008" VPOS="2483" HEIGHT="27" WIDTH="154">
            <String ID="Textword_131" HPOS="3008" VPOS="2483" HEIGHT="27" WIDTH="91" CONTENT="liefert" WC="0.92" />
            <String ID="Textword_132" HPOS="3119" VPOS="2484" HEIGHT="25" WIDTH="43" CONTENT="die" WC="0.95" />
          </TextLine>
        </TextBlock>
        <TextBlock ID="TextBlock_14" HPOS="2939" VPOS="2555" HEIGHT="42" WIDTH="279">
          <TextLine ID="TextLine_41" HPOS="2939" VPOS="2555" HEIGHT="42" WIDTH="279">
            <String ID="Textword_133" HPOS="2939" VPOS="2555" HEIGHT="42" WIDTH="279" CONTENT="Kartonfabrik" WC="0.91" />
          </TextLine>
        </TextBlock>
        <TextBlock ID="TextBlock_15" HPOS="2923" VPOS="2632" HEIGHT="85" WIDTH="316">
          <TextLine ID="TextLine_42" HPOS="2923" VPOS="2632" HEIGHT="45" WIDTH="316">
            <String ID="Textword_134" HPOS="2923" VPOS="2632" HEIGHT="45" WIDTH="146" CONTENT="Ellikon" WC="0.91" />
            <String ID="Textword_135" HPOS="3083" VPOS="2638" HEIGHT="33" WIDTH="60" CONTENT="a.d." WC="0.82" />
            <String ID="Textword_136" HPOS="3156" VPOS="2638" HEIGHT="33" WIDTH="83" CONTENT="Thur" WC="0.92" />
          </TextLine>
          <TextLine ID="TextLine_43" HPOS="2977" VPOS="2692" HEIGHT="25" WIDTH="48">
            <String ID="Textword_137" HPOS="2977" VPOS="2692" HEIGHT="25" WIDTH="48" CONTENT="201" WC="0.96" />
          </TextLine>
        </TextBlock>
        <TextBlock ID="TextBlock_16" HPOS="2679" VPOS="643" HEIGHT="8" WIDTH="559">
          <TextLine ID="TextLine_44" HPOS="2679" VPOS="643" HEIGHT="8" WIDTH="559">
            <SP ID="Textword_3" HPOS="2679" VPOS="643" />
            <String ID="Textword_138" HPOS="2679" VPOS="643" HEIGHT="8" WIDTH="559" CONTENT=" " WC="0.95" />
          </TextLine>
        </TextBlock>
        <TextBlock ID="TextBlock_17" HPOS="2678" VPOS="1194" HEIGHT="8" WIDTH="560">
          <TextLine ID="TextLine_45" HPOS="2678" VPOS="1194" HEIGHT="8" WIDTH="560">
            <SP ID="Textword_4" HPOS="2678" VPOS="1194" />
            <String ID="Textword_139" HPOS="2678" VPOS="1194" HEIGHT="8" WIDTH="560" CONTENT=" " WC="0.95" />
          </TextLine>
        </TextBlock>
        <TextBlock ID="TextBlock_18" HPOS="2678" VPOS="1574" HEIGHT="9" WIDTH="559">
          <TextLine ID="TextLine_46" HPOS="2678" VPOS="1574" HEIGHT="9" WIDTH="559">
            <SP ID="Textword_5" HPOS="2678" VPOS="1574" />
            <String ID="Textword_140" HPOS="2678" VPOS="1574" HEIGHT="9" WIDTH="559" CONTENT=" " WC="0.95" />
          </TextLine>
        </TextBlock>
        <TextBlock ID="TextBlock_19" HPOS="557" VPOS="1261" HEIGHT="608" WIDTH="10">
          <TextLine ID="TextLine_47" HPOS="557" VPOS="1261" HEIGHT="608" WIDTH="10">
            <SP ID="Textword_6" HPOS="557" VPOS="1261" />
            <String ID="Textword_141" HPOS="557" VPOS="1261" HEIGHT="608" WIDTH="10" CONTENT=" " WC="0.95" />
          </TextLine>
        </TextBlock>
        <TextBlock ID="TextBlock_20" HPOS="2678" VPOS="2042" HEIGHT="9" WIDTH="559">
          <TextLine ID="TextLine_48" HPOS="2678" VPOS="2042" HEIGHT="9" WIDTH="559">
            <SP ID="Textword_7" HPOS="2678" VPOS="2042" />
            <String ID="Textword_142" HPOS="2678" VPOS="2042" HEIGHT="9" WIDTH="559" CONTENT=" " WC="0.95" />
          </TextLine>
        </TextBlock>
        <TextBlock ID="TextBlock_21" HPOS="0" VPOS="404" HEIGHT="1978" WIDTH="2412">
          <TextLine ID="TextLine_49" HPOS="0" VPOS="404" HEIGHT="1978" WIDTH="2412">
            <SP ID="Textword_8" HPOS="0" VPOS="404" />
            <String ID="Textword_143" HPOS="0" VPOS="404" HEIGHT="1978" WIDTH="2412" CONTENT=" " WC="0.95" />
          </TextLine>
        </TextBlock>
        <TextBlock ID="TextBlock_22" HPOS="631" VPOS="2390" HEIGHT="216" WIDTH="1720">
          <TextLine ID="TextLine_50" HPOS="631" VPOS="2390" HEIGHT="74" WIDTH="1720">
            <String ID="Textword_144" HPOS="631" VPOS="2395" HEIGHT="83" WIDTH="724" CONTENT="ALLEINVERKAUF" WC="0.89" />
            <String ID="Textword_145" HPOS="1395" VPOS="2396" HEIGHT="68" WIDTH="175" CONTENT="UND" WC="0.93" />
            <String ID="Textword_146" HPOS="1633" VPOS="2390" HEIGHT="74" WIDTH="718" CONTENT="GENERALDEPOT" WC="0.91" />
          </TextLine>
          <TextLine ID="TextLine_51" HPOS="1180" VPOS="2512" HEIGHT="94" WIDTH="608">
            <String ID="Textword_147" HPOS="1180" VPOS="2512" HEIGHT="94" WIDTH="101" CONTENT="für" WC="0.94" />
            <String ID="Textword_148" HPOS="1330" VPOS="2513" HEIGHT="65" WIDTH="110" CONTENT="die" WC="0.96" />
            <String ID="Textword_149" HPOS="1475" VPOS="2512" HEIGHT="67" WIDTH="313" CONTENT="Schweiz:" WC="0.96" />
          </TextLine>
        </TextBlock>
        <TextBlock ID="TextBlock_23" HPOS="7" VPOS="2562" HEIGHT="183" WIDTH="2377">
          <TextLine ID="TextLine_52" HPOS="7" VPOS="2562" HEIGHT="183" WIDTH="2377">
            <String ID="Textword_150" HPOS="7" VPOS="2571" HEIGHT="145" WIDTH="12" CONTENT="|" WC="0.52" />
            <String ID="Textword_151" HPOS="596" VPOS="2562" HEIGHT="181" WIDTH="248" CONTENT="ROB." WC="0.91" />
            <String ID="Textword_152" HPOS="906" VPOS="2598" HEIGHT="199" WIDTH="365" CONTENT="JACOB" WC="0.82" />
            <String ID="Textword_153" HPOS="1341" VPOS="2633" HEIGHT="88" WIDTH="68" CONTENT="&amp;" WC="0.82" />
            <String ID="Textword_154" HPOS="1481" VPOS="2625" HEIGHT="120" WIDTH="122" CONTENT="C%," WC="0.60" />
            <String ID="Textword_155" HPOS="1679" VPOS="2619" HEIGHT="100" WIDTH="705" CONTENT="WINTERTHUR" WC="0.96" />
          </TextLine>
        </TextBlock>
        <TextBlock ID="TextBlock_24" HPOS="1596" VPOS="2824" HEIGHT="98" WIDTH="1480">
          <TextLine ID="TextLine_53" HPOS="1596" VPOS="2824" HEIGHT="98" WIDTH="1480">
            <String ID="Textword_156" HPOS="1596" VPOS="2826" HEIGHT="96" WIDTH="500" CONTENT="Schweizerische" WC="0.89" />
            <String ID="Textword_157" HPOS="2142" VPOS="2824" HEIGHT="86" WIDTH="410" CONTENT="Kreditanstalt" WC="0.83" />
            <String ID="Textword_158" HPOS="0" VPOS="0" HEIGHT="4972" WIDTH="3363" CONTENT="|" WC="0.93" />
            <String ID="Textword_159" HPOS="2725" VPOS="2799" HEIGHT="146" WIDTH="366" CONTENT="2" WC="0.63" />
          </TextLine>
        </TextBlock>
        <TextBlock ID="TextBlock_25" HPOS="3266" VPOS="124" HEIGHT="2531" WIDTH="19">
          <TextLine ID="TextLine_54" HPOS="3266" VPOS="124" HEIGHT="2531" WIDTH="19">
            <SP ID="Textword_9" HPOS="3266" VPOS="124" />
            <String ID="Textword_160" HPOS="3266" VPOS="124" HEIGHT="2531" WIDTH="19" CONTENT=" " WC="0.95" />
          </TextLine>
        </TextBlock>
        <TextBlock ID="TextBlock_26" HPOS="0" VPOS="2082" HEIGHT="630" WIDTH="2885">
          <TextLine ID="TextLine_55" HPOS="0" VPOS="2082" HEIGHT="630" WIDTH="2885">
            <SP ID="Textword_10" HPOS="0" VPOS="2593" />
            <String ID="Textword_161" HPOS="0" VPOS="2593" HEIGHT="40" WIDTH="36" CONTENT=" " WC="0.95" />
            <SP ID="Textword_11" HPOS="2699" VPOS="2082" />
            <String ID="Textword_162" HPOS="2699" VPOS="2082" HEIGHT="630" WIDTH="186" CONTENT=" " WC="0.95" />
          </TextLine>
        </TextBlock>
        <TextBlock ID="TextBlock_27" HPOS="2678" VPOS="2736" HEIGHT="7" WIDTH="560">
          <TextLine ID="TextLine_56" HPOS="2678" VPOS="2736" HEIGHT="7" WIDTH="560">
            <SP ID="Textword_12" HPOS="2678" VPOS="2736" />
            <String ID="Textword_163" HPOS="2678" VPOS="2736" HEIGHT="7" WIDTH="560" CONTENT=" " WC="0.95" />
          </TextLine>
        </TextBlock>
        <TextBlock ID="TextBlock_28" HPOS="342" VPOS="2755" HEIGHT="25" WIDTH="2310">
          <TextLine ID="TextLine_57" HPOS="342" VPOS="2755" HEIGHT="25" WIDTH="2310">
            <SP ID="Textword_13" HPOS="342" VPOS="2755" />
            <String ID="Textword_164" HPOS="342" VPOS="2755" HEIGHT="25" WIDTH="2310" CONTENT=" " WC="0.95" />
          </TextLine>
        </TextBlock>
        <TextBlock ID="TextBlock_29" HPOS="1513" VPOS="2774" HEIGHT="19" WIDTH="1120">
          <TextLine ID="TextLine_58" HPOS="1513" VPOS="2774" HEIGHT="19" WIDTH="1120">
            <SP ID="Textword_14" HPOS="1513" VPOS="2774" />
            <String ID="Textword_165" HPOS="1513" VPOS="2774" HEIGHT="19" WIDTH="1120" CONTENT=" " WC="0.95" />
          </TextLine>
        </TextBlock>
        <TextBlock ID="TextBlock_30" HPOS="6" VPOS="2892" HEIGHT="400" WIDTH="3159">
          <TextLine ID="TextLine_59" HPOS="1631" VPOS="2892" HEIGHT="59" WIDTH="1534">
            <String ID="Textword_166" HPOS="1631" VPOS="2942" HEIGHT="9" WIDTH="22" CONTENT="e" WC="0.48" />
            <String ID="Textword_167" HPOS="2821" VPOS="2937" HEIGHT="3" WIDTH="4" CONTENT="d" WC="0.66" />
            <String ID="Textword_168" HPOS="2839" VPOS="2900" HEIGHT="29" WIDTH="38" CONTENT="EST" WC="0.00" />
            <String ID="Textword_169" HPOS="2876" VPOS="2905" HEIGHT="22" WIDTH="39" CONTENT="IA" WC="0.00" />
            <String ID="Textword_170" HPOS="2921" VPOS="2896" HEIGHT="53" WIDTH="48" CONTENT="FÜR" WC="0.94" />
            <String ID="Textword_171" HPOS="2974" VPOS="2892" HEIGHT="46" WIDTH="123" CONTENT="PA" WC="0.15" />
            <String ID="Textword_172" HPOS="3106" VPOS="2903" HEIGHT="39" WIDTH="59" CONTENT="VON;" WC="0.80" />
          </TextLine>
          <TextLine ID="TextLine_60" HPOS="1596" VPOS="2939" HEIGHT="62" WIDTH="1487">
            <String ID="Textword_173" HPOS="1596" VPOS="2942" HEIGHT="41" WIDTH="160" CONTENT="Zürich" WC="0.93" />
            <String ID="Textword_174" HPOS="1783" VPOS="2966" HEIGHT="3" WIDTH="52" CONTENT="—" WC="0.92" />
            <String ID="Textword_175" HPOS="1863" VPOS="2941" HEIGHT="42" WIDTH="131" CONTENT="Basel" WC="0.96" />
            <String ID="Textword_176" HPOS="2009" VPOS="2964" HEIGHT="37" WIDTH="63" CONTENT="7" WC="0.46" />
            <String ID="Textword_177" HPOS="2103" VPOS="2939" HEIGHT="42" WIDTH="118" CONTENT="Genf" WC="0.91" />
            <String ID="Textword_178" HPOS="2235" VPOS="2963" HEIGHT="4" WIDTH="50" CONTENT="—" WC="0.90" />
            <String ID="Textword_179" HPOS="2308" VPOS="2939" HEIGHT="41" WIDTH="57" CONTENT="St." WC="0.92" />
            <String ID="Textword_180" HPOS="2379" VPOS="2939" HEIGHT="41" WIDTH="170" CONTENT="Gallen." WC="0.90" />
            <String ID="Textword_181" HPOS="3078" VPOS="2952" HEIGHT="28" WIDTH="13" CONTENT="i" WC="0.21" />
          </TextLine>
          <TextLine ID="TextLine_61" HPOS="1578" VPOS="2997" HEIGHT="58" WIDTH="1473">
            <String ID="Textword_182" HPOS="1578" VPOS="3049" HEIGHT="6" WIDTH="7" CONTENT=":" WC="0.43" />
            <String ID="Textword_183" HPOS="1861" VPOS="3000" HEIGHT="53" WIDTH="307" CONTENT="SGHGRUNDESL" WC="0.27" />
            <String ID="Textword_184" HPOS="2193" VPOS="3000" HEIGHT="28" WIDTH="111" CONTENT="1956:" WC="0.70" />
            <String ID="Textword_185" HPOS="2764" VPOS="2997" HEIGHT="28" WIDTH="26" CONTENT="5" WC="0.63" />
            <String ID="Textword_186" HPOS="2847" VPOS="2997" HEIGHT="50" WIDTH="204" CONTENT="Maschinenguss" WC="0.79" />
          </TextLine>
          <TextLine ID="TextLine_62" HPOS="1542" VPOS="3044" HEIGHT="55" WIDTH="1460">
            <String ID="Textword_187" HPOS="1542" VPOS="3048" HEIGHT="33" WIDTH="276" CONTENT="Einbezahltes" WC="0.90" />
            <String ID="Textword_188" HPOS="1842" VPOS="3046" HEIGHT="40" WIDTH="300" CONTENT="Aktienkapital" WC="0.91" />
            <String ID="Textword_189" HPOS="2262" VPOS="3045" HEIGHT="33" WIDTH="59" CONTENT="Fr." WC="0.87" />
            <String ID="Textword_190" HPOS="2341" VPOS="3044" HEIGHT="39" WIDTH="264" CONTENT="65,000,000." WC="0.92" />
            <String ID="Textword_191" HPOS="2892" VPOS="3051" HEIGHT="48" WIDTH="110" CONTENT="Bauguss" WC="0.90" />
          </TextLine>
          <TextLine ID="TextLine_63" HPOS="6" VPOS="3096" HEIGHT="59" WIDTH="2989">
            <String ID="Textword_192" HPOS="6" VPOS="3153" HEIGHT="2" WIDTH="3" CONTENT="|" WC="0.68" />
            <String ID="Textword_193" HPOS="1544" VPOS="3100" HEIGHT="35" WIDTH="196" CONTENT="Reserven" WC="0.96" />
            <String ID="Textword_194" HPOS="2258" VPOS="3099" HEIGHT="32" WIDTH="59" CONTENT="Fr." WC="0.93" />
            <String ID="Textword_195" HPOS="2337" VPOS="3098" HEIGHT="38" WIDTH="266" CONTENT="20,000,000." WC="0.91" />
            <String ID="Textword_196" HPOS="2907" VPOS="3096" HEIGHT="52" WIDTH="88" CONTENT="Säulen" WC="0.66" />
          </TextLine>
          <TextLine ID="TextLine_64" HPOS="8" VPOS="3093" HEIGHT="199" WIDTH="3026">
            <String ID="Textword_197" HPOS="8" VPOS="3169" HEIGHT="54" WIDTH="25" CONTENT="|" WC="0.53" />
            <String ID="Textword_198" HPOS="534" VPOS="3093" HEIGHT="199" WIDTH="325" CONTENT="jesel-" WC="0.88" />
            <String ID="Textword_199" HPOS="1006" VPOS="3129" HEIGHT="110" WIDTH="379" CONTENT="OTOren" WC="0.33" />
            <String ID="Textword_200" HPOS="1969" VPOS="3162" HEIGHT="8" WIDTH="210" CONTENT="it" WC="0.36" />
            <String ID="Textword_201" HPOS="2870" VPOS="3158" HEIGHT="50" WIDTH="164" CONTENT="pt" WC="0.37" />
          </TextLine>
          <TextLine ID="TextLine_65" HPOS="8" VPOS="3211" HEIGHT="65" WIDTH="3033">
            <String ID="Textword_202" HPOS="8" VPOS="3236" HEIGHT="40" WIDTH="5" CONTENT="|" WC="0.71" />
            <String ID="Textword_203" HPOS="1651" VPOS="3217" HEIGHT="28" WIDTH="62" CONTENT="Wir" WC="0.92" />
            <String ID="Textword_204" HPOS="1731" VPOS="3217" HEIGHT="26" WIDTH="114" CONTENT="nehmen" WC="0.92" />
            <String ID="Textword_205" HPOS="1865" VPOS="3216" HEIGHT="28" WIDTH="98" CONTENT="Gelder" WC="0.92" />
            <String ID="Textword_206" HPOS="1983" VPOS="3224" HEIGHT="18" WIDTH="34" CONTENT="an" WC="0.96" />
            <String ID="Textword_207" HPOS="2037" VPOS="3223" HEIGHT="27" WIDTH="91" CONTENT="gegen" WC="0.96" />
            <String ID="Textword_208" HPOS="2146" VPOS="3223" HEIGHT="19" WIDTH="96" CONTENT="unsere" WC="0.96" />
            <String ID="Textword_209" HPOS="2261" VPOS="3223" HEIGHT="18" WIDTH="34" CONTENT="zu" WC="0.96" />
            <String ID="Textword_210" HPOS="2853" VPOS="3211" HEIGHT="50" WIDTH="188" CONTENT="Kochherdguss" WC="0.91" />
          </TextLine>
        </TextBlock>
        <TextBlock ID="TextBlock_31" HPOS="2096" VPOS="3259" HEIGHT="71" WIDTH="945">
          <TextLine ID="TextLine_66" HPOS="2096" VPOS="3261" HEIGHT="31" WIDTH="945">
            <String ID="Textword_211" HPOS="2096" VPOS="3261" HEIGHT="25" WIDTH="19" CONTENT="e" WC="0.50" />
            <String ID="Textword_212" HPOS="2864" VPOS="3269" HEIGHT="23" WIDTH="49" CONTENT="etc." WC="0.88" />
            <String ID="Textword_213" HPOS="2990" VPOS="3266" HEIGHT="24" WIDTH="51" CONTENT="etc." WC="0.88" />
          </TextLine>
          <TextLine ID="TextLine_67" HPOS="2119" VPOS="3259" HEIGHT="71" WIDTH="31">
            <String ID="Textword_214" HPOS="2119" VPOS="3259" HEIGHT="71" WIDTH="31" CONTENT="lo" WC="0.96" />
          </TextLine>
        </TextBlock>
        <TextBlock ID="TextBlock_32" HPOS="691" VPOS="3289" HEIGHT="72" WIDTH="1054">
          <TextLine ID="TextLine_68" HPOS="691" VPOS="3289" HEIGHT="47" WIDTH="440">
            <String ID="Textword_215" HPOS="691" VPOS="3289" HEIGHT="47" WIDTH="215" CONTENT="(Eingetragene" WC="0.90" />
            <String ID="Textword_216" HPOS="926" VPOS="3300" HEIGHT="33" WIDTH="205" CONTENT="Schutzmarke)" WC="0.92" />
          </TextLine>
          <TextLine ID="TextLine_69" HPOS="1546" VPOS="3333" HEIGHT="28" WIDTH="199">
            <String ID="Textword_217" HPOS="1546" VPOS="3333" HEIGHT="28" WIDTH="199" CONTENT="verzinslichen" WC="0.91" />
          </TextLine>
        </TextBlock>
        <TextBlock ID="TextBlock_33" HPOS="652" VPOS="3361" HEIGHT="36" WIDTH="517">
          <TextLine ID="TextLine_70" HPOS="652" VPOS="3361" HEIGHT="36" WIDTH="517">
            <String ID="Textword_218" HPOS="652" VPOS="3363" HEIGHT="34" WIDTH="241" CONTENT="Wirtschaftlich" WC="0.93" />
            <String ID="Textword_219" HPOS="919" VPOS="3361" HEIGHT="35" WIDTH="250" CONTENT="vorteilhafteste" WC="0.92" />
          </TextLine>
        </TextBlock>
        <TextBlock ID="TextBlock_34" HPOS="709" VPOS="3361" HEIGHT="137" WIDTH="2491">
          <TextLine ID="TextLine_71" HPOS="709" VPOS="3361" HEIGHT="137" WIDTH="2491">
            <String ID="Textword_220" HPOS="709" VPOS="3426" HEIGHT="42" WIDTH="382" CONTENT="Verbrennungsmotoren" WC="0.91" />
            <String ID="Textword_221" HPOS="1462" VPOS="3361" HEIGHT="87" WIDTH="24" CONTENT="|" WC="0.65" />
            <String ID="Textword_222" HPOS="1629" VPOS="3368" HEIGHT="130" WIDTH="555" CONTENT="Kassa-Oblig" WC="0.88" />
            <String ID="Textword_223" HPOS="2191" VPOS="3376" HEIGHT="97" WIDTH="344" CONTENT="ationen" WC="0.90" />
            <String ID="Textword_224" HPOS="2748" VPOS="3409" HEIGHT="67" WIDTH="74" CONTENT="und" WC="0.77" />
            <String ID="Textword_225" HPOS="2825" VPOS="3371" HEIGHT="77" WIDTH="375" CONTENT="Fisenkonstruktionen" WC="0.19" />
          </TextLine>
        </TextBlock>
        <TextBlock ID="TextBlock_35" HPOS="2834" VPOS="3465" HEIGHT="32" WIDTH="266">
          <TextLine ID="TextLine_72" HPOS="2834" VPOS="3465" HEIGHT="32" WIDTH="266">
            <String ID="Textword_226" HPOS="2834" VPOS="3466" HEIGHT="28" WIDTH="118" CONTENT="JEDER" WC="0.59" />
            <String ID="Textword_227" HPOS="2963" VPOS="3465" HEIGHT="32" WIDTH="81" CONTENT="ART." WC="0.73" />
            <String ID="Textword_228" HPOS="3056" VPOS="3465" HEIGHT="23" WIDTH="44" CONTENT="Z—" WC="0.18" />
          </TextLine>
        </TextBlock>
        <TextBlock ID="TextBlock_36" HPOS="2694" VPOS="2766" HEIGHT="760" WIDTH="532">
          <TextLine ID="TextLine_73" HPOS="2694" VPOS="2766" HEIGHT="760" WIDTH="532">
            <SP ID="Textword_15" HPOS="2694" VPOS="2766" />
            <String ID="Textword_229" HPOS="2694" VPOS="2766" HEIGHT="760" WIDTH="532" CONTENT=" " WC="0.95" />
          </TextLine>
        </TextBlock>
        <TextBlock ID="TextBlock_37" HPOS="782" VPOS="3496" HEIGHT="88" WIDTH="1827">
          <TextLine ID="TextLine_74" HPOS="782" VPOS="3496" HEIGHT="57" WIDTH="1827">
            <String ID="Textword_230" HPOS="782" VPOS="3505" HEIGHT="18" WIDTH="61" CONTENT="zum" WC="0.95" />
            <String ID="Textword_231" HPOS="855" VPOS="3496" HEIGHT="27" WIDTH="132" CONTENT="‘Betriebe" WC="0.78" />
            <String ID="Textword_232" HPOS="1006" VPOS="3497" HEIGHT="25" WIDTH="50" CONTENT="mit" WC="0.96" />
            <String ID="Textword_233" HPOS="1549" VPOS="3512" HEIGHT="27" WIDTH="50" CONTENT="auf" WC="0.96" />
            <String ID="Textword_234" HPOS="1616" VPOS="3512" HEIGHT="27" WIDTH="57" CONTENT="drei" WC="0.96" />
            <String ID="Textword_235" HPOS="1692" VPOS="3510" HEIGHT="28" WIDTH="84" CONTENT="Jahre" WC="0.95" />
            <String ID="Textword_236" HPOS="1795" VPOS="3510" HEIGHT="43" WIDTH="63" CONTENT="fest," WC="0.92" />
            <String ID="Textword_237" HPOS="1877" VPOS="3510" HEIGHT="27" WIDTH="119" CONTENT="nachher" WC="0.96" />
            <String ID="Textword_238" HPOS="2016" VPOS="3509" HEIGHT="34" WIDTH="173" CONTENT="gegenseitig" WC="0.96" />
            <String ID="Textword_239" HPOS="2209" VPOS="3508" HEIGHT="27" WIDTH="50" CONTENT="auf" WC="0.96" />
            <String ID="Textword_240" HPOS="2276" VPOS="3508" HEIGHT="26" WIDTH="55" CONTENT="drei" WC="0.95" />
            <String ID="Textword_241" HPOS="2347" VPOS="3508" HEIGHT="26" WIDTH="109" CONTENT="Monate" WC="0.96" />
            <String ID="Textword_242" HPOS="2475" VPOS="3507" HEIGHT="33" WIDTH="134" CONTENT="kündbar," WC="0.96" />
          </TextLine>
          <TextLine ID="TextLine_75" HPOS="846" VPOS="3545" HEIGHT="39" WIDTH="1385">
            <String ID="Textword_243" HPOS="846" VPOS="3549" HEIGHT="35" WIDTH="145" CONTENT="billigen" WC="0.96" />
            <String ID="Textword_244" HPOS="1927" VPOS="3545" HEIGHT="27" WIDTH="56" CONTENT="und" WC="0.96" />
            <String ID="Textword_245" HPOS="2002" VPOS="3553" HEIGHT="18" WIDTH="73" CONTENT="zwar" WC="0.96" />
            <String ID="Textword_246" HPOS="2094" VPOS="3545" HEIGHT="26" WIDTH="137" CONTENT="entweder" WC="0.96" />
          </TextLine>
        </TextBlock>
        <TextBlock ID="TextBlock_38" HPOS="741" VPOS="3575" HEIGHT="154" WIDTH="2494">
          <TextLine ID="TextLine_76" HPOS="741" VPOS="3575" HEIGHT="63" WIDTH="2494">
            <String ID="Textword_247" HPOS="741" VPOS="3604" HEIGHT="34" WIDTH="130" CONTENT="flüssigen" WC="0.93" />
            <String ID="Textword_248" HPOS="890" VPOS="3602" HEIGHT="28" WIDTH="201" CONTENT="Brennstoffen." WC="0.87" />
            <String ID="Textword_249" HPOS="1338" VPOS="3605" HEIGHT="6" WIDTH="6" CONTENT=":" WC="0.67" />
            <String ID="Textword_250" HPOS="1827" VPOS="3589" HEIGHT="42" WIDTH="517" CONTENT="Inhaber-Obligationen" WC="0.87" />
            <String ID="Textword_251" HPOS="0" VPOS="0" HEIGHT="4972" WIDTH="3363" CONTENT="ar" WC="0.19" />
            <String ID="Textword_252" HPOS="2685" VPOS="3575" HEIGHT="38" WIDTH="550" CONTENT="RR" WC="0.28" />
            <String ID="Textword_253" HPOS="0" VPOS="0" HEIGHT="4972" WIDTH="3363" CONTENT="a" WC="0.27" />
          </TextLine>
          <TextLine ID="TextLine_77" HPOS="1574" VPOS="3595" HEIGHT="86" WIDTH="1640">
            <String ID="Textword_254" HPOS="1574" VPOS="3653" HEIGHT="19" WIDTH="35" CONTENT="zu" WC="0.89" />
            <String ID="Textword_255" HPOS="1627" VPOS="3645" HEIGHT="26" WIDTH="44" CONTENT="Fr." WC="0.96" />
            <String ID="Textword_256" HPOS="1687" VPOS="3644" HEIGHT="26" WIDTH="67" CONTENT="1000" WC="0.96" />
            <String ID="Textword_257" HPOS="1774" VPOS="3644" HEIGHT="26" WIDTH="55" CONTENT="und" WC="0.96" />
            <String ID="Textword_258" HPOS="1848" VPOS="3644" HEIGHT="25" WIDTH="42" CONTENT="Fr." WC="0.96" />
            <String ID="Textword_259" HPOS="1905" VPOS="3643" HEIGHT="33" WIDTH="77" CONTENT="5000," WC="0.95" />
            <String ID="Textword_260" HPOS="2002" VPOS="3643" HEIGHT="25" WIDTH="49" CONTENT="mit" WC="0.93" />
            <String ID="Textword_261" HPOS="2070" VPOS="3642" HEIGHT="34" WIDTH="218" CONTENT="halbjährlichen" WC="0.85" />
            <String ID="Textword_262" HPOS="2307" VPOS="3641" HEIGHT="32" WIDTH="194" CONTENT="Zinscoupons," WC="0.92" />
            <String ID="Textword_263" HPOS="2521" VPOS="3639" HEIGHT="26" WIDTH="64" CONTENT="oder" WC="0.96" />
            <String ID="Textword_264" HPOS="2714" VPOS="3596" HEIGHT="85" WIDTH="234" CONTENT="Gegenstrom" WC="0.91" />
            <String ID="Textword_265" HPOS="2961" VPOS="3595" HEIGHT="75" WIDTH="171" CONTENT="-Vorwär" WC="0.58" />
            <String ID="Textword_266" HPOS="3135" VPOS="3616" HEIGHT="52" WIDTH="79" CONTENT="Mer" WC="0.88" />
          </TextLine>
          <TextLine ID="TextLine_78" HPOS="1840" VPOS="3682" HEIGHT="47" WIDTH="1315">
            <String ID="Textword_267" HPOS="1840" VPOS="3687" HEIGHT="42" WIDTH="487" CONTENT="Namen-Obligationen" WC="0.90" />
            <String ID="Textword_268" HPOS="2750" VPOS="3683" HEIGHT="21" WIDTH="28" CONTENT="D." WC="0.65" />
            <String ID="Textword_269" HPOS="2789" VPOS="3683" HEIGHT="21" WIDTH="58" CONTENT="B.P" WC="0.65" />
            <String ID="Textword_270" HPOS="2872" VPOS="3682" HEIGHT="21" WIDTH="47" CONTENT="und" WC="0.93" />
            <String ID="Textword_271" HPOS="2934" VPOS="3683" HEIGHT="21" WIDTH="46" CONTENT="Sch" WC="0.73" />
            <String ID="Textword_272" HPOS="2987" VPOS="3685" HEIGHT="21" WIDTH="62" CONTENT="veiz." WC="0.48" />
            <String ID="Textword_273" HPOS="3061" VPOS="3682" HEIGHT="21" WIDTH="94" CONTENT="Patent." WC="0.91" />
          </TextLine>
        </TextBlock>
        <TextBlock ID="TextBlock_39" HPOS="1551" VPOS="3728" HEIGHT="81" WIDTH="1421">
          <TextLine ID="TextLine_79" HPOS="1551" VPOS="3728" HEIGHT="48" WIDTH="1421">
            <String ID="Textword_274" HPOS="1551" VPOS="3743" HEIGHT="26" WIDTH="28" CONTENT="in" WC="0.96" />
            <String ID="Textword_275" HPOS="1598" VPOS="3742" HEIGHT="34" WIDTH="161" CONTENT="beliebigen," WC="0.96" />
            <String ID="Textword_276" HPOS="1790" VPOS="3740" HEIGHT="27" WIDTH="86" CONTENT="durch" WC="0.96" />
            <String ID="Textword_277" HPOS="1906" VPOS="3740" HEIGHT="25" WIDTH="49" CONTENT="100" WC="0.93" />
            <String ID="Textword_278" HPOS="1983" VPOS="3739" HEIGHT="27" WIDTH="135" CONTENT="teilbaren" WC="0.92" />
            <String ID="Textword_279" HPOS="2137" VPOS="3740" HEIGHT="31" WIDTH="137" CONTENT="Beträgen" WC="0.96" />
            <String ID="Textword_280" HPOS="2292" VPOS="3745" HEIGHT="18" WIDTH="53" CONTENT="von" WC="0.96" />
            <String ID="Textword_281" HPOS="2364" VPOS="3737" HEIGHT="25" WIDTH="44" CONTENT="Fr." WC="0.93" />
            <String ID="Textword_282" HPOS="2422" VPOS="3736" HEIGHT="26" WIDTH="51" CONTENT="500" WC="0.93" />
            <String ID="Textword_283" HPOS="2494" VPOS="3744" HEIGHT="25" WIDTH="43" CONTENT="an," WC="0.96" />
            <String ID="Textword_284" HPOS="2565" VPOS="3736" HEIGHT="26" WIDTH="50" CONTENT="mit" WC="0.96" />
            <String ID="Textword_285" HPOS="2947" VPOS="3728" HEIGHT="42" WIDTH="25" CONTENT="Er" WC="0.41" />
          </TextLine>
          <TextLine ID="TextLine_80" HPOS="1905" VPOS="3772" HEIGHT="37" WIDTH="1054">
            <String ID="Textword_286" HPOS="1905" VPOS="3775" HEIGHT="34" WIDTH="200" CONTENT="ganzjährigen" WC="0.91" />
            <String ID="Textword_287" HPOS="2126" VPOS="3774" HEIGHT="32" WIDTH="134" CONTENT="Coupons." WC="0.95" />
            <String ID="Textword_288" HPOS="2946" VPOS="3772" HEIGHT="25" WIDTH="13" CONTENT=";" WC="0.55" />
          </TextLine>
        </TextBlock>
        <TextBlock ID="TextBlock_40" HPOS="2684" VPOS="3546" HEIGHT="12" WIDTH="558">
          <TextLine ID="TextLine_81" HPOS="2684" VPOS="3546" HEIGHT="12" WIDTH="558">
            <SP ID="Textword_16" HPOS="2684" VPOS="3546" />
            <String ID="Textword_289" HPOS="2684" VPOS="3546" HEIGHT="12" WIDTH="558" CONTENT=" " WC="0.95" />
          </TextLine>
        </TextBlock>
        <TextBlock ID="TextBlock_41" HPOS="837" VPOS="3684" HEIGHT="16" WIDTH="158">
          <TextLine ID="TextLine_82" HPOS="837" VPOS="3684" HEIGHT="16" WIDTH="158">
            <String ID="Textword_290" HPOS="837" VPOS="3684" HEIGHT="16" WIDTH="158" CONTENT="—rie——" WC="0.00" />
          </TextLine>
        </TextBlock>
        <TextBlock ID="TextBlock_42" HPOS="601" VPOS="3763" HEIGHT="38" WIDTH="620">
          <TextLine ID="TextLine_83" HPOS="601" VPOS="3763" HEIGHT="38" WIDTH="620">
            <String ID="Textword_291" HPOS="601" VPOS="3767" HEIGHT="34" WIDTH="139" CONTENT="Alleinige" WC="0.89" />
            <String ID="Textword_292" HPOS="759" VPOS="3766" HEIGHT="27" WIDTH="185" CONTENT="Fabrikanten" WC="0.92" />
            <String ID="Textword_293" HPOS="962" VPOS="3765" HEIGHT="26" WIDTH="44" CONTENT="für" WC="0.96" />
            <String ID="Textword_294" HPOS="1027" VPOS="3765" HEIGHT="25" WIDTH="41" CONTENT="die" WC="0.96" />
            <String ID="Textword_295" HPOS="1088" VPOS="3763" HEIGHT="27" WIDTH="119" CONTENT="Schweiz" WC="0.93" />
            <String ID="Textword_296" HPOS="1215" VPOS="3772" HEIGHT="16" WIDTH="6" CONTENT=":" WC="0.84" />
          </TextLine>
        </TextBlock>
        <TextBlock ID="TextBlock_43" HPOS="391" VPOS="3836" HEIGHT="134" WIDTH="980">
          <TextLine ID="TextLine_84" HPOS="391" VPOS="3836" HEIGHT="134" WIDTH="980">
            <String ID="Textword_297" HPOS="391" VPOS="3926" HEIGHT="2" WIDTH="4" CONTENT="|" WC="0.89" />
            <String ID="Textword_298" HPOS="483" VPOS="3839" HEIGHT="131" WIDTH="485" CONTENT="Gebrüder" WC="0.96" />
            <String ID="Textword_299" HPOS="1027" VPOS="3836" HEIGHT="129" WIDTH="344" CONTENT="Sulzer" WC="0.95" />
          </TextLine>
        </TextBlock>
        <TextBlock ID="TextBlock_44" HPOS="376" VPOS="3953" HEIGHT="77" WIDTH="2478">
          <TextLine ID="TextLine_85" HPOS="376" VPOS="3953" HEIGHT="77" WIDTH="2478">
            <String ID="Textword_300" HPOS="376" VPOS="3979" HEIGHT="2" WIDTH="3" CONTENT="/" WC="0.05" />
            <String ID="Textword_301" HPOS="752" VPOS="3989" HEIGHT="41" WIDTH="327" CONTENT="WINTERTHUR." WC="0.93" />
            <String ID="Textword_302" HPOS="1463" VPOS="4003" HEIGHT="26" WIDTH="24" CONTENT="A|" WC="0.41" />
            <String ID="Textword_303" HPOS="1539" VPOS="3954" HEIGHT="69" WIDTH="524" CONTENT="Handelsauskunfts-" WC="0.89" />
            <String ID="Textword_304" HPOS="2117" VPOS="3953" HEIGHT="66" WIDTH="47" CONTENT="&amp;" WC="0.91" />
            <String ID="Textword_305" HPOS="2213" VPOS="3954" HEIGHT="65" WIDTH="450" CONTENT="Incassobureaux" WC="0.38" />
            <String ID="Textword_306" HPOS="0" VPOS="0" HEIGHT="4972" WIDTH="3363" CONTENT="|Ë" WC="0.38" />
            <String ID="Textword_307" HPOS="2754" VPOS="3987" HEIGHT="29" WIDTH="100" CONTENT="mb" WC="0.51" />
          </TextLine>
        </TextBlock>
        <TextBlock ID="TextBlock_45" HPOS="6" VPOS="4004" HEIGHT="188" WIDTH="3111">
          <TextLine ID="TextLine_86" HPOS="6" VPOS="4004" HEIGHT="59" WIDTH="3010">
            <String ID="Textword_308" HPOS="6" VPOS="4032" HEIGHT="27" WIDTH="8" CONTENT="|" WC="0.50" />
            <String ID="Textword_309" HPOS="1458" VPOS="4037" HEIGHT="2" WIDTH="4" CONTENT=";" WC="0.11" />
            <String ID="Textword_310" HPOS="2743" VPOS="4022" HEIGHT="29" WIDTH="129" CONTENT="Konstruktion" WC="0.71" />
            <String ID="Textword_311" HPOS="2977" VPOS="4004" HEIGHT="59" WIDTH="39" CONTENT="$" WC="0.91" />
          </TextLine>
          <TextLine ID="TextLine_87" HPOS="10" VPOS="4039" HEIGHT="153" WIDTH="3107">
            <String ID="Textword_312" HPOS="10" VPOS="4118" HEIGHT="74" WIDTH="5" CONTENT="|" WC="0.70" />
            <String ID="Textword_313" HPOS="32" VPOS="4141" HEIGHT="46" WIDTH="17" CONTENT="i" WC="0.31" />
            <String ID="Textword_314" HPOS="551" VPOS="4132" HEIGHT="27" WIDTH="51" CONTENT="Die" WC="0.93" />
            <String ID="Textword_315" HPOS="616" VPOS="4132" HEIGHT="27" WIDTH="124" CONTENT="Motoren" WC="0.91" />
            <String ID="Textword_316" HPOS="759" VPOS="4130" HEIGHT="27" WIDTH="107" CONTENT="werden" WC="0.96" />
            <String ID="Textword_317" HPOS="885" VPOS="4129" HEIGHT="27" WIDTH="28" CONTENT="in" WC="0.93" />
            <String ID="Textword_318" HPOS="928" VPOS="4129" HEIGHT="27" WIDTH="117" CONTENT="Grässen" WC="0.89" />
            <String ID="Textword_319" HPOS="1064" VPOS="4136" HEIGHT="19" WIDTH="53" CONTENT="von" WC="0.96" />
            <String ID="Textword_320" HPOS="1136" VPOS="4127" HEIGHT="26" WIDTH="34" CONTENT="20" WC="0.93" />
            <String ID="Textword_321" HPOS="1183" VPOS="4126" HEIGHT="28" WIDTH="68" CONTENT="P.S." WC="0.91" />
            <String ID="Textword_322" HPOS="1266" VPOS="4134" HEIGHT="19" WIDTH="34" CONTENT="an" WC="0.96" />
            <String ID="Textword_323" HPOS="1455" VPOS="4142" HEIGHT="21" WIDTH="20" CONTENT="E" WC="0.42" />
            <String ID="Textword_324" HPOS="1647" VPOS="4045" HEIGHT="127" WIDTH="90" CONTENT="FE." WC="0.41" />
            <String ID="Textword_325" HPOS="1779" VPOS="4042" HEIGHT="129" WIDTH="91" CONTENT="X." WC="0.88" />
            <String ID="Textword_326" HPOS="1909" VPOS="4042" HEIGHT="128" WIDTH="86" CONTENT="M" WC="0.94" />
            <String ID="Textword_327" HPOS="2010" VPOS="4041" HEIGHT="130" WIDTH="55" CONTENT="0" WC="0.75" />
            <String ID="Textword_328" HPOS="2086" VPOS="4041" HEIGHT="127" WIDTH="20" CONTENT="|" WC="0.83" />
            <String ID="Textword_329" HPOS="2161" VPOS="4040" HEIGHT="130" WIDTH="55" CONTENT="$" WC="0.87" />
            <String ID="Textword_330" HPOS="2234" VPOS="4039" HEIGHT="130" WIDTH="125" CONTENT="CH" WC="0.94" />
            <String ID="Textword_331" HPOS="2378" VPOS="4041" HEIGHT="126" WIDTH="19" CONTENT="|" WC="0.87" />
            <String ID="Textword_332" HPOS="2426" VPOS="4128" HEIGHT="39" WIDTH="6" CONTENT="|" WC="0.28" />
            <String ID="Textword_333" HPOS="2448" VPOS="4041" HEIGHT="126" WIDTH="102" CONTENT="IN" WC="0.96" />
            <String ID="Textword_334" HPOS="2930" VPOS="4166" HEIGHT="2" WIDTH="3" CONTENT="|" WC="0.90" />
            <String ID="Textword_335" HPOS="2949" VPOS="4128" HEIGHT="45" WIDTH="26" CONTENT="je" WC="0.13" />
            <String ID="Textword_336" HPOS="2988" VPOS="4109" HEIGHT="44" WIDTH="43" CONTENT="lt" WC="0.42" />
            <String ID="Textword_337" HPOS="3043" VPOS="4121" HEIGHT="42" WIDTH="74" CONTENT="Qu" WC="0.08" />
          </TextLine>
        </TextBlock>
        <TextBlock ID="TextBlock_46" HPOS="2975" VPOS="3726" HEIGHT="110" WIDTH="15">
          <TextLine ID="TextLine_88" HPOS="2975" VPOS="3726" HEIGHT="110" WIDTH="15">
            <String ID="Textword_338" HPOS="2975" VPOS="3824" HEIGHT="12" WIDTH="15" CONTENT="9)" WC="0.23" />
            <String ID="Textword_339" HPOS="2975" VPOS="3726" HEIGHT="69" WIDTH="13" CONTENT="AUSIRITI" WC="0.59" />
          </TextLine>
        </TextBlock>
        <TextBlock ID="TextBlock_47" HPOS="2166" VPOS="3828" HEIGHT="71" WIDTH="835">
          <TextLine ID="TextLine_89" HPOS="2166" VPOS="3828" HEIGHT="31" WIDTH="835">
            <String ID="Textword_340" HPOS="2166" VPOS="3828" HEIGHT="30" WIDTH="82" CONTENT="Die" WC="0.91" />
            <String ID="Textword_341" HPOS="2273" VPOS="3828" HEIGHT="31" WIDTH="236" CONTENT="Direktion." WC="0.89" />
            <String ID="Textword_342" HPOS="2922" VPOS="3847" HEIGHT="12" WIDTH="79" CONTENT="sur" WC="0.30" />
          </TextLine>
          <TextLine ID="TextLine_90" HPOS="2850" VPOS="3857" HEIGHT="18" WIDTH="141">
            <String ID="Textword_343" HPOS="2850" VPOS="3857" HEIGHT="17" WIDTH="58" CONTENT="DAMPF." WC="0.66" />
            <String ID="Textword_344" HPOS="2924" VPOS="3866" HEIGHT="9" WIDTH="67" CONTENT="413651" WC="0.12" />
          </TextLine>
          <TextLine ID="TextLine_91" HPOS="2836" VPOS="3874" HEIGHT="25" WIDTH="122">
            <String ID="Textword_345" HPOS="2836" VPOS="3874" HEIGHT="25" WIDTH="73" CONTENT="BNTRITT" WC="0.18" />
            <String ID="Textword_346" HPOS="2935" VPOS="3876" HEIGHT="8" WIDTH="23" CONTENT="ERRO" WC="0.10" />
          </TextLine>
        </TextBlock>
        <TextBlock ID="TextBlock_48" HPOS="1513" VPOS="2854" HEIGHT="1053" WIDTH="25">
          <TextLine ID="TextLine_92" HPOS="1513" VPOS="2854" HEIGHT="1053" WIDTH="25">
            <SP ID="Textword_17" HPOS="1513" VPOS="2854" />
            <String ID="Textword_347" HPOS="1513" VPOS="2854" HEIGHT="1053" WIDTH="25" CONTENT=" " WC="0.95" />
          </TextLine>
        </TextBlock>
        <TextBlock ID="TextBlock_49" HPOS="1529" VPOS="3905" HEIGHT="23" WIDTH="1118">
          <TextLine ID="TextLine_93" HPOS="1529" VPOS="3905" HEIGHT="23" WIDTH="1118">
            <SP ID="Textword_18" HPOS="1529" VPOS="3905" />
            <String ID="Textword_348" HPOS="1529" VPOS="3905" HEIGHT="23" WIDTH="1118" CONTENT=" " WC="0.95" />
          </TextLine>
        </TextBlock>
        <TextBlock ID="TextBlock_50" HPOS="1525" VPOS="3929" HEIGHT="16" WIDTH="1140">
          <TextLine ID="TextLine_94" HPOS="1525" VPOS="3929" HEIGHT="16" WIDTH="1140">
            <SP ID="Textword_19" HPOS="1525" VPOS="3929" />
            <String ID="Textword_349" HPOS="1525" VPOS="3929" HEIGHT="16" WIDTH="1140" CONTENT=" " WC="0.95" />
          </TextLine>
        </TextBlock>
        <TextBlock ID="TextBlock_51" HPOS="2753" VPOS="3951" HEIGHT="44" WIDTH="421">
          <TextLine ID="TextLine_95" HPOS="2753" VPOS="3951" HEIGHT="44" WIDTH="421">
            <String ID="Textword_350" HPOS="2753" VPOS="3951" HEIGHT="29" WIDTH="102" CONTENT="einlaehsto" WC="0.25" />
            <String ID="Textword_351" HPOS="3101" VPOS="3966" HEIGHT="29" WIDTH="73" CONTENT="höchste" WC="0.88" />
          </TextLine>
        </TextBlock>
        <TextBlock ID="TextBlock_52" HPOS="3096" VPOS="4010" HEIGHT="35" WIDTH="85">
          <TextLine ID="TextLine_96" HPOS="3096" VPOS="4010" HEIGHT="35" WIDTH="85">
            <String ID="Textword_352" HPOS="3096" VPOS="4010" HEIGHT="35" WIDTH="85" CONTENT="Leistung" WC="0.88" />
          </TextLine>
        </TextBlock>
        <TextBlock ID="TextBlock_53" HPOS="765" VPOS="4173" HEIGHT="35" WIDTH="321">
          <TextLine ID="TextLine_97" HPOS="765" VPOS="4173" HEIGHT="35" WIDTH="321">
            <String ID="Textword_353" HPOS="765" VPOS="4174" HEIGHT="27" WIDTH="131" CONTENT="aufwärts" WC="0.96" />
            <String ID="Textword_354" HPOS="916" VPOS="4173" HEIGHT="35" WIDTH="170" CONTENT="ausgeführt." WC="0.96" />
          </TextLine>
        </TextBlock>
        <TextBlock ID="TextBlock_54" HPOS="1740" VPOS="4199" HEIGHT="50" WIDTH="715">
          <TextLine ID="TextLine_98" HPOS="1740" VPOS="4199" HEIGHT="50" WIDTH="715">
            <String ID="Textword_355" HPOS="1740" VPOS="4202" HEIGHT="41" WIDTH="41" CONTENT="J." WC="0.81" />
            <String ID="Textword_356" HPOS="1805" VPOS="4202" HEIGHT="41" WIDTH="50" CONTENT="A." WC="0.88" />
            <String ID="Textword_357" HPOS="1885" VPOS="4200" HEIGHT="43" WIDTH="277" CONTENT="Tritschler’s" WC="0.86" />
            <String ID="Textword_358" HPOS="2190" VPOS="4199" HEIGHT="50" WIDTH="265" CONTENT="Nachfolger" WC="0.96" />
          </TextLine>
        </TextBlock>
        <TextBlock ID="TextBlock_55" HPOS="2910" VPOS="3807" HEIGHT="466" WIDTH="185">
          <TextLine ID="TextLine_99" HPOS="2910" VPOS="3807" HEIGHT="466" WIDTH="185">
            <SP ID="Textword_20" HPOS="2910" VPOS="3807" />
            <String ID="Textword_359" HPOS="2910" VPOS="3807" HEIGHT="466" WIDTH="185" CONTENT=" " WC="0.95" />
          </TextLine>
        </TextBlock>
        <TextBlock ID="TextBlock_56" HPOS="1552" VPOS="4252" HEIGHT="105" WIDTH="1496">
          <TextLine ID="TextLine_100" HPOS="1563" VPOS="4252" HEIGHT="68" WIDTH="1485">
            <String ID="Textword_360" HPOS="1563" VPOS="4256" HEIGHT="50" WIDTH="155" CONTENT="Basel" WC="0.96" />
            <String ID="Textword_361" HPOS="1951" VPOS="4271" HEIGHT="35" WIDTH="152" CONTENT="Gegründet" WC="0.96" />
            <String ID="Textword_362" HPOS="2118" VPOS="4272" HEIGHT="26" WIDTH="63" CONTENT="869" WC="0.79" />
            <String ID="Textword_363" HPOS="2291" VPOS="4252" HEIGHT="49" WIDTH="191" CONTENT="Zürich" WC="0.88" />
            <String ID="Textword_364" HPOS="2516" VPOS="4252" HEIGHT="49" WIDTH="29" CONTENT="XI" WC="0.66" />
            <String ID="Textword_365" HPOS="2888" VPOS="4294" HEIGHT="26" WIDTH="160" CONTENT="“i" WC="0.19" />
          </TextLine>
          <TextLine ID="TextLine_101" HPOS="1552" VPOS="4313" HEIGHT="44" WIDTH="1496">
            <String ID="Textword_366" HPOS="1552" VPOS="4320" HEIGHT="36" WIDTH="176" CONTENT="Falknerstrasse" WC="0.81" />
            <String ID="Textword_367" HPOS="1743" VPOS="4319" HEIGHT="34" WIDTH="11" CONTENT="7" WC="0.96" />
            <String ID="Textword_368" HPOS="2224" VPOS="4314" HEIGHT="37" WIDTH="243" CONTENT="Fraumünstersirasse" WC="0.22" />
            <String ID="Textword_369" HPOS="2482" VPOS="4315" HEIGHT="35" WIDTH="27" CONTENT="14" WC="0.93" />
            <String ID="Textword_370" HPOS="2521" VPOS="4313" HEIGHT="44" WIDTH="121" CONTENT="(Metropo!)" WC="0.67" />
            <String ID="Textword_371" HPOS="3042" VPOS="4315" HEIGHT="5" WIDTH="6" CONTENT=";" WC="0.28" />
          </TextLine>
        </TextBlock>
        <TextBlock ID="TextBlock_57" HPOS="1528" VPOS="4338" HEIGHT="114" WIDTH="1656">
          <TextLine ID="TextLine_102" HPOS="1600" VPOS="4338" HEIGHT="67" WIDTH="1564">
            <String ID="Textword_372" HPOS="1600" VPOS="4372" HEIGHT="33" WIDTH="188" CONTENT="Prompteste" WC="0.91" />
            <String ID="Textword_373" HPOS="1814" VPOS="4372" HEIGHT="26" WIDTH="61" CONTENT="und" WC="0.93" />
            <String ID="Textword_374" HPOS="1903" VPOS="4369" HEIGHT="35" WIDTH="276" CONTENT="gewissenhafteste" WC="0.91" />
            <String ID="Textword_375" HPOS="2198" VPOS="4369" HEIGHT="32" WIDTH="181" CONTENT="Bedienung." WC="0.87" />
            <String ID="Textword_376" HPOS="2417" VPOS="4368" HEIGHT="27" WIDTH="250" CONTENT="Vorteilhafteste" WC="0.70" />
            <String ID="Textword_377" HPOS="2774" VPOS="4338" HEIGHT="44" WIDTH="189" CONTENT="dchmassmann" WC="0.54" />
            <String ID="Textword_378" HPOS="2977" VPOS="4342" HEIGHT="41" WIDTH="18" CONTENT="&amp;" WC="0.91" />
            <String ID="Textword_379" HPOS="3010" VPOS="4339" HEIGHT="51" WIDTH="44" CONTENT="Co," WC="0.75" />
            <String ID="Textword_380" HPOS="3069" VPOS="4338" HEIGHT="45" WIDTH="95" CONTENT="Zürich," WC="0.79" />
          </TextLine>
          <TextLine ID="TextLine_103" HPOS="1528" VPOS="4391" HEIGHT="61" WIDTH="1656">
            <String ID="Textword_381" HPOS="1528" VPOS="4409" HEIGHT="43" WIDTH="222" CONTENT="Bedingungen." WC="0.81" />
            <String ID="Textword_382" HPOS="1786" VPOS="4408" HEIGHT="26" WIDTH="123" CONTENT="Direkte" WC="0.96" />
            <String ID="Textword_383" HPOS="1927" VPOS="4405" HEIGHT="32" WIDTH="228" CONTENT="Verbindungen" WC="0.96" />
            <String ID="Textword_384" HPOS="2167" VPOS="4405" HEIGHT="33" WIDTH="87" CONTENT="(über" WC="0.90" />
            <String ID="Textword_385" HPOS="2273" VPOS="4404" HEIGHT="32" WIDTH="98" CONTENT="20,000" WC="0.96" />
            <String ID="Textword_386" HPOS="2385" VPOS="4403" HEIGHT="32" WIDTH="283" CONTENT="Berichterstatter)" WC="0.94" />
            <String ID="Textword_387" HPOS="2735" VPOS="4391" HEIGHT="43" WIDTH="32" CONTENT="F." WC="0.93" />
            <String ID="Textword_388" HPOS="2786" VPOS="4392" HEIGHT="50" WIDTH="143" CONTENT="Mattick," WC="0.88" />
            <String ID="Textword_389" HPOS="2944" VPOS="4401" HEIGHT="37" WIDTH="102" CONTENT="Pulsnitz" WC="0.86" />
            <String ID="Textword_390" HPOS="3059" VPOS="4401" HEIGHT="41" WIDTH="34" CONTENT="21," WC="0.96" />
            <String ID="Textword_391" HPOS="3106" VPOS="4401" HEIGHT="36" WIDTH="78" CONTENT="Sachs," WC="0.88" />
          </TextLine>
        </TextBlock>
        <TextBlock ID="TextBlock_58" HPOS="2658" VPOS="402" HEIGHT="4050" WIDTH="37">
          <TextLine ID="TextLine_104" HPOS="2658" VPOS="402" HEIGHT="4050" WIDTH="37">
            <SP ID="Textword_21" HPOS="2658" VPOS="402" />
            <String ID="Textword_392" HPOS="2658" VPOS="402" HEIGHT="4050" WIDTH="37" CONTENT=" " WC="0.95" />
          </TextLine>
        </TextBlock>
        <TextBlock ID="TextBlock_59" HPOS="1494" VPOS="2782" HEIGHT="1699" WIDTH="29">
          <TextLine ID="TextLine_105" HPOS="1494" VPOS="2782" HEIGHT="1699" WIDTH="29">
            <SP ID="Textword_22" HPOS="1494" VPOS="2782" />
            <String ID="Textword_393" HPOS="1494" VPOS="2782" HEIGHT="1699" WIDTH="29" CONTENT=" " WC="0.95" />
          </TextLine>
        </TextBlock>
        <TextBlock ID="TextBlock_60" HPOS="339" VPOS="2779" HEIGHT="1714" WIDTH="1166">
          <TextLine ID="TextLine_106" HPOS="339" VPOS="2779" HEIGHT="1714" WIDTH="1166">
            <SP ID="Textword_23" HPOS="339" VPOS="2779" />
            <String ID="Textword_394" HPOS="339" VPOS="2779" HEIGHT="1714" WIDTH="1166" CONTENT=" " WC="0.95" />
          </TextLine>
        </TextBlock>
        <TextBlock ID="TextBlock_61" HPOS="360" VPOS="4481" HEIGHT="34" WIDTH="2890">
          <TextLine ID="TextLine_107" HPOS="360" VPOS="4481" HEIGHT="34" WIDTH="2890">
            <SP ID="Textword_24" HPOS="360" VPOS="4481" />
            <String ID="Textword_395" HPOS="360" VPOS="4481" HEIGHT="34" WIDTH="2890" CONTENT=" " WC="0.95" />
          </TextLine>
        </TextBlock>
        <TextBlock ID="TextBlock_62" HPOS="1819" VPOS="4556" HEIGHT="19" WIDTH="1428">
          <TextLine ID="TextLine_108" HPOS="1819" VPOS="4556" HEIGHT="19" WIDTH="1428">
            <SP ID="Textword_25" HPOS="1819" VPOS="4556" />
            <String ID="Textword_396" HPOS="1819" VPOS="4556" HEIGHT="19" WIDTH="1428" CONTENT=" " WC="0.95" />
          </TextLine>
        </TextBlock>
        <TextBlock ID="TextBlock_63" HPOS="1821" VPOS="4618" HEIGHT="19" WIDTH="1426">
          <TextLine ID="TextLine_109" HPOS="1821" VPOS="4618" HEIGHT="19" WIDTH="1426">
            <SP ID="Textword_26" HPOS="1821" VPOS="4618" />
            <String ID="Textword_397" HPOS="1821" VPOS="4618" HEIGHT="19" WIDTH="1426" CONTENT=" " WC="0.95" />
          </TextLine>
        </TextBlock>
        <TextBlock ID="TextBlock_64" HPOS="433" VPOS="4423" HEIGHT="257" WIDTH="2817">
          <TextLine ID="TextLine_110" HPOS="479" VPOS="4423" HEIGHT="51" WIDTH="2769">
            <String ID="Textword_398" HPOS="479" VPOS="4436" HEIGHT="45" WIDTH="493" CONTENT="A" WC="0.31" />
            <String ID="Textword_399" HPOS="1063" VPOS="4439" HEIGHT="31" WIDTH="123" CONTENT="Le" WC="0.26" />
            <String ID="Textword_400" HPOS="1269" VPOS="4430" HEIGHT="48" WIDTH="163" CONTENT="EEE”" WC="0.26" />
            <String ID="Textword_401" HPOS="1493" VPOS="4441" HEIGHT="30" WIDTH="66" CONTENT="in" WC="0.44" />
            <String ID="Textword_402" HPOS="1578" VPOS="4445" HEIGHT="26" WIDTH="81" CONTENT="allen" WC="0.92" />
            <String ID="Textword_403" HPOS="1677" VPOS="4443" HEIGHT="28" WIDTH="180" CONTENT="Weltteilen." WC="0.81" />
            <String ID="Textword_404" HPOS="1894" VPOS="4441" HEIGHT="33" WIDTH="148" CONTENT="Prospekt" WC="0.96" />
            <String ID="Textword_405" HPOS="2061" VPOS="4440" HEIGHT="33" WIDTH="96" CONTENT="gratis" WC="0.96" />
            <String ID="Textword_406" HPOS="2176" VPOS="4440" HEIGHT="26" WIDTH="60" CONTENT="und" WC="0.95" />
            <String ID="Textword_407" HPOS="2255" VPOS="4423" HEIGHT="42" WIDTH="117" CONTENT="franko." WC="0.92" />
            <String ID="Textword_408" HPOS="2619" VPOS="4437" HEIGHT="25" WIDTH="49" CONTENT="140" WC="0.77" />
            <String ID="Textword_409" HPOS="2700" VPOS="4454" HEIGHT="17" WIDTH="126" CONTENT="a" WC="0.24" />
            <String ID="Textword_410" HPOS="2846" VPOS="4450" HEIGHT="22" WIDTH="402" CONTENT="BF" WC="0.31" />
          </TextLine>
          <TextLine ID="TextLine_111" HPOS="1820" VPOS="4517" HEIGHT="43" WIDTH="1430">
            <String ID="Textword_411" HPOS="1820" VPOS="4525" HEIGHT="31" WIDTH="135" CONTENT="Grösste" WC="0.92" />
            <String ID="Textword_412" HPOS="1980" VPOS="4523" HEIGHT="30" WIDTH="66" CONTENT="und" WC="0.96" />
            <String ID="Textword_413" HPOS="2073" VPOS="4522" HEIGHT="30" WIDTH="93" CONTENT="beste" WC="0.96" />
            <String ID="Textword_414" HPOS="2190" VPOS="4521" HEIGHT="39" WIDTH="240" CONTENT="Bezugsquelle" WC="0.96" />
            <String ID="Textword_415" HPOS="2464" VPOS="4520" HEIGHT="31" WIDTH="106" CONTENT="dieser" WC="0.96" />
            <String ID="Textword_416" HPOS="2604" VPOS="4519" HEIGHT="31" WIDTH="159" CONTENT="Branche." WC="0.93" />
            <String ID="Textword_417" HPOS="2798" VPOS="4538" HEIGHT="3" WIDTH="40" CONTENT="—" WC="0.92" />
            <String ID="Textword_418" HPOS="2870" VPOS="4519" HEIGHT="30" WIDTH="143" CONTENT="Neueste" WC="0.93" />
            <String ID="Textword_419" HPOS="3048" VPOS="4517" HEIGHT="31" WIDTH="202" CONTENT="Maschinen-" WC="0.91" />
          </TextLine>
          <TextLine ID="TextLine_112" HPOS="433" VPOS="4470" HEIGHT="210" WIDTH="2816">
            <String ID="Textword_420" HPOS="433" VPOS="4470" HEIGHT="179" WIDTH="238" CONTENT="isien!" WC="0.12" />
            <String ID="Textword_421" HPOS="684" VPOS="4572" HEIGHT="73" WIDTH="51" CONTENT="à" WC="0.65" />
            <String ID="Textword_422" HPOS="792" VPOS="4531" HEIGHT="115" WIDTH="59" CONTENT="ri" WC="0.91" />
            <String ID="Textword_423" HPOS="950" VPOS="4472" HEIGHT="208" WIDTH="164" CONTENT="Zug" WC="0.95" />
            <String ID="Textword_424" HPOS="1369" VPOS="4530" HEIGHT="113" WIDTH="138" CONTENT="In" WC="0.28" />
            <String ID="Textword_425" HPOS="1623" VPOS="4568" HEIGHT="108" WIDTH="120" CONTENT="ud." WC="0.52" />
            <String ID="Textword_426" HPOS="1819" VPOS="4586" HEIGHT="37" WIDTH="271" CONTENT="Einrichtungen." WC="0.92" />
            <String ID="Textword_427" HPOS="2132" VPOS="4602" HEIGHT="3" WIDTH="40" CONTENT="—" WC="0.92" />
            <String ID="Textword_428" HPOS="2213" VPOS="4584" HEIGHT="31" WIDTH="91" CONTENT="Ganz" WC="0.96" />
            <String ID="Textword_429" HPOS="2346" VPOS="4592" HEIGHT="30" WIDTH="113" CONTENT="grosse" WC="0.93" />
            <String ID="Textword_430" HPOS="2493" VPOS="4582" HEIGHT="39" WIDTH="229" CONTENT="Lagerräume." WC="0.92" />
            <String ID="Textword_431" HPOS="2763" VPOS="4600" HEIGHT="3" WIDTH="40" CONTENT="—" WC="0.92" />
            <String ID="Textword_432" HPOS="2844" VPOS="4581" HEIGHT="39" WIDTH="143" CONTENT="Eigenes" WC="0.86" />
            <String ID="Textword_433" HPOS="3023" VPOS="4580" HEIGHT="39" WIDTH="226" CONTENT="Bahngeleise." WC="0.91" />
          </TextLine>
          <TextLine ID="TextLine_113" HPOS="1961" VPOS="4641" HEIGHT="38" WIDTH="1187">
            <String ID="Textword_434" HPOS="1961" VPOS="4644" HEIGHT="35" WIDTH="198" CONTENT="Telephonruf:" WC="0.91" />
            <String ID="Textword_435" HPOS="2179" VPOS="4644" HEIGHT="26" WIDTH="240" CONTENT="Kistenfabrik" WC="0.91" />
            <String ID="Textword_436" HPOS="2438" VPOS="4644" HEIGHT="33" WIDTH="82" CONTENT="Zug." WC="0.94" />
            <String ID="Textword_437" HPOS="3096" VPOS="4641" HEIGHT="25" WIDTH="52" CONTENT="214" WC="0.96" />
          </TextLine>
        </TextBlock>
        <TextBlock ID="TextBlock_65" HPOS="371" VPOS="4680" HEIGHT="30" WIDTH="2842">
          <TextLine ID="TextLine_114" HPOS="371" VPOS="4680" HEIGHT="30" WIDTH="2842">
            <SP ID="Textword_27" HPOS="371" VPOS="4680" />
            <String ID="Textword_438" HPOS="371" VPOS="4680" HEIGHT="30" WIDTH="2842" CONTENT=" " WC="0.95" />
          </TextLine>
        </TextBlock>
        <TextBlock ID="TextBlock_66" HPOS="1248" VPOS="4707" HEIGHT="39" WIDTH="1129">
          <TextLine ID="TextLine_115" HPOS="1248" VPOS="4707" HEIGHT="39" WIDTH="1129">
            <String ID="Textword_439" HPOS="1248" VPOS="4714" HEIGHT="26" WIDTH="92" CONTENT="Druck" WC="0.96" />
            <String ID="Textword_440" HPOS="1359" VPOS="4713" HEIGHT="26" WIDTH="55" CONTENT="und" WC="0.96" />
            <String ID="Textword_441" HPOS="1433" VPOS="4712" HEIGHT="34" WIDTH="166" CONTENT="Expedition" WC="0.96" />
            <String ID="Textword_442" HPOS="1617" VPOS="4720" HEIGHT="18" WIDTH="52" CONTENT="von" WC="0.96" />
            <String ID="Textword_443" HPOS="1689" VPOS="4711" HEIGHT="34" WIDTH="107" CONTENT="Müller," WC="0.96" />
            <String ID="Textword_444" HPOS="1816" VPOS="4710" HEIGHT="26" WIDTH="114" CONTENT="Werder" WC="0.92" />
            <String ID="Textword_445" HPOS="1950" VPOS="4710" HEIGHT="25" WIDTH="24" CONTENT="&amp;" WC="0.92" />
            <String ID="Textword_446" HPOS="1994" VPOS="4709" HEIGHT="32" WIDTH="64" CONTENT="Cie.," WC="0.92" />
            <String ID="Textword_447" HPOS="2079" VPOS="4708" HEIGHT="32" WIDTH="108" CONTENT="Schipfe" WC="0.91" />
            <String ID="Textword_448" HPOS="2206" VPOS="4707" HEIGHT="33" WIDTH="42" CONTENT="33," WC="0.96" />
            <String ID="Textword_449" HPOS="2269" VPOS="4707" HEIGHT="26" WIDTH="108" CONTENT="Zürich." WC="0.74" />
          </TextLine>
        </TextBlock>
        <TextBlock ID="TextBlock_67" HPOS="3270" VPOS="3360" HEIGHT="1529" WIDTH="23">
          <TextLine ID="TextLine_116" HPOS="3270" VPOS="3360" HEIGHT="1529" WIDTH="23">
            <SP ID="Textword_28" HPOS="3270" VPOS="3360" />
            <String ID="Textword_450" HPOS="3270" VPOS="3360" HEIGHT="1529" WIDTH="23" CONTENT=" " WC="0.95" />
          </TextLine>
        </TextBlock>
        <TextBlock ID="TextBlock_68" HPOS="0" VPOS="4785" HEIGHT="187" WIDTH="3363">
          <TextLine ID="TextLine_117" HPOS="0" VPOS="4785" HEIGHT="187" WIDTH="3363">
            <SP ID="Textword_29" HPOS="0" VPOS="4897" />
            <String ID="Textword_451" HPOS="0" VPOS="4897" HEIGHT="75" WIDTH="74" CONTENT=" " WC="0.95" />
            <SP ID="Textword_30" HPOS="3222" VPOS="4785" />
            <String ID="Textword_452" HPOS="3222" VPOS="4785" HEIGHT="187" WIDTH="141" CONTENT=" " WC="0.95" />
          </TextLine>
        </TextBlock>
      </PrintSpace>
    </Page>
  </Layout>
</alto>
