<?xml version="1.0" encoding="UTF-8"?>
<alto xmlns="http://www.loc.gov/standards/alto/ns-v2#" xmlns:xsi="http://www.w3.org/2001/XMLSchema-instance" xsi:schemaLocation="http://www.loc.gov/standards/alto/ns-v2# http://www.loc.gov/standards/alto/alto.xsd">
  <Description>
    <MeasurementUnit>pixel</MeasurementUnit>
    <sourceImageInformation />
    <OCRProcessing ID="OCR_1">
      <preProcessingStep>
        <processingDateTime>2019-05-09T06:47:02</processingDateTime>
        <processingAgency>intranda GmbH, www.intranda.com</processingAgency>
        <processingSoftware>
          <softwareCreator>intranda GmbH, Germany</softwareCreator>
          <softwareName>intranda OCR Module for TaskManager</softwareName>
          <softwareVersion>1.0r42</softwareVersion>
        </processingSoftware>
      </preProcessingStep>
      <ocrProcessingStep>
        <processingSoftware>
          <softwareCreator>Tesseract contributors</softwareCreator>
          <softwareName>Tesseract Open Source OCR Engine</softwareName>
          <softwareVersion>4.0.0-beta.1-270-g5a56</softwareVersion>
        </processingSoftware>
      </ocrProcessingStep>
    </OCRProcessing>
  </Description>
  <Layout>
    <Page ID="PAGE_1" HEIGHT="4984" WIDTH="3418" PHYSICAL_IMG_NR="1">
      <PrintSpace ID="PrintSpace_1" HPOS="0" VPOS="0" HEIGHT="4984" WIDTH="3418">
        <TextBlock ID="TextBlock_1" HPOS="194" VPOS="0" HEIGHT="80" WIDTH="2735">
          <TextLine ID="TextLine_1" HPOS="194" VPOS="0" HEIGHT="80" WIDTH="2735">
            <SP ID="Textword_1" HPOS="194" VPOS="0" />
            <String ID="Textword_1" HPOS="194" VPOS="0" HEIGHT="80" WIDTH="2735" CONTENT=" " WC="0.95" />
          </TextLine>
        </TextBlock>
        <TextBlock ID="TextBlock_2" HPOS="0" VPOS="0" HEIGHT="4984" WIDTH="198">
          <TextLine ID="TextLine_2" HPOS="0" VPOS="0" HEIGHT="4984" WIDTH="198">
            <SP ID="Textword_2" HPOS="0" VPOS="0" />
            <String ID="Textword_2" HPOS="0" VPOS="0" HEIGHT="4984" WIDTH="198" CONTENT=" " WC="0.95" />
          </TextLine>
        </TextBlock>
        <TextBlock ID="TextBlock_3" HPOS="350" VPOS="279" HEIGHT="35" WIDTH="2811">
          <TextLine ID="TextLine_3" HPOS="350" VPOS="279" HEIGHT="35" WIDTH="2811">
            <String ID="Textword_3" HPOS="350" VPOS="285" HEIGHT="26" WIDTH="32" CONTENT="10" WC="0.97" />
            <String ID="Textword_4" HPOS="1470" VPOS="281" HEIGHT="26" WIDTH="223" CONTENT="Schweizerische" WC="0.93" />
            <String ID="Textword_5" HPOS="1721" VPOS="280" HEIGHT="34" WIDTH="316" CONTENT="Arbeitgeber-Zeitung." WC="0.79" />
            <String ID="Textword_6" HPOS="3060" VPOS="279" HEIGHT="27" WIDTH="47" CONTENT="Nr." WC="0.95" />
            <String ID="Textword_7" HPOS="3126" VPOS="279" HEIGHT="26" WIDTH="35" CONTENT="81" WC="0.84" />
          </TextLine>
        </TextBlock>
        <TextBlock ID="TextBlock_4" HPOS="350" VPOS="323" HEIGHT="10" WIDTH="2810">
          <TextLine ID="TextLine_4" HPOS="350" VPOS="323" HEIGHT="10" WIDTH="2810">
            <SP ID="Textword_3" HPOS="350" VPOS="323" />
            <String ID="Textword_8" HPOS="350" VPOS="323" HEIGHT="10" WIDTH="2810" CONTENT=" " WC="0.95" />
          </TextLine>
        </TextBlock>
        <TextBlock ID="TextBlock_5" HPOS="2700" VPOS="390" HEIGHT="81" WIDTH="439">
          <TextLine ID="TextLine_5" HPOS="2700" VPOS="390" HEIGHT="81" WIDTH="439">
            <String ID="Textword_9" HPOS="2700" VPOS="390" HEIGHT="81" WIDTH="439" CONTENT="Kopierbureau" WC="0.91" />
          </TextLine>
        </TextBlock>
        <TextBlock ID="TextBlock_6" HPOS="2640" VPOS="475" HEIGHT="133" WIDTH="559">
          <TextLine ID="TextLine_6" HPOS="2641" VPOS="475" HEIGHT="37" WIDTH="556">
            <String ID="Textword_10" HPOS="2641" VPOS="475" HEIGHT="28" WIDTH="238" CONTENT="Steinmann" WC="0.78" />
            <String ID="Textword_11" HPOS="2910" VPOS="475" HEIGHT="28" WIDTH="35" CONTENT="&amp;" WC="0.92" />
            <String ID="Textword_12" HPOS="2971" VPOS="475" HEIGHT="34" WIDTH="111" CONTENT="Erni," WC="0.89" />
            <String ID="Textword_13" HPOS="3120" VPOS="485" HEIGHT="27" WIDTH="77" CONTENT="gegr." WC="0.84" />
          </TextLine>
          <TextLine ID="TextLine_7" HPOS="2641" VPOS="510" HEIGHT="35" WIDTH="557">
            <String ID="Textword_14" HPOS="2641" VPOS="511" HEIGHT="33" WIDTH="78" CONTENT="1892," WC="0.93" />
            <String ID="Textword_15" HPOS="2735" VPOS="512" HEIGHT="26" WIDTH="206" CONTENT="Bärsenstrasse" WC="0.59" />
            <String ID="Textword_16" HPOS="2953" VPOS="511" HEIGHT="34" WIDTH="41" CONTENT="10," WC="0.96" />
            <String ID="Textword_17" HPOS="3007" VPOS="510" HEIGHT="30" WIDTH="147" CONTENT="Zürich" WC="0.58" />
            <String ID="Textword_18" HPOS="3166" VPOS="513" HEIGHT="28" WIDTH="32" CONTENT="T." WC="0.81" />
          </TextLine>
          <TextLine ID="TextLine_8" HPOS="2640" VPOS="530" HEIGHT="46" WIDTH="559">
            <String ID="Textword_19" HPOS="2640" VPOS="530" HEIGHT="44" WIDTH="330" CONTENT="Schreibmaschinenarb." WC="0.92" />
            <String ID="Textword_20" HPOS="3017" VPOS="547" HEIGHT="29" WIDTH="182" CONTENT="Vervielfält." WC="0.48" />
          </TextLine>
          <TextLine ID="TextLine_9" HPOS="2640" VPOS="583" HEIGHT="25" WIDTH="107">
            <String ID="Textword_21" HPOS="2640" VPOS="583" HEIGHT="25" WIDTH="107" CONTENT="Diktat." WC="0.91" />
          </TextLine>
        </TextBlock>
        <TextBlock ID="TextBlock_7" HPOS="2674" VPOS="666" HEIGHT="115" WIDTH="504">
          <TextLine ID="TextLine_10" HPOS="2674" VPOS="666" HEIGHT="115" WIDTH="504">
            <String ID="Textword_22" HPOS="2674" VPOS="666" HEIGHT="115" WIDTH="504" CONTENT="Buchführung." WC="0.92" />
          </TextLine>
        </TextBlock>
        <TextBlock ID="TextBlock_8" HPOS="2640" VPOS="788" HEIGHT="397" WIDTH="560">
          <TextLine ID="TextLine_11" HPOS="2676" VPOS="788" HEIGHT="35" WIDTH="522">
            <String ID="Textword_23" HPOS="2676" VPOS="788" HEIGHT="35" WIDTH="169" CONTENT="Neuanlage," WC="0.92" />
            <String ID="Textword_24" HPOS="2882" VPOS="788" HEIGHT="32" WIDTH="137" CONTENT="Revision," WC="0.84" />
            <String ID="Textword_25" HPOS="3064" VPOS="788" HEIGHT="27" WIDTH="134" CONTENT="Nachtra-" WC="0.56" />
          </TextLine>
          <TextLine ID="TextLine_12" HPOS="2640" VPOS="824" HEIGHT="35" WIDTH="559">
            <String ID="Textword_26" HPOS="2640" VPOS="832" HEIGHT="27" WIDTH="87" CONTENT="gung," WC="0.91" />
            <String ID="Textword_27" HPOS="2755" VPOS="810" HEIGHT="41" WIDTH="108" CONTENT="Ordnen" WC="0.92" />
            <String ID="Textword_28" HPOS="2892" VPOS="824" HEIGHT="26" WIDTH="55" CONTENT="und" WC="0.93" />
            <String ID="Textword_29" HPOS="2966" VPOS="824" HEIGHT="26" WIDTH="152" CONTENT="Abschluss" WC="0.91" />
            <String ID="Textword_30" HPOS="3146" VPOS="832" HEIGHT="18" WIDTH="53" CONTENT="von" WC="0.96" />
          </TextLine>
          <TextLine ID="TextLine_13" HPOS="2641" VPOS="846" HEIGHT="44" WIDTH="558">
            <String ID="Textword_31" HPOS="2641" VPOS="846" HEIGHT="40" WIDTH="265" CONTENT="Gescbäftsbtichern" WC="0.62" />
            <String ID="Textword_32" HPOS="2914" VPOS="869" HEIGHT="21" WIDTH="7" CONTENT=";" WC="0.69" />
            <String ID="Textword_33" HPOS="2947" VPOS="859" HEIGHT="27" WIDTH="127" CONTENT="Gewinn-" WC="0.91" />
            <String ID="Textword_34" HPOS="3095" VPOS="868" HEIGHT="17" WIDTH="25" CONTENT="nu." WC="0.23" />
            <String ID="Textword_35" HPOS="3134" VPOS="860" HEIGHT="25" WIDTH="65" CONTENT="Ver-" WC="0.91" />
          </TextLine>
          <TextLine ID="TextLine_14" HPOS="2640" VPOS="895" HEIGHT="34" WIDTH="560">
            <String ID="Textword_36" HPOS="2640" VPOS="896" HEIGHT="33" WIDTH="241" CONTENT="lustrechnungen," WC="0.91" />
            <String ID="Textword_37" HPOS="2906" VPOS="880" HEIGHT="41" WIDTH="132" CONTENT="Bilanzen" WC="0.92" />
            <String ID="Textword_38" HPOS="3057" VPOS="896" HEIGHT="25" WIDTH="57" CONTENT="und" WC="0.88" />
            <String ID="Textword_39" HPOS="3133" VPOS="895" HEIGHT="26" WIDTH="67" CONTENT="Gut-" WC="0.93" />
          </TextLine>
          <TextLine ID="TextLine_15" HPOS="2642" VPOS="930" HEIGHT="34" WIDTH="556">
            <String ID="Textword_40" HPOS="2642" VPOS="931" HEIGHT="26" WIDTH="96" CONTENT="achten" WC="0.92" />
            <String ID="Textword_41" HPOS="2762" VPOS="931" HEIGHT="26" WIDTH="46" CONTENT="für" WC="0.93" />
            <String ID="Textword_42" HPOS="2829" VPOS="930" HEIGHT="34" WIDTH="137" CONTENT="Gewerbe," WC="0.91" />
            <String ID="Textword_43" HPOS="2988" VPOS="930" HEIGHT="34" WIDTH="105" CONTENT="Hotels," WC="0.91" />
            <String ID="Textword_44" HPOS="3123" VPOS="931" HEIGHT="25" WIDTH="75" CONTENT="Han-" WC="0.91" />
          </TextLine>
          <TextLine ID="TextLine_16" HPOS="2641" VPOS="951" HEIGHT="48" WIDTH="557">
            <String ID="Textword_45" HPOS="2641" VPOS="966" HEIGHT="25" WIDTH="56" CONTENT="del-" WC="0.84" />
            <String ID="Textword_46" HPOS="2714" VPOS="967" HEIGHT="26" WIDTH="66" CONTENT="uud" WC="0.72" />
            <String ID="Textword_47" HPOS="2809" VPOS="951" HEIGHT="48" WIDTH="255" CONTENT="Fabrikgeschäfte," WC="0.89" />
            <String ID="Textword_48" HPOS="3088" VPOS="960" HEIGHT="32" WIDTH="110" CONTENT="Gesell-" WC="0.07" />
          </TextLine>
          <TextLine ID="TextLine_17" HPOS="2641" VPOS="1001" HEIGHT="35" WIDTH="559">
            <String ID="Textword_49" HPOS="2641" VPOS="1001" HEIGHT="27" WIDTH="124" CONTENT="schaften" WC="0.88" />
            <String ID="Textword_50" HPOS="2793" VPOS="1002" HEIGHT="34" WIDTH="79" CONTENT="jeder" WC="0.91" />
            <String ID="Textword_51" HPOS="2902" VPOS="1003" HEIGHT="25" WIDTH="59" CONTENT="Art." WC="0.93" />
            <String ID="Textword_52" HPOS="2999" VPOS="1001" HEIGHT="26" WIDTH="113" CONTENT="Diskret" WC="0.92" />
            <String ID="Textword_53" HPOS="3143" VPOS="1001" HEIGHT="27" WIDTH="57" CONTENT="und" WC="0.96" />
          </TextLine>
          <TextLine ID="TextLine_18" HPOS="2641" VPOS="1037" HEIGHT="33" WIDTH="204">
            <String ID="Textword_54" HPOS="2641" VPOS="1037" HEIGHT="33" WIDTH="204" CONTENT="gewissenhaft." WC="0.91" />
          </TextLine>
          <TextLine ID="TextLine_19" HPOS="2698" VPOS="1073" HEIGHT="33" WIDTH="449">
            <String ID="Textword_55" HPOS="2698" VPOS="1073" HEIGHT="33" WIDTH="43" CONTENT="C." WC="0.90" />
            <String ID="Textword_56" HPOS="2758" VPOS="1073" HEIGHT="32" WIDTH="49" CONTENT="A." WC="0.94" />
            <String ID="Textword_57" HPOS="2824" VPOS="1073" HEIGHT="32" WIDTH="48" CONTENT="©." WC="0.87" />
            <String ID="Textword_58" HPOS="2892" VPOS="1073" HEIGHT="33" WIDTH="255" CONTENT="Gademann" WC="0.89" />
          </TextLine>
          <TextLine ID="TextLine_20" HPOS="2814" VPOS="1117" HEIGHT="26" WIDTH="212">
            <String ID="Textword_59" HPOS="2814" VPOS="1117" HEIGHT="26" WIDTH="212" CONTENT="Bücherrevisor" WC="0.89" />
          </TextLine>
          <TextLine ID="TextLine_21" HPOS="2685" VPOS="1151" HEIGHT="34" WIDTH="469">
            <String ID="Textword_60" HPOS="2685" VPOS="1151" HEIGHT="28" WIDTH="147" CONTENT="Zürich" WC="0.92" />
            <String ID="Textword_61" HPOS="2851" VPOS="1152" HEIGHT="33" WIDTH="32" CONTENT="E," WC="0.56" />
            <String ID="Textword_62" HPOS="2904" VPOS="1152" HEIGHT="27" WIDTH="189" CONTENT="Gessnerallee" WC="0.92" />
            <String ID="Textword_63" HPOS="3113" VPOS="1152" HEIGHT="25" WIDTH="41" CONTENT="50." WC="0.96" />
          </TextLine>
        </TextBlock>
        <TextBlock ID="TextBlock_9" HPOS="2680" VPOS="1235" HEIGHT="67" WIDTH="493">
          <TextLine ID="TextLine_22" HPOS="2680" VPOS="1235" HEIGHT="67" WIDTH="493">
            <String ID="Textword_64" HPOS="2680" VPOS="1235" HEIGHT="67" WIDTH="493" CONTENT="Buchhaltung." WC="0.91" />
          </TextLine>
        </TextBlock>
        <TextBlock ID="TextBlock_10" HPOS="2641" VPOS="1303" HEIGHT="281" WIDTH="560">
          <TextLine ID="TextLine_23" HPOS="2643" VPOS="1303" HEIGHT="34" WIDTH="556">
            <String ID="Textword_65" HPOS="2643" VPOS="1305" HEIGHT="25" WIDTH="69" CONTENT="nach" WC="0.96" />
            <String ID="Textword_66" HPOS="2732" VPOS="1305" HEIGHT="26" WIDTH="69" CONTENT="allen" WC="0.93" />
            <String ID="Textword_67" HPOS="2816" VPOS="1305" HEIGHT="32" WIDTH="142" CONTENT="Systemen" WC="0.91" />
            <String ID="Textword_68" HPOS="2977" VPOS="1304" HEIGHT="26" WIDTH="53" CONTENT="und" WC="0.93" />
            <String ID="Textword_69" HPOS="3042" VPOS="1303" HEIGHT="34" WIDTH="90" CONTENT="jedem" WC="0.92" />
            <String ID="Textword_70" HPOS="3148" VPOS="1303" HEIGHT="26" WIDTH="51" CONTENT="Ge-" WC="0.92" />
          </TextLine>
          <TextLine ID="TextLine_24" HPOS="2642" VPOS="1339" HEIGHT="34" WIDTH="559">
            <String ID="Textword_71" HPOS="2642" VPOS="1339" HEIGHT="26" WIDTH="208" CONTENT="schäftsbetrieb" WC="0.50" />
            <String ID="Textword_72" HPOS="2908" VPOS="1343" HEIGHT="30" WIDTH="155" CONTENT="angepasst," WC="0.82" />
            <String ID="Textword_73" HPOS="3115" VPOS="1339" HEIGHT="26" WIDTH="86" CONTENT="Nach-" WC="0.77" />
          </TextLine>
          <TextLine ID="TextLine_25" HPOS="2642" VPOS="1374" HEIGHT="35" WIDTH="558">
            <String ID="Textword_74" HPOS="2642" VPOS="1381" HEIGHT="28" WIDTH="120" CONTENT="tragung" WC="0.90" />
            <String ID="Textword_75" HPOS="2802" VPOS="1383" HEIGHT="18" WIDTH="52" CONTENT="von" WC="0.93" />
            <String ID="Textword_76" HPOS="2900" VPOS="1375" HEIGHT="32" WIDTH="130" CONTENT="Büchern," WC="0.92" />
            <String ID="Textword_77" HPOS="3080" VPOS="1374" HEIGHT="27" WIDTH="120" CONTENT="Bücher-" WC="0.68" />
          </TextLine>
          <TextLine ID="TextLine_26" HPOS="2642" VPOS="1410" HEIGHT="33" WIDTH="555">
            <String ID="Textword_78" HPOS="2642" VPOS="1418" HEIGHT="18" WIDTH="32" CONTENT="ex" WC="0.93" />
            <String ID="Textword_79" HPOS="2694" VPOS="1413" HEIGHT="23" WIDTH="100" CONTENT="ertisen" WC="0.90" />
            <String ID="Textword_80" HPOS="2839" VPOS="1410" HEIGHT="26" WIDTH="54" CONTENT="und" WC="0.89" />
            <String ID="Textword_81" HPOS="2941" VPOS="1411" HEIGHT="32" WIDTH="157" CONTENT="Erstellung" WC="0.54" />
            <String ID="Textword_82" HPOS="3145" VPOS="1418" HEIGHT="17" WIDTH="52" CONTENT="von" WC="0.95" />
          </TextLine>
          <TextLine ID="TextLine_27" HPOS="2643" VPOS="1445" HEIGHT="34" WIDTH="557">
            <String ID="Textword_83" HPOS="2643" VPOS="1446" HEIGHT="26" WIDTH="131" CONTENT="Bilanzen" WC="0.91" />
            <String ID="Textword_84" HPOS="2802" VPOS="1445" HEIGHT="34" WIDTH="112" CONTENT="besorgt" WC="0.91" />
            <String ID="Textword_85" HPOS="2942" VPOS="1445" HEIGHT="34" WIDTH="170" CONTENT="zuverlässig" WC="0.91" />
            <String ID="Textword_86" HPOS="3145" VPOS="1445" HEIGHT="27" WIDTH="55" CONTENT="und" WC="0.96" />
          </TextLine>
          <TextLine ID="TextLine_28" HPOS="2641" VPOS="1479" HEIGHT="35" WIDTH="559">
            <String ID="Textword_87" HPOS="2641" VPOS="1479" HEIGHT="35" WIDTH="432" CONTENT="diskretE.Muggli-Isler," WC="0.12" />
            <String ID="Textword_88" HPOS="3082" VPOS="1480" HEIGHT="27" WIDTH="118" CONTENT="Bücher-" WC="0.91" />
          </TextLine>
          <TextLine ID="TextLine_29" HPOS="2642" VPOS="1516" HEIGHT="34" WIDTH="558">
            <String ID="Textword_89" HPOS="2642" VPOS="1519" HEIGHT="31" WIDTH="110" CONTENT="experte" WC="0.93" />
            <String ID="Textword_90" HPOS="2766" VPOS="1517" HEIGHT="33" WIDTH="83" CONTENT="ehem" WC="0.84" />
            <String ID="Textword_91" HPOS="2853" VPOS="1516" HEIGHT="26" WIDTH="155" CONTENT="Prokurist" WC="0.86" />
            <String ID="Textword_92" HPOS="3016" VPOS="1516" HEIGHT="26" WIDTH="46" CONTENT="der" WC="0.85" />
            <String ID="Textword_93" HPOS="3069" VPOS="1516" HEIGHT="26" WIDTH="131" CONTENT="Schweiz." WC="0.85" />
          </TextLine>
          <TextLine ID="TextLine_30" HPOS="2644" VPOS="1550" HEIGHT="34" WIDTH="424">
            <String ID="Textword_94" HPOS="2644" VPOS="1553" HEIGHT="31" WIDTH="171" CONTENT="Volksoank)" WC="0.59" />
            <String ID="Textword_95" HPOS="2834" VPOS="1550" HEIGHT="28" WIDTH="144" CONTENT="Zürich" WC="0.17" />
            <String ID="Textword_96" HPOS="3001" VPOS="1550" HEIGHT="28" WIDTH="67" CONTENT="IV." WC="0.86" />
          </TextLine>
        </TextBlock>
        <TextBlock ID="TextBlock_11" HPOS="2721" VPOS="1635" HEIGHT="134" WIDTH="426">
          <TextLine ID="TextLine_31" HPOS="2721" VPOS="1635" HEIGHT="134" WIDTH="426">
            <String ID="Textword_97" HPOS="2721" VPOS="1635" HEIGHT="134" WIDTH="426" CONTENT="Modelle" WC="0.86" />
          </TextLine>
        </TextBlock>
        <TextBlock ID="TextBlock_12" HPOS="2642" VPOS="1788" HEIGHT="283" WIDTH="558">
          <TextLine ID="TextLine_32" HPOS="2643" VPOS="1788" HEIGHT="38" WIDTH="557">
            <String ID="Textword_98" HPOS="2643" VPOS="1794" HEIGHT="32" WIDTH="84" CONTENT="8&amp;-" WC="0.25" />
            <String ID="Textword_99" HPOS="2747" VPOS="1792" HEIGHT="27" WIDTH="46" CONTENT="für" WC="0.93" />
            <String ID="Textword_100" HPOS="2812" VPOS="1788" HEIGHT="30" WIDTH="170" CONTENT="Giessereien" WC="0.91" />
            <String ID="Textword_101" HPOS="3007" VPOS="1791" HEIGHT="27" WIDTH="56" CONTENT="und" WC="0.92" />
            <String ID="Textword_102" HPOS="3085" VPOS="1790" HEIGHT="27" WIDTH="115" CONTENT="Maschi-" WC="0.92" />
          </TextLine>
          <TextLine ID="TextLine_33" HPOS="2643" VPOS="1826" HEIGHT="36" WIDTH="557">
            <String ID="Textword_103" HPOS="2643" VPOS="1828" HEIGHT="34" WIDTH="188" CONTENT="nenfäbriken," WC="0.82" />
            <String ID="Textword_104" HPOS="2850" VPOS="1827" HEIGHT="27" WIDTH="83" CONTENT="sowie" WC="0.90" />
            <String ID="Textword_105" HPOS="2951" VPOS="1827" HEIGHT="26" WIDTH="46" CONTENT="für" WC="0.60" />
            <String ID="Textword_106" HPOS="3017" VPOS="1827" HEIGHT="27" WIDTH="96" CONTENT="Schul-" WC="0.91" />
            <String ID="Textword_107" HPOS="3143" VPOS="1826" HEIGHT="26" WIDTH="57" CONTENT="und" WC="0.96" />
          </TextLine>
          <TextLine ID="TextLine_34" HPOS="2642" VPOS="1862" HEIGHT="34" WIDTH="557">
            <String ID="Textword_108" HPOS="2642" VPOS="1864" HEIGHT="25" WIDTH="210" CONTENT="Patentzwecke" WC="0.91" />
            <String ID="Textword_109" HPOS="2880" VPOS="1863" HEIGHT="33" WIDTH="146" CONTENT="verfertigt" WC="0.91" />
            <String ID="Textword_110" HPOS="3054" VPOS="1862" HEIGHT="26" WIDTH="69" CONTENT="nach" WC="0.93" />
            <String ID="Textword_111" HPOS="3143" VPOS="1863" HEIGHT="24" WIDTH="56" CONTENT="ein-" WC="0.90" />
          </TextLine>
          <TextLine ID="TextLine_35" HPOS="2642" VPOS="1897" HEIGHT="35" WIDTH="558">
            <String ID="Textword_112" HPOS="2642" VPOS="1899" HEIGHT="33" WIDTH="147" CONTENT="gesandter" WC="0.92" />
            <String ID="Textword_113" HPOS="2816" VPOS="1899" HEIGHT="32" WIDTH="157" CONTENT="Zeichnung" WC="0.94" />
            <String ID="Textword_114" HPOS="3001" VPOS="1898" HEIGHT="26" WIDTH="66" CONTENT="oder" WC="0.94" />
            <String ID="Textword_115" HPOS="3097" VPOS="1897" HEIGHT="26" WIDTH="103" CONTENT="Muster" WC="0.94" />
          </TextLine>
          <TextLine ID="TextLine_36" HPOS="2644" VPOS="1932" HEIGHT="35" WIDTH="555">
            <String ID="Textword_116" HPOS="2644" VPOS="1934" HEIGHT="26" WIDTH="41" CONTENT="bei" WC="0.95" />
            <String ID="Textword_117" HPOS="2716" VPOS="1934" HEIGHT="33" WIDTH="140" CONTENT="billigsten" WC="0.94" />
            <String ID="Textword_118" HPOS="2885" VPOS="1934" HEIGHT="25" WIDTH="112" CONTENT="Preisen" WC="0.94" />
            <String ID="Textword_119" HPOS="3029" VPOS="1933" HEIGHT="26" WIDTH="57" CONTENT="und" WC="0.92" />
            <String ID="Textword_120" HPOS="3114" VPOS="1932" HEIGHT="25" WIDTH="85" CONTENT="tadel-" WC="0.92" />
          </TextLine>
          <TextLine ID="TextLine_37" HPOS="2642" VPOS="1969" HEIGHT="34" WIDTH="276">
            <String ID="Textword_121" HPOS="2642" VPOS="1970" HEIGHT="25" WIDTH="71" CONTENT="loser" WC="0.95" />
            <String ID="Textword_122" HPOS="2732" VPOS="1969" HEIGHT="34" WIDTH="186" CONTENT="Ausführung" WC="0.95" />
          </TextLine>
          <TextLine ID="TextLine_38" HPOS="2818" VPOS="2003" HEIGHT="32" WIDTH="225">
            <String ID="Textword_123" HPOS="2818" VPOS="2003" HEIGHT="28" WIDTH="48" CONTENT="A." WC="0.92" />
            <String ID="Textword_124" HPOS="2876" VPOS="2003" HEIGHT="32" WIDTH="167" CONTENT="Locher," WC="0.93" />
          </TextLine>
          <TextLine ID="TextLine_39" HPOS="2726" VPOS="2038" HEIGHT="33" WIDTH="473">
            <String ID="Textword_125" HPOS="2726" VPOS="2040" HEIGHT="26" WIDTH="85" CONTENT="mech." WC="0.91" />
            <String ID="Textword_126" HPOS="2826" VPOS="2038" HEIGHT="33" WIDTH="274" CONTENT="Modellschreinerei," WC="0.91" />
            <String ID="Textword_127" HPOS="3122" VPOS="2038" HEIGHT="26" WIDTH="77" CONTENT="Bern." WC="0.95" />
          </TextLine>
        </TextBlock>
        <TextBlock ID="TextBlock_13" HPOS="2708" VPOS="2147" HEIGHT="307" WIDTH="448">
          <TextLine ID="TextLine_40" HPOS="2708" VPOS="2147" HEIGHT="74" WIDTH="437">
            <String ID="Textword_128" HPOS="2708" VPOS="2147" HEIGHT="74" WIDTH="437" CONTENT="SA" WC="0.36" />
          </TextLine>
          <TextLine ID="TextLine_41" HPOS="2709" VPOS="2213" HEIGHT="60" WIDTH="443">
            <String ID="Textword_129" HPOS="2709" VPOS="2213" HEIGHT="60" WIDTH="443" CONTENT="SE" WC="0.42" />
          </TextLine>
          <TextLine ID="TextLine_42" HPOS="2710" VPOS="2270" HEIGHT="38" WIDTH="429">
            <String ID="Textword_130" HPOS="2710" VPOS="2270" HEIGHT="38" WIDTH="209" CONTENT="N" WC="0.25" />
            <String ID="Textword_131" HPOS="2928" VPOS="2272" HEIGHT="33" WIDTH="211" CONTENT="aa" WC="0.19" />
          </TextLine>
          <TextLine ID="TextLine_43" HPOS="2709" VPOS="2312" HEIGHT="52" WIDTH="378">
            <String ID="Textword_132" HPOS="2709" VPOS="2312" HEIGHT="52" WIDTH="417" CONTENT="de" WC="0.41" />
          </TextLine>
          <TextLine ID="TextLine_44" HPOS="2708" VPOS="2365" HEIGHT="89" WIDTH="448">
            <String ID="Textword_133" HPOS="2710" VPOS="2372" HEIGHT="7" WIDTH="2" CONTENT="|" WC="0.46" />
            <String ID="Textword_134" HPOS="2708" VPOS="2365" HEIGHT="89" WIDTH="448" CONTENT="er" WC="0.33" />
          </TextLine>
        </TextBlock>
        <TextBlock ID="TextBlock_14" HPOS="2640" VPOS="637" HEIGHT="7" WIDTH="559">
          <TextLine ID="TextLine_45" HPOS="2640" VPOS="637" HEIGHT="7" WIDTH="559">
            <SP ID="Textword_4" HPOS="2640" VPOS="637" />
            <String ID="Textword_135" HPOS="2640" VPOS="637" HEIGHT="7" WIDTH="559" CONTENT=" " WC="0.95" />
          </TextLine>
        </TextBlock>
        <TextBlock ID="TextBlock_15" HPOS="2640" VPOS="1206" HEIGHT="6" WIDTH="560">
          <TextLine ID="TextLine_46" HPOS="2640" VPOS="1206" HEIGHT="6" WIDTH="560">
            <SP ID="Textword_5" HPOS="2640" VPOS="1206" />
            <String ID="Textword_136" HPOS="2640" VPOS="1206" HEIGHT="6" WIDTH="560" CONTENT=" " WC="0.95" />
          </TextLine>
        </TextBlock>
        <TextBlock ID="TextBlock_16" HPOS="2641" VPOS="1605" HEIGHT="7" WIDTH="559">
          <TextLine ID="TextLine_47" HPOS="2641" VPOS="1605" HEIGHT="7" WIDTH="559">
            <SP ID="Textword_6" HPOS="2641" VPOS="1605" />
            <String ID="Textword_137" HPOS="2641" VPOS="1605" HEIGHT="7" WIDTH="559" CONTENT=" " WC="0.95" />
          </TextLine>
        </TextBlock>
        <TextBlock ID="TextBlock_17" HPOS="2643" VPOS="2086" HEIGHT="13" WIDTH="559">
          <TextLine ID="TextLine_48" HPOS="2643" VPOS="2086" HEIGHT="13" WIDTH="559">
            <SP ID="Textword_7" HPOS="2643" VPOS="2086" />
            <String ID="Textword_138" HPOS="2643" VPOS="2086" HEIGHT="13" WIDTH="559" CONTENT=" " WC="0.95" />
          </TextLine>
        </TextBlock>
        <TextBlock ID="TextBlock_18" HPOS="2681" VPOS="2125" HEIGHT="311" WIDTH="523">
          <TextLine ID="TextLine_49" HPOS="2681" VPOS="2125" HEIGHT="194" WIDTH="523">
            <SP ID="Textword_8" HPOS="2681" VPOS="2125" />
            <String ID="Textword_139" HPOS="2681" VPOS="2125" HEIGHT="194" WIDTH="44" CONTENT="   " WC="0.95" />
            <SP ID="Textword_9" HPOS="3163" VPOS="2233" />
            <String ID="Textword_140" HPOS="3163" VPOS="2233" HEIGHT="86" WIDTH="41" CONTENT="  " WC="0.95" />
          </TextLine>
          <TextLine ID="TextLine_50" HPOS="2682" VPOS="2319" HEIGHT="117" WIDTH="522">
            <SP ID="Textword_10" HPOS="2682" VPOS="2319" />
            <String ID="Textword_141" HPOS="2682" VPOS="2319" HEIGHT="117" WIDTH="522" CONTENT="     " WC="0.95" />
          </TextLine>
        </TextBlock>
        <TextBlock ID="TextBlock_19" HPOS="519" VPOS="394" HEIGHT="1930" WIDTH="2685">
          <TextLine ID="TextLine_51" HPOS="519" VPOS="394" HEIGHT="1930" WIDTH="2685">
            <SP ID="Textword_11" HPOS="519" VPOS="394" />
            <String ID="Textword_142" HPOS="519" VPOS="394" HEIGHT="1930" WIDTH="2685" CONTENT=" " WC="0.95" />
          </TextLine>
        </TextBlock>
        <TextBlock ID="TextBlock_20" HPOS="516" VPOS="1024" HEIGHT="1306" WIDTH="19">
          <TextLine ID="TextLine_52" HPOS="516" VPOS="1024" HEIGHT="1306" WIDTH="19">
            <SP ID="Textword_12" HPOS="516" VPOS="1024" />
            <String ID="Textword_143" HPOS="516" VPOS="1024" HEIGHT="1306" WIDTH="19" CONTENT=" " WC="0.95" />
          </TextLine>
        </TextBlock>
        <TextBlock ID="TextBlock_21" HPOS="597" VPOS="2372" HEIGHT="219" WIDTH="2589">
          <TextLine ID="TextLine_53" HPOS="597" VPOS="2372" HEIGHT="127" WIDTH="1720">
            <String ID="Textword_144" HPOS="597" VPOS="2379" HEIGHT="70" WIDTH="708" CONTENT="ALLEINVERKAUF" WC="0.91" />
            <String ID="Textword_145" HPOS="1364" VPOS="2379" HEIGHT="68" WIDTH="170" CONTENT="UND" WC="0.95" />
            <String ID="Textword_146" HPOS="1598" VPOS="2372" HEIGHT="127" WIDTH="719" CONTENT="GENERALDEPOT" WC="0.84" />
          </TextLine>
          <TextLine ID="TextLine_54" HPOS="1149" VPOS="2452" HEIGHT="139" WIDTH="2037">
            <String ID="Textword_147" HPOS="1149" VPOS="2496" HEIGHT="66" WIDTH="97" CONTENT="für" WC="0.94" />
            <String ID="Textword_148" HPOS="1294" VPOS="2496" HEIGHT="65" WIDTH="95" CONTENT="die" WC="0.96" />
            <String ID="Textword_149" HPOS="1439" VPOS="2495" HEIGHT="68" WIDTH="314" CONTENT="Schweiz:" WC="0.90" />
            <String ID="Textword_150" HPOS="2300" VPOS="2513" HEIGHT="2" WIDTH="3" CONTENT=":" WC="0.05" />
            <String ID="Textword_151" HPOS="2646" VPOS="2452" HEIGHT="139" WIDTH="238" CONTENT="Clichés" WC="0.77" />
            <String ID="Textword_152" HPOS="2907" VPOS="2491" HEIGHT="84" WIDTH="279" CONTENT="Holzschnitt" WC="0.89" />
          </TextLine>
        </TextBlock>
        <TextBlock ID="TextBlock_22" HPOS="562" VPOS="2587" HEIGHT="142" WIDTH="2614">
          <TextLine ID="TextLine_55" HPOS="562" VPOS="2587" HEIGHT="142" WIDTH="2614">
            <String ID="Textword_153" HPOS="562" VPOS="2609" HEIGHT="99" WIDTH="246" CONTENT="ROB." WC="0.62" />
            <String ID="Textword_154" HPOS="871" VPOS="2609" HEIGHT="119" WIDTH="364" CONTENT="JACOB" WC="0.88" />
            <String ID="Textword_155" HPOS="1305" VPOS="2616" HEIGHT="89" WIDTH="69" CONTENT="&amp;" WC="0.92" />
            <String ID="Textword_156" HPOS="1446" VPOS="2609" HEIGHT="120" WIDTH="121" CONTENT="Ce," WC="0.76" />
            <String ID="Textword_157" HPOS="1643" VPOS="2602" HEIGHT="101" WIDTH="708" CONTENT="WINTERTHUR" WC="0.96" />
            <String ID="Textword_158" HPOS="2672" VPOS="2651" HEIGHT="43" WIDTH="81" CONTENT="Sa" WC="0.60" />
            <String ID="Textword_159" HPOS="2644" VPOS="2587" HEIGHT="115" WIDTH="354" CONTENT="Bungie," WC="0.00" />
            <String ID="Textword_160" HPOS="3002" VPOS="2587" HEIGHT="106" WIDTH="134" CONTENT="Tit" WC="0.37" />
            <String ID="Textword_161" HPOS="3141" VPOS="2614" HEIGHT="78" WIDTH="35" CONTENT="I" WC="0.40" />
          </TextLine>
        </TextBlock>
        <TextBlock ID="TextBlock_23" HPOS="2733" VPOS="2702" HEIGHT="26" WIDTH="383">
          <TextLine ID="TextLine_56" HPOS="2733" VPOS="2702" HEIGHT="26" WIDTH="383">
            <String ID="Textword_162" HPOS="2733" VPOS="2713" HEIGHT="6" WIDTH="53" CONTENT="—" WC="0.68" />
            <String ID="Textword_163" HPOS="2800" VPOS="2703" HEIGHT="25" WIDTH="117" CONTENT="Telephon" WC="0.79" />
            <String ID="Textword_164" HPOS="2933" VPOS="2703" HEIGHT="20" WIDTH="38" CONTENT="Nr." WC="0.96" />
            <String ID="Textword_165" HPOS="2987" VPOS="2702" HEIGHT="20" WIDTH="62" CONTENT="7508." WC="0.85" />
            <String ID="Textword_166" HPOS="3063" VPOS="2712" HEIGHT="6" WIDTH="53" CONTENT="—" WC="0.61" />
          </TextLine>
        </TextBlock>
        <TextBlock ID="TextBlock_24" HPOS="1636" VPOS="2930" HEIGHT="129" WIDTH="834">
          <TextLine ID="TextLine_57" HPOS="1636" VPOS="2930" HEIGHT="129" WIDTH="834">
            <String ID="Textword_167" HPOS="1636" VPOS="2930" HEIGHT="129" WIDTH="834" CONTENT="EINLADUNG" WC="0.90" />
          </TextLine>
        </TextBlock>
        <TextBlock ID="TextBlock_25" HPOS="1639" VPOS="3142" HEIGHT="68" WIDTH="830">
          <TextLine ID="TextLine_58" HPOS="1642" VPOS="3142" HEIGHT="32" WIDTH="827">
            <String ID="Textword_168" HPOS="1642" VPOS="3148" HEIGHT="26" WIDTH="65" CONTENT="DIE" WC="0.93" />
            <String ID="Textword_169" HPOS="1727" VPOS="3146" HEIGHT="27" WIDTH="358" CONTENT="UNTERZFICHNETE" WC="0.91" />
            <String ID="Textword_170" HPOS="2105" VPOS="3142" HEIGHT="29" WIDTH="364" CONTENT="KUNSTANSTALT" WC="0.91" />
          </TextLine>
          <TextLine ID="TextLine_59" HPOS="1639" VPOS="3178" HEIGHT="32" WIDTH="830">
            <String ID="Textword_171" HPOS="1639" VPOS="3182" HEIGHT="28" WIDTH="227" CONTENT="EMPFIEHLT" WC="0.91" />
            <String ID="Textword_172" HPOS="1880" VPOS="3181" HEIGHT="27" WIDTH="90" CONTENT="SICH" WC="0.92" />
            <String ID="Textword_173" HPOS="1985" VPOS="3182" HEIGHT="26" WIDTH="79" CONTENT="ZUR" WC="0.91" />
            <String ID="Textword_174" HPOS="2078" VPOS="3179" HEIGHT="28" WIDTH="293" CONTENT="ANFERTIGUNG" WC="0.90" />
            <String ID="Textword_175" HPOS="2386" VPOS="3178" HEIGHT="27" WIDTH="83" CONTENT="VON" WC="0.96" />
          </TextLine>
        </TextBlock>
        <TextBlock ID="TextBlock_26" HPOS="2643" VPOS="2455" HEIGHT="7" WIDTH="559">
          <TextLine ID="TextLine_60" HPOS="2643" VPOS="2455" HEIGHT="7" WIDTH="559">
            <SP ID="Textword_13" HPOS="2643" VPOS="2455" />
            <String ID="Textword_176" HPOS="2643" VPOS="2455" HEIGHT="7" WIDTH="559" CONTENT=" " WC="0.95" />
          </TextLine>
        </TextBlock>
        <TextBlock ID="TextBlock_27" HPOS="306" VPOS="2741" HEIGHT="20" WIDTH="2311">
          <TextLine ID="TextLine_61" HPOS="306" VPOS="2741" HEIGHT="20" WIDTH="2311">
            <SP ID="Textword_14" HPOS="306" VPOS="2741" />
            <String ID="Textword_177" HPOS="306" VPOS="2741" HEIGHT="20" WIDTH="2311" CONTENT=" " WC="0.95" />
          </TextLine>
        </TextBlock>
        <TextBlock ID="TextBlock_28" HPOS="2647" VPOS="2748" HEIGHT="7" WIDTH="558">
          <TextLine ID="TextLine_62" HPOS="2647" VPOS="2748" HEIGHT="7" WIDTH="558">
            <SP ID="Textword_15" HPOS="2647" VPOS="2748" />
            <String ID="Textword_178" HPOS="2647" VPOS="2748" HEIGHT="7" WIDTH="558" CONTENT=" " WC="0.95" />
          </TextLine>
        </TextBlock>
        <TextBlock ID="TextBlock_29" HPOS="2662" VPOS="2787" HEIGHT="8" WIDTH="534">
          <TextLine ID="TextLine_63" HPOS="2662" VPOS="2787" HEIGHT="8" WIDTH="534">
            <SP ID="Textword_16" HPOS="2662" VPOS="2787" />
            <String ID="Textword_179" HPOS="2662" VPOS="2787" HEIGHT="8" WIDTH="534" CONTENT=" " WC="0.95" />
          </TextLine>
        </TextBlock>
        <TextBlock ID="TextBlock_30" HPOS="1536" VPOS="2830" HEIGHT="16" WIDTH="1012">
          <TextLine ID="TextLine_64" HPOS="1536" VPOS="2830" HEIGHT="16" WIDTH="1012">
            <SP ID="Textword_17" HPOS="1536" VPOS="2830" />
            <String ID="Textword_180" HPOS="1536" VPOS="2830" HEIGHT="16" WIDTH="1012" CONTENT=" " WC="0.95" />
          </TextLine>
        </TextBlock>
        <TextBlock ID="TextBlock_31" HPOS="1598" VPOS="2895" HEIGHT="11" WIDTH="900">
          <TextLine ID="TextLine_65" HPOS="1598" VPOS="2895" HEIGHT="11" WIDTH="900">
            <SP ID="Textword_18" HPOS="1598" VPOS="2895" />
            <String ID="Textword_181" HPOS="1598" VPOS="2895" HEIGHT="11" WIDTH="900" CONTENT=" " WC="0.95" />
          </TextLine>
        </TextBlock>
        <TextBlock ID="TextBlock_32" HPOS="1632" VPOS="3094" HEIGHT="9" WIDTH="849">
          <TextLine ID="TextLine_66" HPOS="1632" VPOS="3094" HEIGHT="9" WIDTH="849">
            <SP ID="Textword_19" HPOS="1632" VPOS="3094" />
            <String ID="Textword_182" HPOS="1632" VPOS="3094" HEIGHT="9" WIDTH="849" CONTENT=" " WC="0.95" />
          </TextLine>
        </TextBlock>
        <TextBlock ID="TextBlock_33" HPOS="827" VPOS="3079" HEIGHT="159" WIDTH="523">
          <TextLine ID="TextLine_67" HPOS="827" VPOS="3079" HEIGHT="159" WIDTH="523">
            <SP ID="Textword_20" HPOS="827" VPOS="3079" />
            <String ID="Textword_183" HPOS="827" VPOS="3079" HEIGHT="159" WIDTH="523" CONTENT=" " WC="0.95" />
          </TextLine>
        </TextBlock>
        <TextBlock ID="TextBlock_34" HPOS="614" VPOS="3242" HEIGHT="200" WIDTH="1707">
          <TextLine ID="TextLine_68" HPOS="1762" VPOS="3242" HEIGHT="53" WIDTH="558">
            <String ID="Textword_184" HPOS="1762" VPOS="3242" HEIGHT="53" WIDTH="558" CONTENT="REKLAMEPLAKATEN" WC="0.90" />
          </TextLine>
          <TextLine ID="TextLine_69" HPOS="653" VPOS="3294" HEIGHT="51" WIDTH="1667">
            <String ID="Textword_185" HPOS="653" VPOS="3296" HEIGHT="34" WIDTH="214" CONTENT="(Eingetragene" WC="0.92" />
            <String ID="Textword_186" HPOS="887" VPOS="3294" HEIGHT="32" WIDTH="206" CONTENT="Schutzmarke)" WC="0.91" />
            <String ID="Textword_187" HPOS="1763" VPOS="3296" HEIGHT="42" WIDTH="373" CONTENT="GESCHÂAFTSK" WC="0.56" />
            <String ID="Textword_188" HPOS="2138" VPOS="3296" HEIGHT="49" WIDTH="103" CONTENT="ART" WC="0.96" />
            <String ID="Textword_189" HPOS="2249" VPOS="3295" HEIGHT="38" WIDTH="71" CONTENT="EN" WC="0.95" />
          </TextLine>
          <TextLine ID="TextLine_70" HPOS="614" VPOS="3349" HEIGHT="43" WIDTH="1707">
            <String ID="Textword_190" HPOS="614" VPOS="3357" HEIGHT="35" WIDTH="241" CONTENT="Wirtschaftlich" WC="0.92" />
            <String ID="Textword_191" HPOS="882" VPOS="3356" HEIGHT="34" WIDTH="250" CONTENT="vorteilhafteste" WC="0.92" />
            <String ID="Textword_192" HPOS="1759" VPOS="3350" HEIGHT="41" WIDTH="214" CONTENT="ILLUSTR." WC="0.91" />
            <String ID="Textword_193" HPOS="2006" VPOS="3349" HEIGHT="39" WIDTH="315" CONTENT="KATALOGEN" WC="0.91" />
          </TextLine>
          <TextLine ID="TextLine_71" HPOS="1896" VPOS="3402" HEIGHT="40" WIDTH="310">
            <String ID="Textword_194" HPOS="1896" VPOS="3402" HEIGHT="40" WIDTH="310" CONTENT="KALENDERN" WC="0.91" />
          </TextLine>
        </TextBlock>
        <TextBlock ID="TextBlock_35" HPOS="671" VPOS="3421" HEIGHT="41" WIDTH="381">
          <TextLine ID="TextLine_72" HPOS="671" VPOS="3421" HEIGHT="41" WIDTH="381">
            <String ID="Textword_195" HPOS="671" VPOS="3421" HEIGHT="41" WIDTH="381" CONTENT="Verbrennungsmotoren" WC="0.92" />
          </TextLine>
        </TextBlock>
        <TextBlock ID="TextBlock_36" HPOS="2654" VPOS="2790" HEIGHT="714" WIDTH="548">
          <TextLine ID="TextLine_73" HPOS="2654" VPOS="2790" HEIGHT="714" WIDTH="548">
            <SP ID="Textword_21" HPOS="2654" VPOS="2790" />
            <String ID="Textword_196" HPOS="2654" VPOS="2790" HEIGHT="714" WIDTH="548" CONTENT=" " WC="0.95" />
          </TextLine>
        </TextBlock>
        <TextBlock ID="TextBlock_37" HPOS="1828" VPOS="3481" HEIGHT="29" WIDTH="458">
          <TextLine ID="TextLine_74" HPOS="1828" VPOS="3481" HEIGHT="29" WIDTH="458">
            <String ID="Textword_197" HPOS="1828" VPOS="3484" HEIGHT="26" WIDTH="123" CONTENT="SOWIE" WC="0.91" />
            <String ID="Textword_198" HPOS="1973" VPOS="3482" HEIGHT="26" WIDTH="130" CONTENT="ALLEN" WC="0.91" />
            <String ID="Textword_199" HPOS="2123" VPOS="3481" HEIGHT="26" WIDTH="163" CONTENT="ANDERN" WC="0.91" />
          </TextLine>
        </TextBlock>
        <TextBlock ID="TextBlock_38" HPOS="743" VPOS="3491" HEIGHT="55" WIDTH="1544">
          <TextLine ID="TextLine_75" HPOS="743" VPOS="3491" HEIGHT="27" WIDTH="274">
            <String ID="Textword_200" HPOS="743" VPOS="3499" HEIGHT="19" WIDTH="61" CONTENT="zum" WC="0.92" />
            <String ID="Textword_201" HPOS="823" VPOS="3491" HEIGHT="26" WIDTH="125" CONTENT="Betriebe" WC="0.92" />
            <String ID="Textword_202" HPOS="968" VPOS="3492" HEIGHT="24" WIDTH="49" CONTENT="mit" WC="0.95" />
          </TextLine>
          <TextLine ID="TextLine_76" HPOS="1825" VPOS="3516" HEIGHT="30" WIDTH="462">
            <String ID="Textword_203" HPOS="1825" VPOS="3516" HEIGHT="30" WIDTH="393" CONTENT="DRUCKARBEITEN" WC="0.90" />
            <String ID="Textword_204" HPOS="2246" VPOS="3516" HEIGHT="26" WIDTH="41" CONTENT="IN" WC="0.96" />
          </TextLine>
        </TextBlock>
        <TextBlock ID="TextBlock_39" HPOS="807" VPOS="3544" HEIGHT="34" WIDTH="145">
          <TextLine ID="TextLine_77" HPOS="807" VPOS="3544" HEIGHT="34" WIDTH="145">
            <String ID="Textword_205" HPOS="807" VPOS="3544" HEIGHT="34" WIDTH="145" CONTENT="billigen" WC="0.89" />
          </TextLine>
        </TextBlock>
        <TextBlock ID="TextBlock_40" HPOS="2652" VPOS="3530" HEIGHT="12" WIDTH="558">
          <TextLine ID="TextLine_78" HPOS="2652" VPOS="3530" HEIGHT="12" WIDTH="558">
            <SP ID="Textword_22" HPOS="2652" VPOS="3530" />
            <String ID="Textword_206" HPOS="2652" VPOS="3530" HEIGHT="12" WIDTH="558" CONTENT=" " WC="0.95" />
          </TextLine>
        </TextBlock>
        <TextBlock ID="TextBlock_41" HPOS="443" VPOS="3573" HEIGHT="405" WIDTH="2736">
          <TextLine ID="TextLine_79" HPOS="703" VPOS="3573" HEIGHT="127" WIDTH="2476">
            <String ID="Textword_207" HPOS="703" VPOS="3597" HEIGHT="97" WIDTH="350" CONTENT="eus" WC="0.24" />
            <String ID="Textword_208" HPOS="1672" VPOS="3575" HEIGHT="124" WIDTH="371" CONTENT="LICHTDRUCK." WC="0.19" />
            <String ID="Textword_209" HPOS="2054" VPOS="3573" HEIGHT="123" WIDTH="393" CONTENT="BUCHDRUCK" WC="0.59" />
            <String ID="Textword_210" HPOS="0" VPOS="0" HEIGHT="4984" WIDTH="3418" CONTENT="|" WC="0.83" />
            <String ID="Textword_211" HPOS="0" VPOS="0" HEIGHT="4984" WIDTH="3418" CONTENT="(M8" WC="0.43" />
            <String ID="Textword_212" HPOS="2682" VPOS="3589" HEIGHT="111" WIDTH="497" CONTENT="(degestron-Vorvirmer" WC="0.00" />
          </TextLine>
          <TextLine ID="TextLine_80" HPOS="561" VPOS="3719" HEIGHT="78" WIDTH="2387">
            <String ID="Textword_213" HPOS="561" VPOS="3763" HEIGHT="34" WIDTH="139" CONTENT="Alleinige" WC="0.91" />
            <String ID="Textword_214" HPOS="719" VPOS="3762" HEIGHT="26" WIDTH="183" CONTENT="Fabrikanten" WC="0.91" />
            <String ID="Textword_215" HPOS="922" VPOS="3760" HEIGHT="26" WIDTH="43" CONTENT="für" WC="0.96" />
            <String ID="Textword_216" HPOS="986" VPOS="3760" HEIGHT="26" WIDTH="42" CONTENT="die" WC="0.96" />
            <String ID="Textword_217" HPOS="1047" VPOS="3759" HEIGHT="26" WIDTH="133" CONTENT="Schweiz:" WC="0.96" />
            <String ID="Textword_218" HPOS="1721" VPOS="3732" HEIGHT="56" WIDTH="174" CONTENT="INDUSER" WC="0.57" />
            <String ID="Textword_219" HPOS="1901" VPOS="3732" HEIGHT="61" WIDTH="119" CONTENT="TELE" WC="0.00" />
            <String ID="Textword_220" HPOS="2013" VPOS="3730" HEIGHT="62" WIDTH="155" CONTENT="ALLER" WC="0.41" />
            <String ID="Textword_221" HPOS="2170" VPOS="3727" HEIGHT="64" WIDTH="230" CONTENT="SRANGHEN" WC="0.49" />
            <String ID="Textword_222" HPOS="2909" VPOS="3719" HEIGHT="69" WIDTH="39" CONTENT="ii" WC="0.45" />
          </TextLine>
          <TextLine ID="TextLine_81" HPOS="700" VPOS="3798" HEIGHT="96" WIDTH="2282">
            <String ID="Textword_223" HPOS="700" VPOS="3840" HEIGHT="22" WIDTH="43" CONTENT="2°" WC="0.61" />
            <String ID="Textword_224" HPOS="1646" VPOS="3843" HEIGHT="2" WIDTH="3" CONTENT=";" WC="0.05" />
            <String ID="Textword_225" HPOS="1842" VPOS="3803" HEIGHT="27" WIDTH="88" CONTENT="SICH" WC="0.96" />
            <String ID="Textword_226" HPOS="1954" VPOS="3803" HEIGHT="26" WIDTH="52" CONTENT="ZU." WC="0.96" />
            <String ID="Textword_227" HPOS="2031" VPOS="3800" HEIGHT="28" WIDTH="169" CONTENT="WENDEN" WC="0.95" />
            <String ID="Textword_228" HPOS="2224" VPOS="3798" HEIGHT="44" WIDTH="64" CONTENT="AN" WC="0.92" />
            <String ID="Textword_229" HPOS="2810" VPOS="3842" HEIGHT="52" WIDTH="99" CONTENT="if" WC="0.25" />
            <String ID="Textword_230" HPOS="2926" VPOS="3813" HEIGHT="43" WIDTH="56" CONTENT="Es" WC="0.22" />
          </TextLine>
          <TextLine ID="TextLine_82" HPOS="443" VPOS="3831" HEIGHT="147" WIDTH="2467">
            <String ID="Textword_231" HPOS="443" VPOS="3835" HEIGHT="138" WIDTH="483" CONTENT="Gebrüder" WC="0.96" />
            <String ID="Textword_232" HPOS="987" VPOS="3831" HEIGHT="130" WIDTH="343" CONTENT="Sulzer" WC="0.96" />
            <String ID="Textword_233" HPOS="0" VPOS="0" HEIGHT="4984" WIDTH="3418" CONTENT="BE" WC="0.00" />
            <String ID="Textword_234" HPOS="1635" VPOS="3872" HEIGHT="106" WIDTH="440" CONTENT="Puces" WC="0.00" />
            <String ID="Textword_235" HPOS="2121" VPOS="3869" HEIGHT="103" WIDTH="220" CONTENT="nommer" WC="0.43" />
            <String ID="Textword_236" HPOS="2392" VPOS="3869" HEIGHT="101" WIDTH="89" CONTENT="AG)" WC="0.40" />
            <String ID="Textword_237" HPOS="2684" VPOS="3838" HEIGHT="137" WIDTH="226" CONTENT="Bl" WC="0.00" />
          </TextLine>
        </TextBlock>
        <TextBlock ID="TextBlock_42" HPOS="3063" VPOS="3961" HEIGHT="29" WIDTH="73">
          <TextLine ID="TextLine_83" HPOS="3063" VPOS="3961" HEIGHT="29" WIDTH="73">
            <String ID="Textword_238" HPOS="3063" VPOS="3961" HEIGHT="29" WIDTH="73" CONTENT="höshste" WC="0.74" />
          </TextLine>
        </TextBlock>
        <TextBlock ID="TextBlock_43" HPOS="713" VPOS="3990" HEIGHT="50" WIDTH="2430">
          <TextLine ID="TextLine_84" HPOS="713" VPOS="3990" HEIGHT="50" WIDTH="2430">
            <String ID="Textword_239" HPOS="713" VPOS="3990" HEIGHT="36" WIDTH="325" CONTENT="WINTERTHUR." WC="0.95" />
            <String ID="Textword_240" HPOS="3058" VPOS="4005" HEIGHT="35" WIDTH="85" CONTENT="Leistung" WC="0.01" />
          </TextLine>
        </TextBlock>
        <TextBlock ID="TextBlock_44" HPOS="2492" VPOS="2832" HEIGHT="1232" WIDTH="9">
          <TextLine ID="TextLine_85" HPOS="2492" VPOS="2832" HEIGHT="1232" WIDTH="9">
            <SP ID="Textword_23" HPOS="2492" VPOS="2832" />
            <String ID="Textword_241" HPOS="2492" VPOS="2832" HEIGHT="1232" WIDTH="9" CONTENT=" " WC="0.95" />
          </TextLine>
        </TextBlock>
        <TextBlock ID="TextBlock_45" HPOS="1601" VPOS="2901" HEIGHT="1185" WIDTH="15">
          <TextLine ID="TextLine_86" HPOS="1601" VPOS="2901" HEIGHT="1185" WIDTH="15">
            <SP ID="Textword_24" HPOS="1601" VPOS="2901" />
            <String ID="Textword_242" HPOS="1601" VPOS="2901" HEIGHT="1185" WIDTH="15" CONTENT=" " WC="0.95" />
          </TextLine>
        </TextBlock>
        <TextBlock ID="TextBlock_46" HPOS="1637" VPOS="3981" HEIGHT="65" WIDTH="1194">
          <TextLine ID="TextLine_87" HPOS="1637" VPOS="3981" HEIGHT="65" WIDTH="1194">
            <String ID="Textword_243" HPOS="1637" VPOS="3995" HEIGHT="45" WIDTH="185" CONTENT="ZÜRICH" WC="0.93" />
            <String ID="Textword_244" HPOS="1854" VPOS="3999" HEIGHT="37" WIDTH="45" CONTENT="IV" WC="0.90" />
            <String ID="Textword_245" HPOS="2051" VPOS="3995" HEIGHT="41" WIDTH="350" CONTENT="CLAUSIUSSTR." WC="0.92" />
            <String ID="Textword_246" HPOS="2432" VPOS="3994" HEIGHT="39" WIDTH="45" CONTENT="21" WC="0.96" />
            <String ID="Textword_247" HPOS="2702" VPOS="3981" HEIGHT="65" WIDTH="129" CONTENT="pis" WC="0.23" />
          </TextLine>
        </TextBlock>
        <TextBlock ID="TextBlock_47" HPOS="1608" VPOS="4073" HEIGHT="13" WIDTH="892">
          <TextLine ID="TextLine_88" HPOS="1608" VPOS="4073" HEIGHT="13" WIDTH="892">
            <SP ID="Textword_25" HPOS="1608" VPOS="4073" />
            <String ID="Textword_248" HPOS="1608" VPOS="4073" HEIGHT="13" WIDTH="892" CONTENT=" " WC="0.95" />
          </TextLine>
        </TextBlock>
        <TextBlock ID="TextBlock_48" HPOS="2554" VPOS="2831" HEIGHT="1310" WIDTH="13">
          <TextLine ID="TextLine_89" HPOS="2554" VPOS="2831" HEIGHT="1310" WIDTH="13">
            <SP ID="Textword_26" HPOS="2554" VPOS="2831" />
            <String ID="Textword_249" HPOS="2554" VPOS="2831" HEIGHT="1310" WIDTH="13" CONTENT=" " WC="0.95" />
          </TextLine>
        </TextBlock>
        <TextBlock ID="TextBlock_49" HPOS="1537" VPOS="2837" HEIGHT="1309" WIDTH="20">
          <TextLine ID="TextLine_90" HPOS="1537" VPOS="2837" HEIGHT="1309" WIDTH="20">
            <SP ID="Textword_27" HPOS="1537" VPOS="2837" />
            <String ID="Textword_250" HPOS="1537" VPOS="2837" HEIGHT="1309" WIDTH="20" CONTENT=" " WC="0.95" />
          </TextLine>
        </TextBlock>
        <TextBlock ID="TextBlock_50" HPOS="1547" VPOS="4134" HEIGHT="16" WIDTH="1019">
          <TextLine ID="TextLine_91" HPOS="1547" VPOS="4134" HEIGHT="16" WIDTH="1019">
            <SP ID="Textword_28" HPOS="1547" VPOS="4134" />
            <String ID="Textword_251" HPOS="1547" VPOS="4134" HEIGHT="16" WIDTH="1019" CONTENT=" " WC="0.95" />
          </TextLine>
        </TextBlock>
        <TextBlock ID="TextBlock_51" HPOS="510" VPOS="4122" HEIGHT="81" WIDTH="748">
          <TextLine ID="TextLine_92" HPOS="510" VPOS="4122" HEIGHT="33" WIDTH="748">
            <String ID="Textword_252" HPOS="510" VPOS="4129" HEIGHT="26" WIDTH="52" CONTENT="Die" WC="0.93" />
            <String ID="Textword_253" HPOS="581" VPOS="4128" HEIGHT="27" WIDTH="124" CONTENT="Motoren" WC="0.92" />
            <String ID="Textword_254" HPOS="718" VPOS="4126" HEIGHT="27" WIDTH="106" CONTENT="werden" WC="0.96" />
            <String ID="Textword_255" HPOS="843" VPOS="4124" HEIGHT="27" WIDTH="28" CONTENT="in" WC="0.93" />
            <String ID="Textword_256" HPOS="886" VPOS="4125" HEIGHT="26" WIDTH="117" CONTENT="Grässen" WC="0.90" />
            <String ID="Textword_257" HPOS="1022" VPOS="4132" HEIGHT="18" WIDTH="53" CONTENT="von" WC="0.96" />
            <String ID="Textword_258" HPOS="1094" VPOS="4123" HEIGHT="26" WIDTH="34" CONTENT="20" WC="0.93" />
            <String ID="Textword_259" HPOS="1142" VPOS="4122" HEIGHT="28" WIDTH="67" CONTENT="P.S." WC="0.89" />
            <String ID="Textword_260" HPOS="1223" VPOS="4130" HEIGHT="19" WIDTH="35" CONTENT="an" WC="0.96" />
          </TextLine>
          <TextLine ID="TextLine_93" HPOS="724" VPOS="4169" HEIGHT="34" WIDTH="322">
            <String ID="Textword_261" HPOS="724" VPOS="4171" HEIGHT="26" WIDTH="130" CONTENT="aufwärts" WC="0.91" />
            <String ID="Textword_262" HPOS="874" VPOS="4169" HEIGHT="34" WIDTH="172" CONTENT="ausgeführt." WC="0.88" />
          </TextLine>
        </TextBlock>
        <TextBlock ID="TextBlock_52" HPOS="1470" VPOS="2771" HEIGHT="1447" WIDTH="73">
          <TextLine ID="TextLine_94" HPOS="1470" VPOS="2771" HEIGHT="1447" WIDTH="73">
            <SP ID="Textword_29" HPOS="1470" VPOS="2771" />
            <String ID="Textword_263" HPOS="1470" VPOS="2771" HEIGHT="1447" WIDTH="73" CONTENT=" " WC="0.95" />
          </TextLine>
        </TextBlock>
        <TextBlock ID="TextBlock_53" HPOS="1486" VPOS="4246" HEIGHT="14" WIDTH="1141">
          <TextLine ID="TextLine_95" HPOS="1486" VPOS="4246" HEIGHT="14" WIDTH="1141">
            <SP ID="Textword_30" HPOS="1486" VPOS="4246" />
            <String ID="Textword_264" HPOS="1486" VPOS="4246" HEIGHT="14" WIDTH="1141" CONTENT=" " WC="0.95" />
          </TextLine>
        </TextBlock>
        <TextBlock ID="TextBlock_54" HPOS="2872" VPOS="3738" HEIGHT="535" WIDTH="179">
          <TextLine ID="TextLine_96" HPOS="2872" VPOS="3738" HEIGHT="535" WIDTH="179">
            <SP ID="Textword_31" HPOS="2872" VPOS="3738" />
            <String ID="Textword_265" HPOS="2872" VPOS="3738" HEIGHT="535" WIDTH="179" CONTENT=" " WC="0.95" />
          </TextLine>
        </TextBlock>
        <TextBlock ID="TextBlock_55" HPOS="1459" VPOS="2767" HEIGHT="1558" WIDTH="18">
          <TextLine ID="TextLine_97" HPOS="1459" VPOS="2767" HEIGHT="1558" WIDTH="18">
            <SP ID="Textword_32" HPOS="1459" VPOS="2767" />
            <String ID="Textword_266" HPOS="1459" VPOS="2767" HEIGHT="1558" WIDTH="18" CONTENT=" " WC="0.95" />
          </TextLine>
        </TextBlock>
        <TextBlock ID="TextBlock_56" HPOS="2834" VPOS="4290" HEIGHT="25" WIDTH="159">
          <TextLine ID="TextLine_98" HPOS="2834" VPOS="4290" HEIGHT="25" WIDTH="159">
            <String ID="Textword_267" HPOS="2834" VPOS="4290" HEIGHT="25" WIDTH="127" CONTENT="Vertreter" WC="0.92" />
            <String ID="Textword_268" HPOS="2964" VPOS="4297" HEIGHT="18" WIDTH="29" CONTENT=":" WC="0.93" />
          </TextLine>
        </TextBlock>
        <TextBlock ID="TextBlock_57" HPOS="2693" VPOS="4333" HEIGHT="106" WIDTH="453">
          <TextLine ID="TextLine_99" HPOS="2734" VPOS="4333" HEIGHT="63" WIDTH="393">
            <String ID="Textword_269" HPOS="2734" VPOS="4335" HEIGHT="61" WIDTH="189" CONTENT="Schmassmann" WC="0.63" />
            <String ID="Textword_270" HPOS="2937" VPOS="4336" HEIGHT="42" WIDTH="18" CONTENT="&amp;" WC="0.93" />
            <String ID="Textword_271" HPOS="2970" VPOS="4333" HEIGHT="52" WIDTH="44" CONTENT="Go," WC="0.69" />
            <String ID="Textword_272" HPOS="3029" VPOS="4333" HEIGHT="45" WIDTH="98" CONTENT="Zürich," WC="0.94" />
          </TextLine>
          <TextLine ID="TextLine_100" HPOS="2693" VPOS="4387" HEIGHT="52" WIDTH="453">
            <String ID="Textword_273" HPOS="2693" VPOS="4388" HEIGHT="44" WIDTH="33" CONTENT="F." WC="0.88" />
            <String ID="Textword_274" HPOS="2744" VPOS="4387" HEIGHT="49" WIDTH="143" CONTENT="Mattick," WC="0.91" />
            <String ID="Textword_275" HPOS="2903" VPOS="4396" HEIGHT="38" WIDTH="101" CONTENT="Pulsuits" WC="0.61" />
            <String ID="Textword_276" HPOS="3016" VPOS="4398" HEIGHT="41" WIDTH="36" CONTENT="91," WC="0.75" />
            <String ID="Textword_277" HPOS="3065" VPOS="4397" HEIGHT="40" WIDTH="81" CONTENT="Sachs," WC="0.93" />
          </TextLine>
        </TextBlock>
        <TextBlock ID="TextBlock_58" HPOS="322" VPOS="4294" HEIGHT="450" WIDTH="2892">
          <TextLine ID="TextLine_101" HPOS="1524" VPOS="4294" HEIGHT="51" WIDTH="919">
            <String ID="Textword_278" HPOS="1524" VPOS="4294" HEIGHT="2" WIDTH="2" CONTENT="|" WC="0.78" />
            <String ID="Textword_279" HPOS="1700" VPOS="4324" HEIGHT="21" WIDTH="24" CONTENT="PS" WC="0.39" />
            <String ID="Textword_280" HPOS="1905" VPOS="4312" HEIGHT="17" WIDTH="24" CONTENT="Fa" WC="0.52" />
            <String ID="Textword_281" HPOS="2419" VPOS="4308" HEIGHT="9" WIDTH="24" CONTENT=".." WC="0.87" />
          </TextLine>
          <TextLine ID="TextLine_102" HPOS="1492" VPOS="4315" HEIGHT="149" WIDTH="1088">
            <String ID="Textword_282" HPOS="1492" VPOS="4315" HEIGHT="149" WIDTH="507" CONTENT="li" WC="0.23" />
            <String ID="Textword_283" HPOS="2033" VPOS="4323" HEIGHT="85" WIDTH="309" CONTENT="GUSTRAU" WC="0.37" />
            <String ID="Textword_284" HPOS="2349" VPOS="4321" HEIGHT="79" WIDTH="231" CONTENT="ZURICN" WC="0.33" />
          </TextLine>
          <TextLine ID="TextLine_103" HPOS="1996" VPOS="4410" HEIGHT="67" WIDTH="591">
            <String ID="Textword_285" HPOS="1996" VPOS="4417" HEIGHT="30" WIDTH="71" CONTENT="Unt." WC="0.89" />
            <String ID="Textword_286" HPOS="2080" VPOS="4415" HEIGHT="41" WIDTH="212" CONTENT="Mühßlesteg" WC="0.43" />
            <String ID="Textword_287" HPOS="2303" VPOS="4418" HEIGHT="28" WIDTH="30" CONTENT="8." WC="0.92" />
            <String ID="Textword_288" HPOS="2343" VPOS="4410" HEIGHT="46" WIDTH="159" CONTENT="Telephon" WC="0.87" />
            <String ID="Textword_289" HPOS="2511" VPOS="4416" HEIGHT="61" WIDTH="76" CONTENT="7908." WC="0.80" />
          </TextLine>
          <TextLine ID="TextLine_104" HPOS="391" VPOS="4512" HEIGHT="47" WIDTH="2823">
            <String ID="Textword_290" HPOS="391" VPOS="4531" HEIGHT="16" WIDTH="13" CONTENT="a" WC="0.76" />
            <String ID="Textword_291" HPOS="793" VPOS="4529" HEIGHT="16" WIDTH="13" CONTENT="a" WC="0.75" />
            <String ID="Textword_292" HPOS="1395" VPOS="4526" HEIGHT="15" WIDTH="13" CONTENT="a" WC="0.48" />
            <String ID="Textword_293" HPOS="1777" VPOS="4524" HEIGHT="32" WIDTH="139" CONTENT="Grösste" WC="0.90" />
            <String ID="Textword_294" HPOS="1939" VPOS="4523" HEIGHT="30" WIDTH="68" CONTENT="und" WC="0.96" />
            <String ID="Textword_295" HPOS="2034" VPOS="4521" HEIGHT="30" WIDTH="93" CONTENT="beste" WC="0.96" />
            <String ID="Textword_296" HPOS="2151" VPOS="4519" HEIGHT="40" WIDTH="241" CONTENT="Bezugsquelle." WC="0.90" />
            <String ID="Textword_297" HPOS="2425" VPOS="4518" HEIGHT="32" WIDTH="107" CONTENT="dieser" WC="0.96" />
            <String ID="Textword_298" HPOS="2565" VPOS="4516" HEIGHT="33" WIDTH="160" CONTENT="Branche." WC="0.93" />
            <String ID="Textword_299" HPOS="2758" VPOS="4535" HEIGHT="3" WIDTH="41" CONTENT="—" WC="0.93" />
            <String ID="Textword_300" HPOS="2830" VPOS="4516" HEIGHT="31" WIDTH="144" CONTENT="Neueste" WC="0.91" />
            <String ID="Textword_301" HPOS="3008" VPOS="4512" HEIGHT="33" WIDTH="206" CONTENT="Maschinen-" WC="0.91" />
          </TextLine>
          <TextLine ID="TextLine_105" HPOS="322" VPOS="4526" HEIGHT="152" WIDTH="2891">
            <String ID="Textword_302" HPOS="322" VPOS="4531" HEIGHT="116" WIDTH="223" CONTENT="Kıste" WC="0.91" />
            <String ID="Textword_303" HPOS="554" VPOS="4529" HEIGHT="115" WIDTH="306" CONTENT="nfabrik" WC="0.92" />
            <String ID="Textword_304" HPOS="974" VPOS="4568" HEIGHT="110" WIDTH="97" CONTENT="ud" WC="0.81" />
            <String ID="Textword_305" HPOS="1195" VPOS="4599" HEIGHT="42" WIDTH="145" CONTENT="a”:" WC="0.17" />
            <String ID="Textword_306" HPOS="1395" VPOS="4566" HEIGHT="73" WIDTH="70" CONTENT="in" WC="0.95" />
            <String ID="Textword_307" HPOS="1514" VPOS="4526" HEIGHT="150" WIDTH="186" CONTENT="Zug." WC="0.87" />
            <String ID="Textword_308" HPOS="1777" VPOS="4586" HEIGHT="35" WIDTH="272" CONTENT="Einrichtungen." WC="0.91" />
            <String ID="Textword_309" HPOS="2089" VPOS="4601" HEIGHT="4" WIDTH="42" CONTENT="—" WC="0.91" />
            <String ID="Textword_310" HPOS="2171" VPOS="4581" HEIGHT="34" WIDTH="91" CONTENT="Ganz" WC="0.91" />
            <String ID="Textword_311" HPOS="2306" VPOS="4591" HEIGHT="31" WIDTH="114" CONTENT="grosse" WC="0.93" />
            <String ID="Textword_312" HPOS="2453" VPOS="4581" HEIGHT="39" WIDTH="230" CONTENT="Lagerräume." WC="0.92" />
            <String ID="Textword_313" HPOS="2724" VPOS="4597" HEIGHT="4" WIDTH="41" CONTENT="—" WC="0.93" />
            <String ID="Textword_314" HPOS="2805" VPOS="4578" HEIGHT="39" WIDTH="144" CONTENT="Eigenes" WC="0.86" />
            <String ID="Textword_315" HPOS="2984" VPOS="4574" HEIGHT="40" WIDTH="229" CONTENT="Bahngeleise." WC="0.91" />
          </TextLine>
          <TextLine ID="TextLine_106" HPOS="1919" VPOS="4636" HEIGHT="42" WIDTH="1191">
            <String ID="Textword_316" HPOS="1919" VPOS="4645" HEIGHT="33" WIDTH="199" CONTENT="Telephonruf:" WC="0.88" />
            <String ID="Textword_317" HPOS="2137" VPOS="4643" HEIGHT="28" WIDTH="243" CONTENT="Kistenfabrik" WC="0.92" />
            <String ID="Textword_318" HPOS="2398" VPOS="4637" HEIGHT="39" WIDTH="123" CONTENT="Zug." WC="0.85" />
            <String ID="Textword_319" HPOS="3057" VPOS="4636" HEIGHT="26" WIDTH="53" CONTENT="214" WC="0.96" />
          </TextLine>
          <TextLine ID="TextLine_107" HPOS="1202" VPOS="4706" HEIGHT="38" WIDTH="1138">
            <String ID="Textword_320" HPOS="1202" VPOS="4711" HEIGHT="27" WIDTH="93" CONTENT="Druck" WC="0.96" />
            <String ID="Textword_321" HPOS="1313" VPOS="4711" HEIGHT="27" WIDTH="56" CONTENT="und" WC="0.96" />
            <String ID="Textword_322" HPOS="1387" VPOS="4710" HEIGHT="34" WIDTH="166" CONTENT="Expedition" WC="0.96" />
            <String ID="Textword_323" HPOS="1573" VPOS="4718" HEIGHT="19" WIDTH="53" CONTENT="von" WC="0.96" />
            <String ID="Textword_324" HPOS="1645" VPOS="4710" HEIGHT="32" WIDTH="108" CONTENT="Müller," WC="0.96" />
            <String ID="Textword_325" HPOS="1772" VPOS="4709" HEIGHT="30" WIDTH="116" CONTENT="Werder" WC="0.93" />
            <String ID="Textword_326" HPOS="1908" VPOS="4708" HEIGHT="25" WIDTH="24" CONTENT="&amp;" WC="0.93" />
            <String ID="Textword_327" HPOS="1953" VPOS="4707" HEIGHT="31" WIDTH="65" CONTENT="Cie.," WC="0.92" />
            <String ID="Textword_328" HPOS="2040" VPOS="4706" HEIGHT="34" WIDTH="108" CONTENT="Schipfe" WC="0.92" />
            <String ID="Textword_329" HPOS="2168" VPOS="4706" HEIGHT="33" WIDTH="43" CONTENT="33," WC="0.96" />
            <String ID="Textword_330" HPOS="2231" VPOS="4707" HEIGHT="26" WIDTH="109" CONTENT="Zürich." WC="0.96" />
          </TextLine>
        </TextBlock>
        <TextBlock ID="TextBlock_59" HPOS="1999" VPOS="4304" HEIGHT="170" WIDTH="601">
          <TextLine ID="TextLine_108" HPOS="1999" VPOS="4304" HEIGHT="170" WIDTH="601">
            <SP ID="Textword_33" HPOS="1999" VPOS="4304" />
            <String ID="Textword_331" HPOS="1999" VPOS="4304" HEIGHT="79" WIDTH="34" CONTENT=" " WC="0.95" />
            <SP ID="Textword_34" HPOS="2580" VPOS="4304" />
            <String ID="Textword_332" HPOS="2580" VPOS="4304" HEIGHT="170" WIDTH="20" CONTENT="   " WC="0.95" />
          </TextLine>
        </TextBlock>
        <TextBlock ID="TextBlock_60" HPOS="2629" VPOS="385" HEIGHT="4064" WIDTH="22">
          <TextLine ID="TextLine_109" HPOS="2629" VPOS="385" HEIGHT="4064" WIDTH="22">
            <SP ID="Textword_35" HPOS="2629" VPOS="385" />
            <String ID="Textword_333" HPOS="2629" VPOS="385" HEIGHT="4064" WIDTH="22" CONTENT=" " WC="0.95" />
          </TextLine>
        </TextBlock>
        <TextBlock ID="TextBlock_61" HPOS="302" VPOS="2772" HEIGHT="1716" WIDTH="1190">
          <TextLine ID="TextLine_110" HPOS="302" VPOS="2772" HEIGHT="1716" WIDTH="1190">
            <SP ID="Textword_36" HPOS="302" VPOS="2772" />
            <String ID="Textword_334" HPOS="302" VPOS="2772" HEIGHT="1716" WIDTH="1190" CONTENT=" " WC="0.95" />
          </TextLine>
        </TextBlock>
        <TextBlock ID="TextBlock_62" HPOS="1781" VPOS="4555" HEIGHT="18" WIDTH="1432">
          <TextLine ID="TextLine_111" HPOS="1781" VPOS="4555" HEIGHT="18" WIDTH="1432">
            <SP ID="Textword_37" HPOS="1781" VPOS="4555" />
            <String ID="Textword_335" HPOS="1781" VPOS="4555" HEIGHT="18" WIDTH="1432" CONTENT=" " WC="0.95" />
          </TextLine>
        </TextBlock>
        <TextBlock ID="TextBlock_63" HPOS="1781" VPOS="4617" HEIGHT="18" WIDTH="1432">
          <TextLine ID="TextLine_112" HPOS="1781" VPOS="4617" HEIGHT="18" WIDTH="1432">
            <SP ID="Textword_38" HPOS="1781" VPOS="4617" />
            <String ID="Textword_336" HPOS="1781" VPOS="4617" HEIGHT="18" WIDTH="1432" CONTENT=" " WC="0.95" />
          </TextLine>
        </TextBlock>
        <TextBlock ID="TextBlock_64" HPOS="3110" VPOS="0" HEIGHT="44" WIDTH="198">
          <TextLine ID="TextLine_113" HPOS="3110" VPOS="0" HEIGHT="44" WIDTH="198">
            <SP ID="Textword_39" HPOS="3110" VPOS="0" />
            <String ID="Textword_337" HPOS="3110" VPOS="0" HEIGHT="44" WIDTH="198" CONTENT=" " WC="0.95" />
          </TextLine>
        </TextBlock>
        <TextBlock ID="TextBlock_65" HPOS="3323" VPOS="808" HEIGHT="183" WIDTH="10">
          <TextLine ID="TextLine_114" HPOS="3323" VPOS="808" HEIGHT="183" WIDTH="10">
            <String ID="Textword_338" HPOS="3323" VPOS="808" HEIGHT="183" WIDTH="10" CONTENT="EEE" WC="0.26" />
          </TextLine>
        </TextBlock>
        <TextBlock ID="TextBlock_66" HPOS="3312" VPOS="664" HEIGHT="565" WIDTH="17">
          <TextLine ID="TextLine_115" HPOS="3312" VPOS="664" HEIGHT="565" WIDTH="17">
            <SP ID="Textword_40" HPOS="3312" VPOS="664" />
            <String ID="Textword_339" HPOS="3312" VPOS="664" HEIGHT="565" WIDTH="17" CONTENT=" " WC="0.95" />
          </TextLine>
        </TextBlock>
        <TextBlock ID="TextBlock_67" HPOS="3304" VPOS="1383" HEIGHT="397" WIDTH="34">
          <TextLine ID="TextLine_116" HPOS="3304" VPOS="1383" HEIGHT="397" WIDTH="34">
            <SP ID="Textword_41" HPOS="3304" VPOS="1383" />
            <String ID="Textword_340" HPOS="3304" VPOS="1383" HEIGHT="397" WIDTH="34" CONTENT=" " WC="0.95" />
          </TextLine>
        </TextBlock>
        <TextBlock ID="TextBlock_68" HPOS="3331" VPOS="1912" HEIGHT="624" WIDTH="17">
          <TextLine ID="TextLine_117" HPOS="3331" VPOS="1912" HEIGHT="624" WIDTH="17">
            <SP ID="Textword_42" HPOS="3331" VPOS="1912" />
            <String ID="Textword_341" HPOS="3331" VPOS="1912" HEIGHT="624" WIDTH="17" CONTENT=" " WC="0.95" />
          </TextLine>
        </TextBlock>
        <TextBlock ID="TextBlock_69" HPOS="3313" VPOS="2527" HEIGHT="469" WIDTH="67">
          <TextLine ID="TextLine_118" HPOS="3313" VPOS="2528" HEIGHT="468" WIDTH="20">
            <String ID="Textword_342" HPOS="3313" VPOS="2528" HEIGHT="468" WIDTH="20" CONTENT="mamans" WC="0.44" />
          </TextLine>
          <TextLine ID="TextLine_119" HPOS="3373" VPOS="2527" HEIGHT="3" WIDTH="7">
            <String ID="Textword_343" HPOS="3373" VPOS="2527" HEIGHT="3" WIDTH="7" CONTENT="}" WC="0.51" />
          </TextLine>
        </TextBlock>
        <TextBlock ID="TextBlock_70" HPOS="3316" VPOS="2959" HEIGHT="781" WIDTH="23">
          <TextLine ID="TextLine_120" HPOS="3316" VPOS="2959" HEIGHT="781" WIDTH="23">
            <SP ID="Textword_43" HPOS="3316" VPOS="2959" />
            <String ID="Textword_344" HPOS="3316" VPOS="2959" HEIGHT="781" WIDTH="23" CONTENT=" " WC="0.95" />
          </TextLine>
        </TextBlock>
        <TextBlock ID="TextBlock_71" HPOS="3317" VPOS="4135" HEIGHT="105" WIDTH="11">
          <TextLine ID="TextLine_121" HPOS="3317" VPOS="4135" HEIGHT="105" WIDTH="11">
            <String ID="Textword_345" HPOS="3317" VPOS="4135" HEIGHT="105" WIDTH="11" CONTENT="SE" WC="0.39" />
          </TextLine>
        </TextBlock>
        <TextBlock ID="TextBlock_72" HPOS="3323" VPOS="3924" HEIGHT="782" WIDTH="11">
          <TextLine ID="TextLine_122" HPOS="3323" VPOS="3924" HEIGHT="782" WIDTH="11">
            <SP ID="Textword_44" HPOS="3323" VPOS="3924" />
            <String ID="Textword_346" HPOS="3323" VPOS="3924" HEIGHT="782" WIDTH="11" CONTENT=" " WC="0.95" />
          </TextLine>
        </TextBlock>
        <TextBlock ID="TextBlock_73" HPOS="3339" VPOS="3964" HEIGHT="742" WIDTH="19">
          <TextLine ID="TextLine_123" HPOS="3339" VPOS="3964" HEIGHT="742" WIDTH="19">
            <SP ID="Textword_45" HPOS="3339" VPOS="3964" />
            <String ID="Textword_347" HPOS="3339" VPOS="3964" HEIGHT="742" WIDTH="19" CONTENT=" " WC="0.95" />
          </TextLine>
        </TextBlock>
        <TextBlock ID="TextBlock_74" HPOS="3189" VPOS="4660" HEIGHT="324" WIDTH="229">
          <TextLine ID="TextLine_124" HPOS="3189" VPOS="4660" HEIGHT="324" WIDTH="229">
            <SP ID="Textword_46" HPOS="3189" VPOS="4660" />
            <String ID="Textword_348" HPOS="3189" VPOS="4660" HEIGHT="324" WIDTH="229" CONTENT=" " WC="0.95" />
          </TextLine>
        </TextBlock>
      </PrintSpace>
    </Page>
  </Layout>
</alto>
