<?xml version="1.0" encoding="UTF-8"?>
<alto xmlns="http://www.loc.gov/standards/alto/ns-v2#" xmlns:xsi="http://www.w3.org/2001/XMLSchema-instance" xsi:schemaLocation="http://www.loc.gov/standards/alto/ns-v2# http://www.loc.gov/standards/alto/alto.xsd">
  <Description>
    <MeasurementUnit>pixel</MeasurementUnit>
    <sourceImageInformation />
    <OCRProcessing ID="OCR_1">
      <preProcessingStep>
        <processingDateTime>2019-05-09T12:26:43</processingDateTime>
        <processingAgency>intranda GmbH, www.intranda.com</processingAgency>
        <processingSoftware>
          <softwareCreator>intranda GmbH, Germany</softwareCreator>
          <softwareName>intranda OCR Module for TaskManager</softwareName>
          <softwareVersion>1.0r42</softwareVersion>
        </processingSoftware>
      </preProcessingStep>
      <ocrProcessingStep>
        <processingSoftware>
          <softwareCreator>Tesseract contributors</softwareCreator>
          <softwareName>Tesseract Open Source OCR Engine</softwareName>
          <softwareVersion>4.0.0-beta.1-270-g5a56</softwareVersion>
        </processingSoftware>
      </ocrProcessingStep>
    </OCRProcessing>
  </Description>
  <Layout>
    <Page ID="PAGE_1" HEIGHT="4978" WIDTH="3367" PHYSICAL_IMG_NR="1">
      <PrintSpace ID="PrintSpace_1" HPOS="0" VPOS="0" HEIGHT="4978" WIDTH="3367">
        <TextBlock ID="TextBlock_1" HPOS="0" VPOS="1969" HEIGHT="3007" WIDTH="15">
          <TextLine ID="TextLine_1" HPOS="0" VPOS="1969" HEIGHT="3007" WIDTH="15">
            <SP ID="Textword_1" HPOS="0" VPOS="1969" />
            <String ID="Textword_1" HPOS="0" VPOS="1969" HEIGHT="3007" WIDTH="15" CONTENT=" " WC="0.95" />
          </TextLine>
        </TextBlock>
        <TextBlock ID="TextBlock_2" HPOS="1500" VPOS="312" HEIGHT="49" WIDTH="566">
          <TextLine ID="TextLine_2" HPOS="1500" VPOS="312" HEIGHT="27" WIDTH="566">
            <String ID="Textword_2" HPOS="1500" VPOS="313" HEIGHT="26" WIDTH="223" CONTENT="Schweizerische" WC="0.91" />
            <String ID="Textword_3" HPOS="1753" VPOS="312" HEIGHT="27" WIDTH="313" CONTENT="Arbeitgeber-Zeitung." WC="0.89" />
          </TextLine>
          <TextLine ID="TextLine_3" HPOS="2040" VPOS="335" HEIGHT="11" WIDTH="16">
            <String ID="Textword_4" HPOS="2040" VPOS="335" HEIGHT="11" WIDTH="16" CONTENT="5" WC="0.95" />
          </TextLine>
          <TextLine ID="TextLine_4" HPOS="1984" VPOS="351" HEIGHT="10" WIDTH="70">
            <String ID="Textword_5" HPOS="1984" VPOS="351" HEIGHT="9" WIDTH="7" CONTENT="A" WC="0.77" />
            <String ID="Textword_6" HPOS="2049" VPOS="359" HEIGHT="2" WIDTH="5" CONTENT="=" WC="0.94" />
          </TextLine>
        </TextBlock>
        <TextBlock ID="TextBlock_3" HPOS="3168" VPOS="0" HEIGHT="353" WIDTH="181">
          <TextLine ID="TextLine_5" HPOS="3168" VPOS="0" HEIGHT="353" WIDTH="181">
            <SP ID="Textword_2" HPOS="3168" VPOS="0" />
            <String ID="Textword_7" HPOS="3168" VPOS="0" HEIGHT="353" WIDTH="181" CONTENT="  " WC="0.95" />
          </TextLine>
        </TextBlock>
        <TextBlock ID="TextBlock_4" HPOS="3089" VPOS="314" HEIGHT="26" WIDTH="99">
          <TextLine ID="TextLine_6" HPOS="3089" VPOS="314" HEIGHT="26" WIDTH="99">
            <String ID="Textword_8" HPOS="3089" VPOS="314" HEIGHT="26" WIDTH="46" CONTENT="Nr." WC="0.96" />
            <String ID="Textword_9" HPOS="3155" VPOS="314" HEIGHT="26" WIDTH="33" CONTENT="40" WC="0.96" />
          </TextLine>
        </TextBlock>
        <TextBlock ID="TextBlock_5" HPOS="379" VPOS="354" HEIGHT="13" WIDTH="2810">
          <TextLine ID="TextLine_7" HPOS="379" VPOS="354" HEIGHT="13" WIDTH="2810">
            <SP ID="Textword_3" HPOS="379" VPOS="354" />
            <String ID="Textword_10" HPOS="379" VPOS="354" HEIGHT="13" WIDTH="2810" CONTENT=" " WC="0.95" />
          </TextLine>
        </TextBlock>
        <TextBlock ID="TextBlock_6" HPOS="543" VPOS="1297" HEIGHT="577" WIDTH="13">
          <TextLine ID="TextLine_8" HPOS="543" VPOS="1297" HEIGHT="577" WIDTH="13">
            <SP ID="Textword_4" HPOS="543" VPOS="1297" />
            <String ID="Textword_11" HPOS="543" VPOS="1297" HEIGHT="577" WIDTH="13" CONTENT=" " WC="0.95" />
          </TextLine>
        </TextBlock>
        <TextBlock ID="TextBlock_7" HPOS="827" VPOS="2225" HEIGHT="7" WIDTH="94">
          <TextLine ID="TextLine_9" HPOS="827" VPOS="2225" HEIGHT="7" WIDTH="94">
            <SP ID="Textword_5" HPOS="827" VPOS="2225" />
            <String ID="Textword_12" HPOS="827" VPOS="2225" HEIGHT="7" WIDTH="94" CONTENT=" " WC="0.95" />
          </TextLine>
        </TextBlock>
        <TextBlock ID="TextBlock_8" HPOS="836" VPOS="2227" HEIGHT="11" WIDTH="85">
          <TextLine ID="TextLine_10" HPOS="836" VPOS="2227" HEIGHT="11" WIDTH="85">
            <SP ID="Textword_6" HPOS="836" VPOS="2227" />
            <String ID="Textword_13" HPOS="836" VPOS="2227" HEIGHT="11" WIDTH="85" CONTENT=" " WC="0.95" />
          </TextLine>
        </TextBlock>
        <TextBlock ID="TextBlock_9" HPOS="836" VPOS="2238" HEIGHT="1" WIDTH="85">
          <TextLine ID="TextLine_11" HPOS="836" VPOS="2238" HEIGHT="1" WIDTH="85">
            <SP ID="Textword_7" HPOS="836" VPOS="2238" />
            <String ID="Textword_14" HPOS="836" VPOS="2238" HEIGHT="1" WIDTH="85" CONTENT=" " WC="0.95" />
          </TextLine>
        </TextBlock>
        <TextBlock ID="TextBlock_10" HPOS="826" VPOS="2264" HEIGHT="1" WIDTH="91">
          <TextLine ID="TextLine_12" HPOS="826" VPOS="2264" HEIGHT="1" WIDTH="91">
            <SP ID="Textword_8" HPOS="826" VPOS="2264" />
            <String ID="Textword_15" HPOS="826" VPOS="2264" HEIGHT="1" WIDTH="91" CONTENT=" " WC="0.95" />
          </TextLine>
        </TextBlock>
        <TextBlock ID="TextBlock_11" HPOS="838" VPOS="2277" HEIGHT="1" WIDTH="79">
          <TextLine ID="TextLine_13" HPOS="838" VPOS="2277" HEIGHT="1" WIDTH="79">
            <SP ID="Textword_9" HPOS="838" VPOS="2277" />
            <String ID="Textword_16" HPOS="838" VPOS="2277" HEIGHT="1" WIDTH="79" CONTENT=" " WC="0.95" />
          </TextLine>
        </TextBlock>
        <TextBlock ID="TextBlock_12" HPOS="897" VPOS="2219" HEIGHT="85" WIDTH="7">
          <TextLine ID="TextLine_14" HPOS="897" VPOS="2219" HEIGHT="85" WIDTH="7">
            <SP ID="Textword_10" HPOS="897" VPOS="2219" />
            <String ID="Textword_17" HPOS="897" VPOS="2219" HEIGHT="85" WIDTH="7" CONTENT=" " WC="0.95" />
          </TextLine>
        </TextBlock>
        <TextBlock ID="TextBlock_13" HPOS="869" VPOS="2225" HEIGHT="75" WIDTH="2">
          <TextLine ID="TextLine_15" HPOS="869" VPOS="2225" HEIGHT="75" WIDTH="2">
            <SP ID="Textword_11" HPOS="869" VPOS="2225" />
            <String ID="Textword_18" HPOS="869" VPOS="2225" HEIGHT="75" WIDTH="2" CONTENT=" " WC="0.95" />
          </TextLine>
        </TextBlock>
        <TextBlock ID="TextBlock_14" HPOS="619" VPOS="2403" HEIGHT="188" WIDTH="1719">
          <TextLine ID="TextLine_16" HPOS="619" VPOS="2403" HEIGHT="99" WIDTH="1719">
            <String ID="Textword_19" HPOS="619" VPOS="2406" HEIGHT="96" WIDTH="708" CONTENT="ALLEINVERKAUF" WC="0.91" />
            <String ID="Textword_20" HPOS="1387" VPOS="2407" HEIGHT="68" WIDTH="170" CONTENT="UND" WC="0.93" />
            <String ID="Textword_21" HPOS="1619" VPOS="2403" HEIGHT="72" WIDTH="719" CONTENT="GENERALDEPOT" WC="0.91" />
          </TextLine>
          <TextLine ID="TextLine_17" HPOS="1172" VPOS="2518" HEIGHT="73" WIDTH="603">
            <String ID="Textword_22" HPOS="1172" VPOS="2523" HEIGHT="65" WIDTH="96" CONTENT="für" WC="0.92" />
            <String ID="Textword_23" HPOS="1291" VPOS="2523" HEIGHT="65" WIDTH="120" CONTENT="die" WC="0.96" />
            <String ID="Textword_24" HPOS="1461" VPOS="2518" HEIGHT="73" WIDTH="284" CONTENT="Schweiz" WC="0.92" />
            <String ID="Textword_25" HPOS="1764" VPOS="2541" HEIGHT="47" WIDTH="11" CONTENT=":" WC="0.92" />
          </TextLine>
        </TextBlock>
        <TextBlock ID="TextBlock_15" HPOS="568" VPOS="2631" HEIGHT="143" WIDTH="1802">
          <TextLine ID="TextLine_18" HPOS="568" VPOS="2631" HEIGHT="143" WIDTH="1802">
            <String ID="Textword_26" HPOS="568" VPOS="2635" HEIGHT="98" WIDTH="265" CONTENT="ROB." WC="0.96" />
            <String ID="Textword_27" HPOS="893" VPOS="2634" HEIGHT="120" WIDTH="364" CONTENT="JACOB" WC="0.92" />
            <String ID="Textword_28" HPOS="1326" VPOS="2643" HEIGHT="89" WIDTH="70" CONTENT="&amp;" WC="0.92" />
            <String ID="Textword_29" HPOS="1467" VPOS="2636" HEIGHT="121" WIDTH="122" CONTENT="Ce," WC="0.65" />
            <String ID="Textword_30" HPOS="1664" VPOS="2631" HEIGHT="143" WIDTH="706" CONTENT="WINTERTHUR" WC="0.96" />
          </TextLine>
        </TextBlock>
        <TextBlock ID="TextBlock_16" HPOS="537" VPOS="420" HEIGHT="1938" WIDTH="1881">
          <TextLine ID="TextLine_19" HPOS="537" VPOS="420" HEIGHT="1938" WIDTH="1881">
            <SP ID="Textword_12" HPOS="537" VPOS="420" />
            <String ID="Textword_31" HPOS="537" VPOS="420" HEIGHT="1938" WIDTH="1881" CONTENT=" " WC="0.95" />
          </TextLine>
        </TextBlock>
        <TextBlock ID="TextBlock_17" HPOS="331" VPOS="2764" HEIGHT="25" WIDTH="2305">
          <TextLine ID="TextLine_20" HPOS="331" VPOS="2764" HEIGHT="25" WIDTH="2305">
            <SP ID="Textword_13" HPOS="331" VPOS="2764" />
            <String ID="Textword_32" HPOS="331" VPOS="2764" HEIGHT="25" WIDTH="2305" CONTENT=" " WC="0.95" />
          </TextLine>
        </TextBlock>
        <TextBlock ID="TextBlock_18" HPOS="427" VPOS="3098" HEIGHT="153" WIDTH="943">
          <TextLine ID="TextLine_21" HPOS="427" VPOS="3098" HEIGHT="153" WIDTH="943">
            <String ID="Textword_33" HPOS="427" VPOS="3098" HEIGHT="153" WIDTH="943" CONTENT="Diesel-Motoren" WC="0.89" />
          </TextLine>
        </TextBlock>
        <TextBlock ID="TextBlock_19" HPOS="678" VPOS="3310" HEIGHT="35" WIDTH="438">
          <TextLine ID="TextLine_22" HPOS="678" VPOS="3310" HEIGHT="35" WIDTH="438">
            <String ID="Textword_34" HPOS="678" VPOS="3310" HEIGHT="35" WIDTH="214" CONTENT="(Eingetragene" WC="0.91" />
            <String ID="Textword_35" HPOS="911" VPOS="3310" HEIGHT="32" WIDTH="205" CONTENT="Schutzmarke)" WC="0.92" />
          </TextLine>
        </TextBlock>
        <TextBlock ID="TextBlock_20" HPOS="639" VPOS="3371" HEIGHT="106" WIDTH="516">
          <TextLine ID="TextLine_23" HPOS="639" VPOS="3371" HEIGHT="35" WIDTH="516">
            <String ID="Textword_36" HPOS="639" VPOS="3372" HEIGHT="34" WIDTH="240" CONTENT="Wirtschaftlich" WC="0.92" />
            <String ID="Textword_37" HPOS="905" VPOS="3371" HEIGHT="35" WIDTH="250" CONTENT="vorteilhafteste" WC="0.91" />
          </TextLine>
          <TextLine ID="TextLine_24" HPOS="696" VPOS="3435" HEIGHT="42" WIDTH="380">
            <String ID="Textword_38" HPOS="696" VPOS="3435" HEIGHT="42" WIDTH="380" CONTENT="Verbrennungsmotoren" WC="0.91" />
          </TextLine>
        </TextBlock>
        <TextBlock ID="TextBlock_21" HPOS="726" VPOS="3506" HEIGHT="141" WIDTH="350">
          <TextLine ID="TextLine_25" HPOS="767" VPOS="3506" HEIGHT="26" WIDTH="275">
            <String ID="Textword_39" HPOS="767" VPOS="3514" HEIGHT="18" WIDTH="63" CONTENT="zum" WC="0.96" />
            <String ID="Textword_40" HPOS="850" VPOS="3506" HEIGHT="26" WIDTH="123" CONTENT="Betriebe" WC="0.96" />
            <String ID="Textword_41" HPOS="992" VPOS="3506" HEIGHT="26" WIDTH="50" CONTENT="mit" WC="0.96" />
          </TextLine>
          <TextLine ID="TextLine_26" HPOS="832" VPOS="3559" HEIGHT="34" WIDTH="144">
            <String ID="Textword_42" HPOS="832" VPOS="3559" HEIGHT="34" WIDTH="144" CONTENT="billigen" WC="0.96" />
          </TextLine>
          <TextLine ID="TextLine_27" HPOS="726" VPOS="3612" HEIGHT="35" WIDTH="350">
            <String ID="Textword_43" HPOS="726" VPOS="3613" HEIGHT="34" WIDTH="131" CONTENT="flüssigen" WC="0.93" />
            <String ID="Textword_44" HPOS="876" VPOS="3612" HEIGHT="27" WIDTH="200" CONTENT="Brennstoffen." WC="0.91" />
          </TextLine>
        </TextBlock>
        <TextBlock ID="TextBlock_22" HPOS="823" VPOS="3693" HEIGHT="17" WIDTH="157">
          <TextLine ID="TextLine_28" HPOS="823" VPOS="3693" HEIGHT="17" WIDTH="157">
            <String ID="Textword_45" HPOS="823" VPOS="3693" HEIGHT="17" WIDTH="157" CONTENT="HL" WC="0.00" />
          </TextLine>
        </TextBlock>
        <TextBlock ID="TextBlock_23" HPOS="586" VPOS="3773" HEIGHT="37" WIDTH="619">
          <TextLine ID="TextLine_29" HPOS="586" VPOS="3773" HEIGHT="37" WIDTH="619">
            <String ID="Textword_46" HPOS="586" VPOS="3775" HEIGHT="35" WIDTH="138" CONTENT="Alleinige" WC="0.90" />
            <String ID="Textword_47" HPOS="743" VPOS="3774" HEIGHT="27" WIDTH="183" CONTENT="Fabrikanten" WC="0.92" />
            <String ID="Textword_48" HPOS="945" VPOS="3773" HEIGHT="27" WIDTH="46" CONTENT="für" WC="0.96" />
            <String ID="Textword_49" HPOS="1011" VPOS="3774" HEIGHT="26" WIDTH="42" CONTENT="die" WC="0.96" />
            <String ID="Textword_50" HPOS="1071" VPOS="3773" HEIGHT="26" WIDTH="134" CONTENT="Schweiz:" WC="0.96" />
          </TextLine>
        </TextBlock>
        <TextBlock ID="TextBlock_24" HPOS="469" VPOS="3845" HEIGHT="131" WIDTH="884">
          <TextLine ID="TextLine_30" HPOS="469" VPOS="3845" HEIGHT="131" WIDTH="884">
            <String ID="Textword_51" HPOS="469" VPOS="3846" HEIGHT="130" WIDTH="483" CONTENT="Gebrüder" WC="0.95" />
            <String ID="Textword_52" HPOS="1010" VPOS="3845" HEIGHT="130" WIDTH="343" CONTENT="Sulzer" WC="0.96" />
          </TextLine>
        </TextBlock>
        <TextBlock ID="TextBlock_25" HPOS="737" VPOS="4003" HEIGHT="35" WIDTH="326">
          <TextLine ID="TextLine_31" HPOS="737" VPOS="4003" HEIGHT="35" WIDTH="326">
            <String ID="Textword_53" HPOS="737" VPOS="4003" HEIGHT="35" WIDTH="326" CONTENT="WINTERTHUR." WC="0.96" />
          </TextLine>
        </TextBlock>
        <TextBlock ID="TextBlock_26" HPOS="534" VPOS="4136" HEIGHT="31" WIDTH="747">
          <TextLine ID="TextLine_32" HPOS="534" VPOS="4136" HEIGHT="31" WIDTH="747">
            <String ID="Textword_54" HPOS="534" VPOS="4140" HEIGHT="27" WIDTH="52" CONTENT="Die" WC="0.96" />
            <String ID="Textword_55" HPOS="600" VPOS="4139" HEIGHT="27" WIDTH="123" CONTENT="Motoren" WC="0.96" />
            <String ID="Textword_56" HPOS="742" VPOS="4138" HEIGHT="26" WIDTH="108" CONTENT="werden" WC="0.96" />
            <String ID="Textword_57" HPOS="868" VPOS="4137" HEIGHT="27" WIDTH="28" CONTENT="in" WC="0.96" />
            <String ID="Textword_58" HPOS="910" VPOS="4137" HEIGHT="27" WIDTH="119" CONTENT="Grössen" WC="0.96" />
            <String ID="Textword_59" HPOS="1047" VPOS="4145" HEIGHT="19" WIDTH="52" CONTENT="von" WC="0.96" />
            <String ID="Textword_60" HPOS="1117" VPOS="4136" HEIGHT="26" WIDTH="35" CONTENT="20" WC="0.93" />
            <String ID="Textword_61" HPOS="1165" VPOS="4136" HEIGHT="28" WIDTH="68" CONTENT="P.S." WC="0.88" />
            <String ID="Textword_62" HPOS="1247" VPOS="4144" HEIGHT="19" WIDTH="34" CONTENT="an" WC="0.95" />
          </TextLine>
        </TextBlock>
        <TextBlock ID="TextBlock_27" HPOS="748" VPOS="4182" HEIGHT="34" WIDTH="321">
          <TextLine ID="TextLine_33" HPOS="748" VPOS="4182" HEIGHT="34" WIDTH="321">
            <String ID="Textword_63" HPOS="748" VPOS="4182" HEIGHT="27" WIDTH="131" CONTENT="aufwärts" WC="0.96" />
            <String ID="Textword_64" HPOS="898" VPOS="4182" HEIGHT="34" WIDTH="171" CONTENT="ausgeführt." WC="0.96" />
          </TextLine>
        </TextBlock>
        <TextBlock ID="TextBlock_28" HPOS="326" VPOS="2789" HEIGHT="1712" WIDTH="1159">
          <TextLine ID="TextLine_34" HPOS="326" VPOS="2789" HEIGHT="1712" WIDTH="1159">
            <SP ID="Textword_14" HPOS="326" VPOS="2789" />
            <String ID="Textword_65" HPOS="326" VPOS="2789" HEIGHT="1712" WIDTH="1159" CONTENT=" " WC="0.95" />
          </TextLine>
        </TextBlock>
        <TextBlock ID="TextBlock_29" HPOS="343" VPOS="4516" HEIGHT="14" WIDTH="1137">
          <TextLine ID="TextLine_35" HPOS="343" VPOS="4516" HEIGHT="14" WIDTH="1137">
            <SP ID="Textword_15" HPOS="343" VPOS="4516" />
            <String ID="Textword_66" HPOS="343" VPOS="4516" HEIGHT="14" WIDTH="1137" CONTENT=" " WC="0.95" />
          </TextLine>
        </TextBlock>
        <TextBlock ID="TextBlock_30" HPOS="450" VPOS="4529" HEIGHT="96" WIDTH="926">
          <TextLine ID="TextLine_36" HPOS="450" VPOS="4529" HEIGHT="96" WIDTH="926">
            <String ID="Textword_67" HPOS="450" VPOS="4529" HEIGHT="91" WIDTH="339" CONTENT="Hochelegante" WC="0.89" />
            <String ID="Textword_68" HPOS="827" VPOS="4537" HEIGHT="88" WIDTH="549" CONTENT="Herrschaftsequipagen" WC="0.90" />
          </TextLine>
        </TextBlock>
        <TextBlock ID="TextBlock_31" HPOS="345" VPOS="4634" HEIGHT="37" WIDTH="1136">
          <TextLine ID="TextLine_37" HPOS="345" VPOS="4634" HEIGHT="37" WIDTH="1136">
            <String ID="Textword_69" HPOS="345" VPOS="4638" HEIGHT="33" WIDTH="82" CONTENT="sowie" WC="0.91" />
            <String ID="Textword_70" HPOS="447" VPOS="4636" HEIGHT="33" WIDTH="242" CONTENT="Geschäftswagen" WC="0.92" />
            <String ID="Textword_71" HPOS="707" VPOS="4635" HEIGHT="27" WIDTH="91" CONTENT="liefert" WC="0.95" />
            <String ID="Textword_72" HPOS="817" VPOS="4635" HEIGHT="26" WIDTH="29" CONTENT="in" WC="0.95" />
            <String ID="Textword_73" HPOS="865" VPOS="4635" HEIGHT="27" WIDTH="97" CONTENT="solider" WC="0.96" />
            <String ID="Textword_74" HPOS="974" VPOS="4635" HEIGHT="27" WIDTH="56" CONTENT="und" WC="0.92" />
            <String ID="Textword_75" HPOS="1043" VPOS="4634" HEIGHT="35" WIDTH="245" CONTENT="geschmackvoller" WC="0.92" />
            <String ID="Textword_76" HPOS="1301" VPOS="4634" HEIGHT="35" WIDTH="180" CONTENT="Ausführung" WC="0.96" />
          </TextLine>
        </TextBlock>
        <TextBlock ID="TextBlock_32" HPOS="344" VPOS="4669" HEIGHT="39" WIDTH="815">
          <TextLine ID="TextLine_38" HPOS="344" VPOS="4669" HEIGHT="39" WIDTH="815">
            <String ID="Textword_77" HPOS="344" VPOS="4673" HEIGHT="35" WIDTH="107" CONTENT="billigst" WC="0.90" />
            <String ID="Textword_78" HPOS="470" VPOS="4672" HEIGHT="28" WIDTH="53" CONTENT="K." WC="0.90" />
            <String ID="Textword_79" HPOS="541" VPOS="4670" HEIGHT="33" WIDTH="267" CONTENT="Kässbohrer," WC="0.91" />
            <String ID="Textword_80" HPOS="829" VPOS="4671" HEIGHT="34" WIDTH="209" CONTENT="Wagenfabrik," WC="0.90" />
            <String ID="Textword_81" HPOS="1056" VPOS="4669" HEIGHT="28" WIDTH="103" CONTENT="Ulm." WC="0.91" />
          </TextLine>
        </TextBlock>
        <TextBlock ID="TextBlock_33" HPOS="0" VPOS="0" HEIGHT="4978" WIDTH="311">
          <TextLine ID="TextLine_39" HPOS="0" VPOS="0" HEIGHT="4978" WIDTH="311">
            <SP ID="Textword_16" HPOS="0" VPOS="0" />
            <String ID="Textword_82" HPOS="0" VPOS="0" HEIGHT="4978" WIDTH="311" CONTENT=" " WC="0.95" />
          </TextLine>
        </TextBlock>
        <TextBlock ID="TextBlock_34" HPOS="1498" VPOS="2784" HEIGHT="20" WIDTH="1119">
          <TextLine ID="TextLine_40" HPOS="1498" VPOS="2784" HEIGHT="20" WIDTH="1119">
            <SP ID="Textword_17" HPOS="1498" VPOS="2784" />
            <String ID="Textword_83" HPOS="1498" VPOS="2784" HEIGHT="20" WIDTH="1119" CONTENT=" " WC="0.95" />
          </TextLine>
        </TextBlock>
        <TextBlock ID="TextBlock_35" HPOS="1581" VPOS="2836" HEIGHT="97" WIDTH="955">
          <TextLine ID="TextLine_41" HPOS="1581" VPOS="2836" HEIGHT="97" WIDTH="955">
            <String ID="Textword_84" HPOS="1581" VPOS="2837" HEIGHT="96" WIDTH="500" CONTENT="Schweizerische" WC="0.91" />
            <String ID="Textword_85" HPOS="2128" VPOS="2836" HEIGHT="92" WIDTH="408" CONTENT="Kredifansfalf" WC="0.67" />
          </TextLine>
        </TextBlock>
        <TextBlock ID="TextBlock_36" HPOS="1528" VPOS="2951" HEIGHT="197" WIDTH="1076">
          <TextLine ID="TextLine_42" HPOS="1581" VPOS="2951" HEIGHT="43" WIDTH="951">
            <String ID="Textword_86" HPOS="1581" VPOS="2953" HEIGHT="41" WIDTH="160" CONTENT="Zürich" WC="0.92" />
            <String ID="Textword_87" HPOS="1769" VPOS="2977" HEIGHT="3" WIDTH="51" CONTENT="—" WC="0.92" />
            <String ID="Textword_88" HPOS="1847" VPOS="2953" HEIGHT="41" WIDTH="131" CONTENT="Basel" WC="0.93" />
            <String ID="Textword_89" HPOS="2006" VPOS="2976" HEIGHT="4" WIDTH="51" CONTENT="—" WC="0.91" />
            <String ID="Textword_90" HPOS="2088" VPOS="2951" HEIGHT="42" WIDTH="117" CONTENT="Genf" WC="0.92" />
            <String ID="Textword_91" HPOS="2219" VPOS="2975" HEIGHT="3" WIDTH="52" CONTENT="—" WC="0.92" />
            <String ID="Textword_92" HPOS="2292" VPOS="2951" HEIGHT="41" WIDTH="58" CONTENT="St." WC="0.94" />
            <String ID="Textword_93" HPOS="2363" VPOS="2951" HEIGHT="41" WIDTH="169" CONTENT="Gallen." WC="0.96" />
          </TextLine>
          <TextLine ID="TextLine_43" HPOS="1846" VPOS="3006" HEIGHT="36" WIDTH="443">
            <String ID="Textword_94" HPOS="1846" VPOS="3006" HEIGHT="36" WIDTH="308" CONTENT="GEGRÜNDET" WC="0.96" />
            <String ID="Textword_95" HPOS="2177" VPOS="3012" HEIGHT="28" WIDTH="112" CONTENT="1856." WC="0.95" />
          </TextLine>
          <TextLine ID="TextLine_44" HPOS="1528" VPOS="3056" HEIGHT="42" WIDTH="1076">
            <String ID="Textword_96" HPOS="1528" VPOS="3058" HEIGHT="33" WIDTH="275" CONTENT="Einbezahltes" WC="0.92" />
            <String ID="Textword_97" HPOS="1827" VPOS="3058" HEIGHT="40" WIDTH="301" CONTENT="Aktienkapital" WC="0.96" />
            <String ID="Textword_98" HPOS="2247" VPOS="3058" HEIGHT="32" WIDTH="60" CONTENT="Fr." WC="0.92" />
            <String ID="Textword_99" HPOS="2325" VPOS="3056" HEIGHT="39" WIDTH="279" CONTENT="65,000,000." WC="0.61" />
          </TextLine>
          <TextLine ID="TextLine_45" HPOS="1529" VPOS="3110" HEIGHT="38" WIDTH="1059">
            <String ID="Textword_100" HPOS="1529" VPOS="3113" HEIGHT="32" WIDTH="196" CONTENT="Reserven" WC="0.95" />
            <String ID="Textword_101" HPOS="2241" VPOS="3110" HEIGHT="34" WIDTH="62" CONTENT="Fr." WC="0.92" />
            <String ID="Textword_102" HPOS="2321" VPOS="3110" HEIGHT="38" WIDTH="267" CONTENT="20,000,000." WC="0.89" />
          </TextLine>
        </TextBlock>
        <TextBlock ID="TextBlock_37" HPOS="1635" VPOS="3227" HEIGHT="34" WIDTH="645">
          <TextLine ID="TextLine_46" HPOS="1635" VPOS="3227" HEIGHT="34" WIDTH="645">
            <String ID="Textword_103" HPOS="1635" VPOS="3228" HEIGHT="27" WIDTH="62" CONTENT="Wir" WC="0.95" />
            <String ID="Textword_104" HPOS="1716" VPOS="3228" HEIGHT="26" WIDTH="114" CONTENT="nehmen" WC="0.96" />
            <String ID="Textword_105" HPOS="1850" VPOS="3227" HEIGHT="27" WIDTH="98" CONTENT="Gelder" WC="0.96" />
            <String ID="Textword_106" HPOS="1968" VPOS="3235" HEIGHT="18" WIDTH="33" CONTENT="an" WC="0.96" />
            <String ID="Textword_107" HPOS="2021" VPOS="3235" HEIGHT="26" WIDTH="91" CONTENT="gegen" WC="0.96" />
            <String ID="Textword_108" HPOS="2131" VPOS="3234" HEIGHT="19" WIDTH="95" CONTENT="unsere" WC="0.96" />
            <String ID="Textword_109" HPOS="2246" VPOS="3235" HEIGHT="18" WIDTH="34" CONTENT="zu" WC="0.96" />
          </TextLine>
        </TextBlock>
        <TextBlock ID="TextBlock_38" HPOS="1531" VPOS="3272" HEIGHT="99" WIDTH="604">
          <TextLine ID="TextLine_47" HPOS="2015" VPOS="3272" HEIGHT="53" WIDTH="85">
            <String ID="Textword_110" HPOS="2015" VPOS="3273" HEIGHT="52" WIDTH="45" CONTENT="4" WC="0.96" />
            <String ID="Textword_111" HPOS="2080" VPOS="3272" HEIGHT="26" WIDTH="20" CONTENT="0" WC="0.89" />
          </TextLine>
          <TextLine ID="TextLine_48" HPOS="2114" VPOS="3307" HEIGHT="26" WIDTH="21">
            <String ID="Textword_112" HPOS="2114" VPOS="3307" HEIGHT="26" WIDTH="21" CONTENT="0" WC="0.74" />
          </TextLine>
          <TextLine ID="TextLine_49" HPOS="1531" VPOS="3343" HEIGHT="28" WIDTH="199">
            <String ID="Textword_113" HPOS="1531" VPOS="3343" HEIGHT="28" WIDTH="199" CONTENT="verzinslichen" WC="0.89" />
          </TextLine>
        </TextBlock>
        <TextBlock ID="TextBlock_39" HPOS="1612" VPOS="3388" HEIGHT="121" WIDTH="907">
          <TextLine ID="TextLine_50" HPOS="1612" VPOS="3388" HEIGHT="121" WIDTH="907">
            <String ID="Textword_114" HPOS="1612" VPOS="3388" HEIGHT="121" WIDTH="907" CONTENT="Kassa-Obligationen" WC="0.89" />
          </TextLine>
        </TextBlock>
        <TextBlock ID="TextBlock_40" HPOS="1532" VPOS="3517" HEIGHT="66" WIDTH="1059">
          <TextLine ID="TextLine_51" HPOS="1532" VPOS="3517" HEIGHT="38" WIDTH="1059">
            <String ID="Textword_115" HPOS="1532" VPOS="3521" HEIGHT="27" WIDTH="51" CONTENT="auf" WC="0.96" />
            <String ID="Textword_116" HPOS="1600" VPOS="3522" HEIGHT="27" WIDTH="56" CONTENT="drei" WC="0.96" />
            <String ID="Textword_117" HPOS="1675" VPOS="3520" HEIGHT="28" WIDTH="85" CONTENT="Jahre" WC="0.96" />
            <String ID="Textword_118" HPOS="1779" VPOS="3520" HEIGHT="35" WIDTH="62" CONTENT="fest," WC="0.96" />
            <String ID="Textword_119" HPOS="1860" VPOS="3520" HEIGHT="28" WIDTH="119" CONTENT="nachher" WC="0.96" />
            <String ID="Textword_120" HPOS="1999" VPOS="3520" HEIGHT="35" WIDTH="174" CONTENT="gegenseitig" WC="0.95" />
            <String ID="Textword_121" HPOS="2192" VPOS="3519" HEIGHT="27" WIDTH="50" CONTENT="auf" WC="0.96" />
            <String ID="Textword_122" HPOS="2259" VPOS="3520" HEIGHT="26" WIDTH="57" CONTENT="drei" WC="0.96" />
            <String ID="Textword_123" HPOS="2330" VPOS="3519" HEIGHT="27" WIDTH="109" CONTENT="Monate" WC="0.96" />
            <String ID="Textword_124" HPOS="2458" VPOS="3517" HEIGHT="33" WIDTH="133" CONTENT="kündbar," WC="0.96" />
          </TextLine>
          <TextLine ID="TextLine_52" HPOS="1911" VPOS="3555" HEIGHT="28" WIDTH="303">
            <String ID="Textword_125" HPOS="1911" VPOS="3556" HEIGHT="27" WIDTH="56" CONTENT="und" WC="0.96" />
            <String ID="Textword_126" HPOS="1986" VPOS="3564" HEIGHT="18" WIDTH="72" CONTENT="zwar" WC="0.96" />
            <String ID="Textword_127" HPOS="2078" VPOS="3555" HEIGHT="27" WIDTH="136" CONTENT="entweder" WC="0.96" />
          </TextLine>
        </TextBlock>
        <TextBlock ID="TextBlock_41" HPOS="1557" VPOS="3600" HEIGHT="141" WIDTH="1010">
          <TextLine ID="TextLine_53" HPOS="1809" VPOS="3600" HEIGHT="42" WIDTH="518">
            <String ID="Textword_128" HPOS="1809" VPOS="3600" HEIGHT="42" WIDTH="518" CONTENT="Inhaber-Obligationen" WC="0.90" />
          </TextLine>
          <TextLine ID="TextLine_54" HPOS="1557" VPOS="3649" HEIGHT="39" WIDTH="1010">
            <String ID="Textword_129" HPOS="1557" VPOS="3663" HEIGHT="18" WIDTH="34" CONTENT="zu" WC="0.96" />
            <String ID="Textword_130" HPOS="1610" VPOS="3655" HEIGHT="26" WIDTH="43" CONTENT="Fr." WC="0.96" />
            <String ID="Textword_131" HPOS="1670" VPOS="3654" HEIGHT="26" WIDTH="67" CONTENT="1000" WC="0.96" />
            <String ID="Textword_132" HPOS="1757" VPOS="3654" HEIGHT="26" WIDTH="54" CONTENT="und" WC="0.96" />
            <String ID="Textword_133" HPOS="1830" VPOS="3654" HEIGHT="26" WIDTH="43" CONTENT="Fr." WC="0.96" />
            <String ID="Textword_134" HPOS="1888" VPOS="3653" HEIGHT="34" WIDTH="77" CONTENT="5000," WC="0.95" />
            <String ID="Textword_135" HPOS="1985" VPOS="3654" HEIGHT="26" WIDTH="49" CONTENT="mit" WC="0.93" />
            <String ID="Textword_136" HPOS="2052" VPOS="3653" HEIGHT="35" WIDTH="219" CONTENT="halbjährlichen" WC="0.91" />
            <String ID="Textword_137" HPOS="2290" VPOS="3652" HEIGHT="31" WIDTH="193" CONTENT="Zinscoupons," WC="0.90" />
            <String ID="Textword_138" HPOS="2503" VPOS="3649" HEIGHT="27" WIDTH="64" CONTENT="oder" WC="0.96" />
          </TextLine>
          <TextLine ID="TextLine_55" HPOS="1822" VPOS="3698" HEIGHT="43" WIDTH="488">
            <String ID="Textword_139" HPOS="1822" VPOS="3698" HEIGHT="43" WIDTH="488" CONTENT="Namen-Obligationen" WC="0.90" />
          </TextLine>
        </TextBlock>
        <TextBlock ID="TextBlock_42" HPOS="1533" VPOS="3747" HEIGHT="74" WIDTH="1062">
          <TextLine ID="TextLine_56" HPOS="1533" VPOS="3747" HEIGHT="40" WIDTH="1062">
            <String ID="Textword_140" HPOS="1533" VPOS="3753" HEIGHT="25" WIDTH="28" CONTENT="in" WC="0.93" />
            <String ID="Textword_141" HPOS="1580" VPOS="3752" HEIGHT="35" WIDTH="162" CONTENT="beliebigen," WC="0.92" />
            <String ID="Textword_142" HPOS="1772" VPOS="3751" HEIGHT="27" WIDTH="86" CONTENT="durch" WC="0.96" />
            <String ID="Textword_143" HPOS="1888" VPOS="3751" HEIGHT="26" WIDTH="49" CONTENT="100" WC="0.93" />
            <String ID="Textword_144" HPOS="1965" VPOS="3751" HEIGHT="26" WIDTH="135" CONTENT="teilbaren" WC="0.92" />
            <String ID="Textword_145" HPOS="2119" VPOS="3751" HEIGHT="31" WIDTH="136" CONTENT="Beträgen" WC="0.92" />
            <String ID="Textword_146" HPOS="2273" VPOS="3756" HEIGHT="18" WIDTH="54" CONTENT="von" WC="0.96" />
            <String ID="Textword_147" HPOS="2346" VPOS="3747" HEIGHT="27" WIDTH="43" CONTENT="Fr." WC="0.95" />
            <String ID="Textword_148" HPOS="2404" VPOS="3747" HEIGHT="26" WIDTH="51" CONTENT="500" WC="0.95" />
            <String ID="Textword_149" HPOS="2475" VPOS="3755" HEIGHT="26" WIDTH="44" CONTENT="an," WC="0.96" />
            <String ID="Textword_150" HPOS="2545" VPOS="3747" HEIGHT="27" WIDTH="50" CONTENT="mit" WC="0.96" />
          </TextLine>
          <TextLine ID="TextLine_57" HPOS="1888" VPOS="3785" HEIGHT="36" WIDTH="353">
            <String ID="Textword_151" HPOS="1888" VPOS="3787" HEIGHT="34" WIDTH="199" CONTENT="ganzjährigen" WC="0.91" />
            <String ID="Textword_152" HPOS="2108" VPOS="3785" HEIGHT="32" WIDTH="133" CONTENT="Coupons." WC="0.96" />
          </TextLine>
        </TextBlock>
        <TextBlock ID="TextBlock_43" HPOS="2147" VPOS="3839" HEIGHT="32" WIDTH="343">
          <TextLine ID="TextLine_58" HPOS="2147" VPOS="3839" HEIGHT="32" WIDTH="343">
            <String ID="Textword_153" HPOS="2147" VPOS="3839" HEIGHT="31" WIDTH="82" CONTENT="Die" WC="0.93" />
            <String ID="Textword_154" HPOS="2253" VPOS="3839" HEIGHT="32" WIDTH="237" CONTENT="Direktion." WC="0.90" />
          </TextLine>
        </TextBlock>
        <TextBlock ID="TextBlock_44" HPOS="1497" VPOS="2865" HEIGHT="1064" WIDTH="23">
          <TextLine ID="TextLine_59" HPOS="1497" VPOS="2865" HEIGHT="1064" WIDTH="23">
            <SP ID="Textword_18" HPOS="1497" VPOS="2865" />
            <String ID="Textword_155" HPOS="1497" VPOS="2865" HEIGHT="1064" WIDTH="23" CONTENT=" " WC="0.95" />
          </TextLine>
        </TextBlock>
        <TextBlock ID="TextBlock_45" HPOS="1511" VPOS="3883" HEIGHT="59" WIDTH="1137">
          <TextLine ID="TextLine_60" HPOS="1511" VPOS="3883" HEIGHT="59" WIDTH="1137">
            <SP ID="Textword_19" HPOS="1511" VPOS="3883" />
            <String ID="Textword_156" HPOS="1511" VPOS="3883" HEIGHT="59" WIDTH="1137" CONTENT=" " WC="0.95" />
          </TextLine>
        </TextBlock>
        <TextBlock ID="TextBlock_46" HPOS="1508" VPOS="3942" HEIGHT="13" WIDTH="1138">
          <TextLine ID="TextLine_61" HPOS="1508" VPOS="3942" HEIGHT="13" WIDTH="1138">
            <SP ID="Textword_20" HPOS="1508" VPOS="3942" />
            <String ID="Textword_157" HPOS="1508" VPOS="3942" HEIGHT="13" WIDTH="1138" CONTENT=" " WC="0.95" />
          </TextLine>
        </TextBlock>
        <TextBlock ID="TextBlock_47" HPOS="1508" VPOS="3961" HEIGHT="164" WIDTH="1114">
          <TextLine ID="TextLine_62" HPOS="1508" VPOS="3961" HEIGHT="164" WIDTH="1114">
            <SP ID="Textword_21" HPOS="1508" VPOS="3961" />
            <String ID="Textword_158" HPOS="1508" VPOS="3961" HEIGHT="164" WIDTH="546" CONTENT="   " WC="0.95" />
            <SP ID="Textword_22" HPOS="2603" VPOS="3961" />
            <String ID="Textword_159" HPOS="2603" VPOS="3961" HEIGHT="125" WIDTH="19" CONTENT="  " WC="0.95" />
          </TextLine>
        </TextBlock>
        <TextBlock ID="TextBlock_48" HPOS="2054" VPOS="3964" HEIGHT="103" WIDTH="549">
          <TextLine ID="TextLine_63" HPOS="2054" VPOS="3964" HEIGHT="103" WIDTH="549">
            <String ID="Textword_160" HPOS="2054" VPOS="3964" HEIGHT="77" WIDTH="169" CONTENT="A" WC="0.41" />
            <String ID="Textword_161" HPOS="2217" VPOS="3969" HEIGHT="98" WIDTH="386" CONTENT="UF" WC="0.02" />
          </TextLine>
        </TextBlock>
        <TextBlock ID="TextBlock_49" HPOS="2018" VPOS="4066" HEIGHT="53" WIDTH="590">
          <TextLine ID="TextLine_64" HPOS="2018" VPOS="4066" HEIGHT="53" WIDTH="590">
            <String ID="Textword_162" HPOS="2018" VPOS="4070" HEIGHT="32" WIDTH="71" CONTENT="Unt." WC="0.90" />
            <String ID="Textword_163" HPOS="2103" VPOS="4070" HEIGHT="42" WIDTH="213" CONTENT="Münlesteg" WC="0.82" />
            <String ID="Textword_164" HPOS="2325" VPOS="4075" HEIGHT="28" WIDTH="30" CONTENT="8." WC="0.95" />
            <String ID="Textword_165" HPOS="2365" VPOS="4066" HEIGHT="53" WIDTH="160" CONTENT="Telepfon" WC="0.42" />
            <String ID="Textword_166" HPOS="2533" VPOS="4073" HEIGHT="32" WIDTH="75" CONTENT="1908." WC="0.92" />
          </TextLine>
        </TextBlock>
        <TextBlock ID="TextBlock_50" HPOS="2605" VPOS="4086" HEIGHT="39" WIDTH="17">
          <TextLine ID="TextLine_65" HPOS="2605" VPOS="4086" HEIGHT="39" WIDTH="17">
            <SP ID="Textword_23" HPOS="2605" VPOS="4086" />
            <String ID="Textword_167" HPOS="2605" VPOS="4086" HEIGHT="39" WIDTH="17" CONTENT=" " WC="0.95" />
          </TextLine>
        </TextBlock>
        <TextBlock ID="TextBlock_51" HPOS="1508" VPOS="4154" HEIGHT="10" WIDTH="1139">
          <TextLine ID="TextLine_66" HPOS="1508" VPOS="4154" HEIGHT="10" WIDTH="1139">
            <SP ID="Textword_24" HPOS="1508" VPOS="4154" />
            <String ID="Textword_168" HPOS="1508" VPOS="4154" HEIGHT="10" WIDTH="1139" CONTENT=" " WC="0.95" />
          </TextLine>
        </TextBlock>
        <TextBlock ID="TextBlock_52" HPOS="1525" VPOS="4184" HEIGHT="66" WIDTH="1121">
          <TextLine ID="TextLine_67" HPOS="1525" VPOS="4184" HEIGHT="66" WIDTH="1121">
            <String ID="Textword_169" HPOS="1525" VPOS="4185" HEIGHT="65" WIDTH="523" CONTENT="Handelsauskunfts-" WC="0.89" />
            <String ID="Textword_170" HPOS="2102" VPOS="4184" HEIGHT="66" WIDTH="47" CONTENT="&amp;" WC="0.89" />
            <String ID="Textword_171" HPOS="2197" VPOS="4185" HEIGHT="65" WIDTH="449" CONTENT="Incassobureaux" WC="0.90" />
          </TextLine>
        </TextBlock>
        <TextBlock ID="TextBlock_53" HPOS="1630" VPOS="4270" HEIGHT="131" WIDTH="901">
          <TextLine ID="TextLine_68" HPOS="1630" VPOS="4270" HEIGHT="131" WIDTH="901">
            <String ID="Textword_172" HPOS="1630" VPOS="4272" HEIGHT="128" WIDTH="88" CONTENT="F." WC="0.61" />
            <String ID="Textword_173" HPOS="1760" VPOS="4272" HEIGHT="128" WIDTH="91" CONTENT="X." WC="0.87" />
            <String ID="Textword_174" HPOS="1892" VPOS="4270" HEIGHT="131" WIDTH="639" CONTENT="MOESCHLIN" WC="0.88" />
          </TextLine>
        </TextBlock>
        <TextBlock ID="TextBlock_54" HPOS="1720" VPOS="4429" HEIGHT="51" WIDTH="715">
          <TextLine ID="TextLine_69" HPOS="1720" VPOS="4429" HEIGHT="51" WIDTH="715">
            <String ID="Textword_175" HPOS="1720" VPOS="4430" HEIGHT="41" WIDTH="43" CONTENT="J." WC="0.85" />
            <String ID="Textword_176" HPOS="1786" VPOS="4431" HEIGHT="40" WIDTH="49" CONTENT="A." WC="0.82" />
            <String ID="Textword_177" HPOS="1865" VPOS="4430" HEIGHT="41" WIDTH="277" CONTENT="Tritschler’s" WC="0.88" />
            <String ID="Textword_178" HPOS="2170" VPOS="4429" HEIGHT="51" WIDTH="265" CONTENT="Nachfolger" WC="0.96" />
          </TextLine>
        </TextBlock>
        <TextBlock ID="TextBlock_55" HPOS="1546" VPOS="4482" HEIGHT="52" WIDTH="978">
          <TextLine ID="TextLine_70" HPOS="1546" VPOS="4482" HEIGHT="52" WIDTH="978">
            <String ID="Textword_179" HPOS="1546" VPOS="4483" HEIGHT="49" WIDTH="151" CONTENT="Basel" WC="0.62" />
            <String ID="Textword_180" HPOS="1931" VPOS="4500" HEIGHT="34" WIDTH="151" CONTENT="Gegründet" WC="0.96" />
            <String ID="Textword_181" HPOS="2097" VPOS="4502" HEIGHT="26" WIDTH="64" CONTENT="1869" WC="0.96" />
            <String ID="Textword_182" HPOS="2269" VPOS="4483" HEIGHT="50" WIDTH="191" CONTENT="Zürich" WC="0.96" />
            <String ID="Textword_183" HPOS="2494" VPOS="4482" HEIGHT="49" WIDTH="30" CONTENT="I" WC="0.95" />
          </TextLine>
        </TextBlock>
        <TextBlock ID="TextBlock_56" HPOS="1532" VPOS="4543" HEIGHT="89" WIDTH="1114">
          <TextLine ID="TextLine_71" HPOS="1532" VPOS="4543" HEIGHT="44" WIDTH="1088">
            <String ID="Textword_184" HPOS="1532" VPOS="4545" HEIGHT="37" WIDTH="177" CONTENT="Falknerstrasse" WC="0.67" />
            <String ID="Textword_185" HPOS="1722" VPOS="4546" HEIGHT="35" WIDTH="13" CONTENT="7" WC="0.96" />
            <String ID="Textword_186" HPOS="2202" VPOS="4545" HEIGHT="37" WIDTH="244" CONTENT="Fraumünsters(rasse" WC="0.10" />
            <String ID="Textword_187" HPOS="2460" VPOS="4546" HEIGHT="35" WIDTH="27" CONTENT="14" WC="0.96" />
            <String ID="Textword_188" HPOS="2499" VPOS="4543" HEIGHT="44" WIDTH="121" CONTENT="(Metropol)" WC="0.96" />
          </TextLine>
          <TextLine ID="TextLine_72" HPOS="1580" VPOS="4598" HEIGHT="34" WIDTH="1066">
            <String ID="Textword_189" HPOS="1580" VPOS="4599" HEIGHT="33" WIDTH="188" CONTENT="Prompteste" WC="0.91" />
            <String ID="Textword_190" HPOS="1795" VPOS="4599" HEIGHT="26" WIDTH="59" CONTENT="und" WC="0.93" />
            <String ID="Textword_191" HPOS="1882" VPOS="4599" HEIGHT="33" WIDTH="277" CONTENT="gewissenhafteste" WC="0.92" />
            <String ID="Textword_192" HPOS="2178" VPOS="4600" HEIGHT="32" WIDTH="180" CONTENT="Bedienung." WC="0.93" />
            <String ID="Textword_193" HPOS="2396" VPOS="4598" HEIGHT="28" WIDTH="250" CONTENT="Vorteilhafteste" WC="0.92" />
          </TextLine>
        </TextBlock>
        <TextBlock ID="TextBlock_57" HPOS="3248" VPOS="353" HEIGHT="48" WIDTH="25">
          <TextLine ID="TextLine_73" HPOS="3248" VPOS="353" HEIGHT="48" WIDTH="25">
            <SP ID="Textword_25" HPOS="3248" VPOS="353" />
            <String ID="Textword_194" HPOS="3248" VPOS="353" HEIGHT="48" WIDTH="25" CONTENT=" " WC="0.95" />
          </TextLine>
        </TextBlock>
        <TextBlock ID="TextBlock_58" HPOS="2727" VPOS="424" HEIGHT="81" WIDTH="440">
          <TextLine ID="TextLine_74" HPOS="2727" VPOS="424" HEIGHT="81" WIDTH="440">
            <String ID="Textword_195" HPOS="2727" VPOS="424" HEIGHT="81" WIDTH="440" CONTENT="Kopierbureau" WC="0.89" />
          </TextLine>
        </TextBlock>
        <TextBlock ID="TextBlock_59" HPOS="2668" VPOS="509" HEIGHT="100" WIDTH="556">
          <TextLine ID="TextLine_75" HPOS="2669" VPOS="509" HEIGHT="36" WIDTH="554">
            <String ID="Textword_196" HPOS="2669" VPOS="509" HEIGHT="28" WIDTH="238" CONTENT="Steinmann" WC="0.91" />
            <String ID="Textword_197" HPOS="2936" VPOS="510" HEIGHT="28" WIDTH="35" CONTENT="&amp;" WC="0.92" />
            <String ID="Textword_198" HPOS="2997" VPOS="510" HEIGHT="33" WIDTH="110" CONTENT="Erni," WC="0.90" />
            <String ID="Textword_199" HPOS="3138" VPOS="519" HEIGHT="26" WIDTH="85" CONTENT="gegr." WC="0.91" />
          </TextLine>
          <TextLine ID="TextLine_76" HPOS="2671" VPOS="545" HEIGHT="34" WIDTH="553">
            <String ID="Textword_200" HPOS="2671" VPOS="545" HEIGHT="32" WIDTH="75" CONTENT="1892," WC="0.93" />
            <String ID="Textword_201" HPOS="2762" VPOS="546" HEIGHT="26" WIDTH="206" CONTENT="Börsenstrasse" WC="0.91" />
            <String ID="Textword_202" HPOS="2980" VPOS="546" HEIGHT="33" WIDTH="40" CONTENT="10," WC="0.95" />
            <String ID="Textword_203" HPOS="3033" VPOS="545" HEIGHT="28" WIDTH="148" CONTENT="Zürich" WC="0.95" />
            <String ID="Textword_204" HPOS="3192" VPOS="547" HEIGHT="27" WIDTH="32" CONTENT="I." WC="0.93" />
          </TextLine>
          <TextLine ID="TextLine_77" HPOS="2668" VPOS="580" HEIGHT="29" WIDTH="555">
            <String ID="Textword_205" HPOS="2668" VPOS="580" HEIGHT="28" WIDTH="328" CONTENT="Schreibmaschinenarb." WC="0.92" />
            <String ID="Textword_206" HPOS="3054" VPOS="582" HEIGHT="27" WIDTH="169" CONTENT=" Vervielfilt." WC="0.61" />
          </TextLine>
        </TextBlock>
        <TextBlock ID="TextBlock_60" HPOS="2666" VPOS="669" HEIGHT="9" WIDTH="559">
          <TextLine ID="TextLine_78" HPOS="2666" VPOS="669" HEIGHT="9" WIDTH="559">
            <SP ID="Textword_26" HPOS="2666" VPOS="669" />
            <String ID="Textword_207" HPOS="2666" VPOS="669" HEIGHT="9" WIDTH="559" CONTENT=" " WC="0.95" />
          </TextLine>
        </TextBlock>
        <TextBlock ID="TextBlock_61" HPOS="2668" VPOS="616" HEIGHT="230" WIDTH="554">
          <TextLine ID="TextLine_79" HPOS="2668" VPOS="616" HEIGHT="26" WIDTH="105">
            <String ID="Textword_208" HPOS="2668" VPOS="616" HEIGHT="26" WIDTH="105" CONTENT="Diktat." WC="0.96" />
          </TextLine>
          <TextLine ID="TextLine_80" HPOS="2701" VPOS="695" HEIGHT="111" WIDTH="502">
            <String ID="Textword_209" HPOS="2701" VPOS="695" HEIGHT="111" WIDTH="502" CONTENT="Buchführung." WC="0.95" />
          </TextLine>
          <TextLine ID="TextLine_81" HPOS="2702" VPOS="811" HEIGHT="35" WIDTH="520">
            <String ID="Textword_210" HPOS="2702" VPOS="811" HEIGHT="35" WIDTH="169" CONTENT="Neuanlage," WC="0.91" />
            <String ID="Textword_211" HPOS="2907" VPOS="812" HEIGHT="34" WIDTH="138" CONTENT="Revision," WC="0.92" />
            <String ID="Textword_212" HPOS="3089" VPOS="813" HEIGHT="26" WIDTH="133" CONTENT="Nachtra-" WC="0.76" />
          </TextLine>
        </TextBlock>
        <TextBlock ID="TextBlock_62" HPOS="2666" VPOS="847" HEIGHT="361" WIDTH="558">
          <TextLine ID="TextLine_82" HPOS="2666" VPOS="847" HEIGHT="34" WIDTH="556">
            <String ID="Textword_213" HPOS="2666" VPOS="855" HEIGHT="26" WIDTH="86" CONTENT="gung," WC="0.95" />
            <String ID="Textword_214" HPOS="2780" VPOS="847" HEIGHT="27" WIDTH="109" CONTENT="Ordnen" WC="0.95" />
            <String ID="Textword_215" HPOS="2917" VPOS="849" HEIGHT="25" WIDTH="55" CONTENT="und" WC="0.95" />
            <String ID="Textword_216" HPOS="2992" VPOS="849" HEIGHT="32" WIDTH="150" CONTENT="Abschluss" WC="0.96" />
            <String ID="Textword_217" HPOS="3170" VPOS="847" HEIGHT="28" WIDTH="52" CONTENT="von" WC="0.95" />
          </TextLine>
          <TextLine ID="TextLine_83" HPOS="2667" VPOS="883" HEIGHT="32" WIDTH="556">
            <String ID="Textword_218" HPOS="2667" VPOS="883" HEIGHT="32" WIDTH="279" CONTENT="Geschäftsbüchern;" WC="0.90" />
            <String ID="Textword_219" HPOS="2973" VPOS="884" HEIGHT="26" WIDTH="126" CONTENT="Gewinn-" WC="0.92" />
            <String ID="Textword_220" HPOS="3119" VPOS="892" HEIGHT="18" WIDTH="26" CONTENT="u." WC="0.92" />
            <String ID="Textword_221" HPOS="3159" VPOS="884" HEIGHT="27" WIDTH="64" CONTENT="Ver-" WC="0.92" />
          </TextLine>
          <TextLine ID="TextLine_84" HPOS="2667" VPOS="919" HEIGHT="33" WIDTH="557">
            <String ID="Textword_222" HPOS="2667" VPOS="919" HEIGHT="33" WIDTH="239" CONTENT="lustrechnungen," WC="0.89" />
            <String ID="Textword_223" HPOS="2933" VPOS="919" HEIGHT="27" WIDTH="132" CONTENT="Bilanzen" WC="0.96" />
            <String ID="Textword_224" HPOS="3083" VPOS="920" HEIGHT="25" WIDTH="57" CONTENT="und" WC="0.93" />
            <String ID="Textword_225" HPOS="3160" VPOS="920" HEIGHT="26" WIDTH="64" CONTENT="Gut-" WC="0.87" />
          </TextLine>
          <TextLine ID="TextLine_85" HPOS="2667" VPOS="954" HEIGHT="34" WIDTH="555">
            <String ID="Textword_226" HPOS="2667" VPOS="954" HEIGHT="26" WIDTH="96" CONTENT="achten" WC="0.96" />
            <String ID="Textword_227" HPOS="2788" VPOS="956" HEIGHT="24" WIDTH="46" CONTENT="für" WC="0.96" />
            <String ID="Textword_228" HPOS="2855" VPOS="954" HEIGHT="34" WIDTH="137" CONTENT="Gewerbe," WC="0.96" />
            <String ID="Textword_229" HPOS="3012" VPOS="955" HEIGHT="33" WIDTH="106" CONTENT="Hotels," WC="0.93" />
            <String ID="Textword_230" HPOS="3148" VPOS="955" HEIGHT="26" WIDTH="74" CONTENT="Han-" WC="0.92" />
          </TextLine>
          <TextLine ID="TextLine_86" HPOS="2666" VPOS="989" HEIGHT="35" WIDTH="556">
            <String ID="Textword_231" HPOS="2666" VPOS="989" HEIGHT="26" WIDTH="55" CONTENT="del-" WC="0.89" />
            <String ID="Textword_232" HPOS="2750" VPOS="990" HEIGHT="26" WIDTH="55" CONTENT="uud" WC="0.78" />
            <String ID="Textword_233" HPOS="2833" VPOS="990" HEIGHT="34" WIDTH="255" CONTENT="Fabrikgeschäfte," WC="0.91" />
            <String ID="Textword_234" HPOS="3122" VPOS="990" HEIGHT="27" WIDTH="100" CONTENT="Gesell-" WC="0.92" />
          </TextLine>
          <TextLine ID="TextLine_87" HPOS="2667" VPOS="1025" HEIGHT="34" WIDTH="555">
            <String ID="Textword_235" HPOS="2667" VPOS="1025" HEIGHT="26" WIDTH="122" CONTENT="schaften" WC="0.91" />
            <String ID="Textword_236" HPOS="2818" VPOS="1025" HEIGHT="34" WIDTH="79" CONTENT="jeder" WC="0.92" />
            <String ID="Textword_237" HPOS="2927" VPOS="1029" HEIGHT="23" WIDTH="59" CONTENT="Art." WC="0.93" />
            <String ID="Textword_238" HPOS="3024" VPOS="1026" HEIGHT="25" WIDTH="112" CONTENT="Diskret" WC="0.91" />
            <String ID="Textword_239" HPOS="3167" VPOS="1026" HEIGHT="26" WIDTH="55" CONTENT="und" WC="0.95" />
          </TextLine>
          <TextLine ID="TextLine_88" HPOS="2666" VPOS="1061" HEIGHT="32" WIDTH="204">
            <String ID="Textword_240" HPOS="2666" VPOS="1061" HEIGHT="32" WIDTH="204" CONTENT="gewissenhaft." WC="0.91" />
          </TextLine>
          <TextLine ID="TextLine_89" HPOS="2723" VPOS="1096" HEIGHT="33" WIDTH="448">
            <String ID="Textword_241" HPOS="2723" VPOS="1096" HEIGHT="32" WIDTH="42" CONTENT="C." WC="0.87" />
            <String ID="Textword_242" HPOS="2783" VPOS="1097" HEIGHT="31" WIDTH="49" CONTENT="A." WC="0.93" />
            <String ID="Textword_243" HPOS="2850" VPOS="1096" HEIGHT="32" WIDTH="46" CONTENT="0." WC="0.44" />
            <String ID="Textword_244" HPOS="2915" VPOS="1096" HEIGHT="33" WIDTH="256" CONTENT="Gademann" WC="0.88" />
          </TextLine>
          <TextLine ID="TextLine_90" HPOS="2839" VPOS="1141" HEIGHT="25" WIDTH="211">
            <String ID="Textword_245" HPOS="2839" VPOS="1141" HEIGHT="25" WIDTH="211" CONTENT="Biücherrevisor" WC="0.33" />
          </TextLine>
          <TextLine ID="TextLine_91" HPOS="2710" VPOS="1161" HEIGHT="47" WIDTH="480">
            <String ID="Textword_246" HPOS="2710" VPOS="1174" HEIGHT="28" WIDTH="147" CONTENT="Zürich" WC="0.82" />
            <String ID="Textword_247" HPOS="2877" VPOS="1175" HEIGHT="33" WIDTH="31" CONTENT="X," WC="0.66" />
            <String ID="Textword_248" HPOS="2929" VPOS="1176" HEIGHT="26" WIDTH="188" CONTENT="Gessnerallee" WC="0.92" />
            <String ID="Textword_249" HPOS="3137" VPOS="1161" HEIGHT="40" WIDTH="53" CONTENT="50." WC="0.90" />
          </TextLine>
        </TextBlock>
        <TextBlock ID="TextBlock_63" HPOS="2665" VPOS="1219" HEIGHT="8" WIDTH="558">
          <TextLine ID="TextLine_92" HPOS="2665" VPOS="1219" HEIGHT="8" WIDTH="558">
            <SP ID="Textword_27" HPOS="2665" VPOS="1219" />
            <String ID="Textword_250" HPOS="2665" VPOS="1219" HEIGHT="8" WIDTH="558" CONTENT=" " WC="0.95" />
          </TextLine>
        </TextBlock>
        <TextBlock ID="TextBlock_64" HPOS="2666" VPOS="1236" HEIGHT="20" WIDTH="553">
          <TextLine ID="TextLine_93" HPOS="2666" VPOS="1236" HEIGHT="20" WIDTH="553">
            <SP ID="Textword_28" HPOS="2666" VPOS="1236" />
            <String ID="Textword_251" HPOS="2666" VPOS="1236" HEIGHT="20" WIDTH="553" CONTENT=" " WC="0.95" />
          </TextLine>
        </TextBlock>
        <TextBlock ID="TextBlock_65" HPOS="2704" VPOS="1301" HEIGHT="86" WIDTH="492">
          <TextLine ID="TextLine_94" HPOS="2704" VPOS="1301" HEIGHT="86" WIDTH="492">
            <String ID="Textword_252" HPOS="2704" VPOS="1301" HEIGHT="86" WIDTH="492" CONTENT="Buchhaltung." WC="0.94" />
          </TextLine>
        </TextBlock>
        <TextBlock ID="TextBlock_66" HPOS="2663" VPOS="1397" HEIGHT="281" WIDTH="577">
          <TextLine ID="TextLine_95" HPOS="2666" VPOS="1397" HEIGHT="34" WIDTH="555">
            <String ID="Textword_253" HPOS="2666" VPOS="1399" HEIGHT="24" WIDTH="69" CONTENT="nach" WC="0.96" />
            <String ID="Textword_254" HPOS="2755" VPOS="1398" HEIGHT="26" WIDTH="71" CONTENT="allen" WC="0.96" />
            <String ID="Textword_255" HPOS="2841" VPOS="1398" HEIGHT="33" WIDTH="141" CONTENT="Systemen" WC="0.96" />
            <String ID="Textword_256" HPOS="3000" VPOS="1398" HEIGHT="26" WIDTH="54" CONTENT="nnd" WC="0.77" />
            <String ID="Textword_257" HPOS="3065" VPOS="1398" HEIGHT="33" WIDTH="91" CONTENT="jedem" WC="0.93" />
            <String ID="Textword_258" HPOS="3171" VPOS="1397" HEIGHT="26" WIDTH="50" CONTENT="Ge-" WC="0.93" />
          </TextLine>
          <TextLine ID="TextLine_96" HPOS="2665" VPOS="1433" HEIGHT="33" WIDTH="557">
            <String ID="Textword_259" HPOS="2665" VPOS="1433" HEIGHT="26" WIDTH="208" CONTENT="schäftsbetrieb" WC="0.85" />
            <String ID="Textword_260" HPOS="2930" VPOS="1436" HEIGHT="30" WIDTH="156" CONTENT="angepasst," WC="0.84" />
            <String ID="Textword_261" HPOS="3136" VPOS="1433" HEIGHT="26" WIDTH="86" CONTENT="Nach-" WC="0.66" />
          </TextLine>
          <TextLine ID="TextLine_97" HPOS="2665" VPOS="1468" HEIGHT="34" WIDTH="556">
            <String ID="Textword_262" HPOS="2665" VPOS="1470" HEIGHT="32" WIDTH="121" CONTENT="tragung" WC="0.91" />
            <String ID="Textword_263" HPOS="2823" VPOS="1476" HEIGHT="20" WIDTH="55" CONTENT="von" WC="0.92" />
            <String ID="Textword_264" HPOS="2921" VPOS="1469" HEIGHT="33" WIDTH="132" CONTENT="Büchern," WC="0.82" />
            <String ID="Textword_265" HPOS="3102" VPOS="1468" HEIGHT="27" WIDTH="119" CONTENT="Bücher-" WC="0.89" />
          </TextLine>
          <TextLine ID="TextLine_98" HPOS="2664" VPOS="1503" HEIGHT="34" WIDTH="553">
            <String ID="Textword_266" HPOS="2664" VPOS="1511" HEIGHT="19" WIDTH="32" CONTENT="ex" WC="0.93" />
            <String ID="Textword_267" HPOS="2717" VPOS="1507" HEIGHT="23" WIDTH="102" CONTENT="ertisen" WC="0.88" />
            <String ID="Textword_268" HPOS="2863" VPOS="1503" HEIGHT="27" WIDTH="53" CONTENT="und" WC="0.93" />
            <String ID="Textword_269" HPOS="2962" VPOS="1504" HEIGHT="33" WIDTH="158" CONTENT="Ersteilung" WC="0.44" />
            <String ID="Textword_270" HPOS="3165" VPOS="1511" HEIGHT="19" WIDTH="52" CONTENT="von" WC="0.95" />
          </TextLine>
          <TextLine ID="TextLine_99" HPOS="2663" VPOS="1539" HEIGHT="34" WIDTH="559">
            <String ID="Textword_271" HPOS="2663" VPOS="1539" HEIGHT="27" WIDTH="135" CONTENT="Bilanzen" WC="0.92" />
            <String ID="Textword_272" HPOS="2825" VPOS="1539" HEIGHT="34" WIDTH="111" CONTENT="besorgt" WC="0.90" />
            <String ID="Textword_273" HPOS="2964" VPOS="1539" HEIGHT="34" WIDTH="169" CONTENT="zuverlässig" WC="0.92" />
            <String ID="Textword_274" HPOS="3166" VPOS="1539" HEIGHT="26" WIDTH="56" CONTENT="und" WC="0.96" />
          </TextLine>
          <TextLine ID="TextLine_100" HPOS="2664" VPOS="1574" HEIGHT="34" WIDTH="576">
            <String ID="Textword_275" HPOS="2664" VPOS="1574" HEIGHT="34" WIDTH="431" CONTENT="diskretE.Muggli-Isier," WC="0.36" />
            <String ID="Textword_276" HPOS="3103" VPOS="1574" HEIGHT="27" WIDTH="137" CONTENT="Bücher-." WC="0.65" />
          </TextLine>
          <TextLine ID="TextLine_101" HPOS="2665" VPOS="1610" HEIGHT="33" WIDTH="556">
            <String ID="Textword_277" HPOS="2665" VPOS="1613" HEIGHT="30" WIDTH="109" CONTENT="experte" WC="0.92" />
            <String ID="Textword_278" HPOS="2787" VPOS="1611" HEIGHT="31" WIDTH="93" CONTENT="ehem." WC="0.76" />
            <String ID="Textword_279" HPOS="2887" VPOS="1611" HEIGHT="25" WIDTH="144" CONTENT="Prokurist" WC="0.92" />
            <String ID="Textword_280" HPOS="3038" VPOS="1611" HEIGHT="25" WIDTH="46" CONTENT="der" WC="0.96" />
            <String ID="Textword_281" HPOS="3090" VPOS="1610" HEIGHT="27" WIDTH="131" CONTENT="Schweiz." WC="0.94" />
          </TextLine>
          <TextLine ID="TextLine_102" HPOS="2668" VPOS="1644" HEIGHT="34" WIDTH="421">
            <String ID="Textword_282" HPOS="2668" VPOS="1646" HEIGHT="32" WIDTH="169" CONTENT="Volkspank)" WC="0.45" />
            <String ID="Textword_283" HPOS="2855" VPOS="1644" HEIGHT="28" WIDTH="147" CONTENT="Zürich" WC="0.95" />
            <String ID="Textword_284" HPOS="3021" VPOS="1645" HEIGHT="27" WIDTH="68" CONTENT="IV." WC="0.89" />
          </TextLine>
        </TextBlock>
        <TextBlock ID="TextBlock_67" HPOS="2738" VPOS="1811" HEIGHT="130" WIDTH="427">
          <TextLine ID="TextLine_103" HPOS="2738" VPOS="1811" HEIGHT="130" WIDTH="427">
            <String ID="Textword_285" HPOS="2738" VPOS="1811" HEIGHT="130" WIDTH="427" CONTENT="Modelle" WC="0.94" />
          </TextLine>
        </TextBlock>
        <TextBlock ID="TextBlock_68" HPOS="2664" VPOS="1962" HEIGHT="283" WIDTH="557">
          <TextLine ID="TextLine_104" HPOS="2665" VPOS="1962" HEIGHT="34" WIDTH="556">
            <String ID="Textword_286" HPOS="2665" VPOS="1965" HEIGHT="31" WIDTH="83" CONTENT="#3“" WC="0.44" />
            <String ID="Textword_287" HPOS="2769" VPOS="1964" HEIGHT="26" WIDTH="46" CONTENT="für" WC="0.88" />
            <String ID="Textword_288" HPOS="2834" VPOS="1964" HEIGHT="26" WIDTH="170" CONTENT="Giessereien" WC="0.91" />
            <String ID="Textword_289" HPOS="3029" VPOS="1964" HEIGHT="27" WIDTH="56" CONTENT="und" WC="0.92" />
            <String ID="Textword_290" HPOS="3106" VPOS="1962" HEIGHT="28" WIDTH="115" CONTENT="Maschi-" WC="0.92" />
          </TextLine>
          <TextLine ID="TextLine_105" HPOS="2664" VPOS="1998" HEIGHT="35" WIDTH="556">
            <String ID="Textword_291" HPOS="2664" VPOS="2000" HEIGHT="33" WIDTH="189" CONTENT="nenfabriken," WC="0.92" />
            <String ID="Textword_292" HPOS="2872" VPOS="2000" HEIGHT="26" WIDTH="82" CONTENT="sowie" WC="0.91" />
            <String ID="Textword_293" HPOS="2972" VPOS="2000" HEIGHT="26" WIDTH="47" CONTENT="für" WC="0.93" />
            <String ID="Textword_294" HPOS="3038" VPOS="2000" HEIGHT="32" WIDTH="96" CONTENT="Schul-" WC="0.92" />
            <String ID="Textword_295" HPOS="3163" VPOS="1998" HEIGHT="27" WIDTH="57" CONTENT="und" WC="0.96" />
          </TextLine>
          <TextLine ID="TextLine_106" HPOS="2664" VPOS="2034" HEIGHT="34" WIDTH="556">
            <String ID="Textword_296" HPOS="2664" VPOS="2035" HEIGHT="26" WIDTH="210" CONTENT="Patentzwecke" WC="0.92" />
            <String ID="Textword_297" HPOS="2901" VPOS="2035" HEIGHT="33" WIDTH="147" CONTENT="verfertigt" WC="0.92" />
            <String ID="Textword_298" HPOS="3075" VPOS="2035" HEIGHT="26" WIDTH="69" CONTENT="nach" WC="0.93" />
            <String ID="Textword_299" HPOS="3164" VPOS="2034" HEIGHT="26" WIDTH="56" CONTENT="ein-" WC="0.91" />
          </TextLine>
          <TextLine ID="TextLine_107" HPOS="2664" VPOS="2069" HEIGHT="35" WIDTH="557">
            <String ID="Textword_300" HPOS="2664" VPOS="2071" HEIGHT="33" WIDTH="147" CONTENT="gesandter" WC="0.91" />
            <String ID="Textword_301" HPOS="2837" VPOS="2071" HEIGHT="33" WIDTH="159" CONTENT="Zeichnung" WC="0.92" />
            <String ID="Textword_302" HPOS="3024" VPOS="2070" HEIGHT="26" WIDTH="65" CONTENT="oder" WC="0.92" />
            <String ID="Textword_303" HPOS="3117" VPOS="2069" HEIGHT="27" WIDTH="104" CONTENT="Muster" WC="0.91" />
          </TextLine>
          <TextLine ID="TextLine_108" HPOS="2666" VPOS="2105" HEIGHT="34" WIDTH="553">
            <String ID="Textword_304" HPOS="2666" VPOS="2106" HEIGHT="26" WIDTH="40" CONTENT="bei" WC="0.96" />
            <String ID="Textword_305" HPOS="2737" VPOS="2106" HEIGHT="33" WIDTH="140" CONTENT="billigsten" WC="0.95" />
            <String ID="Textword_306" HPOS="2904" VPOS="2106" HEIGHT="26" WIDTH="114" CONTENT="Preisen." WC="0.94" />
            <String ID="Textword_307" HPOS="3049" VPOS="2105" HEIGHT="27" WIDTH="56" CONTENT="und" WC="0.91" />
            <String ID="Textword_308" HPOS="3132" VPOS="2105" HEIGHT="26" WIDTH="87" CONTENT="tadel-" WC="0.92" />
          </TextLine>
          <TextLine ID="TextLine_109" HPOS="2665" VPOS="2141" HEIGHT="35" WIDTH="274">
            <String ID="Textword_309" HPOS="2665" VPOS="2142" HEIGHT="25" WIDTH="69" CONTENT="loser" WC="0.95" />
            <String ID="Textword_310" HPOS="2753" VPOS="2141" HEIGHT="35" WIDTH="186" CONTENT="Ausführung" WC="0.95" />
          </TextLine>
          <TextLine ID="TextLine_110" HPOS="2840" VPOS="2176" HEIGHT="33" WIDTH="222">
            <String ID="Textword_311" HPOS="2840" VPOS="2176" HEIGHT="27" WIDTH="48" CONTENT="A." WC="0.94" />
            <String ID="Textword_312" HPOS="2897" VPOS="2176" HEIGHT="33" WIDTH="165" CONTENT="Locher," WC="0.96" />
          </TextLine>
          <TextLine ID="TextLine_111" HPOS="2747" VPOS="2211" HEIGHT="34" WIDTH="472">
            <String ID="Textword_313" HPOS="2747" VPOS="2212" HEIGHT="25" WIDTH="86" CONTENT="mech." WC="0.92" />
            <String ID="Textword_314" HPOS="2848" VPOS="2211" HEIGHT="34" WIDTH="274" CONTENT="Modellschreinerei," WC="0.92" />
            <String ID="Textword_315" HPOS="3142" VPOS="2211" HEIGHT="26" WIDTH="77" CONTENT="Bern." WC="0.95" />
          </TextLine>
        </TextBlock>
        <TextBlock ID="TextBlock_69" HPOS="2950" VPOS="2284" HEIGHT="331" WIDTH="234">
          <TextLine ID="TextLine_112" HPOS="2966" VPOS="2284" HEIGHT="130" WIDTH="205">
            <String ID="Textword_316" HPOS="2966" VPOS="2284" HEIGHT="130" WIDTH="205" CONTENT="Kisten-" WC="0.34" />
          </TextLine>
          <TextLine ID="TextLine_113" HPOS="2950" VPOS="2488" HEIGHT="127" WIDTH="234">
            <String ID="Textword_317" HPOS="2950" VPOS="2488" HEIGHT="127" WIDTH="234" CONTENT="sehoner" WC="0.50" />
          </TextLine>
        </TextBlock>
        <TextBlock ID="TextBlock_70" HPOS="2959" VPOS="2640" HEIGHT="89" WIDTH="212">
          <TextLine ID="TextLine_114" HPOS="2959" VPOS="2640" HEIGHT="27" WIDTH="212">
            <String ID="Textword_318" HPOS="2959" VPOS="2640" HEIGHT="27" WIDTH="212" CONTENT="SEE" WC="0.41" />
          </TextLine>
          <TextLine ID="TextLine_115" HPOS="2994" VPOS="2702" HEIGHT="27" WIDTH="153">
            <String ID="Textword_319" HPOS="2994" VPOS="2702" HEIGHT="27" WIDTH="91" CONTENT="liefert" WC="0.92" />
            <String ID="Textword_320" HPOS="3104" VPOS="2703" HEIGHT="26" WIDTH="43" CONTENT="die" WC="0.96" />
          </TextLine>
        </TextBlock>
        <TextBlock ID="TextBlock_71" HPOS="2924" VPOS="2775" HEIGHT="45" WIDTH="279">
          <TextLine ID="TextLine_116" HPOS="2924" VPOS="2775" HEIGHT="45" WIDTH="279">
            <String ID="Textword_321" HPOS="2924" VPOS="2775" HEIGHT="45" WIDTH="279" CONTENT="Kartonfabrik" WC="0.91" />
          </TextLine>
        </TextBlock>
        <TextBlock ID="TextBlock_72" HPOS="2907" VPOS="2856" HEIGHT="85" WIDTH="317">
          <TextLine ID="TextLine_117" HPOS="2907" VPOS="2856" HEIGHT="44" WIDTH="317">
            <String ID="Textword_322" HPOS="2907" VPOS="2856" HEIGHT="44" WIDTH="147" CONTENT="Ellikon" WC="0.89" />
            <String ID="Textword_323" HPOS="3067" VPOS="2861" HEIGHT="34" WIDTH="61" CONTENT="a.d." WC="0.90" />
            <String ID="Textword_324" HPOS="3140" VPOS="2861" HEIGHT="34" WIDTH="84" CONTENT="Thur" WC="0.92" />
          </TextLine>
          <TextLine ID="TextLine_118" HPOS="2961" VPOS="2915" HEIGHT="26" WIDTH="49">
            <String ID="Textword_325" HPOS="2961" VPOS="2915" HEIGHT="26" WIDTH="49" CONTENT="201" WC="0.96" />
          </TextLine>
        </TextBlock>
        <TextBlock ID="TextBlock_73" HPOS="2665" VPOS="1739" HEIGHT="23" WIDTH="555">
          <TextLine ID="TextLine_119" HPOS="2665" VPOS="1739" HEIGHT="23" WIDTH="555">
            <SP ID="Textword_29" HPOS="2665" VPOS="1739" />
            <String ID="Textword_326" HPOS="2665" VPOS="1739" HEIGHT="23" WIDTH="555" CONTENT=" " WC="0.95" />
          </TextLine>
        </TextBlock>
        <TextBlock ID="TextBlock_74" HPOS="2663" VPOS="1776" HEIGHT="11" WIDTH="558">
          <TextLine ID="TextLine_120" HPOS="2663" VPOS="1776" HEIGHT="11" WIDTH="558">
            <SP ID="Textword_30" HPOS="2663" VPOS="1776" />
            <String ID="Textword_327" HPOS="2663" VPOS="1776" HEIGHT="11" WIDTH="558" CONTENT=" " WC="0.95" />
          </TextLine>
        </TextBlock>
        <TextBlock ID="TextBlock_75" HPOS="2664" VPOS="2254" HEIGHT="9" WIDTH="559">
          <TextLine ID="TextLine_121" HPOS="2664" VPOS="2254" HEIGHT="9" WIDTH="559">
            <SP ID="Textword_31" HPOS="2664" VPOS="2254" />
            <String ID="Textword_328" HPOS="2664" VPOS="2254" HEIGHT="9" WIDTH="559" CONTENT=" " WC="0.95" />
          </TextLine>
        </TextBlock>
        <TextBlock ID="TextBlock_76" HPOS="2682" VPOS="2303" HEIGHT="633" WIDTH="191">
          <TextLine ID="TextLine_122" HPOS="2682" VPOS="2303" HEIGHT="633" WIDTH="191">
            <SP ID="Textword_32" HPOS="2682" VPOS="2303" />
            <String ID="Textword_329" HPOS="2682" VPOS="2303" HEIGHT="633" WIDTH="191" CONTENT=" " WC="0.95" />
          </TextLine>
        </TextBlock>
        <TextBlock ID="TextBlock_77" HPOS="2666" VPOS="2959" HEIGHT="8" WIDTH="559">
          <TextLine ID="TextLine_123" HPOS="2666" VPOS="2959" HEIGHT="8" WIDTH="559">
            <SP ID="Textword_33" HPOS="2666" VPOS="2959" />
            <String ID="Textword_330" HPOS="2666" VPOS="2959" HEIGHT="8" WIDTH="559" CONTENT=" " WC="0.95" />
          </TextLine>
        </TextBlock>
        <TextBlock ID="TextBlock_78" HPOS="2832" VPOS="3220" HEIGHT="265" WIDTH="203">
          <TextLine ID="TextLine_124" HPOS="2832" VPOS="3220" HEIGHT="50" WIDTH="203">
            <String ID="Textword_331" HPOS="2832" VPOS="3220" HEIGHT="50" WIDTH="203" CONTENT="Maschinenguss" WC="0.92" />
          </TextLine>
          <TextLine ID="TextLine_125" HPOS="2877" VPOS="3275" HEIGHT="50" WIDTH="110">
            <String ID="Textword_332" HPOS="2877" VPOS="3275" HEIGHT="50" WIDTH="110" CONTENT="Bauguss" WC="0.60" />
          </TextLine>
          <TextLine ID="TextLine_126" HPOS="2892" VPOS="3329" HEIGHT="44" WIDTH="87">
            <String ID="Textword_333" HPOS="2892" VPOS="3329" HEIGHT="44" WIDTH="87" CONTENT="Säulen" WC="0.95" />
          </TextLine>
          <TextLine ID="TextLine_127" HPOS="2854" VPOS="3382" HEIGHT="48" WIDTH="165">
            <String ID="Textword_334" HPOS="2854" VPOS="3382" HEIGHT="48" WIDTH="165" CONTENT="Handelsquss" WC="0.89" />
          </TextLine>
          <TextLine ID="TextLine_128" HPOS="2837" VPOS="3435" HEIGHT="50" WIDTH="188">
            <String ID="Textword_335" HPOS="2837" VPOS="3435" HEIGHT="50" WIDTH="188" CONTENT="Kochherdguss" WC="0.83" />
          </TextLine>
        </TextBlock>
        <TextBlock ID="TextBlock_79" HPOS="2815" VPOS="3491" HEIGHT="26" WIDTH="210">
          <TextLine ID="TextLine_129" HPOS="2815" VPOS="3491" HEIGHT="26" WIDTH="210">
            <String ID="Textword_336" HPOS="2815" VPOS="3495" HEIGHT="22" WIDTH="82" CONTENT="mete." WC="0.21" />
            <String ID="Textword_337" HPOS="2974" VPOS="3491" HEIGHT="23" WIDTH="51" CONTENT="etc." WC="0.96" />
          </TextLine>
        </TextBlock>
        <TextBlock ID="TextBlock_80" HPOS="2733" VPOS="3626" HEIGHT="91" WIDTH="451">
          <TextLine ID="TextLine_130" HPOS="2733" VPOS="3626" HEIGHT="53" WIDTH="451">
            <String ID="Textword_338" HPOS="2733" VPOS="3631" HEIGHT="39" WIDTH="73" CONTENT="und" WC="0.90" />
            <String ID="Textword_339" HPOS="2809" VPOS="3626" HEIGHT="53" WIDTH="375" CONTENT="Eisenkonstrukhionen" WC="0.63" />
          </TextLine>
          <TextLine ID="TextLine_131" HPOS="2818" VPOS="3685" HEIGHT="32" WIDTH="295">
            <String ID="Textword_340" HPOS="2818" VPOS="3685" HEIGHT="32" WIDTH="118" CONTENT="VA" WC="0.12" />
            <String ID="Textword_341" HPOS="2947" VPOS="3689" HEIGHT="28" WIDTH="166" CONTENT="LE" WC="0.19" />
          </TextLine>
        </TextBlock>
        <TextBlock ID="TextBlock_81" HPOS="2680" VPOS="2990" HEIGHT="760" WIDTH="530">
          <TextLine ID="TextLine_132" HPOS="2680" VPOS="2990" HEIGHT="760" WIDTH="530">
            <SP ID="Textword_34" HPOS="2680" VPOS="2990" />
            <String ID="Textword_342" HPOS="2680" VPOS="2990" HEIGHT="760" WIDTH="530" CONTENT=" " WC="0.95" />
          </TextLine>
        </TextBlock>
        <TextBlock ID="TextBlock_82" HPOS="2670" VPOS="3771" HEIGHT="10" WIDTH="560">
          <TextLine ID="TextLine_133" HPOS="2670" VPOS="3771" HEIGHT="10" WIDTH="560">
            <SP ID="Textword_35" HPOS="2670" VPOS="3771" />
            <String ID="Textword_343" HPOS="2670" VPOS="3771" HEIGHT="10" WIDTH="560" CONTENT=" " WC="0.95" />
          </TextLine>
        </TextBlock>
        <TextBlock ID="TextBlock_83" HPOS="2701" VPOS="3830" HEIGHT="116" WIDTH="575">
          <TextLine ID="TextLine_134" HPOS="2701" VPOS="3830" HEIGHT="116" WIDTH="575">
            <String ID="Textword_344" HPOS="2701" VPOS="3831" HEIGHT="85" WIDTH="231" CONTENT="Gegenstrom" WC="0.78" />
            <String ID="Textword_345" HPOS="2944" VPOS="3865" HEIGHT="13" WIDTH="18" CONTENT="-" WC="0.78" />
            <String ID="Textword_346" HPOS="2973" VPOS="3830" HEIGHT="74" WIDTH="223" CONTENT="Vorwärmer" WC="0.88" />
            <String ID="Textword_347" HPOS="3260" VPOS="3835" HEIGHT="111" WIDTH="16" CONTENT="|" WC="0.85" />
          </TextLine>
        </TextBlock>
        <TextBlock ID="TextBlock_84" HPOS="2734" VPOS="3914" HEIGHT="26" WIDTH="403">
          <TextLine ID="TextLine_135" HPOS="2734" VPOS="3914" HEIGHT="26" WIDTH="403">
            <String ID="Textword_348" HPOS="2734" VPOS="3918" HEIGHT="20" WIDTH="29" CONTENT="D." WC="0.89" />
            <String ID="Textword_349" HPOS="2774" VPOS="3918" HEIGHT="20" WIDTH="28" CONTENT="B." WC="0.71" />
            <String ID="Textword_350" HPOS="2814" VPOS="3917" HEIGHT="20" WIDTH="17" CONTENT="P" WC="0.79" />
            <String ID="Textword_351" HPOS="2856" VPOS="3916" HEIGHT="21" WIDTH="47" CONTENT="und" WC="0.93" />
            <String ID="Textword_352" HPOS="2918" VPOS="3916" HEIGHT="24" WIDTH="115" CONTENT="Schreiz." WC="0.73" />
            <String ID="Textword_353" HPOS="3043" VPOS="3914" HEIGHT="22" WIDTH="94" CONTENT="Patent." WC="0.94" />
          </TextLine>
        </TextBlock>
        <TextBlock ID="TextBlock_85" HPOS="2948" VPOS="3982" HEIGHT="46" WIDTH="21">
          <TextLine ID="TextLine_136" HPOS="2948" VPOS="3982" HEIGHT="19" WIDTH="20">
            <String ID="Textword_354" HPOS="2948" VPOS="3982" HEIGHT="19" WIDTH="20" CONTENT="re" WC="0.33" />
          </TextLine>
          <TextLine ID="TextLine_137" HPOS="2959" VPOS="4001" HEIGHT="7" WIDTH="10">
            <String ID="Textword_355" HPOS="2959" VPOS="4001" HEIGHT="7" WIDTH="10" CONTENT="&gt;" WC="0.57" />
          </TextLine>
          <TextLine ID="TextLine_138" HPOS="2957" VPOS="4015" HEIGHT="13" WIDTH="12">
            <String ID="Textword_356" HPOS="2957" VPOS="4015" HEIGHT="13" WIDTH="12" CONTENT="&lt;" WC="0.89" />
          </TextLine>
        </TextBlock>
        <TextBlock ID="TextBlock_86" HPOS="2892" VPOS="4045" HEIGHT="414" WIDTH="130">
          <TextLine ID="TextLine_139" HPOS="2892" VPOS="4045" HEIGHT="414" WIDTH="130">
            <SP ID="Textword_36" HPOS="2892" VPOS="4045" />
            <String ID="Textword_357" HPOS="2892" VPOS="4045" HEIGHT="414" WIDTH="130" CONTENT="   " WC="0.95" />
          </TextLine>
        </TextBlock>
        <TextBlock ID="TextBlock_87" HPOS="2830" VPOS="4091" HEIGHT="18" WIDTH="99">
          <TextLine ID="TextLine_140" HPOS="2830" VPOS="4091" HEIGHT="18" WIDTH="99">
            <String ID="Textword_358" HPOS="2830" VPOS="4091" HEIGHT="16" WIDTH="59" CONTENT="DAMPF" WC="0.73" />
            <String ID="Textword_359" HPOS="2903" VPOS="4101" HEIGHT="8" WIDTH="26" CONTENT="ed}" WC="0.19" />
          </TextLine>
        </TextBlock>
        <TextBlock ID="TextBlock_88" HPOS="2709" VPOS="4108" HEIGHT="178" WIDTH="451">
          <TextLine ID="TextLine_141" HPOS="2817" VPOS="4108" HEIGHT="26" WIDTH="112">
            <String ID="Textword_360" HPOS="2817" VPOS="4108" HEIGHT="24" WIDTH="73" CONTENT="anTRo7" WC="0.00" />
            <String ID="Textword_361" HPOS="2900" VPOS="4110" HEIGHT="24" WIDTH="29" CONTENT="EN" WC="0.25" />
          </TextLine>
          <TextLine ID="TextLine_142" HPOS="2709" VPOS="4167" HEIGHT="48" WIDTH="392">
            <String ID="Textword_362" HPOS="2709" VPOS="4167" HEIGHT="48" WIDTH="160" CONTENT="einfachste" WC="0.09" />
            <String ID="Textword_363" HPOS="3092" VPOS="4200" HEIGHT="6" WIDTH="9" CONTENT=":" WC="0.40" />
          </TextLine>
          <TextLine ID="TextLine_143" HPOS="2737" VPOS="4199" HEIGHT="51" WIDTH="417">
            <String ID="Textword_364" HPOS="2737" VPOS="4221" HEIGHT="29" WIDTH="36" CONTENT="und" WC="0.92" />
            <String ID="Textword_365" HPOS="2785" VPOS="4221" HEIGHT="28" WIDTH="52" CONTENT="beste" WC="0.92" />
            <String ID="Textword_366" HPOS="3080" VPOS="4199" HEIGHT="29" WIDTH="74" CONTENT="hiehsto" WC="0.38" />
          </TextLine>
          <TextLine ID="TextLine_144" HPOS="2725" VPOS="4243" HEIGHT="43" WIDTH="435">
            <String ID="Textword_367" HPOS="2725" VPOS="4256" HEIGHT="30" WIDTH="130" CONTENT="Konstruktion" WC="0.95" />
            <String ID="Textword_368" HPOS="3075" VPOS="4243" HEIGHT="36" WIDTH="85" CONTENT="Leistung" WC="0.80" />
          </TextLine>
        </TextBlock>
        <TextBlock ID="TextBlock_89" HPOS="2710" VPOS="4299" HEIGHT="9" WIDTH="159">
          <TextLine ID="TextLine_145" HPOS="2710" VPOS="4299" HEIGHT="9" WIDTH="159">
            <SP ID="Textword_37" HPOS="2710" VPOS="4299" />
            <String ID="Textword_369" HPOS="2710" VPOS="4299" HEIGHT="9" WIDTH="159" CONTENT=" " WC="0.95" />
          </TextLine>
        </TextBlock>
        <TextBlock ID="TextBlock_90" HPOS="2750" VPOS="4529" HEIGHT="96" WIDTH="391">
          <TextLine ID="TextLine_146" HPOS="2865" VPOS="4529" HEIGHT="27" WIDTH="160">
            <String ID="Textword_370" HPOS="2865" VPOS="4529" HEIGHT="27" WIDTH="143" CONTENT="Vertreter" WC="0.92" />
            <String ID="Textword_371" HPOS="3019" VPOS="4537" HEIGHT="18" WIDTH="6" CONTENT=":" WC="0.92" />
          </TextLine>
          <TextLine ID="TextLine_147" HPOS="2750" VPOS="4571" HEIGHT="54" WIDTH="391">
            <String ID="Textword_372" HPOS="2750" VPOS="4571" HEIGHT="46" WIDTH="190" CONTENT="Sehmassmann" WC="0.52" />
            <String ID="Textword_373" HPOS="2953" VPOS="4576" HEIGHT="42" WIDTH="19" CONTENT="&amp;" WC="0.93" />
            <String ID="Textword_374" HPOS="2986" VPOS="4573" HEIGHT="52" WIDTH="44" CONTENT="Co," WC="0.69" />
            <String ID="Textword_375" HPOS="3045" VPOS="4572" HEIGHT="46" WIDTH="96" CONTENT="Zürich." WC="0.94" />
          </TextLine>
        </TextBlock>
        <TextBlock ID="TextBlock_91" HPOS="2642" VPOS="419" HEIGHT="4275" WIDTH="33">
          <TextLine ID="TextLine_148" HPOS="2642" VPOS="419" HEIGHT="4275" WIDTH="33">
            <SP ID="Textword_38" HPOS="2642" VPOS="419" />
            <String ID="Textword_376" HPOS="2642" VPOS="419" HEIGHT="4275" WIDTH="33" CONTENT=" " WC="0.95" />
          </TextLine>
        </TextBlock>
        <TextBlock ID="TextBlock_92" HPOS="1509" VPOS="4633" HEIGHT="63" WIDTH="1138">
          <TextLine ID="TextLine_149" HPOS="1509" VPOS="4633" HEIGHT="63" WIDTH="1138">
            <String ID="Textword_377" HPOS="1509" VPOS="4634" HEIGHT="43" WIDTH="220" CONTENT="Bedingungen." WC="0.91" />
            <String ID="Textword_378" HPOS="1767" VPOS="4635" HEIGHT="26" WIDTH="122" CONTENT="Direkte" WC="0.92" />
            <String ID="Textword_379" HPOS="1907" VPOS="4635" HEIGHT="33" WIDTH="228" CONTENT="Verbindungen" WC="0.88" />
            <String ID="Textword_380" HPOS="2147" VPOS="4635" HEIGHT="34" WIDTH="86" CONTENT="(über" WC="0.95" />
            <String ID="Textword_381" HPOS="2252" VPOS="4635" HEIGHT="32" WIDTH="98" CONTENT="20,000" WC="0.96" />
            <String ID="Textword_382" HPOS="2363" VPOS="4633" HEIGHT="63" WIDTH="284" CONTENT="Porichterstatter)" WC="0.49" />
          </TextLine>
        </TextBlock>
        <TextBlock ID="TextBlock_93" HPOS="1479" VPOS="2795" HEIGHT="1908" WIDTH="25">
          <TextLine ID="TextLine_150" HPOS="1479" VPOS="2795" HEIGHT="1908" WIDTH="25">
            <SP ID="Textword_39" HPOS="1479" VPOS="2795" />
            <String ID="Textword_383" HPOS="1479" VPOS="2795" HEIGHT="1908" WIDTH="25" CONTENT=" " WC="0.95" />
          </TextLine>
        </TextBlock>
        <TextBlock ID="TextBlock_94" HPOS="1373" VPOS="4670" HEIGHT="34" WIDTH="107">
          <TextLine ID="TextLine_151" HPOS="1373" VPOS="4670" HEIGHT="34" WIDTH="107">
            <String ID="Textword_384" HPOS="1373" VPOS="4670" HEIGHT="34" WIDTH="80" CONTENT="[2246" WC="0.74" />
            <String ID="Textword_385" HPOS="1464" VPOS="4670" HEIGHT="43" WIDTH="16" CONTENT="$" WC="0.68" />
          </TextLine>
        </TextBlock>
        <TextBlock ID="TextBlock_95" HPOS="1510" VPOS="4669" HEIGHT="35" WIDTH="842">
          <TextLine ID="TextLine_152" HPOS="1510" VPOS="4669" HEIGHT="35" WIDTH="842">
            <String ID="Textword_386" HPOS="1510" VPOS="4672" HEIGHT="24" WIDTH="29" CONTENT="in" WC="0.93" />
            <String ID="Textword_387" HPOS="1559" VPOS="4670" HEIGHT="27" WIDTH="80" CONTENT="allen" WC="0.91" />
            <String ID="Textword_388" HPOS="1658" VPOS="4669" HEIGHT="28" WIDTH="179" CONTENT="Weltteilen." WC="0.91" />
            <String ID="Textword_389" HPOS="1874" VPOS="4671" HEIGHT="33" WIDTH="148" CONTENT="Prospekt" WC="0.92" />
            <String ID="Textword_390" HPOS="2041" VPOS="4671" HEIGHT="32" WIDTH="96" CONTENT="gratis" WC="0.96" />
            <String ID="Textword_391" HPOS="2157" VPOS="4671" HEIGHT="25" WIDTH="58" CONTENT="und" WC="0.93" />
            <String ID="Textword_392" HPOS="2235" VPOS="4670" HEIGHT="26" WIDTH="117" CONTENT="franko." WC="0.92" />
          </TextLine>
        </TextBlock>
        <TextBlock ID="TextBlock_96" HPOS="1228" VPOS="4732" HEIGHT="35" WIDTH="1125">
          <TextLine ID="TextLine_153" HPOS="1228" VPOS="4732" HEIGHT="35" WIDTH="1125">
            <String ID="Textword_393" HPOS="1228" VPOS="4732" HEIGHT="27" WIDTH="90" CONTENT="Druck" WC="0.96" />
            <String ID="Textword_394" HPOS="1337" VPOS="4732" HEIGHT="27" WIDTH="57" CONTENT="und" WC="0.96" />
            <String ID="Textword_395" HPOS="1411" VPOS="4732" HEIGHT="34" WIDTH="166" CONTENT="Expedition" WC="0.96" />
            <String ID="Textword_396" HPOS="1596" VPOS="4740" HEIGHT="19" WIDTH="52" CONTENT="von" WC="0.96" />
            <String ID="Textword_397" HPOS="1667" VPOS="4732" HEIGHT="34" WIDTH="107" CONTENT="Müller," WC="0.96" />
            <String ID="Textword_398" HPOS="1792" VPOS="4732" HEIGHT="27" WIDTH="116" CONTENT="Werder" WC="0.91" />
            <String ID="Textword_399" HPOS="1927" VPOS="4733" HEIGHT="26" WIDTH="24" CONTENT="&amp;" WC="0.93" />
            <String ID="Textword_400" HPOS="1971" VPOS="4732" HEIGHT="34" WIDTH="64" CONTENT="Cie," WC="0.74" />
            <String ID="Textword_401" HPOS="2056" VPOS="4733" HEIGHT="33" WIDTH="108" CONTENT="Schipte" WC="0.92" />
            <String ID="Textword_402" HPOS="2182" VPOS="4732" HEIGHT="35" WIDTH="44" CONTENT="33," WC="0.82" />
            <String ID="Textword_403" HPOS="2246" VPOS="4733" HEIGHT="26" WIDTH="107" CONTENT="Zürich." WC="0.94" />
          </TextLine>
        </TextBlock>
        <TextBlock ID="TextBlock_97" HPOS="907" VPOS="4963" HEIGHT="15" WIDTH="550">
          <TextLine ID="TextLine_154" HPOS="907" VPOS="4963" HEIGHT="15" WIDTH="550">
            <String ID="Textword_404" HPOS="907" VPOS="4963" HEIGHT="15" WIDTH="369" CONTENT="RE." WC="0.11" />
            <String ID="Textword_405" HPOS="1322" VPOS="4974" HEIGHT="4" WIDTH="101" CONTENT="AS" WC="0.25" />
            <String ID="Textword_406" HPOS="1428" VPOS="4970" HEIGHT="8" WIDTH="29" CONTENT="TS" WC="0.31" />
          </TextLine>
        </TextBlock>
        <TextBlock ID="TextBlock_98" HPOS="1659" VPOS="4960" HEIGHT="18" WIDTH="288">
          <TextLine ID="TextLine_155" HPOS="1659" VPOS="4960" HEIGHT="18" WIDTH="288">
            <String ID="Textword_407" HPOS="1659" VPOS="4960" HEIGHT="18" WIDTH="288" CONTENT="I" WC="0.42" />
          </TextLine>
        </TextBlock>
        <TextBlock ID="TextBlock_99" HPOS="2711" VPOS="4624" HEIGHT="82" WIDTH="517">
          <TextLine ID="TextLine_156" HPOS="2711" VPOS="4624" HEIGHT="55" WIDTH="450">
            <String ID="Textword_408" HPOS="2711" VPOS="4624" HEIGHT="44" WIDTH="32" CONTENT="F." WC="0.85" />
            <String ID="Textword_409" HPOS="2761" VPOS="4626" HEIGHT="50" WIDTH="145" CONTENT="Mattick," WC="0.90" />
            <String ID="Textword_410" HPOS="2920" VPOS="4635" HEIGHT="38" WIDTH="104" CONTENT="Pulsnitz" WC="0.60" />
            <String ID="Textword_411" HPOS="3035" VPOS="4633" HEIGHT="46" WIDTH="36" CONTENT="21," WC="0.96" />
            <String ID="Textword_412" HPOS="3084" VPOS="4636" HEIGHT="37" WIDTH="77" CONTENT="Sachs," WC="0.81" />
          </TextLine>
          <TextLine ID="TextLine_157" HPOS="2825" VPOS="4664" HEIGHT="42" WIDTH="403">
            <String ID="Textword_413" HPOS="2825" VPOS="4664" HEIGHT="42" WIDTH="403" CONTENT="WESEN" WC="0.29" />
          </TextLine>
        </TextBlock>
        <TextBlock ID="TextBlock_100" HPOS="3252" VPOS="344" HEIGHT="4527" WIDTH="43">
          <TextLine ID="TextLine_158" HPOS="3252" VPOS="344" HEIGHT="4527" WIDTH="43">
            <SP ID="Textword_40" HPOS="3252" VPOS="344" />
            <String ID="Textword_414" HPOS="3252" VPOS="344" HEIGHT="4527" WIDTH="43" CONTENT=" " WC="0.95" />
          </TextLine>
        </TextBlock>
        <TextBlock ID="TextBlock_101" HPOS="3202" VPOS="4829" HEIGHT="149" WIDTH="159">
          <TextLine ID="TextLine_159" HPOS="3202" VPOS="4829" HEIGHT="149" WIDTH="159">
            <SP ID="Textword_41" HPOS="3202" VPOS="4829" />
            <String ID="Textword_415" HPOS="3202" VPOS="4829" HEIGHT="149" WIDTH="159" CONTENT=" " WC="0.95" />
          </TextLine>
        </TextBlock>
      </PrintSpace>
    </Page>
  </Layout>
</alto>
