<?xml version="1.0" encoding="UTF-8"?>
<alto xmlns="http://www.loc.gov/standards/alto/ns-v2#" xmlns:xsi="http://www.w3.org/2001/XMLSchema-instance" xsi:schemaLocation="http://www.loc.gov/standards/alto/ns-v2# http://www.loc.gov/standards/alto/alto.xsd">
  <Description>
    <MeasurementUnit>pixel</MeasurementUnit>
    <sourceImageInformation />
    <OCRProcessing ID="OCR_1">
      <preProcessingStep>
        <processingDateTime>2019-05-08T04:16:50</processingDateTime>
        <processingAgency>intranda GmbH, www.intranda.com</processingAgency>
        <processingSoftware>
          <softwareCreator>intranda GmbH, Germany</softwareCreator>
          <softwareName>intranda OCR Module for TaskManager</softwareName>
          <softwareVersion>1.0r42</softwareVersion>
        </processingSoftware>
      </preProcessingStep>
      <ocrProcessingStep>
        <processingSoftware>
          <softwareCreator>Tesseract contributors</softwareCreator>
          <softwareName>Tesseract Open Source OCR Engine</softwareName>
          <softwareVersion>4.0.0-beta.1-270-g5a56</softwareVersion>
        </processingSoftware>
      </ocrProcessingStep>
    </OCRProcessing>
  </Description>
  <Layout>
    <Page ID="PAGE_1" HEIGHT="3291" WIDTH="1196" PHYSICAL_IMG_NR="1">
      <PrintSpace ID="PrintSpace_1" HPOS="0" VPOS="0" HEIGHT="3291" WIDTH="1196">
        <TextBlock ID="TextBlock_1" HPOS="422" VPOS="343" HEIGHT="7" WIDTH="772">
          <TextLine ID="TextLine_1" HPOS="422" VPOS="343" HEIGHT="7" WIDTH="772">
            <SP ID="Textword_1" HPOS="422" VPOS="343" />
            <String ID="Textword_1" HPOS="422" VPOS="343" HEIGHT="7" WIDTH="772" CONTENT=" " WC="0.95" />
          </TextLine>
        </TextBlock>
        <TextBlock ID="TextBlock_2" HPOS="690" VPOS="0" HEIGHT="494" WIDTH="506">
          <TextLine ID="TextLine_2" HPOS="690" VPOS="0" HEIGHT="494" WIDTH="506">
            <SP ID="Textword_2" HPOS="690" VPOS="0" />
            <String ID="Textword_2" HPOS="690" VPOS="0" HEIGHT="494" WIDTH="506" CONTENT=" " WC="0.95" />
          </TextLine>
        </TextBlock>
        <TextBlock ID="TextBlock_3" HPOS="445" VPOS="487" HEIGHT="266" WIDTH="690">
          <TextLine ID="TextLine_3" HPOS="445" VPOS="487" HEIGHT="266" WIDTH="690">
            <String ID="Textword_3" HPOS="445" VPOS="487" HEIGHT="27" WIDTH="27" CONTENT="}" WC="0.32" />
            <String ID="Textword_4" HPOS="540" VPOS="539" HEIGHT="214" WIDTH="353" CONTENT="Adolp" WC="0.81" />
            <String ID="Textword_5" HPOS="905" VPOS="569" HEIGHT="148" WIDTH="63" CONTENT="h" WC="0.45" />
            <String ID="Textword_6" HPOS="1040" VPOS="566" HEIGHT="152" WIDTH="95" CONTENT="$" WC="0.45" />
          </TextLine>
        </TextBlock>
        <TextBlock ID="TextBlock_4" HPOS="680" VPOS="613" HEIGHT="368" WIDTH="516">
          <TextLine ID="TextLine_4" HPOS="680" VPOS="613" HEIGHT="368" WIDTH="516">
            <String ID="Textword_7" HPOS="680" VPOS="613" HEIGHT="368" WIDTH="516" CONTENT="ii" WC="0.44" />
          </TextLine>
        </TextBlock>
        <TextBlock ID="TextBlock_5" HPOS="924" VPOS="912" HEIGHT="43" WIDTH="251">
          <TextLine ID="TextLine_5" HPOS="924" VPOS="912" HEIGHT="43" WIDTH="251">
            <String ID="Textword_8" HPOS="924" VPOS="912" HEIGHT="34" WIDTH="201" CONTENT="Abteilung" WC="0.89" />
            <String ID="Textword_9" HPOS="1127" VPOS="920" HEIGHT="35" WIDTH="48" CONTENT=":" WC="0.89" />
          </TextLine>
        </TextBlock>
        <TextBlock ID="TextBlock_6" HPOS="504" VPOS="1029" HEIGHT="263" WIDTH="682">
          <TextLine ID="TextLine_6" HPOS="504" VPOS="1029" HEIGHT="113" WIDTH="661">
            <String ID="Textword_10" HPOS="504" VPOS="1031" HEIGHT="111" WIDTH="346" CONTENT="Petrol-," WC="0.90" />
            <String ID="Textword_11" HPOS="899" VPOS="1029" HEIGHT="96" WIDTH="266" CONTENT="Benzi" WC="0.92" />
          </TextLine>
          <TextLine ID="TextLine_7" HPOS="835" VPOS="1171" HEIGHT="121" WIDTH="351">
            <String ID="Textword_12" HPOS="835" VPOS="1171" HEIGHT="121" WIDTH="351" CONTENT="Saugga" WC="0.91" />
          </TextLine>
        </TextBlock>
        <TextBlock ID="TextBlock_7" HPOS="544" VPOS="1347" HEIGHT="12" WIDTH="650">
          <TextLine ID="TextLine_8" HPOS="544" VPOS="1347" HEIGHT="12" WIDTH="650">
            <SP ID="Textword_3" HPOS="544" VPOS="1347" />
            <String ID="Textword_13" HPOS="544" VPOS="1347" HEIGHT="12" WIDTH="650" CONTENT=" " WC="0.95" />
          </TextLine>
        </TextBlock>
        <TextBlock ID="TextBlock_8" HPOS="1013" VPOS="1599" HEIGHT="105" WIDTH="105">
          <TextLine ID="TextLine_9" HPOS="1013" VPOS="1599" HEIGHT="105" WIDTH="105">
            <SP ID="Textword_4" HPOS="1013" VPOS="1599" />
            <String ID="Textword_14" HPOS="1013" VPOS="1599" HEIGHT="105" WIDTH="105" CONTENT=" " WC="0.95" />
          </TextLine>
        </TextBlock>
        <TextBlock ID="TextBlock_9" HPOS="546" VPOS="1762" HEIGHT="7" WIDTH="648">
          <TextLine ID="TextLine_10" HPOS="546" VPOS="1762" HEIGHT="7" WIDTH="648">
            <SP ID="Textword_5" HPOS="546" VPOS="1762" />
            <String ID="Textword_15" HPOS="546" VPOS="1762" HEIGHT="7" WIDTH="648" CONTENT=" " WC="0.95" />
          </TextLine>
        </TextBlock>
        <TextBlock ID="TextBlock_10" HPOS="852" VPOS="1886" HEIGHT="44" WIDTH="333">
          <TextLine ID="TextLine_11" HPOS="852" VPOS="1886" HEIGHT="44" WIDTH="333">
            <String ID="Textword_16" HPOS="852" VPOS="1886" HEIGHT="44" WIDTH="252" CONTENT="Abteilung:" WC="0.91" />
            <String ID="Textword_17" HPOS="1139" VPOS="1886" HEIGHT="37" WIDTH="46" CONTENT="A" WC="0.94" />
          </TextLine>
        </TextBlock>
        <TextBlock ID="TextBlock_11" HPOS="561" VPOS="1984" HEIGHT="157" WIDTH="549">
          <TextLine ID="TextLine_12" HPOS="561" VPOS="1984" HEIGHT="157" WIDTH="549">
            <String ID="Textword_18" HPOS="561" VPOS="1987" HEIGHT="154" WIDTH="310" CONTENT="Lastwagen" WC="0.69" />
            <String ID="Textword_19" HPOS="1078" VPOS="1984" HEIGHT="131" WIDTH="32" CONTENT="Ù" WC="0.06" />
          </TextLine>
        </TextBlock>
        <TextBlock ID="TextBlock_12" HPOS="562" VPOS="2152" HEIGHT="33" WIDTH="621">
          <TextLine ID="TextLine_13" HPOS="562" VPOS="2152" HEIGHT="33" WIDTH="621">
            <String ID="Textword_20" HPOS="562" VPOS="2152" HEIGHT="33" WIDTH="118" CONTENT="1—31/2" WC="0.91" />
            <String ID="Textword_21" HPOS="712" VPOS="2153" HEIGHT="25" WIDTH="121" CONTENT="Tonnen" WC="0.96" />
            <String ID="Textword_22" HPOS="1079" VPOS="2152" HEIGHT="25" WIDTH="104" CONTENT="10—24" WC="0.89" />
          </TextLine>
        </TextBlock>
        <TextBlock ID="TextBlock_13" HPOS="552" VPOS="2251" HEIGHT="111" WIDTH="616">
          <TextLine ID="TextLine_14" HPOS="552" VPOS="2251" HEIGHT="111" WIDTH="616">
            <String ID="Textword_23" HPOS="552" VPOS="2251" HEIGHT="111" WIDTH="616" CONTENT="Motoryachte" WC="0.90" />
          </TextLine>
        </TextBlock>
        <TextBlock ID="TextBlock_14" HPOS="724" VPOS="2402" HEIGHT="73" WIDTH="461">
          <TextLine ID="TextLine_15" HPOS="724" VPOS="2402" HEIGHT="73" WIDTH="461">
            <String ID="Textword_24" HPOS="724" VPOS="2426" HEIGHT="49" WIDTH="314" CONTENT="Erstklassiges" WC="0.91" />
            <String ID="Textword_25" HPOS="1066" VPOS="2402" HEIGHT="64" WIDTH="119" CONTENT="Fabr" WC="0.90" />
          </TextLine>
        </TextBlock>
        <TextBlock ID="TextBlock_15" HPOS="1098" VPOS="2020" HEIGHT="1" WIDTH="96">
          <TextLine ID="TextLine_16" HPOS="1098" VPOS="2020" HEIGHT="1" WIDTH="96">
            <SP ID="Textword_6" HPOS="1098" VPOS="2020" />
            <String ID="Textword_26" HPOS="1098" VPOS="2020" HEIGHT="1" WIDTH="96" CONTENT=" " WC="0.95" />
          </TextLine>
        </TextBlock>
        <TextBlock ID="TextBlock_16" HPOS="1116" VPOS="2018" HEIGHT="96" WIDTH="11">
          <TextLine ID="TextLine_17" HPOS="1116" VPOS="2018" HEIGHT="96" WIDTH="11">
            <SP ID="Textword_7" HPOS="1116" VPOS="2018" />
            <String ID="Textword_27" HPOS="1116" VPOS="2018" HEIGHT="96" WIDTH="11" CONTENT=" " WC="0.95" />
          </TextLine>
        </TextBlock>
        <TextBlock ID="TextBlock_17" HPOS="1133" VPOS="2017" HEIGHT="97" WIDTH="11">
          <TextLine ID="TextLine_18" HPOS="1133" VPOS="2017" HEIGHT="97" WIDTH="11">
            <SP ID="Textword_8" HPOS="1133" VPOS="2017" />
            <String ID="Textword_28" HPOS="1133" VPOS="2017" HEIGHT="97" WIDTH="11" CONTENT=" " WC="0.95" />
          </TextLine>
        </TextBlock>
        <TextBlock ID="TextBlock_18" HPOS="1151" VPOS="2017" HEIGHT="97" WIDTH="12">
          <TextLine ID="TextLine_19" HPOS="1151" VPOS="2017" HEIGHT="97" WIDTH="12">
            <SP ID="Textword_9" HPOS="1151" VPOS="2017" />
            <String ID="Textword_29" HPOS="1151" VPOS="2017" HEIGHT="97" WIDTH="12" CONTENT=" " WC="0.95" />
          </TextLine>
        </TextBlock>
        <TextBlock ID="TextBlock_19" HPOS="1169" VPOS="2018" HEIGHT="96" WIDTH="10">
          <TextLine ID="TextLine_20" HPOS="1169" VPOS="2018" HEIGHT="96" WIDTH="10">
            <SP ID="Textword_10" HPOS="1169" VPOS="2018" />
            <String ID="Textword_30" HPOS="1169" VPOS="2018" HEIGHT="96" WIDTH="10" CONTENT=" " WC="0.95" />
          </TextLine>
        </TextBlock>
        <TextBlock ID="TextBlock_20" HPOS="1114" VPOS="2110" HEIGHT="4" WIDTH="80">
          <TextLine ID="TextLine_21" HPOS="1114" VPOS="2110" HEIGHT="4" WIDTH="80">
            <SP ID="Textword_11" HPOS="1114" VPOS="2110" />
            <String ID="Textword_31" HPOS="1114" VPOS="2110" HEIGHT="4" WIDTH="80" CONTENT=" " WC="0.95" />
          </TextLine>
        </TextBlock>
        <TextBlock ID="TextBlock_21" HPOS="1077" VPOS="2188" HEIGHT="6" WIDTH="110">
          <TextLine ID="TextLine_22" HPOS="1077" VPOS="2188" HEIGHT="6" WIDTH="110">
            <SP ID="Textword_12" HPOS="1077" VPOS="2188" />
            <String ID="Textword_32" HPOS="1077" VPOS="2188" HEIGHT="6" WIDTH="110" CONTENT=" " WC="0.95" />
          </TextLine>
        </TextBlock>
        <TextBlock ID="TextBlock_22" HPOS="1186" VPOS="1279" HEIGHT="1048" WIDTH="10">
          <TextLine ID="TextLine_23" HPOS="1186" VPOS="1279" HEIGHT="1048" WIDTH="10">
            <SP ID="Textword_13" HPOS="1186" VPOS="1279" />
            <String ID="Textword_33" HPOS="1186" VPOS="1279" HEIGHT="1048" WIDTH="10" CONTENT=" " WC="0.95" />
          </TextLine>
        </TextBlock>
        <TextBlock ID="TextBlock_23" HPOS="392" VPOS="2673" HEIGHT="8" WIDTH="802">
          <TextLine ID="TextLine_24" HPOS="392" VPOS="2673" HEIGHT="8" WIDTH="802">
            <SP ID="Textword_14" HPOS="392" VPOS="2673" />
            <String ID="Textword_34" HPOS="392" VPOS="2673" HEIGHT="8" WIDTH="802" CONTENT=" " WC="0.95" />
          </TextLine>
        </TextBlock>
        <TextBlock ID="TextBlock_24" HPOS="438" VPOS="2669" HEIGHT="91" WIDTH="749">
          <TextLine ID="TextLine_25" HPOS="438" VPOS="2669" HEIGHT="91" WIDTH="749">
            <String ID="Textword_35" HPOS="438" VPOS="2693" HEIGHT="67" WIDTH="496" CONTENT="Handelsauskunft-" WC="0.89" />
            <String ID="Textword_36" HPOS="983" VPOS="2692" HEIGHT="65" WIDTH="49" CONTENT="&amp;" WC="0.92" />
            <String ID="Textword_37" HPOS="1079" VPOS="2669" HEIGHT="88" WIDTH="108" CONTENT="Inca" WC="0.96" />
          </TextLine>
        </TextBlock>
        <TextBlock ID="TextBlock_25" HPOS="511" VPOS="2778" HEIGHT="131" WIDTH="642">
          <TextLine ID="TextLine_26" HPOS="511" VPOS="2778" HEIGHT="131" WIDTH="642">
            <String ID="Textword_38" HPOS="511" VPOS="2782" HEIGHT="127" WIDTH="90" CONTENT="F." WC="0.89" />
            <String ID="Textword_39" HPOS="642" VPOS="2781" HEIGHT="128" WIDTH="92" CONTENT="X." WC="0.70" />
            <String ID="Textword_40" HPOS="774" VPOS="2778" HEIGHT="131" WIDTH="379" CONTENT="MOE5G" WC="0.21" />
          </TextLine>
        </TextBlock>
        <TextBlock ID="TextBlock_26" HPOS="603" VPOS="2938" HEIGHT="43" WIDTH="571">
          <TextLine ID="TextLine_27" HPOS="603" VPOS="2938" HEIGHT="43" WIDTH="571">
            <String ID="Textword_41" HPOS="603" VPOS="2940" HEIGHT="41" WIDTH="42" CONTENT="d." WC="0.62" />
            <String ID="Textword_42" HPOS="669" VPOS="2939" HEIGHT="41" WIDTH="50" CONTENT="A." WC="0.91" />
            <String ID="Textword_43" HPOS="748" VPOS="2938" HEIGHT="42" WIDTH="278" CONTENT="Tritschlers" WC="0.48" />
            <String ID="Textword_44" HPOS="1055" VPOS="2939" HEIGHT="40" WIDTH="119" CONTENT="Nach" WC="0.92" />
          </TextLine>
        </TextBlock>
        <TextBlock ID="TextBlock_27" HPOS="424" VPOS="2990" HEIGHT="53" WIDTH="772">
          <TextLine ID="TextLine_28" HPOS="424" VPOS="2990" HEIGHT="53" WIDTH="772">
            <String ID="Textword_45" HPOS="424" VPOS="2993" HEIGHT="49" WIDTH="157" CONTENT="Basel" WC="0.93" />
            <String ID="Textword_46" HPOS="816" VPOS="3009" HEIGHT="34" WIDTH="151" CONTENT="Gegründet" WC="0.92" />
            <String ID="Textword_47" HPOS="982" VPOS="3010" HEIGHT="26" WIDTH="64" CONTENT="1869" WC="0.96" />
            <String ID="Textword_48" HPOS="1156" VPOS="2990" HEIGHT="48" WIDTH="40" CONTENT="7" WC="0.73" />
          </TextLine>
        </TextBlock>
        <TextBlock ID="TextBlock_28" HPOS="413" VPOS="3052" HEIGHT="80" WIDTH="783">
          <TextLine ID="TextLine_29" HPOS="413" VPOS="3052" HEIGHT="41" WIDTH="783">
            <String ID="Textword_49" HPOS="413" VPOS="3055" HEIGHT="38" WIDTH="153" CONTENT="Falkenstrasse" WC="0.88" />
            <String ID="Textword_50" HPOS="567" VPOS="3056" HEIGHT="35" WIDTH="37" CONTENT="7" WC="0.89" />
            <String ID="Textword_51" HPOS="612" VPOS="3054" HEIGHT="37" WIDTH="15" CONTENT="Il" WC="0.68" />
            <String ID="Textword_52" HPOS="874" VPOS="3082" HEIGHT="1" WIDTH="7" CONTENT="-" WC="0.57" />
            <String ID="Textword_53" HPOS="1047" VPOS="3056" HEIGHT="4" WIDTH="3" CONTENT="-" WC="0.78" />
            <String ID="Textword_54" HPOS="1091" VPOS="3052" HEIGHT="37" WIDTH="105" CONTENT="Fraumü" WC="0.46" />
          </TextLine>
          <TextLine ID="TextLine_30" HPOS="609" VPOS="3097" HEIGHT="35" WIDTH="587">
            <String ID="Textword_55" HPOS="609" VPOS="3099" HEIGHT="27" WIDTH="153" CONTENT="Besonders" WC="0.96" />
            <String ID="Textword_56" HPOS="782" VPOS="3099" HEIGHT="33" WIDTH="126" CONTENT="günstige" WC="0.93" />
            <String ID="Textword_57" HPOS="927" VPOS="3097" HEIGHT="28" WIDTH="269" CONTENT="Abonnementsbedin" WC="0.91" />
          </TextLine>
        </TextBlock>
        <TextBlock ID="TextBlock_29" HPOS="422" VPOS="3133" HEIGHT="37" WIDTH="774">
          <TextLine ID="TextLine_31" HPOS="422" VPOS="3133" HEIGHT="37" WIDTH="774">
            <String ID="Textword_58" HPOS="422" VPOS="3135" HEIGHT="35" WIDTH="103" CONTENT="Ueber" WC="0.75" />
            <String ID="Textword_59" HPOS="548" VPOS="3135" HEIGHT="33" WIDTH="121" CONTENT="20.000" WC="0.96" />
            <String ID="Textword_60" HPOS="694" VPOS="3134" HEIGHT="34" WIDTH="277" CONTENT="Berichterstatter" WC="0.96" />
            <String ID="Textword_61" HPOS="995" VPOS="3133" HEIGHT="33" WIDTH="28" CONTENT="in" WC="0.96" />
            <String ID="Textword_62" HPOS="1048" VPOS="3133" HEIGHT="33" WIDTH="83" CONTENT="allen" WC="0.92" />
            <String ID="Textword_63" HPOS="1157" VPOS="3133" HEIGHT="32" WIDTH="39" CONTENT="Lä" WC="0.92" />
          </TextLine>
        </TextBlock>
        <TextBlock ID="TextBlock_30" HPOS="396" VPOS="3195" HEIGHT="9" WIDTH="798">
          <TextLine ID="TextLine_32" HPOS="396" VPOS="3195" HEIGHT="9" WIDTH="798">
            <SP ID="Textword_15" HPOS="396" VPOS="3195" />
            <String ID="Textword_64" HPOS="396" VPOS="3195" HEIGHT="9" WIDTH="798" CONTENT=" " WC="0.95" />
          </TextLine>
        </TextBlock>
        <TextBlock ID="TextBlock_31" HPOS="397" VPOS="3210" HEIGHT="23" WIDTH="799">
          <TextLine ID="TextLine_33" HPOS="397" VPOS="3210" HEIGHT="23" WIDTH="799">
            <SP ID="Textword_16" HPOS="397" VPOS="3210" />
            <String ID="Textword_65" HPOS="397" VPOS="3210" HEIGHT="23" WIDTH="799" CONTENT=" " WC="0.95" />
          </TextLine>
        </TextBlock>
        <TextBlock ID="TextBlock_32" HPOS="389" VPOS="3220" HEIGHT="71" WIDTH="807">
          <TextLine ID="TextLine_34" HPOS="389" VPOS="3220" HEIGHT="71" WIDTH="807">
            <String ID="Textword_66" HPOS="389" VPOS="3220" HEIGHT="71" WIDTH="19" CONTENT="À" WC="0.43" />
            <String ID="Textword_67" HPOS="444" VPOS="3260" HEIGHT="31" WIDTH="135" CONTENT="nn" WC="0.48" />
            <String ID="Textword_68" HPOS="635" VPOS="3254" HEIGHT="37" WIDTH="79" CONTENT="vus" WC="0.42" />
            <String ID="Textword_69" HPOS="0" VPOS="0" HEIGHT="3291" WIDTH="1196" CONTENT="a" WC="0.33" />
            <String ID="Textword_70" HPOS="0" VPOS="0" HEIGHT="3291" WIDTH="1196" CONTENT="en" WC="0.14" />
            <String ID="Textword_71" HPOS="727" VPOS="3253" HEIGHT="38" WIDTH="351" CONTENT="a" WC="0.07" />
            <String ID="Textword_72" HPOS="1090" VPOS="3277" HEIGHT="12" WIDTH="19" CONTENT="Au" WC="0.18" />
            <String ID="Textword_73" HPOS="1138" VPOS="3273" HEIGHT="18" WIDTH="58" CONTENT="u" WC="0.08" />
          </TextLine>
        </TextBlock>
      </PrintSpace>
    </Page>
  </Layout>
</alto>
