<?xml version="1.0" encoding="UTF-8"?>
<alto xmlns="http://www.loc.gov/standards/alto/ns-v2#" xmlns:xsi="http://www.w3.org/2001/XMLSchema-instance" xsi:schemaLocation="http://www.loc.gov/standards/alto/ns-v2# http://www.loc.gov/standards/alto/alto.xsd">
  <Description>
    <MeasurementUnit>pixel</MeasurementUnit>
    <sourceImageInformation />
    <OCRProcessing ID="OCR_1">
      <preProcessingStep>
        <processingDateTime>2019-05-08T04:18:07</processingDateTime>
        <processingAgency>intranda GmbH, www.intranda.com</processingAgency>
        <processingSoftware>
          <softwareCreator>intranda GmbH, Germany</softwareCreator>
          <softwareName>intranda OCR Module for TaskManager</softwareName>
          <softwareVersion>1.0r42</softwareVersion>
        </processingSoftware>
      </preProcessingStep>
      <ocrProcessingStep>
        <processingSoftware>
          <softwareCreator>Tesseract contributors</softwareCreator>
          <softwareName>Tesseract Open Source OCR Engine</softwareName>
          <softwareVersion>4.0.0-beta.1-270-g5a56</softwareVersion>
        </processingSoftware>
      </ocrProcessingStep>
    </OCRProcessing>
  </Description>
  <Layout>
    <Page ID="PAGE_1" HEIGHT="4972" WIDTH="3321" PHYSICAL_IMG_NR="1">
      <PrintSpace ID="PrintSpace_1" HPOS="0" VPOS="0" HEIGHT="4972" WIDTH="3321">
        <TextBlock ID="TextBlock_1" HPOS="0" VPOS="2" HEIGHT="4755" WIDTH="55">
          <TextLine ID="TextLine_1" HPOS="0" VPOS="2" HEIGHT="4755" WIDTH="55">
            <SP ID="Textword_1" HPOS="0" VPOS="2" />
            <String ID="Textword_1" HPOS="0" VPOS="2" HEIGHT="4755" WIDTH="55" CONTENT=" " WC="0.95" />
          </TextLine>
        </TextBlock>
        <TextBlock ID="TextBlock_2" HPOS="1468" VPOS="283" HEIGHT="61" WIDTH="568">
          <TextLine ID="TextLine_2" HPOS="1468" VPOS="283" HEIGHT="61" WIDTH="568">
            <String ID="Textword_2" HPOS="1468" VPOS="284" HEIGHT="28" WIDTH="225" CONTENT="Schweizerische" WC="0.91" />
            <String ID="Textword_3" HPOS="1697" VPOS="342" HEIGHT="2" WIDTH="2" CONTENT="„" WC="0.00" />
            <String ID="Textword_4" HPOS="1720" VPOS="283" HEIGHT="60" WIDTH="316" CONTENT="Arbeitgeber-Teitung." WC="0.43" />
          </TextLine>
        </TextBlock>
        <TextBlock ID="TextBlock_3" HPOS="303" VPOS="342" HEIGHT="159" WIDTH="1762">
          <TextLine ID="TextLine_3" HPOS="303" VPOS="342" HEIGHT="159" WIDTH="1762">
            <String ID="Textword_5" HPOS="303" VPOS="342" HEIGHT="159" WIDTH="753" CONTENT="Rolladentabrik" WC="0.58" />
            <String ID="Textword_6" HPOS="1094" VPOS="342" HEIGHT="147" WIDTH="343" CONTENT="Anton" WC="0.96" />
            <String ID="Textword_7" HPOS="1491" VPOS="342" HEIGHT="145" WIDTH="533" CONTENT="Griesser" WC="0.92" />
            <String ID="Textword_8" HPOS="2055" VPOS="402" HEIGHT="52" WIDTH="10" CONTENT="|" WC="0.78" />
          </TextLine>
        </TextBlock>
        <TextBlock ID="TextBlock_4" HPOS="1348" VPOS="514" HEIGHT="52" WIDTH="563">
          <TextLine ID="TextLine_4" HPOS="1348" VPOS="514" HEIGHT="52" WIDTH="563">
            <String ID="Textword_9" HPOS="1348" VPOS="507" HEIGHT="48" WIDTH="263" CONTENT="Aadorf" WC="0.88" />
            <String ID="Textword_10" HPOS="1641" VPOS="514" HEIGHT="52" WIDTH="270" CONTENT="(Schweiz)" WC="0.94" />
          </TextLine>
        </TextBlock>
        <TextBlock ID="TextBlock_5" HPOS="1389" VPOS="593" HEIGHT="10" WIDTH="636">
          <TextLine ID="TextLine_5" HPOS="1389" VPOS="593" HEIGHT="10" WIDTH="636">
            <SP ID="Textword_2" HPOS="1389" VPOS="593" />
            <String ID="Textword_11" HPOS="1389" VPOS="593" HEIGHT="10" WIDTH="636" CONTENT=" " WC="0.95" />
          </TextLine>
        </TextBlock>
        <TextBlock ID="TextBlock_6" HPOS="1229" VPOS="604" HEIGHT="11" WIDTH="636">
          <TextLine ID="TextLine_6" HPOS="1229" VPOS="604" HEIGHT="11" WIDTH="636">
            <SP ID="Textword_3" HPOS="1229" VPOS="604" />
            <String ID="Textword_12" HPOS="1229" VPOS="604" HEIGHT="11" WIDTH="636" CONTENT=" " WC="0.95" />
          </TextLine>
        </TextBlock>
        <TextBlock ID="TextBlock_7" HPOS="1246" VPOS="632" HEIGHT="388" WIDTH="781">
          <TextLine ID="TextLine_7" HPOS="1381" VPOS="632" HEIGHT="33" WIDTH="495">
            <String ID="Textword_13" HPOS="1381" VPOS="632" HEIGHT="32" WIDTH="211" CONTENT="$Stablrolladen" WC="0.45" />
            <String ID="Textword_14" HPOS="1612" VPOS="634" HEIGHT="26" WIDTH="26" CONTENT="in" WC="0.93" />
            <String ID="Textword_15" HPOS="1659" VPOS="634" HEIGHT="27" WIDTH="67" CONTENT="allen" WC="0.89" />
            <String ID="Textword_16" HPOS="1746" VPOS="632" HEIGHT="33" WIDTH="130" CONTENT="Systemen" WC="0.96" />
          </TextLine>
          <TextLine ID="TextLine_8" HPOS="1246" VPOS="675" HEIGHT="36" WIDTH="764">
            <String ID="Textword_17" HPOS="1246" VPOS="678" HEIGHT="33" WIDTH="201" CONTENT="Folzrolladen" WC="0.44" />
            <String ID="Textword_18" HPOS="1473" VPOS="685" HEIGHT="21" WIDTH="47" CONTENT="aus" WC="0.95" />
            <String ID="Textword_19" HPOS="1541" VPOS="679" HEIGHT="32" WIDTH="79" CONTENT="prima" WC="0.93" />
            <String ID="Textword_20" HPOS="1641" VPOS="677" HEIGHT="31" WIDTH="187" CONTENT="shwedischem" WC="0.46" />
            <String ID="Textword_21" HPOS="1851" VPOS="675" HEIGHT="30" WIDTH="159" CONTENT="Rieternhoiz" WC="0.40" />
          </TextLine>
          <TextLine ID="TextLine_9" HPOS="1362" VPOS="719" HEIGHT="37" WIDTH="530">
            <String ID="Textword_22" HPOS="1362" VPOS="722" HEIGHT="34" WIDTH="205" CONTENT="Zugjalousien" WC="0.85" />
            <String ID="Textword_23" HPOS="1587" VPOS="731" HEIGHT="22" WIDTH="24" CONTENT="«" WC="0.73" />
            <String ID="Textword_24" HPOS="1624" VPOS="719" HEIGHT="34" WIDTH="268" CONTENT="Rollschutzwände" WC="0.62" />
          </TextLine>
          <TextLine ID="TextLine_10" HPOS="1295" VPOS="763" HEIGHT="37" WIDTH="666">
            <String ID="Textword_25" HPOS="1295" VPOS="767" HEIGHT="33" WIDTH="207" CONTENT="Rolljalousien" WC="0.88" />
            <String ID="Textword_26" HPOS="1522" VPOS="768" HEIGHT="27" WIDTH="44" CONTENT="mit" WC="0.96" />
            <String ID="Textword_27" HPOS="1587" VPOS="765" HEIGHT="29" WIDTH="52" CONTENT="aut." WC="0.91" />
            <String ID="Textword_28" HPOS="1652" VPOS="766" HEIGHT="29" WIDTH="155" CONTENT="Federwalze" WC="0.91" />
            <String ID="Textword_29" HPOS="1826" VPOS="763" HEIGHT="36" WIDTH="36" CONTENT="ça" WC="0.21" />
            <String ID="Textword_30" HPOS="1882" VPOS="763" HEIGHT="29" WIDTH="79" CONTENT="23612" WC="0.95" />
          </TextLine>
          <TextLine ID="TextLine_11" HPOS="1451" VPOS="809" HEIGHT="36" WIDTH="355">
            <String ID="Textword_31" HPOS="1451" VPOS="810" HEIGHT="33" WIDTH="192" CONTENT="Ausstellung" WC="0.88" />
            <String ID="Textword_32" HPOS="1662" VPOS="809" HEIGHT="36" WIDTH="36" CONTENT="&lt;n" WC="0.55" />
            <String ID="Textword_33" HPOS="1716" VPOS="810" HEIGHT="29" WIDTH="90" CONTENT="24982" WC="0.96" />
          </TextLine>
          <TextLine ID="TextLine_12" HPOS="1452" VPOS="854" HEIGHT="36" WIDTH="392">
            <String ID="Textword_34" HPOS="1452" VPOS="855" HEIGHT="32" WIDTH="183" CONTENT="Seilspanner" WC="0.91" />
            <String ID="Textword_35" HPOS="1658" VPOS="854" HEIGHT="36" WIDTH="36" CONTENT="ça" WC="0.63" />
            <String ID="Textword_36" HPOS="1718" VPOS="855" HEIGHT="28" WIDTH="126" CONTENT="20028" WC="0.54" />
          </TextLine>
          <TextLine ID="TextLine_13" HPOS="1264" VPOS="897" HEIGHT="37" WIDTH="728">
            <String ID="Textword_37" HPOS="1264" VPOS="901" HEIGHT="33" WIDTH="200" CONTENT="RolzroHladen" WC="0.36" />
            <String ID="Textword_38" HPOS="1484" VPOS="902" HEIGHT="27" WIDTH="45" CONTENT="mit" WC="0.93" />
            <String ID="Textword_39" HPOS="1550" VPOS="900" HEIGHT="32" WIDTH="280" CONTENT="Charnierverbindung" WC="0.74" />
            <String ID="Textword_40" HPOS="1848" VPOS="897" HEIGHT="36" WIDTH="36" CONTENT="&lt;p" WC="0.66" />
            <String ID="Textword_41" HPOS="1902" VPOS="897" HEIGHT="30" WIDTH="90" CONTENT="36020" WC="0.88" />
          </TextLine>
          <TextLine ID="TextLine_14" HPOS="1300" VPOS="942" HEIGHT="35" WIDTH="727">
            <String ID="Textword_42" HPOS="1300" VPOS="945" HEIGHT="31" WIDTH="231" CONTENT="Rutomatiseher" WC="0.40" />
            <String ID="Textword_43" HPOS="1559" VPOS="943" HEIGHT="34" WIDTH="306" CONTENT="Rolladenversebiuss" WC="0.71" />
            <String ID="Textword_44" HPOS="1889" VPOS="942" HEIGHT="35" WIDTH="36" CONTENT="ça" WC="0.69" />
            <String ID="Textword_45" HPOS="1947" VPOS="942" HEIGHT="29" WIDTH="80" CONTENT="36221" WC="0.92" />
          </TextLine>
          <TextLine ID="TextLine_15" HPOS="1390" VPOS="985" HEIGHT="35" WIDTH="500">
            <String ID="Textword_46" HPOS="1390" VPOS="992" HEIGHT="27" WIDTH="38" CONTENT="für" WC="0.93" />
            <String ID="Textword_47" HPOS="1448" VPOS="991" HEIGHT="29" WIDTH="148" CONTENT="Stablladen" WC="0.88" />
            <String ID="Textword_48" HPOS="1616" VPOS="991" HEIGHT="26" WIDTH="53" CONTENT="und" WC="0.93" />
            <String ID="Textword_49" HPOS="1690" VPOS="985" HEIGHT="35" WIDTH="200" CONTENT="Polzroiladen" WC="0.32" />
          </TextLine>
        </TextBlock>
        <TextBlock ID="TextBlock_8" HPOS="323" VPOS="554" HEIGHT="534" WIDTH="858">
          <TextLine ID="TextLine_16" HPOS="323" VPOS="554" HEIGHT="534" WIDTH="858">
            <SP ID="Textword_4" HPOS="323" VPOS="554" />
            <String ID="Textword_50" HPOS="323" VPOS="554" HEIGHT="534" WIDTH="858" CONTENT=" " WC="0.95" />
          </TextLine>
        </TextBlock>
        <TextBlock ID="TextBlock_9" HPOS="1233" VPOS="1036" HEIGHT="12" WIDTH="795">
          <TextLine ID="TextLine_17" HPOS="1233" VPOS="1036" HEIGHT="12" WIDTH="795">
            <SP ID="Textword_5" HPOS="1233" VPOS="1036" />
            <String ID="Textword_51" HPOS="1233" VPOS="1036" HEIGHT="12" WIDTH="795" CONTENT=" " WC="0.95" />
          </TextLine>
        </TextBlock>
        <TextBlock ID="TextBlock_10" HPOS="1283" VPOS="1075" HEIGHT="36" WIDTH="691">
          <TextLine ID="TextLine_18" HPOS="1283" VPOS="1075" HEIGHT="36" WIDTH="691">
            <String ID="Textword_52" HPOS="1283" VPOS="1079" HEIGHT="31" WIDTH="107" CONTENT="Muster," WC="0.95" />
            <String ID="Textword_53" HPOS="1414" VPOS="1078" HEIGHT="33" WIDTH="122" CONTENT="Kataloge" WC="0.68" />
            <String ID="Textword_54" HPOS="1555" VPOS="1077" HEIGHT="27" WIDTH="54" CONTENT="und" WC="0.96" />
            <String ID="Textword_55" HPOS="1628" VPOS="1076" HEIGHT="28" WIDTH="143" CONTENT="Preislisten" WC="0.96" />
            <String ID="Textword_56" HPOS="1791" VPOS="1082" HEIGHT="20" WIDTH="31" CONTENT="zu" WC="0.96" />
            <String ID="Textword_57" HPOS="1844" VPOS="1075" HEIGHT="28" WIDTH="130" CONTENT="Diensten." WC="0.94" />
          </TextLine>
        </TextBlock>
        <TextBlock ID="TextBlock_11" HPOS="341" VPOS="1162" HEIGHT="485" WIDTH="1686">
          <TextLine ID="TextLine_19" HPOS="341" VPOS="1162" HEIGHT="485" WIDTH="1686">
            <String ID="Textword_58" HPOS="341" VPOS="1169" HEIGHT="478" WIDTH="284" CONTENT="i" WC="0.25" />
            <String ID="Textword_59" HPOS="655" VPOS="1169" HEIGHT="209" WIDTH="295" CONTENT="Brändli" WC="0.18" />
            <String ID="Textword_60" HPOS="997" VPOS="1249" HEIGHT="71" WIDTH="132" CONTENT="Asphalt," WC="0.36" />
            <String ID="Textword_61" HPOS="1147" VPOS="1186" HEIGHT="133" WIDTH="193" CONTENT="cages" WC="0.30" />
            <String ID="Textword_62" HPOS="1351" VPOS="1231" HEIGHT="78" WIDTH="58" CONTENT="und" WC="0.86" />
            <String ID="Textword_63" HPOS="1424" VPOS="1245" HEIGHT="60" WIDTH="184" CONTENT="Holzemen" WC="0.53" />
            <String ID="Textword_64" HPOS="1610" VPOS="1195" HEIGHT="116" WIDTH="108" CONTENT="Fi" WC="0.45" />
            <String ID="Textword_65" HPOS="1752" VPOS="1162" HEIGHT="200" WIDTH="275" CONTENT="Horgen" WC="0.65" />
          </TextLine>
        </TextBlock>
        <TextBlock ID="TextBlock_12" HPOS="307" VPOS="1117" HEIGHT="32" WIDTH="1722">
          <TextLine ID="TextLine_20" HPOS="307" VPOS="1117" HEIGHT="32" WIDTH="1722">
            <SP ID="Textword_6" HPOS="307" VPOS="1117" />
            <String ID="Textword_66" HPOS="307" VPOS="1117" HEIGHT="32" WIDTH="1722" CONTENT=" " WC="0.95" />
          </TextLine>
        </TextBlock>
        <TextBlock ID="TextBlock_13" HPOS="993" VPOS="1314" HEIGHT="13" WIDTH="742">
          <TextLine ID="TextLine_21" HPOS="993" VPOS="1314" HEIGHT="13" WIDTH="742">
            <SP ID="Textword_7" HPOS="993" VPOS="1314" />
            <String ID="Textword_67" HPOS="993" VPOS="1314" HEIGHT="13" WIDTH="742" CONTENT=" " WC="0.95" />
          </TextLine>
        </TextBlock>
        <TextBlock ID="TextBlock_14" HPOS="805" VPOS="1370" HEIGHT="178" WIDTH="849">
          <TextLine ID="TextLine_22" HPOS="1035" VPOS="1370" HEIGHT="37" WIDTH="550">
            <String ID="Textword_68" HPOS="1035" VPOS="1373" HEIGHT="34" WIDTH="139" CONTENT="empfiehlt" WC="0.96" />
            <String ID="Textword_69" HPOS="1192" VPOS="1373" HEIGHT="26" WIDTH="28" CONTENT="in" WC="0.95" />
            <String ID="Textword_70" HPOS="1239" VPOS="1374" HEIGHT="32" WIDTH="51" CONTENT="gut" WC="0.93" />
            <String ID="Textword_71" HPOS="1308" VPOS="1371" HEIGHT="35" WIDTH="157" CONTENT="gelagerter" WC="0.90" />
            <String ID="Textword_72" HPOS="1485" VPOS="1370" HEIGHT="27" WIDTH="84" CONTENT="Ware" WC="0.93" />
            <String ID="Textword_73" HPOS="1579" VPOS="1379" HEIGHT="16" WIDTH="6" CONTENT=":" WC="0.93" />
          </TextLine>
          <TextLine ID="TextLine_23" HPOS="806" VPOS="1433" HEIGHT="55" WIDTH="848">
            <String ID="Textword_74" HPOS="806" VPOS="1437" HEIGHT="51" WIDTH="392" CONTENT="Asphalt-Pappen" WC="0.91" />
            <String ID="Textword_75" HPOS="1225" VPOS="1438" HEIGHT="34" WIDTH="37" CONTENT="in" WC="0.96" />
            <String ID="Textword_76" HPOS="1292" VPOS="1436" HEIGHT="36" WIDTH="170" CONTENT="diversen" WC="0.96" />
            <String ID="Textword_77" HPOS="1493" VPOS="1433" HEIGHT="37" WIDTH="161" CONTENT="Stärken" WC="0.96" />
          </TextLine>
          <TextLine ID="TextLine_24" HPOS="805" VPOS="1497" HEIGHT="51" WIDTH="743">
            <String ID="Textword_78" HPOS="805" VPOS="1500" HEIGHT="48" WIDTH="299" CONTENT="Holzzement," WC="0.91" />
            <String ID="Textword_79" HPOS="1134" VPOS="1499" HEIGHT="49" WIDTH="216" CONTENT="vorzüglich" WC="0.95" />
            <String ID="Textword_80" HPOS="1381" VPOS="1497" HEIGHT="37" WIDTH="167" CONTENT="bewährt" WC="0.95" />
          </TextLine>
        </TextBlock>
        <TextBlock ID="TextBlock_15" HPOS="589" VPOS="1562" HEIGHT="121" WIDTH="1437">
          <TextLine ID="TextLine_25" HPOS="589" VPOS="1562" HEIGHT="59" WIDTH="1437">
            <String ID="Textword_81" HPOS="589" VPOS="1570" HEIGHT="51" WIDTH="539" CONTENT="Asphalt-Isolierplatten" WC="0.90" />
            <String ID="Textword_82" HPOS="1143" VPOS="1572" HEIGHT="34" WIDTH="65" CONTENT="mit" WC="0.92" />
            <String ID="Textword_83" HPOS="1217" VPOS="1570" HEIGHT="36" WIDTH="152" CONTENT="Jute-u." WC="0.79" />
            <String ID="Textword_84" HPOS="1385" VPOS="1564" HEIGHT="51" WIDTH="421" CONTENT="Filz-Einlage,einfach" WC="0.76" />
            <String ID="Textword_85" HPOS="1822" VPOS="1577" HEIGHT="22" WIDTH="36" CONTENT="u." WC="0.92" />
            <String ID="Textword_86" HPOS="1870" VPOS="1562" HEIGHT="49" WIDTH="156" CONTENT="doppelt" WC="0.91" />
          </TextLine>
          <TextLine ID="TextLine_26" HPOS="589" VPOS="1627" HEIGHT="56" WIDTH="1433">
            <String ID="Textword_87" HPOS="589" VPOS="1632" HEIGHT="50" WIDTH="246" CONTENT="Isolierfilz," WC="0.91" />
            <String ID="Textword_88" HPOS="864" VPOS="1631" HEIGHT="52" WIDTH="264" CONTENT="Asphaltfilz" WC="0.77" />
            <String ID="Textword_89" HPOS="1171" VPOS="1640" HEIGHT="28" WIDTH="109" CONTENT="unter" WC="0.92" />
            <String ID="Textword_90" HPOS="1315" VPOS="1629" HEIGHT="39" WIDTH="230" CONTENT="Fussbôden," WC="0.77" />
            <String ID="Textword_91" HPOS="1584" VPOS="1629" HEIGHT="35" WIDTH="124" CONTENT="hinter" WC="0.91" />
            <String ID="Textword_92" HPOS="1744" VPOS="1627" HEIGHT="57" WIDTH="170" CONTENT="Tapeten" WC="0.91" />
            <String ID="Textword_93" HPOS="1953" VPOS="1630" HEIGHT="30" WIDTH="69" CONTENT="etc." WC="0.86" />
          </TextLine>
        </TextBlock>
        <TextBlock ID="TextBlock_16" HPOS="695" VPOS="1704" HEIGHT="42" WIDTH="1181">
          <TextLine ID="TextLine_27" HPOS="695" VPOS="1704" HEIGHT="42" WIDTH="1181">
            <String ID="Textword_94" HPOS="695" VPOS="1712" HEIGHT="34" WIDTH="217" CONTENT="Telephon." WC="0.65" />
            <String ID="Textword_95" HPOS="950" VPOS="1712" HEIGHT="34" WIDTH="320" CONTENT="Telegramm-Adresse:" WC="0.92" />
            <String ID="Textword_96" HPOS="1290" VPOS="1707" HEIGHT="29" WIDTH="195" CONTENT="Heinrich" WC="0.93" />
            <String ID="Textword_97" HPOS="1503" VPOS="1705" HEIGHT="33" WIDTH="179" CONTENT="Brändli," WC="0.84" />
            <String ID="Textword_98" HPOS="1703" VPOS="1704" HEIGHT="34" WIDTH="173" CONTENT="Horgen." WC="0.90" />
          </TextLine>
        </TextBlock>
        <TextBlock ID="TextBlock_17" HPOS="382" VPOS="1617" HEIGHT="401" WIDTH="1512">
          <TextLine ID="TextLine_28" HPOS="382" VPOS="1617" HEIGHT="401" WIDTH="1512">
            <String ID="Textword_99" HPOS="382" VPOS="1617" HEIGHT="370" WIDTH="537" CONTENT="“utt" WC="0.23" />
            <String ID="Textword_100" HPOS="985" VPOS="1813" HEIGHT="205" WIDTH="407" CONTENT="Prospekte," WC="0.79" />
            <String ID="Textword_101" HPOS="1457" VPOS="1810" HEIGHT="208" WIDTH="437" CONTENT="Kalaloge," WC="0.60" />
          </TextLine>
        </TextBlock>
        <TextBlock ID="TextBlock_18" HPOS="302" VPOS="2016" HEIGHT="111" WIDTH="1726">
          <TextLine ID="TextLine_29" HPOS="302" VPOS="2016" HEIGHT="67" WIDTH="1726">
            <String ID="Textword_102" HPOS="302" VPOS="2046" HEIGHT="6" WIDTH="266" CONTENT="——" WC="0.21" />
            <String ID="Textword_103" HPOS="599" VPOS="2033" HEIGHT="50" WIDTH="399" CONTENT="Massenauflagen" WC="0.90" />
            <String ID="Textword_104" HPOS="1034" VPOS="2044" HEIGHT="26" WIDTH="84" CONTENT="von" WC="0.93" />
            <String ID="Textword_105" HPOS="1153" VPOS="2029" HEIGHT="40" WIDTH="331" CONTENT="Drucksachen" WC="0.92" />
            <String ID="Textword_106" HPOS="1522" VPOS="2025" HEIGHT="39" WIDTH="104" CONTENT="aller" WC="0.96" />
            <String ID="Textword_107" HPOS="1656" VPOS="2016" HEIGHT="46" WIDTH="80" CONTENT="APE" WC="0.32" />
            <String ID="Textword_108" HPOS="1763" VPOS="2033" HEIGHT="26" WIDTH="265" CONTENT="&gt;" WC="0.35" />
          </TextLine>
          <TextLine ID="TextLine_30" HPOS="303" VPOS="2091" HEIGHT="36" WIDTH="682">
            <String ID="Textword_109" HPOS="303" VPOS="2091" HEIGHT="30" WIDTH="131" CONTENT="beziehen" WC="0.92" />
            <String ID="Textword_110" HPOS="453" VPOS="2094" HEIGHT="27" WIDTH="46" CONTENT="Sie" WC="0.96" />
            <String ID="Textword_111" HPOS="518" VPOS="2102" HEIGHT="18" WIDTH="43" CONTENT="am" WC="0.96" />
            <String ID="Textword_112" HPOS="580" VPOS="2094" HEIGHT="26" WIDTH="96" CONTENT="besten" WC="0.96" />
            <String ID="Textword_113" HPOS="694" VPOS="2094" HEIGHT="25" WIDTH="56" CONTENT="und" WC="0.92" />
            <String ID="Textword_114" HPOS="769" VPOS="2093" HEIGHT="34" WIDTH="142" CONTENT="billigsten" WC="0.92" />
            <String ID="Textword_115" HPOS="932" VPOS="2101" HEIGHT="17" WIDTH="53" CONTENT="von" WC="0.96" />
          </TextLine>
        </TextBlock>
        <TextBlock ID="TextBlock_19" HPOS="876" VPOS="2125" HEIGHT="65" WIDTH="1096">
          <TextLine ID="TextLine_31" HPOS="876" VPOS="2125" HEIGHT="65" WIDTH="1096">
            <String ID="Textword_116" HPOS="876" VPOS="2136" HEIGHT="39" WIDTH="120" CONTENT="Müller," WC="0.95" />
            <String ID="Textword_117" HPOS="1021" VPOS="2135" HEIGHT="34" WIDTH="128" CONTENT="Werder" WC="0.93" />
            <String ID="Textword_118" HPOS="1174" VPOS="2134" HEIGHT="34" WIDTH="28" CONTENT="&amp;" WC="0.91" />
            <String ID="Textword_119" HPOS="1227" VPOS="2133" HEIGHT="40" WIDTH="75" CONTENT="Cie.," WC="0.91" />
            <String ID="Textword_120" HPOS="1327" VPOS="2130" HEIGHT="37" WIDTH="274" CONTENT="Buchdruckerei," WC="0.89" />
            <String ID="Textword_121" HPOS="1627" VPOS="2128" HEIGHT="62" WIDTH="132" CONTENT="Schipfe" WC="0.91" />
            <String ID="Textword_122" HPOS="1784" VPOS="2131" HEIGHT="35" WIDTH="51" CONTENT="38," WC="0.93" />
            <String ID="Textword_123" HPOS="1849" VPOS="2125" HEIGHT="55" WIDTH="123" CONTENT="Zürich" WC="0.88" />
          </TextLine>
        </TextBlock>
        <TextBlock ID="TextBlock_20" HPOS="306" VPOS="1394" HEIGHT="324" WIDTH="260">
          <TextLine ID="TextLine_32" HPOS="306" VPOS="1394" HEIGHT="324" WIDTH="260">
            <SP ID="Textword_8" HPOS="306" VPOS="1394" />
            <String ID="Textword_124" HPOS="306" VPOS="1394" HEIGHT="324" WIDTH="260" CONTENT="   " WC="0.95" />
          </TextLine>
        </TextBlock>
        <TextBlock ID="TextBlock_21" HPOS="364" VPOS="1689" HEIGHT="49" WIDTH="153">
          <TextLine ID="TextLine_33" HPOS="364" VPOS="1689" HEIGHT="49" WIDTH="153">
            <String ID="Textword_125" HPOS="364" VPOS="1689" HEIGHT="49" WIDTH="153" CONTENT="45" WC="0.54" />
          </TextLine>
        </TextBlock>
        <TextBlock ID="TextBlock_22" HPOS="303" VPOS="1759" HEIGHT="27" WIDTH="1723">
          <TextLine ID="TextLine_34" HPOS="303" VPOS="1759" HEIGHT="27" WIDTH="1723">
            <SP ID="Textword_9" HPOS="303" VPOS="1759" />
            <String ID="Textword_126" HPOS="303" VPOS="1759" HEIGHT="27" WIDTH="1723" CONTENT=" " WC="0.95" />
          </TextLine>
        </TextBlock>
        <TextBlock ID="TextBlock_23" HPOS="307" VPOS="2183" HEIGHT="26" WIDTH="1723">
          <TextLine ID="TextLine_35" HPOS="307" VPOS="2183" HEIGHT="26" WIDTH="1723">
            <SP ID="Textword_10" HPOS="307" VPOS="2183" />
            <String ID="Textword_127" HPOS="307" VPOS="2183" HEIGHT="26" WIDTH="1723" CONTENT=" " WC="0.95" />
          </TextLine>
        </TextBlock>
        <TextBlock ID="TextBlock_24" HPOS="1514" VPOS="2219" HEIGHT="110" WIDTH="491">
          <TextLine ID="TextLine_36" HPOS="1514" VPOS="2219" HEIGHT="110" WIDTH="491">
            <String ID="Textword_128" HPOS="1514" VPOS="2219" HEIGHT="110" WIDTH="491" CONTENT="Buchhaltung." WC="0.85" />
          </TextLine>
        </TextBlock>
        <TextBlock ID="TextBlock_25" HPOS="1477" VPOS="2328" HEIGHT="141" WIDTH="558">
          <TextLine ID="TextLine_37" HPOS="1477" VPOS="2328" HEIGHT="38" WIDTH="555">
            <String ID="Textword_129" HPOS="1477" VPOS="2335" HEIGHT="26" WIDTH="72" CONTENT="nach" WC="0.95" />
            <String ID="Textword_130" HPOS="1568" VPOS="2334" HEIGHT="26" WIDTH="70" CONTENT="allen" WC="0.96" />
            <String ID="Textword_131" HPOS="1652" VPOS="2324" HEIGHT="42" WIDTH="142" CONTENT="Systemen" WC="0.96" />
            <String ID="Textword_132" HPOS="1810" VPOS="2329" HEIGHT="28" WIDTH="56" CONTENT="und" WC="0.95" />
            <String ID="Textword_133" HPOS="1875" VPOS="2329" HEIGHT="35" WIDTH="92" CONTENT="jedem" WC="0.93" />
            <String ID="Textword_134" HPOS="1980" VPOS="2328" HEIGHT="27" WIDTH="52" CONTENT="Ge-" WC="0.92" />
          </TextLine>
          <TextLine ID="TextLine_38" HPOS="1479" VPOS="2363" HEIGHT="37" WIDTH="554">
            <String ID="Textword_135" HPOS="1479" VPOS="2368" HEIGHT="28" WIDTH="207" CONTENT="schäftsbetrieb" WC="0.91" />
            <String ID="Textword_136" HPOS="1741" VPOS="2367" HEIGHT="33" WIDTH="157" CONTENT="angepasst," WC="0.90" />
            <String ID="Textword_137" HPOS="1946" VPOS="2363" HEIGHT="28" WIDTH="87" CONTENT="Nach-" WC="0.69" />
          </TextLine>
          <TextLine ID="TextLine_39" HPOS="1480" VPOS="2399" HEIGHT="41" WIDTH="553">
            <String ID="Textword_138" HPOS="1480" VPOS="2408" HEIGHT="32" WIDTH="121" CONTENT="tragung" WC="0.92" />
            <String ID="Textword_139" HPOS="1641" VPOS="2411" HEIGHT="20" WIDTH="55" CONTENT="von" WC="0.95" />
            <String ID="Textword_140" HPOS="1738" VPOS="2401" HEIGHT="33" WIDTH="132" CONTENT="Büchern," WC="0.70" />
            <String ID="Textword_141" HPOS="1915" VPOS="2399" HEIGHT="27" WIDTH="118" CONTENT=" Bücher-" WC="0.70" />
          </TextLine>
          <TextLine ID="TextLine_40" HPOS="1481" VPOS="2436" HEIGHT="33" WIDTH="554">
            <String ID="Textword_142" HPOS="1481" VPOS="2449" HEIGHT="19" WIDTH="33" CONTENT="ex" WC="0.93" />
            <String ID="Textword_143" HPOS="1535" VPOS="2442" HEIGHT="25" WIDTH="102" CONTENT="ertisen" WC="0.90" />
            <String ID="Textword_144" HPOS="1679" VPOS="2438" HEIGHT="27" WIDTH="56" CONTENT="und" WC="0.92" />
            <String ID="Textword_145" HPOS="1777" VPOS="2436" HEIGHT="33" WIDTH="161" CONTENT="Erstellung" WC="0.54" />
            <String ID="Textword_146" HPOS="1979" VPOS="2442" HEIGHT="20" WIDTH="56" CONTENT="von" WC="0.96" />
          </TextLine>
        </TextBlock>
        <TextBlock ID="TextBlock_26" HPOS="1480" VPOS="2470" HEIGHT="143" WIDTH="556">
          <TextLine ID="TextLine_41" HPOS="1480" VPOS="2470" HEIGHT="38" WIDTH="556">
            <String ID="Textword_147" HPOS="1480" VPOS="2476" HEIGHT="26" WIDTH="133" CONTENT="Bilanzen" WC="0.90" />
            <String ID="Textword_148" HPOS="1641" VPOS="2474" HEIGHT="34" WIDTH="111" CONTENT="besorgt" WC="0.90" />
            <String ID="Textword_149" HPOS="1779" VPOS="2471" HEIGHT="34" WIDTH="170" CONTENT="zuverlässig" WC="0.92" />
            <String ID="Textword_150" HPOS="1978" VPOS="2470" HEIGHT="27" WIDTH="58" CONTENT="und" WC="0.96" />
          </TextLine>
          <TextLine ID="TextLine_42" HPOS="1481" VPOS="2505" HEIGHT="43" WIDTH="554">
            <String ID="Textword_151" HPOS="1481" VPOS="2506" HEIGHT="42" WIDTH="428" CONTENT="diskretE.MEuggli-Isler," WC="0.23" />
            <String ID="Textword_152" HPOS="1916" VPOS="2505" HEIGHT="27" WIDTH="119" CONTENT="Bücher-" WC="0.51" />
          </TextLine>
          <TextLine ID="TextLine_43" HPOS="1482" VPOS="2541" HEIGHT="39" WIDTH="553">
            <String ID="Textword_153" HPOS="1482" VPOS="2548" HEIGHT="32" WIDTH="111" CONTENT="experte" WC="0.93" />
            <String ID="Textword_154" HPOS="1601" VPOS="2545" HEIGHT="33" WIDTH="95" CONTENT="(ehem." WC="0.90" />
            <String ID="Textword_155" HPOS="1703" VPOS="2542" HEIGHT="28" WIDTH="144" CONTENT="Prokurist" WC="0.92" />
            <String ID="Textword_156" HPOS="1852" VPOS="2542" HEIGHT="26" WIDTH="48" CONTENT="der" WC="0.96" />
            <String ID="Textword_157" HPOS="1905" VPOS="2541" HEIGHT="28" WIDTH="130" CONTENT="Schweiz." WC="0.96" />
          </TextLine>
          <TextLine ID="TextLine_44" HPOS="1483" VPOS="2576" HEIGHT="37" WIDTH="423">
            <String ID="Textword_158" HPOS="1483" VPOS="2581" HEIGHT="32" WIDTH="171" CONTENT="Volksbank)" WC="0.96" />
            <String ID="Textword_159" HPOS="1672" VPOS="2577" HEIGHT="29" WIDTH="146" CONTENT="Zürich" WC="0.96" />
            <String ID="Textword_160" HPOS="1836" VPOS="2576" HEIGHT="28" WIDTH="70" CONTENT="IV." WC="0.93" />
          </TextLine>
        </TextBlock>
        <TextBlock ID="TextBlock_27" HPOS="1481" VPOS="2655" HEIGHT="13" WIDTH="556">
          <TextLine ID="TextLine_45" HPOS="1481" VPOS="2655" HEIGHT="13" WIDTH="556">
            <SP ID="Textword_11" HPOS="1481" VPOS="2655" />
            <String ID="Textword_161" HPOS="1481" VPOS="2655" HEIGHT="13" WIDTH="556" CONTENT=" " WC="0.95" />
          </TextLine>
        </TextBlock>
        <TextBlock ID="TextBlock_28" HPOS="398" VPOS="2534" HEIGHT="155" WIDTH="944">
          <TextLine ID="TextLine_46" HPOS="398" VPOS="2534" HEIGHT="155" WIDTH="944">
            <String ID="Textword_162" HPOS="398" VPOS="2534" HEIGHT="155" WIDTH="944" CONTENT="Diesel-Motoren" WC="0.91" />
          </TextLine>
        </TextBlock>
        <TextBlock ID="TextBlock_29" HPOS="610" VPOS="2748" HEIGHT="167" WIDTH="517">
          <TextLine ID="TextLine_47" HPOS="649" VPOS="2748" HEIGHT="35" WIDTH="439">
            <String ID="Textword_163" HPOS="649" VPOS="2749" HEIGHT="34" WIDTH="214" CONTENT="(Eingetragene" WC="0.93" />
            <String ID="Textword_164" HPOS="882" VPOS="2748" HEIGHT="32" WIDTH="206" CONTENT="Schutzmarke)" WC="0.92" />
          </TextLine>
          <TextLine ID="TextLine_48" HPOS="610" VPOS="2809" HEIGHT="36" WIDTH="517">
            <String ID="Textword_165" HPOS="610" VPOS="2810" HEIGHT="35" WIDTH="240" CONTENT="Wirtschaftlich" WC="0.88" />
            <String ID="Textword_166" HPOS="876" VPOS="2809" HEIGHT="35" WIDTH="251" CONTENT="vorteilhafteste" WC="0.88" />
          </TextLine>
          <TextLine ID="TextLine_49" HPOS="667" VPOS="2873" HEIGHT="42" WIDTH="382">
            <String ID="Textword_167" HPOS="667" VPOS="2873" HEIGHT="42" WIDTH="382" CONTENT="Verbrennungsmotoren" WC="0.91" />
          </TextLine>
        </TextBlock>
        <TextBlock ID="TextBlock_30" HPOS="1478" VPOS="2614" HEIGHT="313" WIDTH="562">
          <TextLine ID="TextLine_50" HPOS="1478" VPOS="2614" HEIGHT="313" WIDTH="562">
            <SP ID="Textword_12" HPOS="1478" VPOS="2614" />
            <String ID="Textword_168" HPOS="1478" VPOS="2614" HEIGHT="313" WIDTH="562" CONTENT=" " WC="0.95" />
          </TextLine>
        </TextBlock>
        <TextBlock ID="TextBlock_31" HPOS="1483" VPOS="2936" HEIGHT="12" WIDTH="557">
          <TextLine ID="TextLine_51" HPOS="1483" VPOS="2936" HEIGHT="12" WIDTH="557">
            <SP ID="Textword_13" HPOS="1483" VPOS="2936" />
            <String ID="Textword_169" HPOS="1483" VPOS="2936" HEIGHT="12" WIDTH="557" CONTENT=" " WC="0.95" />
          </TextLine>
        </TextBlock>
        <TextBlock ID="TextBlock_32" HPOS="698" VPOS="2944" HEIGHT="142" WIDTH="350">
          <TextLine ID="TextLine_52" HPOS="725" VPOS="2944" HEIGHT="37" WIDTH="289">
            <String ID="Textword_170" HPOS="739" VPOS="2953" HEIGHT="18" WIDTH="62" CONTENT="zum" WC="0.96" />
            <String ID="Textword_171" HPOS="820" VPOS="2944" HEIGHT="26" WIDTH="124" CONTENT="Betriebe" WC="0.96" />
            <String ID="Textword_172" HPOS="964" VPOS="2945" HEIGHT="24" WIDTH="50" CONTENT="mit" WC="0.96" />
          </TextLine>
          <TextLine ID="TextLine_53" HPOS="782" VPOS="2996" HEIGHT="35" WIDTH="167">
            <String ID="Textword_173" HPOS="782" VPOS="2996" HEIGHT="35" WIDTH="167" CONTENT="billigen" WC="0.54" />
          </TextLine>
          <TextLine ID="TextLine_54" HPOS="698" VPOS="3050" HEIGHT="36" WIDTH="350">
            <String ID="Textword_174" HPOS="698" VPOS="3052" HEIGHT="34" WIDTH="131" CONTENT="flüssigen" WC="0.93" />
            <String ID="Textword_175" HPOS="848" VPOS="3050" HEIGHT="27" WIDTH="200" CONTENT="Brennstoffen." WC="0.92" />
          </TextLine>
        </TextBlock>
        <TextBlock ID="TextBlock_33" HPOS="1514" VPOS="2901" HEIGHT="171" WIDTH="495">
          <TextLine ID="TextLine_55" HPOS="1514" VPOS="2901" HEIGHT="171" WIDTH="495">
            <String ID="Textword_176" HPOS="1514" VPOS="2901" HEIGHT="171" WIDTH="280" CONTENT="=" WC="0.43" />
            <String ID="Textword_177" HPOS="1757" VPOS="3021" HEIGHT="12" WIDTH="18" CONTENT="-" WC="0.58" />
            <String ID="Textword_178" HPOS="1785" VPOS="2986" HEIGHT="72" WIDTH="224" CONTENT="Vorwärmer" WC="0.58" />
          </TextLine>
        </TextBlock>
        <TextBlock ID="TextBlock_34" HPOS="1547" VPOS="3070" HEIGHT="25" WIDTH="402">
          <TextLine ID="TextLine_56" HPOS="1547" VPOS="3070" HEIGHT="25" WIDTH="402">
            <String ID="Textword_179" HPOS="1547" VPOS="3074" HEIGHT="20" WIDTH="28" CONTENT="D." WC="0.92" />
            <String ID="Textword_180" HPOS="1586" VPOS="3073" HEIGHT="21" WIDTH="28" CONTENT="B." WC="0.87" />
            <String ID="Textword_181" HPOS="1626" VPOS="3073" HEIGHT="20" WIDTH="18" CONTENT="P" WC="0.91" />
            <String ID="Textword_182" HPOS="1658" VPOS="3071" HEIGHT="24" WIDTH="58" CONTENT="‘und" WC="0.59" />
            <String ID="Textword_183" HPOS="1731" VPOS="3071" HEIGHT="23" WIDTH="114" CONTENT="Schweiz." WC="0.55" />
            <String ID="Textword_184" HPOS="1855" VPOS="3070" HEIGHT="21" WIDTH="94" CONTENT="Patent." WC="0.96" />
          </TextLine>
        </TextBlock>
        <TextBlock ID="TextBlock_35" HPOS="796" VPOS="3132" HEIGHT="15" WIDTH="157">
          <TextLine ID="TextLine_57" HPOS="796" VPOS="3132" HEIGHT="15" WIDTH="157">
            <String ID="Textword_185" HPOS="796" VPOS="3132" HEIGHT="15" WIDTH="157" CONTENT="—e—" WC="0.40" />
          </TextLine>
        </TextBlock>
        <TextBlock ID="TextBlock_36" HPOS="558" VPOS="3211" HEIGHT="37" WIDTH="619">
          <TextLine ID="TextLine_58" HPOS="558" VPOS="3211" HEIGHT="37" WIDTH="619">
            <String ID="Textword_186" HPOS="558" VPOS="3214" HEIGHT="34" WIDTH="138" CONTENT="Alleinige" WC="0.91" />
            <String ID="Textword_187" HPOS="715" VPOS="3213" HEIGHT="26" WIDTH="184" CONTENT="Fabrikanten" WC="0.92" />
            <String ID="Textword_188" HPOS="919" VPOS="3212" HEIGHT="26" WIDTH="45" CONTENT="für" WC="0.96" />
            <String ID="Textword_189" HPOS="984" VPOS="3212" HEIGHT="26" WIDTH="40" CONTENT="die" WC="0.96" />
            <String ID="Textword_190" HPOS="1044" VPOS="3211" HEIGHT="26" WIDTH="119" CONTENT="Schweiz" WC="0.88" />
            <String ID="Textword_191" HPOS="1172" VPOS="3220" HEIGHT="16" WIDTH="5" CONTENT=":" WC="0.88" />
          </TextLine>
        </TextBlock>
        <TextBlock ID="TextBlock_37" HPOS="1548" VPOS="3340" HEIGHT="29" WIDTH="100">
          <TextLine ID="TextLine_59" HPOS="1548" VPOS="3340" HEIGHT="29" WIDTH="100">
            <String ID="Textword_192" HPOS="1548" VPOS="3340" HEIGHT="29" WIDTH="100" CONTENT="einfacheto" WC="0.48" />
          </TextLine>
        </TextBlock>
        <TextBlock ID="TextBlock_38" HPOS="439" VPOS="3263" HEIGHT="154" WIDTH="887">
          <TextLine ID="TextLine_60" HPOS="439" VPOS="3263" HEIGHT="154" WIDTH="887">
            <String ID="Textword_193" HPOS="439" VPOS="3286" HEIGHT="131" WIDTH="485" CONTENT="Gebrüder" WC="0.96" />
            <String ID="Textword_194" HPOS="983" VPOS="3263" HEIGHT="150" WIDTH="343" CONTENT="Sulzer" WC="0.96" />
          </TextLine>
        </TextBlock>
        <TextBlock ID="TextBlock_39" HPOS="1699" VPOS="3109" HEIGHT="560" WIDTH="131">
          <TextLine ID="TextLine_61" HPOS="1699" VPOS="3109" HEIGHT="560" WIDTH="131">
            <SP ID="Textword_14" HPOS="1699" VPOS="3109" />
            <String ID="Textword_195" HPOS="1699" VPOS="3109" HEIGHT="560" WIDTH="131" CONTENT=" " WC="0.95" />
          </TextLine>
        </TextBlock>
        <TextBlock ID="TextBlock_40" HPOS="507" VPOS="3416" HEIGHT="293" WIDTH="1340">
          <TextLine ID="TextLine_62" HPOS="0" VPOS="0" HEIGHT="4972" WIDTH="3321">
            <String ID="Textword_196" HPOS="1535" VPOS="3354" HEIGHT="86" WIDTH="443" CONTENT="Al" WC="0.33" />
          </TextLine>
          <TextLine ID="TextLine_63" HPOS="1549" VPOS="3416" HEIGHT="24" WIDTH="116">
            <String ID="Textword_197" HPOS="1549" VPOS="3416" HEIGHT="24" WIDTH="116" CONTENT="onstrnktion" WC="0.67" />
          </TextLine>
          <TextLine ID="TextLine_64" HPOS="709" VPOS="3442" HEIGHT="35" WIDTH="968">
            <String ID="Textword_198" HPOS="709" VPOS="3442" HEIGHT="35" WIDTH="327" CONTENT="WINTERTHUR." WC="0.89" />
            <String ID="Textword_199" HPOS="1518" VPOS="3454" HEIGHT="19" WIDTH="159" CONTENT="===" WC="0.32" />
          </TextLine>
          <TextLine ID="TextLine_65" HPOS="507" VPOS="3574" HEIGHT="32" WIDTH="748">
            <String ID="Textword_200" HPOS="507" VPOS="3579" HEIGHT="27" WIDTH="52" CONTENT="Die" WC="0.93" />
            <String ID="Textword_201" HPOS="572" VPOS="3579" HEIGHT="27" WIDTH="124" CONTENT="Motoren" WC="0.91" />
            <String ID="Textword_202" HPOS="715" VPOS="3578" HEIGHT="27" WIDTH="108" CONTENT="werden" WC="0.96" />
            <String ID="Textword_203" HPOS="841" VPOS="3577" HEIGHT="27" WIDTH="28" CONTENT="in" WC="0.93" />
            <String ID="Textword_204" HPOS="883" VPOS="3577" HEIGHT="26" WIDTH="118" CONTENT="Gréssen" WC="0.83" />
            <String ID="Textword_205" HPOS="1020" VPOS="3584" HEIGHT="18" WIDTH="53" CONTENT="von" WC="0.96" />
            <String ID="Textword_206" HPOS="1092" VPOS="3575" HEIGHT="26" WIDTH="34" CONTENT="20" WC="0.90" />
            <String ID="Textword_207" HPOS="1140" VPOS="3574" HEIGHT="27" WIDTH="67" CONTENT="P.S." WC="0.87" />
            <String ID="Textword_208" HPOS="1221" VPOS="3582" HEIGHT="19" WIDTH="34" CONTENT="an" WC="0.96" />
          </TextLine>
          <TextLine ID="TextLine_66" HPOS="720" VPOS="3620" HEIGHT="35" WIDTH="322">
            <String ID="Textword_209" HPOS="720" VPOS="3622" HEIGHT="26" WIDTH="132" CONTENT="aufwärts" WC="0.91" />
            <String ID="Textword_210" HPOS="871" VPOS="3620" HEIGHT="35" WIDTH="171" CONTENT="ausgeführt." WC="0.90" />
          </TextLine>
          <TextLine ID="TextLine_67" HPOS="1686" VPOS="3682" HEIGHT="27" WIDTH="161">
            <String ID="Textword_211" HPOS="1686" VPOS="3682" HEIGHT="27" WIDTH="141" CONTENT="Vertreter" WC="0.90" />
            <String ID="Textword_212" HPOS="1841" VPOS="3692" HEIGHT="17" WIDTH="6" CONTENT=":" WC="0.93" />
          </TextLine>
        </TextBlock>
        <TextBlock ID="TextBlock_41" HPOS="1530" VPOS="3726" HEIGHT="106" WIDTH="455">
          <TextLine ID="TextLine_68" HPOS="1559" VPOS="3726" HEIGHT="53" WIDTH="407">
            <String ID="Textword_213" HPOS="1559" VPOS="3726" HEIGHT="51" WIDTH="207" CONTENT="Schmassmann" WC="0.33" />
            <String ID="Textword_214" HPOS="1779" VPOS="3729" HEIGHT="41" WIDTH="19" CONTENT="&amp;" WC="0.93" />
            <String ID="Textword_215" HPOS="1812" VPOS="3726" HEIGHT="53" WIDTH="44" CONTENT="Co," WC="0.62" />
            <String ID="Textword_216" HPOS="1871" VPOS="3727" HEIGHT="44" WIDTH="95" CONTENT="Zürich." WC="0.83" />
          </TextLine>
          <TextLine ID="TextLine_69" HPOS="1530" VPOS="3779" HEIGHT="53" WIDTH="455">
            <String ID="Textword_217" HPOS="1530" VPOS="3780" HEIGHT="43" WIDTH="32" CONTENT="F." WC="0.93" />
            <String ID="Textword_218" HPOS="1580" VPOS="3779" HEIGHT="50" WIDTH="149" CONTENT="Mattick," WC="0.89" />
            <String ID="Textword_219" HPOS="1746" VPOS="3788" HEIGHT="39" WIDTH="100" CONTENT="Paisuits" WC="0.54" />
            <String ID="Textword_220" HPOS="1858" VPOS="3789" HEIGHT="43" WIDTH="36" CONTENT="21," WC="0.79" />
            <String ID="Textword_221" HPOS="1907" VPOS="3790" HEIGHT="36" WIDTH="78" CONTENT="Sachs." WC="0.86" />
          </TextLine>
        </TextBlock>
        <TextBlock ID="TextBlock_42" HPOS="281" VPOS="2227" HEIGHT="1711" WIDTH="1196">
          <TextLine ID="TextLine_70" HPOS="281" VPOS="2227" HEIGHT="1711" WIDTH="1196">
            <SP ID="Textword_15" HPOS="281" VPOS="2227" />
            <String ID="Textword_222" HPOS="281" VPOS="2227" HEIGHT="1711" WIDTH="1196" CONTENT=" " WC="0.95" />
          </TextLine>
        </TextBlock>
        <TextBlock ID="TextBlock_43" HPOS="1496" VPOS="3873" HEIGHT="17" WIDTH="557">
          <TextLine ID="TextLine_71" HPOS="1496" VPOS="3873" HEIGHT="17" WIDTH="557">
            <SP ID="Textword_16" HPOS="1496" VPOS="3873" />
            <String ID="Textword_223" HPOS="1496" VPOS="3873" HEIGHT="17" WIDTH="557" CONTENT=" " WC="0.95" />
          </TextLine>
        </TextBlock>
        <TextBlock ID="TextBlock_44" HPOS="315" VPOS="3950" HEIGHT="23" WIDTH="1141">
          <TextLine ID="TextLine_72" HPOS="315" VPOS="3950" HEIGHT="23" WIDTH="1141">
            <SP ID="Textword_17" HPOS="315" VPOS="3950" />
            <String ID="Textword_224" HPOS="315" VPOS="3950" HEIGHT="23" WIDTH="1141" CONTENT=" " WC="0.95" />
          </TextLine>
        </TextBlock>
        <TextBlock ID="TextBlock_45" HPOS="1561" VPOS="3941" HEIGHT="101" WIDTH="416">
          <TextLine ID="TextLine_73" HPOS="1561" VPOS="3941" HEIGHT="65" WIDTH="416">
            <String ID="Textword_225" HPOS="1552" VPOS="3957" HEIGHT="56" WIDTH="131" CONTENT="=M." WC="0.30" />
            <String ID="Textword_226" HPOS="1685" VPOS="3941" HEIGHT="64" WIDTH="101" CONTENT="KOCH." WC="0.72" />
            <String ID="Textword_227" HPOS="1788" VPOS="3957" HEIGHT="45" WIDTH="189" CONTENT="AO" WC="0.28" />
          </TextLine>
          <TextLine ID="TextLine_74" HPOS="1693" VPOS="3998" HEIGHT="44" WIDTH="176">
            <String ID="Textword_228" HPOS="1693" VPOS="3998" HEIGHT="44" WIDTH="60" CONTENT="zü" WC="0.81" />
            <String ID="Textword_229" HPOS="1760" VPOS="4005" HEIGHT="46" WIDTH="109" CONTENT="RICH" WC="0.94" />
          </TextLine>
        </TextBlock>
        <TextBlock ID="TextBlock_46" HPOS="1546" VPOS="4054" HEIGHT="26" WIDTH="433">
          <TextLine ID="TextLine_75" HPOS="1546" VPOS="4054" HEIGHT="26" WIDTH="433">
            <String ID="Textword_230" HPOS="1546" VPOS="4056" HEIGHT="23" WIDTH="125" CONTENT="EMPEIEHRLY" WC="0.06" />
            <String ID="Textword_231" HPOS="1676" VPOS="4056" HEIGHT="22" WIDTH="54" CONTENT="SICH" WC="0.84" />
            <String ID="Textword_232" HPOS="1737" VPOS="4046" HEIGHT="31" WIDTH="47" CONTENT="FÙR" WC="0.80" />
            <String ID="Textword_233" HPOS="1790" VPOS="4054" HEIGHT="23" WIDTH="122" CONTENT="LIEFERUNG" WC="0.77" />
            <String ID="Textword_234" HPOS="1921" VPOS="4056" HEIGHT="24" WIDTH="58" CONTENT="VON;" WC="0.92" />
          </TextLine>
        </TextBlock>
        <TextBlock ID="TextBlock_47" HPOS="723" VPOS="4003" HEIGHT="42" WIDTH="331">
          <TextLine ID="TextLine_76" HPOS="723" VPOS="4003" HEIGHT="42" WIDTH="331">
            <String ID="Textword_235" HPOS="723" VPOS="4005" HEIGHT="40" WIDTH="62" CONTENT="Zu" WC="0.90" />
            <String ID="Textword_236" HPOS="813" VPOS="4003" HEIGHT="42" WIDTH="241" CONTENT="verkaufen" WC="0.88" />
          </TextLine>
        </TextBlock>
        <TextBlock ID="TextBlock_48" HPOS="459" VPOS="4079" HEIGHT="96" WIDTH="854">
          <TextLine ID="TextLine_77" HPOS="459" VPOS="4079" HEIGHT="96" WIDTH="854">
            <String ID="Textword_237" HPOS="459" VPOS="4079" HEIGHT="96" WIDTH="192" CONTENT="ein" WC="0.96" />
            <String ID="Textword_238" HPOS="721" VPOS="4079" HEIGHT="93" WIDTH="592" CONTENT="Anwesen" WC="0.96" />
          </TextLine>
        </TextBlock>
        <TextBlock ID="TextBlock_49" HPOS="778" VPOS="4199" HEIGHT="27" WIDTH="234">
          <TextLine ID="TextLine_78" HPOS="778" VPOS="4199" HEIGHT="27" WIDTH="234">
            <String ID="Textword_239" HPOS="778" VPOS="4199" HEIGHT="27" WIDTH="149" CONTENT="bestehend" WC="0.96" />
            <String ID="Textword_240" HPOS="946" VPOS="4207" HEIGHT="18" WIDTH="66" CONTENT="aus:" WC="0.83" />
          </TextLine>
        </TextBlock>
        <TextBlock ID="TextBlock_50" HPOS="319" VPOS="4212" HEIGHT="102" WIDTH="1143">
          <TextLine ID="TextLine_79" HPOS="319" VPOS="4212" HEIGHT="66" WIDTH="1143">
            <String ID="Textword_241" HPOS="319" VPOS="4212" HEIGHT="66" WIDTH="245" CONTENT="Wohnhaus," WC="0.96" />
            <String ID="Textword_242" HPOS="592" VPOS="4254" HEIGHT="18" WIDTH="35" CONTENT="an" WC="0.94" />
            <String ID="Textword_243" HPOS="651" VPOS="4245" HEIGHT="25" WIDTH="46" CONTENT="der" WC="0.96" />
            <String ID="Textword_244" HPOS="716" VPOS="4244" HEIGHT="34" WIDTH="153" CONTENT="Kreuzung" WC="0.96" />
            <String ID="Textword_245" HPOS="894" VPOS="4244" HEIGHT="25" WIDTH="100" CONTENT="zweier" WC="0.93" />
            <String ID="Textword_246" HPOS="1013" VPOS="4243" HEIGHT="32" WIDTH="215" CONTENT="Hauptstrassen" WC="0.92" />
            <String ID="Textword_247" HPOS="1247" VPOS="4241" HEIGHT="35" WIDTH="127" CONTENT="gelegen," WC="0.93" />
            <String ID="Textword_248" HPOS="1393" VPOS="4241" HEIGHT="26" WIDTH="69" CONTENT="Par-" WC="0.92" />
          </TextLine>
          <TextLine ID="TextLine_80" HPOS="389" VPOS="4277" HEIGHT="37" WIDTH="1073">
            <String ID="Textword_249" HPOS="389" VPOS="4285" HEIGHT="24" WIDTH="74" CONTENT="terre" WC="0.96" />
            <String ID="Textword_250" HPOS="481" VPOS="4282" HEIGHT="27" WIDTH="56" CONTENT="und" WC="0.96" />
            <String ID="Textword_251" HPOS="557" VPOS="4281" HEIGHT="26" WIDTH="67" CONTENT="zwei" WC="0.96" />
            <String ID="Textword_252" HPOS="643" VPOS="4280" HEIGHT="34" WIDTH="186" CONTENT="Stockwerke," WC="0.95" />
            <String ID="Textword_253" HPOS="856" VPOS="4278" HEIGHT="27" WIDTH="50" CONTENT="mit" WC="0.96" />
            <String ID="Textword_254" HPOS="926" VPOS="4278" HEIGHT="27" WIDTH="34" CONTENT="20" WC="0.96" />
            <String ID="Textword_255" HPOS="981" VPOS="4279" HEIGHT="25" WIDTH="134" CONTENT="Zimmern" WC="0.96" />
            <String ID="Textword_256" HPOS="1134" VPOS="4277" HEIGHT="27" WIDTH="56" CONTENT="und" WC="0.96" />
            <String ID="Textword_257" HPOS="1209" VPOS="4277" HEIGHT="26" WIDTH="125" CONTENT="diversen" WC="0.93" />
            <String ID="Textword_258" HPOS="1353" VPOS="4277" HEIGHT="26" WIDTH="109" CONTENT="Neben-" WC="0.93" />
          </TextLine>
        </TextBlock>
        <TextBlock ID="TextBlock_51" HPOS="1664" VPOS="4148" HEIGHT="150" WIDTH="202">
          <TextLine ID="TextLine_81" HPOS="1664" VPOS="4148" HEIGHT="51" WIDTH="202">
            <String ID="Textword_259" HPOS="1664" VPOS="4148" HEIGHT="51" WIDTH="202" CONTENT="Maschinenguss" WC="0.90" />
          </TextLine>
          <TextLine ID="TextLine_82" HPOS="1707" VPOS="4201" HEIGHT="51" WIDTH="110">
            <String ID="Textword_260" HPOS="1707" VPOS="4201" HEIGHT="51" WIDTH="110" CONTENT="Bauguss" WC="0.90" />
          </TextLine>
          <TextLine ID="TextLine_83" HPOS="1722" VPOS="4254" HEIGHT="44" WIDTH="87">
            <String ID="Textword_261" HPOS="1722" VPOS="4254" HEIGHT="44" WIDTH="87" CONTENT="Säulen" WC="0.95" />
          </TextLine>
        </TextBlock>
        <TextBlock ID="TextBlock_52" HPOS="320" VPOS="4320" HEIGHT="237" WIDTH="1142">
          <TextLine ID="TextLine_84" HPOS="389" VPOS="4320" HEIGHT="25" WIDTH="122">
            <String ID="Textword_262" HPOS="389" VPOS="4320" HEIGHT="25" WIDTH="122" CONTENT="räumen." WC="0.96" />
          </TextLine>
          <TextLine ID="TextLine_85" HPOS="320" VPOS="4347" HEIGHT="39" WIDTH="1139">
            <String ID="Textword_263" HPOS="320" VPOS="4350" HEIGHT="36" WIDTH="335" CONTENT="Gartengebäude" WC="0.91" />
            <String ID="Textword_264" HPOS="691" VPOS="4350" HEIGHT="26" WIDTH="50" CONTENT="mit" WC="0.92" />
            <String ID="Textword_265" HPOS="778" VPOS="4349" HEIGHT="27" WIDTH="356" CONTENT="Parterreräumlichkeiten" WC="0.91" />
            <String ID="Textword_266" HPOS="1170" VPOS="4347" HEIGHT="27" WIDTH="54" CONTENT="und" WC="0.93" />
            <String ID="Textword_267" HPOS="1262" VPOS="4347" HEIGHT="35" WIDTH="197" CONTENT="prachtvollem" WC="0.89" />
          </TextLine>
          <TextLine ID="TextLine_86" HPOS="391" VPOS="4383" HEIGHT="37" WIDTH="924">
            <String ID="Textword_268" HPOS="391" VPOS="4388" HEIGHT="29" WIDTH="109" CONTENT="Obst-" WC="0.90" />
            <String ID="Textword_269" HPOS="519" VPOS="4386" HEIGHT="29" WIDTH="83" CONTENT="und" WC="0.93" />
            <String ID="Textword_270" HPOS="620" VPOS="4386" HEIGHT="34" WIDTH="235" CONTENT="Ziergarten" WC="0.89" />
            <String ID="Textword_271" HPOS="874" VPOS="4393" HEIGHT="19" WIDTH="53" CONTENT="von" WC="0.96" />
            <String ID="Textword_272" HPOS="947" VPOS="4384" HEIGHT="26" WIDTH="70" CONTENT="3473" WC="0.93" />
            <String ID="Textword_273" HPOS="1035" VPOS="4385" HEIGHT="25" WIDTH="37" CONTENT="m?" WC="0.82" />
            <String ID="Textword_274" HPOS="1093" VPOS="4383" HEIGHT="27" WIDTH="222" CONTENT="Flächeninhalt." WC="0.91" />
          </TextLine>
          <TextLine ID="TextLine_87" HPOS="426" VPOS="4418" HEIGHT="39" WIDTH="1035">
            <String ID="Textword_275" HPOS="426" VPOS="4425" HEIGHT="25" WIDTH="56" CONTENT="Das" WC="0.93" />
            <String ID="Textword_276" HPOS="510" VPOS="4423" HEIGHT="34" WIDTH="192" CONTENT="guterhaltene" WC="0.92" />
            <String ID="Textword_277" HPOS="721" VPOS="4421" HEIGHT="26" WIDTH="151" CONTENT="Besitztum" WC="0.92" />
            <String ID="Textword_278" HPOS="900" VPOS="4421" HEIGHT="33" WIDTH="70" CONTENT="liegt" WC="0.96" />
            <String ID="Textword_279" HPOS="997" VPOS="4421" HEIGHT="25" WIDTH="28" CONTENT="in" WC="0.96" />
            <String ID="Textword_280" HPOS="1053" VPOS="4419" HEIGHT="33" WIDTH="202" CONTENT="hervorragend" WC="0.96" />
            <String ID="Textword_281" HPOS="1275" VPOS="4419" HEIGHT="25" WIDTH="114" CONTENT="schöner" WC="0.93" />
            <String ID="Textword_282" HPOS="1410" VPOS="4418" HEIGHT="26" WIDTH="51" CONTENT="Ge-" WC="0.92" />
          </TextLine>
          <TextLine ID="TextLine_88" HPOS="320" VPOS="4453" HEIGHT="41" WIDTH="1142">
            <String ID="Textword_283" HPOS="320" VPOS="4460" HEIGHT="34" WIDTH="82" CONTENT="gend," WC="0.96" />
            <String ID="Textword_284" HPOS="422" VPOS="4459" HEIGHT="26" WIDTH="15" CONTENT="5" WC="0.96" />
            <String ID="Textword_285" HPOS="456" VPOS="4459" HEIGHT="27" WIDTH="123" CONTENT="Minuten" WC="0.96" />
            <String ID="Textword_286" HPOS="599" VPOS="4466" HEIGHT="18" WIDTH="53" CONTENT="von" WC="0.96" />
            <String ID="Textword_287" HPOS="670" VPOS="4456" HEIGHT="41" WIDTH="222" CONTENT="Konstanz," WC="0.96" />
            <String ID="Textword_288" HPOS="913" VPOS="4454" HEIGHT="29" WIDTH="76" CONTENT="auf" WC="0.93" />
            <String ID="Textword_289" HPOS="1004" VPOS="4453" HEIGHT="33" WIDTH="336" CONTENT="Schweizerseite," WC="0.87" />
            <String ID="Textword_290" HPOS="1361" VPOS="4462" HEIGHT="18" WIDTH="34" CONTENT="an" WC="0.96" />
            <String ID="Textword_291" HPOS="1415" VPOS="4454" HEIGHT="26" WIDTH="47" CONTENT="der" WC="0.96" />
          </TextLine>
          <TextLine ID="TextLine_89" HPOS="320" VPOS="4489" HEIGHT="45" WIDTH="1142">
            <String ID="Textword_292" HPOS="320" VPOS="4481" HEIGHT="41" WIDTH="146" CONTENT="Bahnlinie" WC="0.91" />
            <String ID="Textword_293" HPOS="484" VPOS="4494" HEIGHT="27" WIDTH="157" CONTENT="Konstanz-" WC="0.91" />
            <String ID="Textword_294" HPOS="644" VPOS="4492" HEIGHT="42" WIDTH="203" CONTENT="Schaffhausen," WC="0.92" />
            <String ID="Textword_295" HPOS="866" VPOS="4492" HEIGHT="26" WIDTH="27" CONTENT="in" WC="0.93" />
            <String ID="Textword_296" HPOS="912" VPOS="4491" HEIGHT="26" WIDTH="209" CONTENT="unmittelbarer" WC="0.91" />
            <String ID="Textword_297" HPOS="1140" VPOS="4490" HEIGHT="25" WIDTH="76" CONTENT="Nähe" WC="0.91" />
            <String ID="Textword_298" HPOS="1237" VPOS="4490" HEIGHT="25" WIDTH="46" CONTENT="des" WC="0.93" />
            <String ID="Textword_299" HPOS="1296" VPOS="4489" HEIGHT="26" WIDTH="166" CONTENT="Bahnhofes." WC="0.91" />
          </TextLine>
          <TextLine ID="TextLine_90" HPOS="321" VPOS="4526" HEIGHT="31" WIDTH="734">
            <String ID="Textword_300" HPOS="321" VPOS="4531" HEIGHT="26" WIDTH="93" CONTENT="Durch" WC="0.90" />
            <String ID="Textword_301" HPOS="433" VPOS="4530" HEIGHT="26" WIDTH="92" CONTENT="diesen" WC="0.91" />
            <String ID="Textword_302" HPOS="544" VPOS="4528" HEIGHT="28" WIDTH="135" CONTENT="Umstand" WC="0.91" />
            <String ID="Textword_303" HPOS="697" VPOS="4529" HEIGHT="24" WIDTH="74" CONTENT="wäre" WC="0.92" />
            <String ID="Textword_304" HPOS="791" VPOS="4528" HEIGHT="25" WIDTH="47" CONTENT="das" WC="0.93" />
            <String ID="Textword_305" HPOS="856" VPOS="4527" HEIGHT="26" WIDTH="137" CONTENT="Anwesen" WC="0.92" />
            <String ID="Textword_306" HPOS="1012" VPOS="4526" HEIGHT="26" WIDTH="43" CONTENT="für" WC="0.96" />
          </TextLine>
        </TextBlock>
        <TextBlock ID="TextBlock_53" HPOS="533" VPOS="4571" HEIGHT="35" WIDTH="727">
          <TextLine ID="TextLine_91" HPOS="533" VPOS="4571" HEIGHT="35" WIDTH="727">
            <String ID="Textword_307" HPOS="533" VPOS="4573" HEIGHT="33" WIDTH="194" CONTENT="Handels" WC="0.90" />
            <String ID="Textword_308" HPOS="750" VPOS="4572" HEIGHT="32" WIDTH="92" CONTENT="und" WC="0.93" />
            <String ID="Textword_309" HPOS="863" VPOS="4571" HEIGHT="33" WIDTH="397" CONTENT="Industriezwecke" WC="0.85" />
          </TextLine>
        </TextBlock>
        <TextBlock ID="TextBlock_54" HPOS="1669" VPOS="4308" HEIGHT="103" WIDTH="187">
          <TextLine ID="TextLine_92" HPOS="1684" VPOS="4308" HEIGHT="50" WIDTH="164">
            <String ID="Textword_310" HPOS="1684" VPOS="4308" HEIGHT="50" WIDTH="164" CONTENT="Handelsquss" WC="0.71" />
          </TextLine>
          <TextLine ID="TextLine_93" HPOS="1669" VPOS="4361" HEIGHT="50" WIDTH="187">
            <String ID="Textword_311" HPOS="1669" VPOS="4361" HEIGHT="50" WIDTH="187" CONTENT="Kochherdguss" WC="0.61" />
          </TextLine>
        </TextBlock>
        <TextBlock ID="TextBlock_55" HPOS="1678" VPOS="4417" HEIGHT="25" WIDTH="174">
          <TextLine ID="TextLine_94" HPOS="1678" VPOS="4417" HEIGHT="25" WIDTH="174">
            <String ID="Textword_312" HPOS="1678" VPOS="4419" HEIGHT="23" WIDTH="50" CONTENT="etc." WC="0.94" />
            <String ID="Textword_313" HPOS="1800" VPOS="4417" HEIGHT="24" WIDTH="52" CONTENT="etc." WC="0.95" />
          </TextLine>
        </TextBlock>
        <TextBlock ID="TextBlock_56" HPOS="1562" VPOS="4559" HEIGHT="86" WIDTH="450">
          <TextLine ID="TextLine_95" HPOS="1562" VPOS="4559" HEIGHT="41" WIDTH="450">
            <String ID="Textword_314" HPOS="1562" VPOS="4559" HEIGHT="41" WIDTH="198" CONTENT="LEA" WC="0.09" />
            <String ID="Textword_315" HPOS="1758" VPOS="4561" HEIGHT="39" WIDTH="103" CONTENT="LITE" WC="0.24" />
            <String ID="Textword_316" HPOS="1860" VPOS="4560" HEIGHT="39" WIDTH="69" CONTENT="NA" WC="0.30" />
            <String ID="Textword_317" HPOS="1925" VPOS="4560" HEIGHT="38" WIDTH="87" CONTENT="LL" WC="0.24" />
          </TextLine>
          <TextLine ID="TextLine_96" HPOS="1647" VPOS="4618" HEIGHT="27" WIDTH="266">
            <String ID="Textword_318" HPOS="1647" VPOS="4619" HEIGHT="26" WIDTH="118" CONTENT="JEDER" WC="0.74" />
            <String ID="Textword_319" HPOS="1776" VPOS="4618" HEIGHT="26" WIDTH="75" CONTENT="ART." WC="0.64" />
            <String ID="Textword_320" HPOS="1868" VPOS="4619" HEIGHT="21" WIDTH="45" CONTENT="S" WC="0.64" />
          </TextLine>
        </TextBlock>
        <TextBlock ID="TextBlock_57" HPOS="1763" VPOS="1652" HEIGHT="1468" WIDTH="567">
          <TextLine ID="TextLine_97" HPOS="1763" VPOS="1652" HEIGHT="1468" WIDTH="567">
            <String ID="Textword_321" HPOS="1763" VPOS="1652" HEIGHT="1468" WIDTH="567" CONTENT="es" WC="0.47" />
          </TextLine>
        </TextBlock>
        <TextBlock ID="TextBlock_58" HPOS="3057" VPOS="276" HEIGHT="36" WIDTH="101">
          <TextLine ID="TextLine_98" HPOS="3057" VPOS="276" HEIGHT="36" WIDTH="101">
            <String ID="Textword_322" HPOS="3057" VPOS="276" HEIGHT="27" WIDTH="47" CONTENT="Nr." WC="0.95" />
            <String ID="Textword_323" HPOS="3124" VPOS="276" HEIGHT="36" WIDTH="34" CONTENT="34" WC="0.96" />
          </TextLine>
        </TextBlock>
        <TextBlock ID="TextBlock_59" HPOS="2111" VPOS="376" HEIGHT="26" WIDTH="1062">
          <TextLine ID="TextLine_99" HPOS="2111" VPOS="376" HEIGHT="26" WIDTH="1062">
            <SP ID="Textword_18" HPOS="2111" VPOS="376" />
            <String ID="Textword_324" HPOS="2111" VPOS="376" HEIGHT="26" WIDTH="1062" CONTENT=" " WC="0.95" />
          </TextLine>
        </TextBlock>
        <TextBlock ID="TextBlock_60" HPOS="2138" VPOS="415" HEIGHT="113" WIDTH="958">
          <TextLine ID="TextLine_100" HPOS="2138" VPOS="415" HEIGHT="113" WIDTH="958">
            <String ID="Textword_325" HPOS="2138" VPOS="426" HEIGHT="102" WIDTH="502" CONTENT="Schweizerische" WC="0.92" />
            <String ID="Textword_326" HPOS="2686" VPOS="415" HEIGHT="101" WIDTH="410" CONTENT="Kreditanstalf" WC="0.55" />
          </TextLine>
        </TextBlock>
        <TextBlock ID="TextBlock_61" HPOS="2083" VPOS="532" HEIGHT="162" WIDTH="1067">
          <TextLine ID="TextLine_101" HPOS="2137" VPOS="532" HEIGHT="87" WIDTH="968">
            <String ID="Textword_327" HPOS="2137" VPOS="548" HEIGHT="41" WIDTH="161" CONTENT="Zürich" WC="0.93" />
            <String ID="Textword_328" HPOS="2326" VPOS="572" HEIGHT="4" WIDTH="52" CONTENT="—" WC="0.92" />
            <String ID="Textword_329" HPOS="2407" VPOS="547" HEIGHT="41" WIDTH="130" CONTENT="Basel" WC="0.93" />
            <String ID="Textword_330" HPOS="2566" VPOS="570" HEIGHT="5" WIDTH="50" CONTENT="—" WC="0.91" />
            <String ID="Textword_331" HPOS="2647" VPOS="546" HEIGHT="42" WIDTH="118" CONTENT="Genf" WC="0.90" />
            <String ID="Textword_332" HPOS="2780" VPOS="570" HEIGHT="4" WIDTH="51" CONTENT="—" WC="0.93" />
            <String ID="Textword_333" HPOS="2852" VPOS="545" HEIGHT="42" WIDTH="59" CONTENT="St." WC="0.94" />
            <String ID="Textword_334" HPOS="2924" VPOS="532" HEIGHT="87" WIDTH="181" CONTENT="Gallen." WC="0.92" />
          </TextLine>
          <TextLine ID="TextLine_102" HPOS="2404" VPOS="589" HEIGHT="51" WIDTH="445">
            <String ID="Textword_335" HPOS="2404" VPOS="601" HEIGHT="39" WIDTH="308" CONTENT="GEGRÜNDET" WC="0.90" />
            <String ID="Textword_336" HPOS="2737" VPOS="589" HEIGHT="46" WIDTH="112" CONTENT="1856." WC="0.96" />
          </TextLine>
          <TextLine ID="TextLine_103" HPOS="2083" VPOS="628" HEIGHT="66" WIDTH="1067">
            <String ID="Textword_337" HPOS="2083" VPOS="655" HEIGHT="35" WIDTH="277" CONTENT="Einbezahltes" WC="0.91" />
            <String ID="Textword_338" HPOS="2384" VPOS="647" HEIGHT="47" WIDTH="302" CONTENT="Aktienkapital" WC="0.96" />
            <String ID="Textword_339" HPOS="2806" VPOS="653" HEIGHT="33" WIDTH="60" CONTENT="Fr." WC="0.93" />
            <String ID="Textword_340" HPOS="2885" VPOS="652" HEIGHT="39" WIDTH="164" CONTENT="65,000," WC="0.95" />
            <String ID="Textword_341" HPOS="3052" VPOS="628" HEIGHT="56" WIDTH="98" CONTENT="000." WC="0.93" />
          </TextLine>
        </TextBlock>
        <TextBlock ID="TextBlock_62" HPOS="2067" VPOS="703" HEIGHT="52" WIDTH="1081">
          <TextLine ID="TextLine_104" HPOS="2067" VPOS="703" HEIGHT="52" WIDTH="1081">
            <String ID="Textword_342" HPOS="2067" VPOS="709" HEIGHT="46" WIDTH="215" CONTENT="Reserven" WC="0.46" />
            <String ID="Textword_343" HPOS="2801" VPOS="706" HEIGHT="33" WIDTH="60" CONTENT="Fr." WC="0.93" />
            <String ID="Textword_344" HPOS="2880" VPOS="703" HEIGHT="41" WIDTH="268" CONTENT="20,000,000." WC="0.91" />
          </TextLine>
        </TextBlock>
        <TextBlock ID="TextBlock_63" HPOS="2191" VPOS="824" HEIGHT="37" WIDTH="648">
          <TextLine ID="TextLine_105" HPOS="2191" VPOS="824" HEIGHT="37" WIDTH="648">
            <String ID="Textword_345" HPOS="2191" VPOS="824" HEIGHT="27" WIDTH="62" CONTENT="Wir" WC="0.96" />
            <String ID="Textword_346" HPOS="2272" VPOS="825" HEIGHT="36" WIDTH="114" CONTENT="nehmen" WC="0.95" />
            <String ID="Textword_347" HPOS="2407" VPOS="824" HEIGHT="27" WIDTH="99" CONTENT="Gelder" WC="0.95" />
            <String ID="Textword_348" HPOS="2525" VPOS="827" HEIGHT="23" WIDTH="34" CONTENT="an" WC="0.94" />
            <String ID="Textword_349" HPOS="2579" VPOS="831" HEIGHT="26" WIDTH="91" CONTENT="gegen" WC="0.96" />
            <String ID="Textword_350" HPOS="2688" VPOS="830" HEIGHT="19" WIDTH="97" CONTENT="unsere" WC="0.94" />
            <String ID="Textword_351" HPOS="2804" VPOS="831" HEIGHT="18" WIDTH="35" CONTENT="zu" WC="0.94" />
          </TextLine>
        </TextBlock>
        <TextBlock ID="TextBlock_64" HPOS="2572" VPOS="869" HEIGHT="52" WIDTH="45">
          <TextLine ID="TextLine_106" HPOS="2572" VPOS="869" HEIGHT="52" WIDTH="45">
            <String ID="Textword_352" HPOS="2572" VPOS="869" HEIGHT="73" WIDTH="58" CONTENT="4" WC="0.95" />
          </TextLine>
        </TextBlock>
        <TextBlock ID="TextBlock_65" HPOS="2636" VPOS="869" HEIGHT="60" WIDTH="55">
          <TextLine ID="TextLine_107" HPOS="2636" VPOS="869" HEIGHT="25" WIDTH="19">
            <SP ID="Textword_19" HPOS="2636" VPOS="869" />
            <String ID="Textword_353" HPOS="2636" VPOS="869" HEIGHT="25" WIDTH="19" CONTENT=" " WC="0.95" />
          </TextLine>
          <TextLine ID="TextLine_108" HPOS="2670" VPOS="904" HEIGHT="25" WIDTH="21">
            <SP ID="Textword_20" HPOS="2670" VPOS="904" />
            <String ID="Textword_354" HPOS="2670" VPOS="904" HEIGHT="25" WIDTH="21" CONTENT=" " WC="0.95" />
          </TextLine>
        </TextBlock>
        <TextBlock ID="TextBlock_66" HPOS="2085" VPOS="940" HEIGHT="28" WIDTH="200">
          <TextLine ID="TextLine_109" HPOS="2085" VPOS="940" HEIGHT="28" WIDTH="200">
            <String ID="Textword_355" HPOS="2085" VPOS="940" HEIGHT="28" WIDTH="200" CONTENT="verzinslichen" WC="0.90" />
          </TextLine>
        </TextBlock>
        <TextBlock ID="TextBlock_67" HPOS="2110" VPOS="924" HEIGHT="182" WIDTH="1009">
          <TextLine ID="TextLine_110" HPOS="2110" VPOS="924" HEIGHT="182" WIDTH="1009">
            <String ID="Textword_356" HPOS="2110" VPOS="986" HEIGHT="98" WIDTH="367" CONTENT=" Kassa-" WC="0.72" />
            <String ID="Textword_357" HPOS="2484" VPOS="924" HEIGHT="182" WIDTH="635" CONTENT="Obligationen" WC="0.82" />
          </TextLine>
        </TextBlock>
        <TextBlock ID="TextBlock_68" HPOS="2086" VPOS="1114" HEIGHT="66" WIDTH="1064">
          <TextLine ID="TextLine_111" HPOS="2086" VPOS="1114" HEIGHT="38" WIDTH="1064">
            <String ID="Textword_358" HPOS="2086" VPOS="1119" HEIGHT="27" WIDTH="50" CONTENT="auf" WC="0.96" />
            <String ID="Textword_359" HPOS="2153" VPOS="1120" HEIGHT="26" WIDTH="57" CONTENT="drei" WC="0.96" />
            <String ID="Textword_360" HPOS="2230" VPOS="1119" HEIGHT="27" WIDTH="85" CONTENT="Jahre" WC="0.96" />
            <String ID="Textword_361" HPOS="2334" VPOS="1119" HEIGHT="33" WIDTH="64" CONTENT="fest," WC="0.96" />
            <String ID="Textword_362" HPOS="2417" VPOS="1118" HEIGHT="27" WIDTH="119" CONTENT="nachher" WC="0.96" />
            <String ID="Textword_363" HPOS="2555" VPOS="1117" HEIGHT="35" WIDTH="175" CONTENT="gegenseitig" WC="0.95" />
            <String ID="Textword_364" HPOS="2749" VPOS="1116" HEIGHT="27" WIDTH="50" CONTENT="auf" WC="0.96" />
            <String ID="Textword_365" HPOS="2816" VPOS="1116" HEIGHT="26" WIDTH="57" CONTENT="drei" WC="0.95" />
            <String ID="Textword_366" HPOS="2886" VPOS="1115" HEIGHT="27" WIDTH="111" CONTENT="Monate" WC="0.95" />
            <String ID="Textword_367" HPOS="3016" VPOS="1114" HEIGHT="33" WIDTH="134" CONTENT="kündbar," WC="0.96" />
          </TextLine>
          <TextLine ID="TextLine_112" HPOS="2466" VPOS="1152" HEIGHT="28" WIDTH="305">
            <String ID="Textword_368" HPOS="2466" VPOS="1154" HEIGHT="26" WIDTH="56" CONTENT="und" WC="0.96" />
            <String ID="Textword_369" HPOS="2541" VPOS="1162" HEIGHT="17" WIDTH="73" CONTENT="zwar" WC="0.96" />
            <String ID="Textword_370" HPOS="2633" VPOS="1152" HEIGHT="27" WIDTH="138" CONTENT="entweder" WC="0.96" />
          </TextLine>
        </TextBlock>
        <TextBlock ID="TextBlock_69" HPOS="2109" VPOS="1197" HEIGHT="141" WIDTH="1015">
          <TextLine ID="TextLine_113" HPOS="2364" VPOS="1197" HEIGHT="42" WIDTH="521">
            <String ID="Textword_371" HPOS="2364" VPOS="1197" HEIGHT="42" WIDTH="521" CONTENT="Inhaber-Obligationen" WC="0.91" />
          </TextLine>
          <TextLine ID="TextLine_114" HPOS="2109" VPOS="1248" HEIGHT="37" WIDTH="1015">
            <String ID="Textword_372" HPOS="2109" VPOS="1249" HEIGHT="30" WIDTH="35" CONTENT="zu" WC="0.96" />
            <String ID="Textword_373" HPOS="2162" VPOS="1253" HEIGHT="26" WIDTH="45" CONTENT="Fr." WC="0.95" />
            <String ID="Textword_374" HPOS="2223" VPOS="1251" HEIGHT="27" WIDTH="68" CONTENT="1000" WC="0.96" />
            <String ID="Textword_375" HPOS="2309" VPOS="1252" HEIGHT="26" WIDTH="57" CONTENT="und" WC="0.96" />
            <String ID="Textword_376" HPOS="2384" VPOS="1252" HEIGHT="26" WIDTH="44" CONTENT="Fr." WC="0.96" />
            <String ID="Textword_377" HPOS="2442" VPOS="1251" HEIGHT="34" WIDTH="78" CONTENT="5000," WC="0.96" />
            <String ID="Textword_378" HPOS="2540" VPOS="1251" HEIGHT="26" WIDTH="49" CONTENT="mit" WC="0.92" />
            <String ID="Textword_379" HPOS="2607" VPOS="1250" HEIGHT="34" WIDTH="219" CONTENT="halbjährlichen" WC="0.92" />
            <String ID="Textword_380" HPOS="2845" VPOS="1249" HEIGHT="33" WIDTH="195" CONTENT="Zinscoupons," WC="0.90" />
            <String ID="Textword_381" HPOS="3058" VPOS="1248" HEIGHT="26" WIDTH="66" CONTENT="oder" WC="0.96" />
          </TextLine>
          <TextLine ID="TextLine_115" HPOS="2376" VPOS="1295" HEIGHT="43" WIDTH="490">
            <String ID="Textword_382" HPOS="2376" VPOS="1295" HEIGHT="43" WIDTH="490" CONTENT="Namen-Obligationen" WC="0.92" />
          </TextLine>
        </TextBlock>
        <TextBlock ID="TextBlock_70" HPOS="2084" VPOS="1345" HEIGHT="73" WIDTH="1069">
          <TextLine ID="TextLine_116" HPOS="2084" VPOS="1345" HEIGHT="40" WIDTH="1069">
            <String ID="Textword_383" HPOS="2084" VPOS="1351" HEIGHT="26" WIDTH="29" CONTENT="in" WC="0.93" />
            <String ID="Textword_384" HPOS="2131" VPOS="1349" HEIGHT="36" WIDTH="163" CONTENT="beliebigen," WC="0.91" />
            <String ID="Textword_385" HPOS="2323" VPOS="1349" HEIGHT="27" WIDTH="88" CONTENT="durch" WC="0.96" />
            <String ID="Textword_386" HPOS="2440" VPOS="1348" HEIGHT="26" WIDTH="49" CONTENT="100" WC="0.93" />
            <String ID="Textword_387" HPOS="2517" VPOS="1348" HEIGHT="27" WIDTH="136" CONTENT="teilbaren" WC="0.92" />
            <String ID="Textword_388" HPOS="2671" VPOS="1348" HEIGHT="33" WIDTH="139" CONTENT="Beträgen" WC="0.92" />
            <String ID="Textword_389" HPOS="2828" VPOS="1355" HEIGHT="19" WIDTH="54" CONTENT="von" WC="0.96" />
            <String ID="Textword_390" HPOS="2900" VPOS="1346" HEIGHT="27" WIDTH="45" CONTENT="Fr." WC="0.96" />
            <String ID="Textword_391" HPOS="2959" VPOS="1346" HEIGHT="26" WIDTH="51" CONTENT="500" WC="0.95" />
            <String ID="Textword_392" HPOS="3030" VPOS="1353" HEIGHT="25" WIDTH="44" CONTENT="an," WC="0.95" />
            <String ID="Textword_393" HPOS="3102" VPOS="1345" HEIGHT="26" WIDTH="51" CONTENT="mit" WC="0.95" />
          </TextLine>
          <TextLine ID="TextLine_117" HPOS="2135" VPOS="1384" HEIGHT="34" WIDTH="660">
            <String ID="Textword_394" HPOS="2135" VPOS="1410" HEIGHT="2" WIDTH="2" CONTENT="i" WC="0.44" />
            <String ID="Textword_395" HPOS="2438" VPOS="1384" HEIGHT="34" WIDTH="201" CONTENT="ganzjährigen" WC="0.92" />
            <String ID="Textword_396" HPOS="2659" VPOS="1384" HEIGHT="33" WIDTH="136" CONTENT="Coupons." WC="0.96" />
          </TextLine>
        </TextBlock>
        <TextBlock ID="TextBlock_71" HPOS="2699" VPOS="1437" HEIGHT="33" WIDTH="345">
          <TextLine ID="TextLine_118" HPOS="2699" VPOS="1437" HEIGHT="33" WIDTH="345">
            <String ID="Textword_397" HPOS="2699" VPOS="1438" HEIGHT="32" WIDTH="84" CONTENT="Die" WC="0.93" />
            <String ID="Textword_398" HPOS="2806" VPOS="1437" HEIGHT="32" WIDTH="238" CONTENT="Direktion." WC="0.89" />
          </TextLine>
        </TextBlock>
        <TextBlock ID="TextBlock_72" HPOS="2048" VPOS="459" HEIGHT="1054" WIDTH="27">
          <TextLine ID="TextLine_119" HPOS="2048" VPOS="459" HEIGHT="1054" WIDTH="27">
            <SP ID="Textword_21" HPOS="2048" VPOS="459" />
            <String ID="Textword_399" HPOS="2048" VPOS="459" HEIGHT="1054" WIDTH="27" CONTENT=" " WC="0.95" />
          </TextLine>
        </TextBlock>
        <TextBlock ID="TextBlock_73" HPOS="2058" VPOS="1513" HEIGHT="23" WIDTH="1122">
          <TextLine ID="TextLine_120" HPOS="2058" VPOS="1513" HEIGHT="23" WIDTH="1122">
            <SP ID="Textword_22" HPOS="2058" VPOS="1513" />
            <String ID="Textword_400" HPOS="2058" VPOS="1513" HEIGHT="23" WIDTH="1122" CONTENT=" " WC="0.95" />
          </TextLine>
        </TextBlock>
        <TextBlock ID="TextBlock_74" HPOS="2053" VPOS="1560" HEIGHT="25" WIDTH="1147">
          <TextLine ID="TextLine_121" HPOS="2053" VPOS="1560" HEIGHT="25" WIDTH="1147">
            <SP ID="Textword_23" HPOS="2053" VPOS="1560" />
            <String ID="Textword_401" HPOS="2053" VPOS="1560" HEIGHT="25" WIDTH="1147" CONTENT=" " WC="0.95" />
          </TextLine>
        </TextBlock>
        <TextBlock ID="TextBlock_75" HPOS="2115" VPOS="1670" HEIGHT="19" WIDTH="1020">
          <TextLine ID="TextLine_122" HPOS="2115" VPOS="1670" HEIGHT="19" WIDTH="1020">
            <SP ID="Textword_24" HPOS="2115" VPOS="1670" />
            <String ID="Textword_402" HPOS="2115" VPOS="1670" HEIGHT="19" WIDTH="1020" CONTENT=" " WC="0.95" />
          </TextLine>
        </TextBlock>
        <TextBlock ID="TextBlock_76" HPOS="2053" VPOS="1610" HEIGHT="148" WIDTH="1148">
          <TextLine ID="TextLine_123" HPOS="2053" VPOS="1610" HEIGHT="148" WIDTH="1148">
            <String ID="Textword_403" HPOS="2053" VPOS="1610" HEIGHT="148" WIDTH="1148" CONTENT="da" WC="0.42" />
          </TextLine>
        </TextBlock>
        <TextBlock ID="TextBlock_77" HPOS="2161" VPOS="1735" HEIGHT="127" WIDTH="1040">
          <TextLine ID="TextLine_124" HPOS="2161" VPOS="1735" HEIGHT="127" WIDTH="1040">
            <String ID="Textword_404" HPOS="2161" VPOS="1767" HEIGHT="122" WIDTH="66" CONTENT="Das" WC="0.75" />
            <String ID="Textword_405" HPOS="2244" VPOS="1739" HEIGHT="123" WIDTH="359" CONTENT="Polygraphische" WC="0.60" />
            <String ID="Textword_406" HPOS="2623" VPOS="1739" HEIGHT="101" WIDTH="157" CONTENT="Insfiul" WC="0.24" />
            <String ID="Textword_407" HPOS="2798" VPOS="1737" HEIGHT="101" WIDTH="114" CONTENT="4-6." WC="0.20" />
            <String ID="Textword_408" HPOS="2954" VPOS="1735" HEIGHT="128" WIDTH="152" CONTENT="Zürich" WC="0.84" />
            <String ID="Textword_409" HPOS="3130" VPOS="1743" HEIGHT="116" WIDTH="71" CONTENT="|®" WC="0.49" />
          </TextLine>
        </TextBlock>
        <TextBlock ID="TextBlock_78" HPOS="2309" VPOS="1881" HEIGHT="42" WIDTH="639">
          <TextLine ID="TextLine_125" HPOS="2309" VPOS="1881" HEIGHT="42" WIDTH="639">
            <String ID="Textword_410" HPOS="2309" VPOS="1883" HEIGHT="40" WIDTH="166" CONTENT="empfiehlt" WC="0.96" />
            <String ID="Textword_411" HPOS="2490" VPOS="1882" HEIGHT="33" WIDTH="70" CONTENT="sich" WC="0.96" />
            <String ID="Textword_412" HPOS="2576" VPOS="1882" HEIGHT="32" WIDTH="54" CONTENT="für" WC="0.96" />
            <String ID="Textword_413" HPOS="2642" VPOS="1871" HEIGHT="50" WIDTH="223" CONTENT="Anfertigung" WC="0.96" />
            <String ID="Textword_414" HPOS="2881" VPOS="1889" HEIGHT="23" WIDTH="67" CONTENT="von" WC="0.96" />
          </TextLine>
        </TextBlock>
        <TextBlock ID="TextBlock_79" HPOS="2307" VPOS="1934" HEIGHT="80" WIDTH="639">
          <TextLine ID="TextLine_126" HPOS="2307" VPOS="1934" HEIGHT="41" WIDTH="639">
            <String ID="Textword_415" HPOS="2307" VPOS="1935" HEIGHT="34" WIDTH="437" CONTENT="Reklame-Druckarbeiten" WC="0.91" />
            <String ID="Textword_416" HPOS="2760" VPOS="1935" HEIGHT="40" WIDTH="97" CONTENT="jeder" WC="0.96" />
            <String ID="Textword_417" HPOS="2873" VPOS="1934" HEIGHT="36" WIDTH="73" CONTENT="Art," WC="0.96" />
          </TextLine>
          <TextLine ID="TextLine_127" HPOS="2599" VPOS="1995" HEIGHT="19" WIDTH="67">
            <String ID="Textword_418" HPOS="2599" VPOS="1988" HEIGHT="26" WIDTH="67" CONTENT="wie:" WC="0.90" />
          </TextLine>
        </TextBlock>
        <TextBlock ID="TextBlock_80" HPOS="2149" VPOS="2000" HEIGHT="182" WIDTH="965">
          <TextLine ID="TextLine_128" HPOS="2149" VPOS="2000" HEIGHT="101" WIDTH="965">
            <String ID="Textword_419" HPOS="2149" VPOS="2000" HEIGHT="101" WIDTH="118" CONTENT="Pak" WC="0.40" />
            <String ID="Textword_420" HPOS="2287" VPOS="2032" HEIGHT="68" WIDTH="90" CONTENT="Pläne," WC="0.96" />
            <String ID="Textword_421" HPOS="2400" VPOS="2032" HEIGHT="68" WIDTH="181" CONTENT="Landkarten," WC="0.86" />
            <String ID="Textword_422" HPOS="2599" VPOS="2031" HEIGHT="68" WIDTH="154" CONTENT="Tableaux," WC="0.54" />
            <String ID="Textword_423" HPOS="2761" VPOS="2031" HEIGHT="70" WIDTH="194" CONTENT="Wertpapiere," WC="0.74" />
            <String ID="Textword_424" HPOS="2974" VPOS="2024" HEIGHT="72" WIDTH="140" CONTENT="Kaudwie," WC="0.12" />
          </TextLine>
          <TextLine ID="TextLine_129" HPOS="2150" VPOS="2105" HEIGHT="77" WIDTH="964">
            <String ID="Textword_425" HPOS="2150" VPOS="2112" HEIGHT="70" WIDTH="157" CONTENT="Prospekte," WC="0.91" />
            <String ID="Textword_426" HPOS="2340" VPOS="2111" HEIGHT="69" WIDTH="118" CONTENT="Albums," WC="0.26" />
            <String ID="Textword_427" HPOS="2489" VPOS="2111" HEIGHT="60" WIDTH="161" CONTENT="Geschäls-" WC="0.69" />
            <String ID="Textword_428" HPOS="2680" VPOS="2111" HEIGHT="59" WIDTH="56" CONTENT="und" WC="0.91" />
            <String ID="Textword_429" HPOS="2780" VPOS="2108" HEIGHT="61" WIDTH="144" CONTENT="Ansichts-" WC="0.57" />
            <String ID="Textword_430" HPOS="2936" VPOS="2108" HEIGHT="59" WIDTH="99" CONTENT="Karten" WC="0.90" />
            <String ID="Textword_431" HPOS="3065" VPOS="2105" HEIGHT="60" WIDTH="49" CONTENT="ele." WC="0.86" />
          </TextLine>
        </TextBlock>
        <TextBlock ID="TextBlock_81" HPOS="2199" VPOS="2210" HEIGHT="110" WIDTH="164">
          <TextLine ID="TextLine_130" HPOS="2199" VPOS="2210" HEIGHT="110" WIDTH="164">
            <String ID="Textword_432" HPOS="2199" VPOS="2210" HEIGHT="110" WIDTH="164" CONTENT="élite," WC="0.00" />
          </TextLine>
        </TextBlock>
        <TextBlock ID="TextBlock_82" HPOS="2182" VPOS="2377" HEIGHT="62" WIDTH="198">
          <TextLine ID="TextLine_131" HPOS="2182" VPOS="2377" HEIGHT="27" WIDTH="198">
            <String ID="Textword_433" HPOS="2182" VPOS="2377" HEIGHT="26" WIDTH="69" CONTENT="Hors" WC="0.93" />
            <String ID="Textword_434" HPOS="2266" VPOS="2384" HEIGHT="20" WIDTH="114" CONTENT="concurs" WC="0.72" />
          </TextLine>
          <TextLine ID="TextLine_132" HPOS="2190" VPOS="2411" HEIGHT="28" WIDTH="168">
            <String ID="Textword_435" HPOS="2190" VPOS="2411" HEIGHT="28" WIDTH="168" CONTENT="Paris-1900" WC="0.83" />
          </TextLine>
        </TextBlock>
        <TextBlock ID="TextBlock_83" HPOS="2195" VPOS="2489" HEIGHT="108" WIDTH="170">
          <TextLine ID="TextLine_133" HPOS="2195" VPOS="2489" HEIGHT="108" WIDTH="170">
            <String ID="Textword_436" HPOS="2195" VPOS="2489" HEIGHT="108" WIDTH="170" CONTENT="ii" WC="0.43" />
          </TextLine>
        </TextBlock>
        <TextBlock ID="TextBlock_84" HPOS="2201" VPOS="2632" HEIGHT="162" WIDTH="866">
          <TextLine ID="TextLine_134" HPOS="2201" VPOS="2632" HEIGHT="162" WIDTH="866">
            <String ID="Textword_437" HPOS="2201" VPOS="2620" HEIGHT="174" WIDTH="472" CONTENT="Palygraphisehes" WC="0.36" />
            <String ID="Textword_438" HPOS="2706" VPOS="2634" HEIGHT="132" WIDTH="200" CONTENT="Institut" WC="0.30" />
            <String ID="Textword_439" HPOS="2937" VPOS="2632" HEIGHT="132" WIDTH="130" CONTENT="1." WC="0.51" />
          </TextLine>
        </TextBlock>
        <TextBlock ID="TextBlock_85" HPOS="2199" VPOS="2790" HEIGHT="227" WIDTH="959">
          <TextLine ID="TextLine_135" HPOS="2203" VPOS="2790" HEIGHT="85" WIDTH="876">
            <String ID="Textword_440" HPOS="2203" VPOS="2808" HEIGHT="60" WIDTH="232" CONTENT="Clausiussirasse" WC="0.23" />
            <String ID="Textword_441" HPOS="2460" VPOS="2811" HEIGHT="56" WIDTH="30" CONTENT="21" WC="0.90" />
            <String ID="Textword_442" HPOS="2515" VPOS="2832" HEIGHT="8" WIDTH="13" CONTENT="-" WC="0.87" />
            <String ID="Textword_443" HPOS="2548" VPOS="2791" HEIGHT="75" WIDTH="128" CONTENT="ZURICH" WC="0.82" />
            <String ID="Textword_444" HPOS="2690" VPOS="2790" HEIGHT="73" WIDTH="36" CONTENT="IV" WC="0.55" />
            <String ID="Textword_445" HPOS="2741" VPOS="2829" HEIGHT="10" WIDTH="14" CONTENT="-" WC="0.91" />
            <String ID="Textword_446" HPOS="2777" VPOS="2808" HEIGHT="59" WIDTH="73" CONTENT="beim" WC="0.78" />
            <String ID="Textword_447" HPOS="2859" VPOS="2803" HEIGHT="72" WIDTH="220" CONTENT="Polytechnikum" WC="0.85" />
          </TextLine>
          <TextLine ID="TextLine_136" HPOS="2199" VPOS="2928" HEIGHT="89" WIDTH="959">
            <String ID="Textword_448" HPOS="2199" VPOS="2928" HEIGHT="70" WIDTH="154" CONTENT="ei" WC="0.68" />
            <String ID="Textword_449" HPOS="2359" VPOS="2944" HEIGHT="54" WIDTH="479" CONTENT="wear" WC="0.00" />
            <String ID="Textword_450" HPOS="2844" VPOS="2940" HEIGHT="77" WIDTH="314" CONTENT="0000" WC="0.40" />
          </TextLine>
        </TextBlock>
        <TextBlock ID="TextBlock_86" HPOS="2879" VPOS="2358" HEIGHT="12" WIDTH="212">
          <TextLine ID="TextLine_137" HPOS="2879" VPOS="2358" HEIGHT="12" WIDTH="212">
            <SP ID="Textword_25" HPOS="2879" VPOS="2358" />
            <String ID="Textword_451" HPOS="2879" VPOS="2358" HEIGHT="12" WIDTH="212" CONTENT=" " WC="0.95" />
          </TextLine>
        </TextBlock>
        <TextBlock ID="TextBlock_87" HPOS="2876" VPOS="2381" HEIGHT="62" WIDTH="215">
          <TextLine ID="TextLine_138" HPOS="2876" VPOS="2381" HEIGHT="27" WIDTH="215">
            <String ID="Textword_452" HPOS="2876" VPOS="2381" HEIGHT="27" WIDTH="67" CONTENT="Hors" WC="0.87" />
            <String ID="Textword_453" HPOS="2972" VPOS="2382" HEIGHT="23" WIDTH="119" CONTENT="concurs" WC="0.87" />
          </TextLine>
          <TextLine ID="TextLine_139" HPOS="2876" VPOS="2411" HEIGHT="32" WIDTH="214">
            <String ID="Textword_454" HPOS="2876" VPOS="2414" HEIGHT="29" WIDTH="116" CONTENT="Mailand" WC="0.95" />
            <String ID="Textword_455" HPOS="3024" VPOS="2411" HEIGHT="27" WIDTH="66" CONTENT="1906" WC="0.95" />
          </TextLine>
        </TextBlock>
        <TextBlock ID="TextBlock_88" HPOS="2421" VPOS="2193" HEIGHT="428" WIDTH="433">
          <TextLine ID="TextLine_140" HPOS="2421" VPOS="2193" HEIGHT="428" WIDTH="433">
            <SP ID="Textword_26" HPOS="2421" VPOS="2193" />
            <String ID="Textword_456" HPOS="2421" VPOS="2193" HEIGHT="428" WIDTH="433" CONTENT=" " WC="0.95" />
          </TextLine>
        </TextBlock>
        <TextBlock ID="TextBlock_89" HPOS="2118" VPOS="1681" HEIGHT="1257" WIDTH="20">
          <TextLine ID="TextLine_141" HPOS="2118" VPOS="1681" HEIGHT="1257" WIDTH="20">
            <SP ID="Textword_27" HPOS="2118" VPOS="1681" />
            <String ID="Textword_457" HPOS="2118" VPOS="1681" HEIGHT="1257" WIDTH="20" CONTENT=" " WC="0.95" />
          </TextLine>
        </TextBlock>
        <TextBlock ID="TextBlock_90" HPOS="3130" VPOS="1671" HEIGHT="1260" WIDTH="22">
          <TextLine ID="TextLine_142" HPOS="3130" VPOS="1671" HEIGHT="1260" WIDTH="22">
            <SP ID="Textword_28" HPOS="3130" VPOS="1671" />
            <String ID="Textword_458" HPOS="3130" VPOS="1671" HEIGHT="1260" WIDTH="22" CONTENT=" " WC="0.95" />
          </TextLine>
        </TextBlock>
        <TextBlock ID="TextBlock_91" HPOS="2130" VPOS="2920" HEIGHT="20" WIDTH="1020">
          <TextLine ID="TextLine_143" HPOS="2130" VPOS="2920" HEIGHT="20" WIDTH="1020">
            <SP ID="Textword_29" HPOS="2130" VPOS="2920" />
            <String ID="Textword_459" HPOS="2130" VPOS="2920" HEIGHT="20" WIDTH="1020" CONTENT=" " WC="0.95" />
          </TextLine>
        </TextBlock>
        <TextBlock ID="TextBlock_92" HPOS="2068" VPOS="3025" HEIGHT="23" WIDTH="1142">
          <TextLine ID="TextLine_144" HPOS="2068" VPOS="3025" HEIGHT="23" WIDTH="1142">
            <SP ID="Textword_30" HPOS="2068" VPOS="3025" />
            <String ID="Textword_460" HPOS="2068" VPOS="3025" HEIGHT="23" WIDTH="1142" CONTENT=" " WC="0.95" />
          </TextLine>
        </TextBlock>
        <TextBlock ID="TextBlock_93" HPOS="2070" VPOS="3077" HEIGHT="57" WIDTH="1063">
          <TextLine ID="TextLine_145" HPOS="2070" VPOS="3077" HEIGHT="57" WIDTH="1063">
            <SP ID="Textword_31" HPOS="2070" VPOS="3077" />
            <String ID="Textword_461" HPOS="2070" VPOS="3077" HEIGHT="57" WIDTH="1063" CONTENT=" " WC="0.95" />
          </TextLine>
        </TextBlock>
        <TextBlock ID="TextBlock_94" HPOS="2210" VPOS="3097" HEIGHT="212" WIDTH="850">
          <TextLine ID="TextLine_146" HPOS="2210" VPOS="3097" HEIGHT="212" WIDTH="850">
            <String ID="Textword_462" HPOS="2210" VPOS="3097" HEIGHT="189" WIDTH="483" CONTENT="Maschinenfabrik" WC="0.76" />
            <String ID="Textword_463" HPOS="2766" VPOS="3115" HEIGHT="194" WIDTH="294" CONTENT="Laniquar" WC="0.57" />
          </TextLine>
        </TextBlock>
        <TextBlock ID="TextBlock_95" HPOS="2213" VPOS="3310" HEIGHT="180" WIDTH="851">
          <TextLine ID="TextLine_147" HPOS="2213" VPOS="3310" HEIGHT="36" WIDTH="851">
            <String ID="Textword_464" HPOS="2213" VPOS="3332" HEIGHT="7" WIDTH="159" CONTENT="——" WC="0.19" />
            <String ID="Textword_465" HPOS="2382" VPOS="3313" HEIGHT="33" WIDTH="127" CONTENT="Gebr." WC="0.40" />
            <String ID="Textword_466" HPOS="2537" VPOS="3311" HEIGHT="33" WIDTH="182" CONTENT="Wälchli" WC="0.79" />
            <String ID="Textword_467" HPOS="2744" VPOS="3310" HEIGHT="33" WIDTH="39" CONTENT="&amp;" WC="0.92" />
            <String ID="Textword_468" HPOS="2808" VPOS="3311" HEIGHT="32" WIDTH="85" CONTENT="Cie." WC="0.92" />
            <String ID="Textword_469" HPOS="2904" VPOS="3326" HEIGHT="8" WIDTH="160" CONTENT="——" WC="0.66" />
          </TextLine>
          <TextLine ID="TextLine_148" HPOS="2215" VPOS="3363" HEIGHT="127" WIDTH="847">
            <String ID="Textword_470" HPOS="2215" VPOS="3368" HEIGHT="122" WIDTH="162" CONTENT="Sages" WC="0.26" />
            <String ID="Textword_471" HPOS="2397" VPOS="3383" HEIGHT="39" WIDTH="38" CONTENT="U." WC="0.74" />
            <String ID="Textword_472" HPOS="2447" VPOS="3363" HEIGHT="114" WIDTH="615" CONTENT="Holzbearbeitungsmaschinen" WC="0.01" />
          </TextLine>
        </TextBlock>
        <TextBlock ID="TextBlock_96" HPOS="3180" VPOS="0" HEIGHT="3505" WIDTH="141">
          <TextLine ID="TextLine_149" HPOS="3180" VPOS="0" HEIGHT="3505" WIDTH="141">
            <SP ID="Textword_32" HPOS="3180" VPOS="0" />
            <String ID="Textword_473" HPOS="3180" VPOS="0" HEIGHT="3505" WIDTH="141" CONTENT=" " WC="0.95" />
          </TextLine>
        </TextBlock>
        <TextBlock ID="TextBlock_97" HPOS="2694" VPOS="3513" HEIGHT="159" WIDTH="477">
          <TextLine ID="TextLine_150" HPOS="2694" VPOS="3513" HEIGHT="35" WIDTH="477">
            <String ID="Textword_474" HPOS="2694" VPOS="3514" HEIGHT="34" WIDTH="179" CONTENT="Modernste" WC="0.92" />
            <String ID="Textword_475" HPOS="2913" VPOS="3513" HEIGHT="34" WIDTH="258" CONTENT="Konstruktionen" WC="0.92" />
          </TextLine>
          <TextLine ID="TextLine_151" HPOS="2740" VPOS="3575" HEIGHT="34" WIDTH="280">
            <String ID="Textword_476" HPOS="2740" VPOS="3575" HEIGHT="34" WIDTH="280" CONTENT="Hobelmaschinen" WC="0.92" />
          </TextLine>
          <TextLine ID="TextLine_152" HPOS="2740" VPOS="3637" HEIGHT="35" WIDTH="310">
            <String ID="Textword_477" HPOS="2740" VPOS="3637" HEIGHT="35" WIDTH="310" CONTENT="Abrichtmaschinen" WC="0.92" />
          </TextLine>
        </TextBlock>
        <TextBlock ID="TextBlock_98" HPOS="2741" VPOS="3700" HEIGHT="88" WIDTH="416">
          <TextLine ID="TextLine_153" HPOS="2741" VPOS="3700" HEIGHT="42" WIDTH="272">
            <String ID="Textword_478" HPOS="2741" VPOS="3700" HEIGHT="42" WIDTH="188" CONTENT="Bandsägen" WC="0.92" />
            <String ID="Textword_479" HPOS="2954" VPOS="3703" HEIGHT="30" WIDTH="59" CONTENT="etc." WC="0.96" />
          </TextLine>
          <TextLine ID="TextLine_154" HPOS="2798" VPOS="3753" HEIGHT="35" WIDTH="359">
            <String ID="Textword_480" HPOS="2798" VPOS="3754" HEIGHT="26" WIDTH="50" CONTENT="ınit" WC="0.88" />
            <String ID="Textword_481" HPOS="2867" VPOS="3753" HEIGHT="35" WIDTH="290" CONTENT="Ringschmierlagern" WC="0.91" />
          </TextLine>
        </TextBlock>
        <TextBlock ID="TextBlock_99" HPOS="2736" VPOS="3913" HEIGHT="231" WIDTH="403">
          <TextLine ID="TextLine_155" HPOS="2736" VPOS="3913" HEIGHT="54" WIDTH="400">
            <String ID="Textword_482" HPOS="2736" VPOS="3915" HEIGHT="52" WIDTH="184" CONTENT="Errichtung" WC="0.91" />
            <String ID="Textword_483" HPOS="2963" VPOS="3913" HEIGHT="53" WIDTH="173" CONTENT="Kompleter" WC="0.91" />
          </TextLine>
          <TextLine ID="TextLine_156" HPOS="2740" VPOS="3983" HEIGHT="65" WIDTH="399">
            <String ID="Textword_484" HPOS="2740" VPOS="3986" HEIGHT="62" WIDTH="275" CONTENT="Schreinerei-" WC="0.89" />
            <String ID="Textword_485" HPOS="3060" VPOS="3983" HEIGHT="56" WIDTH="79" CONTENT="und" WC="0.96" />
          </TextLine>
          <TextLine ID="TextLine_157" HPOS="2741" VPOS="4072" HEIGHT="72" WIDTH="398">
            <String ID="Textword_486" HPOS="2741" VPOS="4074" HEIGHT="70" WIDTH="162" CONTENT="Sägerei" WC="0.92" />
            <String ID="Textword_487" HPOS="2924" VPOS="4102" HEIGHT="13" WIDTH="20" CONTENT="-" WC="0.92" />
            <String ID="Textword_488" HPOS="2964" VPOS="4072" HEIGHT="70" WIDTH="175" CONTENT="Anlagen" WC="0.93" />
          </TextLine>
        </TextBlock>
        <TextBlock ID="TextBlock_100" HPOS="2495" VPOS="4180" HEIGHT="116" WIDTH="679">
          <TextLine ID="TextLine_158" HPOS="2514" VPOS="4180" HEIGHT="45" WIDTH="559">
            <String ID="Textword_489" HPOS="2514" VPOS="4222" HEIGHT="3" WIDTH="11" CONTENT="i" WC="0.29" />
            <String ID="Textword_490" HPOS="2831" VPOS="4180" HEIGHT="42" WIDTH="242" CONTENT="Vollgatter" WC="0.90" />
          </TextLine>
          <TextLine ID="TextLine_159" HPOS="2495" VPOS="4213" HEIGHT="83" WIDTH="679">
            <String ID="Textword_491" HPOS="2495" VPOS="4213" HEIGHT="83" WIDTH="185" CONTENT="a," WC="0.35" />
            <String ID="Textword_492" HPOS="2697" VPOS="4234" HEIGHT="33" WIDTH="91" CONTENT="und" WC="0.93" />
            <String ID="Textword_493" HPOS="2804" VPOS="4233" HEIGHT="33" WIDTH="201" CONTENT="einfache" WC="0.90" />
            <String ID="Textword_494" HPOS="3019" VPOS="4233" HEIGHT="32" WIDTH="155" CONTENT="Gatter" WC="0.88" />
          </TextLine>
        </TextBlock>
        <TextBlock ID="TextBlock_101" HPOS="2182" VPOS="3440" HEIGHT="879" WIDTH="405">
          <TextLine ID="TextLine_160" HPOS="2182" VPOS="3440" HEIGHT="879" WIDTH="405">
            <SP ID="Textword_33" HPOS="2182" VPOS="3440" />
            <String ID="Textword_495" HPOS="2182" VPOS="3440" HEIGHT="879" WIDTH="405" CONTENT="   " WC="0.95" />
          </TextLine>
        </TextBlock>
        <TextBlock ID="TextBlock_102" HPOS="2225" VPOS="4321" HEIGHT="63" WIDTH="283">
          <TextLine ID="TextLine_161" HPOS="2225" VPOS="4321" HEIGHT="63" WIDTH="283">
            <String ID="Textword_496" HPOS="2225" VPOS="4342" HEIGHT="42" WIDTH="151" CONTENT="Kataloge" WC="0.91" />
            <String ID="Textword_497" HPOS="2401" VPOS="4321" HEIGHT="63" WIDTH="107" CONTENT="gratis." WC="0.96" />
          </TextLine>
        </TextBlock>
        <TextBlock ID="TextBlock_103" HPOS="2556" VPOS="4338" HEIGHT="45" WIDTH="515">
          <TextLine ID="TextLine_162" HPOS="2556" VPOS="4338" HEIGHT="45" WIDTH="515">
            <String ID="Textword_498" HPOS="2556" VPOS="4338" HEIGHT="45" WIDTH="291" CONTENT="Ingenieurbesuch." WC="0.58" />
            <String ID="Textword_499" HPOS="2856" VPOS="4340" HEIGHT="40" WIDTH="34" CONTENT="£." WC="0.35" />
            <String ID="Textword_500" HPOS="2902" VPOS="4338" HEIGHT="43" WIDTH="169" CONTENT="Telephon." WC="0.91" />
          </TextLine>
        </TextBlock>
        <TextBlock ID="TextBlock_104" HPOS="2083" VPOS="4482" HEIGHT="25" WIDTH="1140">
          <TextLine ID="TextLine_163" HPOS="2083" VPOS="4482" HEIGHT="25" WIDTH="1140">
            <SP ID="Textword_34" HPOS="2083" VPOS="4482" />
            <String ID="Textword_501" HPOS="2083" VPOS="4482" HEIGHT="25" WIDTH="1140" CONTENT=" " WC="0.95" />
          </TextLine>
        </TextBlock>
        <TextBlock ID="TextBlock_105" HPOS="2085" VPOS="4516" HEIGHT="103" WIDTH="1033">
          <TextLine ID="TextLine_164" HPOS="2085" VPOS="4516" HEIGHT="103" WIDTH="1033">
            <String ID="Textword_502" HPOS="2085" VPOS="4541" HEIGHT="78" WIDTH="43" CONTENT="i" WC="0.60" />
            <String ID="Textword_503" HPOS="2152" VPOS="4516" HEIGHT="93" WIDTH="378" CONTENT="Bllochelegante" WC="0.74" />
            <String ID="Textword_504" HPOS="2567" VPOS="4537" HEIGHT="70" WIDTH="551" CONTENT="Herrschaftsequipagen" WC="0.83" />
          </TextLine>
        </TextBlock>
        <TextBlock ID="TextBlock_106" HPOS="2030" VPOS="387" HEIGHT="4261" WIDTH="63">
          <TextLine ID="TextLine_165" HPOS="2030" VPOS="387" HEIGHT="4261" WIDTH="63">
            <SP ID="Textword_35" HPOS="2030" VPOS="387" />
            <String ID="Textword_505" HPOS="2030" VPOS="387" HEIGHT="4261" WIDTH="63" CONTENT=" " WC="0.95" />
          </TextLine>
        </TextBlock>
        <TextBlock ID="TextBlock_107" HPOS="1511" VPOS="3916" HEIGHT="762" WIDTH="529">
          <TextLine ID="TextLine_166" HPOS="1511" VPOS="3916" HEIGHT="762" WIDTH="529">
            <SP ID="Textword_36" HPOS="1511" VPOS="3916" />
            <String ID="Textword_506" HPOS="1511" VPOS="3916" HEIGHT="762" WIDTH="529" CONTENT=" " WC="0.95" />
          </TextLine>
        </TextBlock>
        <TextBlock ID="TextBlock_108" HPOS="322" VPOS="4662" HEIGHT="45" WIDTH="361">
          <TextLine ID="TextLine_167" HPOS="322" VPOS="4662" HEIGHT="45" WIDTH="361">
            <String ID="Textword_507" HPOS="322" VPOS="4663" HEIGHT="44" WIDTH="123" CONTENT="pedition" WC="0.89" />
            <String ID="Textword_508" HPOS="465" VPOS="4663" HEIGHT="25" WIDTH="85" CONTENT="dieses." WC="0.90" />
            <String ID="Textword_509" HPOS="569" VPOS="4662" HEIGHT="26" WIDTH="114" CONTENT="Blattes," WC="0.89" />
          </TextLine>
        </TextBlock>
        <TextBlock ID="TextBlock_109" HPOS="1459" VPOS="2228" HEIGHT="2459" WIDTH="38">
          <TextLine ID="TextLine_168" HPOS="1459" VPOS="2228" HEIGHT="2459" WIDTH="38">
            <SP ID="Textword_37" HPOS="1459" VPOS="2228" />
            <String ID="Textword_510" HPOS="1459" VPOS="2228" HEIGHT="2459" WIDTH="38" CONTENT=" " WC="0.95" />
          </TextLine>
        </TextBlock>
        <TextBlock ID="TextBlock_110" HPOS="322" VPOS="4622" HEIGHT="41" WIDTH="1138">
          <TextLine ID="TextLine_169" HPOS="322" VPOS="4622" HEIGHT="41" WIDTH="1138">
            <String ID="Textword_511" HPOS="322" VPOS="4636" HEIGHT="27" WIDTH="71" CONTENT="ganz" WC="0.95" />
            <String ID="Textword_512" HPOS="412" VPOS="4626" HEIGHT="28" WIDTH="146" CONTENT="besonders" WC="0.96" />
            <String ID="Textword_513" HPOS="577" VPOS="4626" HEIGHT="34" WIDTH="135" CONTENT="geeignet." WC="0.93" />
            <String ID="Textword_514" HPOS="738" VPOS="4625" HEIGHT="27" WIDTH="68" CONTENT="Gefl." WC="0.91" />
            <String ID="Textword_515" HPOS="819" VPOS="4624" HEIGHT="34" WIDTH="143" CONTENT="Anfragen" WC="0.96" />
            <String ID="Textword_516" HPOS="981" VPOS="4621" HEIGHT="30" WIDTH="79" CONTENT="unter" WC="0.96" />
            <String ID="Textword_517" HPOS="1079" VPOS="4622" HEIGHT="28" WIDTH="103" CONTENT="Chiffre" WC="0.96" />
            <String ID="Textword_518" HPOS="1202" VPOS="4622" HEIGHT="26" WIDTH="68" CONTENT="2328" WC="0.94" />
            <String ID="Textword_519" HPOS="1291" VPOS="4630" HEIGHT="18" WIDTH="34" CONTENT="an" WC="0.96" />
            <String ID="Textword_520" HPOS="1345" VPOS="4622" HEIGHT="26" WIDTH="42" CONTENT="die" WC="0.93" />
            <String ID="Textword_521" HPOS="1406" VPOS="4622" HEIGHT="25" WIDTH="54" CONTENT="Ex-" WC="0.93" />
          </TextLine>
        </TextBlock>
        <TextBlock ID="TextBlock_111" HPOS="2041" VPOS="4615" HEIGHT="105" WIDTH="1183">
          <TextLine ID="TextLine_170" HPOS="2087" VPOS="4615" HEIGHT="36" WIDTH="1137">
            <String ID="Textword_522" HPOS="2087" VPOS="4617" HEIGHT="29" WIDTH="82" CONTENT="sowie" WC="0.93" />
            <String ID="Textword_523" HPOS="2189" VPOS="4618" HEIGHT="33" WIDTH="242" CONTENT="Geschäftswagen" WC="0.90" />
            <String ID="Textword_524" HPOS="2451" VPOS="4616" HEIGHT="27" WIDTH="89" CONTENT="liefert" WC="0.96" />
            <String ID="Textword_525" HPOS="2559" VPOS="4616" HEIGHT="26" WIDTH="28" CONTENT="in" WC="0.96" />
            <String ID="Textword_526" HPOS="2607" VPOS="4616" HEIGHT="27" WIDTH="97" CONTENT="solider" WC="0.95" />
            <String ID="Textword_527" HPOS="2716" VPOS="4617" HEIGHT="26" WIDTH="57" CONTENT="und" WC="0.93" />
            <String ID="Textword_528" HPOS="2785" VPOS="4616" HEIGHT="34" WIDTH="248" CONTENT="geschmackvoller" WC="0.92" />
            <String ID="Textword_529" HPOS="3046" VPOS="4615" HEIGHT="34" WIDTH="178" CONTENT="Ausführung" WC="0.96" />
          </TextLine>
          <TextLine ID="TextLine_171" HPOS="2041" VPOS="4651" HEIGHT="69" WIDTH="1182">
            <String ID="Textword_530" HPOS="2041" VPOS="4655" HEIGHT="50" WIDTH="159" CONTENT="__bilrigst" WC="0.37" />
            <String ID="Textword_531" HPOS="2212" VPOS="4654" HEIGHT="27" WIDTH="53" CONTENT="K." WC="0.88" />
            <String ID="Textword_532" HPOS="2284" VPOS="4651" HEIGHT="33" WIDTH="268" CONTENT="Kässbôhrer," WC="0.52" />
            <String ID="Textword_533" HPOS="2573" VPOS="4652" HEIGHT="68" WIDTH="208" CONTENT="megane" WC="0.06" />
            <String ID="Textword_534" HPOS="2800" VPOS="4651" HEIGHT="28" WIDTH="102" CONTENT="Ulm." WC="0.89" />
            <String ID="Textword_535" HPOS="3116" VPOS="4651" HEIGHT="34" WIDTH="81" CONTENT="[2246" WC="0.26" />
            <String ID="Textword_536" HPOS="3207" VPOS="4651" HEIGHT="26" WIDTH="16" CONTENT="S" WC="0.26" />
          </TextLine>
        </TextBlock>
        <TextBlock ID="TextBlock_112" HPOS="1211" VPOS="4692" HEIGHT="61" WIDTH="1148">
          <TextLine ID="TextLine_172" HPOS="1211" VPOS="4692" HEIGHT="61" WIDTH="1148">
            <String ID="Textword_537" HPOS="1211" VPOS="4720" HEIGHT="27" WIDTH="92" CONTENT="Druck" WC="0.92" />
            <String ID="Textword_538" HPOS="1321" VPOS="4719" HEIGHT="27" WIDTH="56" CONTENT="und" WC="0.93" />
            <String ID="Textword_539" HPOS="1396" VPOS="4719" HEIGHT="33" WIDTH="165" CONTENT="Expedition" WC="0.90" />
            <String ID="Textword_540" HPOS="1581" VPOS="4723" HEIGHT="23" WIDTH="53" CONTENT="von" WC="0.96" />
            <String ID="Textword_541" HPOS="1627" VPOS="4692" HEIGHT="1" WIDTH="3" CONTENT=";" WC="0.31" />
            <String ID="Textword_542" HPOS="1654" VPOS="4692" HEIGHT="61" WIDTH="107" CONTENT="Müller," WC="0.94" />
            <String ID="Textword_543" HPOS="1780" VPOS="4698" HEIGHT="47" WIDTH="115" CONTENT="Werder" WC="0.96" />
            <String ID="Textword_544" HPOS="1904" VPOS="4698" HEIGHT="46" WIDTH="35" CONTENT="&amp;" WC="0.82" />
            <String ID="Textword_545" HPOS="1957" VPOS="4718" HEIGHT="33" WIDTH="66" CONTENT="Cie.;" WC="0.82" />
            <String ID="Textword_546" HPOS="2041" VPOS="4699" HEIGHT="52" WIDTH="111" CONTENT="Schipfe" WC="0.77" />
            <String ID="Textword_547" HPOS="2171" VPOS="4716" HEIGHT="34" WIDTH="44" CONTENT="33," WC="0.96" />
            <String ID="Textword_548" HPOS="2234" VPOS="4717" HEIGHT="26" WIDTH="108" CONTENT="Zürich." WC="0.59" />
            <String ID="Textword_549" HPOS="2356" VPOS="4735" HEIGHT="2" WIDTH="3" CONTENT="." WC="0.59" />
          </TextLine>
        </TextBlock>
        <TextBlock ID="TextBlock_113" HPOS="3268" VPOS="3465" HEIGHT="629" WIDTH="24">
          <TextLine ID="TextLine_173" HPOS="3268" VPOS="3465" HEIGHT="629" WIDTH="24">
            <SP ID="Textword_38" HPOS="3268" VPOS="3465" />
            <String ID="Textword_550" HPOS="3268" VPOS="3465" HEIGHT="629" WIDTH="24" CONTENT=" " WC="0.95" />
          </TextLine>
        </TextBlock>
      </PrintSpace>
    </Page>
  </Layout>
</alto>
