<?xml version="1.0" encoding="UTF-8"?>
<alto xmlns="http://www.loc.gov/standards/alto/ns-v2#" xmlns:xsi="http://www.w3.org/2001/XMLSchema-instance" xsi:schemaLocation="http://www.loc.gov/standards/alto/ns-v2# http://www.loc.gov/standards/alto/alto.xsd">
  <Description>
    <MeasurementUnit>pixel</MeasurementUnit>
    <sourceImageInformation />
    <OCRProcessing ID="OCR_1">
      <preProcessingStep>
        <processingDateTime>2019-05-08T04:17:09</processingDateTime>
        <processingAgency>intranda GmbH, www.intranda.com</processingAgency>
        <processingSoftware>
          <softwareCreator>intranda GmbH, Germany</softwareCreator>
          <softwareName>intranda OCR Module for TaskManager</softwareName>
          <softwareVersion>1.0r42</softwareVersion>
        </processingSoftware>
      </preProcessingStep>
      <ocrProcessingStep>
        <processingSoftware>
          <softwareCreator>Tesseract contributors</softwareCreator>
          <softwareName>Tesseract Open Source OCR Engine</softwareName>
          <softwareVersion>4.0.0-beta.1-270-g5a56</softwareVersion>
        </processingSoftware>
      </ocrProcessingStep>
    </OCRProcessing>
  </Description>
  <Layout>
    <Page ID="PAGE_1" HEIGHT="3224" WIDTH="1112" PHYSICAL_IMG_NR="1">
      <PrintSpace ID="PrintSpace_1" HPOS="0" VPOS="0" HEIGHT="3224" WIDTH="1112">
        <TextBlock ID="TextBlock_1" HPOS="0" VPOS="1519" HEIGHT="54" WIDTH="38">
          <TextLine ID="TextLine_1" HPOS="0" VPOS="1519" HEIGHT="54" WIDTH="38">
            <String ID="Textword_1" HPOS="0" VPOS="1519" HEIGHT="54" WIDTH="38" CONTENT="L" WC="0.25" />
          </TextLine>
        </TextBlock>
        <TextBlock ID="TextBlock_2" HPOS="20" VPOS="891" HEIGHT="814" WIDTH="29">
          <TextLine ID="TextLine_2" HPOS="20" VPOS="891" HEIGHT="814" WIDTH="29">
            <SP ID="Textword_1" HPOS="20" VPOS="891" />
            <String ID="Textword_2" HPOS="20" VPOS="891" HEIGHT="814" WIDTH="29" CONTENT=" " WC="0.95" />
          </TextLine>
        </TextBlock>
        <TextBlock ID="TextBlock_3" HPOS="13" VPOS="891" HEIGHT="1166" WIDTH="40">
          <TextLine ID="TextLine_3" HPOS="13" VPOS="891" HEIGHT="1166" WIDTH="40">
            <SP ID="Textword_2" HPOS="13" VPOS="891" />
            <String ID="Textword_3" HPOS="13" VPOS="891" HEIGHT="1166" WIDTH="40" CONTENT=" " WC="0.95" />
          </TextLine>
        </TextBlock>
        <TextBlock ID="TextBlock_4" HPOS="0" VPOS="2053" HEIGHT="1171" WIDTH="55">
          <TextLine ID="TextLine_4" HPOS="0" VPOS="2053" HEIGHT="1171" WIDTH="55">
            <SP ID="Textword_3" HPOS="0" VPOS="2053" />
            <String ID="Textword_4" HPOS="0" VPOS="2053" HEIGHT="1171" WIDTH="55" CONTENT=" " WC="0.95" />
          </TextLine>
        </TextBlock>
        <TextBlock ID="TextBlock_5" HPOS="144" VPOS="261" HEIGHT="28" WIDTH="94">
          <TextLine ID="TextLine_5" HPOS="144" VPOS="261" HEIGHT="28" WIDTH="94">
            <String ID="Textword_5" HPOS="144" VPOS="264" HEIGHT="25" WIDTH="45" CONTENT="Nr." WC="0.90" />
            <String ID="Textword_6" HPOS="204" VPOS="261" HEIGHT="26" WIDTH="34" CONTENT="34" WC="0.95" />
          </TextLine>
        </TextBlock>
        <TextBlock ID="TextBlock_6" HPOS="190" VPOS="298" HEIGHT="11" WIDTH="879">
          <TextLine ID="TextLine_6" HPOS="190" VPOS="298" HEIGHT="11" WIDTH="879">
            <SP ID="Textword_4" HPOS="190" VPOS="298" />
            <String ID="Textword_7" HPOS="190" VPOS="298" HEIGHT="11" WIDTH="879" CONTENT=" " WC="0.95" />
          </TextLine>
        </TextBlock>
        <TextBlock ID="TextBlock_7" HPOS="145" VPOS="362" HEIGHT="1001" WIDTH="908">
          <TextLine ID="TextLine_7" HPOS="145" VPOS="362" HEIGHT="49" WIDTH="902">
            <String ID="Textword_8" HPOS="145" VPOS="375" HEIGHT="34" WIDTH="203" CONTENT="Lokalkasse" WC="0.91" />
            <String ID="Textword_9" HPOS="381" VPOS="375" HEIGHT="36" WIDTH="112" CONTENT="15,257" WC="0.94" />
            <String ID="Textword_10" HPOS="512" VPOS="362" HEIGHT="46" WIDTH="123" CONTENT="Mark," WC="0.67" />
            <String ID="Textword_11" HPOS="659" VPOS="368" HEIGHT="33" WIDTH="148" CONTENT="Berliner" WC="0.88" />
            <String ID="Textword_12" HPOS="836" VPOS="362" HEIGHT="41" WIDTH="211" CONTENT="Verwaltung" WC="0.95" />
          </TextLine>
          <TextLine ID="TextLine_8" HPOS="147" VPOS="417" HEIGHT="52" WIDTH="900">
            <String ID="Textword_13" HPOS="147" VPOS="432" HEIGHT="30" WIDTH="80" CONTENT="4035" WC="0.96" />
            <String ID="Textword_14" HPOS="254" VPOS="426" HEIGHT="39" WIDTH="104" CONTENT="Mark," WC="0.93" />
            <String ID="Textword_15" HPOS="385" VPOS="434" HEIGHT="24" WIDTH="182" CONTENT="zusammen" WC="0.92" />
            <String ID="Textword_16" HPOS="595" VPOS="423" HEIGHT="46" WIDTH="67" CONTENT="also" WC="0.93" />
            <String ID="Textword_17" HPOS="689" VPOS="424" HEIGHT="36" WIDTH="114" CONTENT="46,206" WC="0.93" />
            <String ID="Textword_18" HPOS="830" VPOS="418" HEIGHT="34" WIDTH="104" CONTENT="Mark." WC="0.94" />
            <String ID="Textword_19" HPOS="985" VPOS="417" HEIGHT="33" WIDTH="62" CONTENT="Die" WC="0.93" />
          </TextLine>
          <TextLine ID="TextLine_9" HPOS="147" VPOS="472" HEIGHT="43" WIDTH="901">
            <String ID="Textword_20" HPOS="147" VPOS="479" HEIGHT="36" WIDTH="310" CONTENT="durchschnittliche" WC="0.69" />
            <String ID="Textword_21" HPOS="480" VPOS="478" HEIGHT="32" WIDTH="81" CONTENT="Zahl" WC="0.91" />
            <String ID="Textword_22" HPOS="603" VPOS="477" HEIGHT="32" WIDTH="58" CONTENT="der" WC="0.93" />
            <String ID="Textword_23" HPOS="702" VPOS="473" HEIGHT="41" WIDTH="188" CONTENT="Mitglieder" WC="0.86" />
            <String ID="Textword_24" HPOS="930" VPOS="472" HEIGHT="38" WIDTH="118" CONTENT="betrug" WC="0.86" />
          </TextLine>
          <TextLine ID="TextLine_10" HPOS="150" VPOS="523" HEIGHT="50" WIDTH="898">
            <String ID="Textword_25" HPOS="150" VPOS="538" HEIGHT="35" WIDTH="89" CONTENT="1982," WC="0.96" />
            <String ID="Textword_26" HPOS="263" VPOS="544" HEIGHT="22" WIDTH="34" CONTENT="so" WC="0.95" />
            <String ID="Textword_27" HPOS="320" VPOS="533" HEIGHT="32" WIDTH="63" CONTENT="daß" WC="0.91" />
            <String ID="Textword_28" HPOS="405" VPOS="532" HEIGHT="32" WIDTH="53" CONTENT="auf" WC="0.92" />
            <String ID="Textword_29" HPOS="478" VPOS="531" HEIGHT="32" WIDTH="61" CONTENT="das" WC="0.92" />
            <String ID="Textword_30" HPOS="561" VPOS="529" HEIGHT="33" WIDTH="144" CONTENT="einzelne" WC="0.95" />
            <String ID="Textword_31" HPOS="727" VPOS="526" HEIGHT="40" WIDTH="151" CONTENT="Mitglied" WC="0.96" />
            <String ID="Textword_32" HPOS="901" VPOS="525" HEIGHT="32" WIDTH="51" CONTENT="ein" WC="0.93" />
            <String ID="Textword_33" HPOS="972" VPOS="523" HEIGHT="33" WIDTH="76" CONTENT="Bei-" WC="0.91" />
          </TextLine>
          <TextLine ID="TextLine_11" HPOS="147" VPOS="578" HEIGHT="49" WIDTH="901">
            <String ID="Textword_34" HPOS="147" VPOS="593" HEIGHT="34" WIDTH="72" CONTENT="trag" WC="0.75" />
            <String ID="Textword_35" HPOS="248" VPOS="597" HEIGHT="22" WIDTH="62" CONTENT="von" WC="0.93" />
            <String ID="Textword_36" HPOS="339" VPOS="583" HEIGHT="35" WIDTH="291" CONTENT="durchschnittlich" WC="0.92" />
            <String ID="Textword_37" HPOS="661" VPOS="585" HEIGHT="35" WIDTH="70" CONTENT="1,84" WC="0.92" />
            <String ID="Textword_38" HPOS="760" VPOS="580" HEIGHT="32" WIDTH="95" CONTENT="Mark" WC="0.95" />
            <String ID="Textword_39" HPOS="883" VPOS="578" HEIGHT="33" WIDTH="165" CONTENT="wöchent-" WC="0.91" />
          </TextLine>
          <TextLine ID="TextLine_12" HPOS="148" VPOS="631" HEIGHT="46" WIDTH="901">
            <String ID="Textword_40" HPOS="148" VPOS="641" HEIGHT="33" WIDTH="62" CONTENT="lich" WC="0.94" />
            <String ID="Textword_41" HPOS="240" VPOS="640" HEIGHT="32" WIDTH="78" CONTENT="oder" WC="0.94" />
            <String ID="Textword_42" HPOS="345" VPOS="642" HEIGHT="35" WIDTH="93" CONTENT="95,68" WC="0.96" />
            <String ID="Textword_43" HPOS="466" VPOS="637" HEIGHT="33" WIDTH="96" CONTENT="Mark" WC="0.96" />
            <String ID="Textword_44" HPOS="590" VPOS="635" HEIGHT="41" WIDTH="136" CONTENT="jährlich" WC="0.96" />
            <String ID="Textword_45" HPOS="756" VPOS="632" HEIGHT="34" WIDTH="151" CONTENT="entfällt.”" WC="0.84" />
            <String ID="Textword_46" HPOS="947" VPOS="631" HEIGHT="32" WIDTH="102" CONTENT="Diese" WC="0.96" />
          </TextLine>
          <TextLine ID="TextLine_13" HPOS="150" VPOS="685" HEIGHT="46" WIDTH="899">
            <String ID="Textword_47" HPOS="150" VPOS="695" HEIGHT="32" WIDTH="115" CONTENT="Steuer" WC="0.95" />
            <String ID="Textword_48" HPOS="291" VPOS="692" HEIGHT="39" WIDTH="181" CONTENT="entspricht" WC="0.95" />
            <String ID="Textword_49" HPOS="497" VPOS="691" HEIGHT="32" WIDTH="31" CONTENT="in" WC="0.95" />
            <String ID="Textword_50" HPOS="554" VPOS="691" HEIGHT="32" WIDTH="70" CONTENT="dem" WC="0.95" />
            <String ID="Textword_51" HPOS="650" VPOS="689" HEIGHT="32" WIDTH="47" CONTENT="als" WC="0.93" />
            <String ID="Textword_52" HPOS="724" VPOS="685" HEIGHT="41" WIDTH="226" CONTENT=",,reaktionàr“" WC="0.58" />
            <String ID="Textword_53" HPOS="977" VPOS="693" HEIGHT="23" WIDTH="72" CONTENT="ver-" WC="0.91" />
          </TextLine>
          <TextLine ID="TextLine_14" HPOS="149" VPOS="740" HEIGHT="39" WIDTH="901">
            <String ID="Textword_54" HPOS="149" VPOS="747" HEIGHT="32" WIDTH="169" CONTENT="schrienen" WC="0.91" />
            <String ID="Textword_55" HPOS="344" VPOS="745" HEIGHT="32" WIDTH="149" CONTENT="Preußen" WC="0.96" />
            <String ID="Textword_56" HPOS="520" VPOS="742" HEIGHT="37" WIDTH="107" CONTENT="‚einem:" WC="0.64" />
            <String ID="Textword_57" HPOS="646" VPOS="741" HEIGHT="34" WIDTH="209" CONTENT="Einkommen" WC="0.96" />
            <String ID="Textword_58" HPOS="879" VPOS="748" HEIGHT="23" WIDTH="63" CONTENT="von" WC="0.74" />
            <String ID="Textword_59" HPOS="967" VPOS="740" HEIGHT="29" WIDTH="83" CONTENT="4200" WC="0.85" />
          </TextLine>
          <TextLine ID="TextLine_15" HPOS="148" VPOS="790" HEIGHT="42" WIDTH="902">
            <String ID="Textword_60" HPOS="148" VPOS="800" HEIGHT="32" WIDTH="105" CONTENT="Mark." WC="0.95" />
            <String ID="Textword_61" HPOS="274" VPOS="798" HEIGHT="33" WIDTH="122" CONTENT="Würde." WC="0.81" />
            <String ID="Textword_62" HPOS="420" VPOS="797" HEIGHT="33" WIDTH="69" CONTENT="sich." WC="0.89" />
            <String ID="Textword_63" HPOS="512" VPOS="797" HEIGHT="33" WIDTH="51" CONTENT="die" WC="0.94" />
            <String ID="Textword_64" HPOS="588" VPOS="791" HEIGHT="37" WIDTH="307" CONTENT="Sozialdemokratie" WC="0.95" />
            <String ID="Textword_65" HPOS="917" VPOS="790" HEIGHT="34" WIDTH="54" CONTENT="bei" WC="0.96" />
            <String ID="Textword_66" HPOS="994" VPOS="790" HEIGHT="32" WIDTH="56" CONTENT="der" WC="0.96" />
          </TextLine>
          <TextLine ID="TextLine_16" HPOS="148" VPOS="842" HEIGHT="49" WIDTH="903">
            <String ID="Textword_67" HPOS="148" VPOS="852" HEIGHT="39" WIDTH="244" CONTENT="Einschätzung" WC="0.96" />
            <String ID="Textword_68" HPOS="421" VPOS="851" HEIGHT="32" WIDTH="86" CONTENT="ihrer" WC="0.92" />
            <String ID="Textword_69" HPOS="538" VPOS="846" HEIGHT="41" WIDTH="309" CONTENT="Steuerpflichtigen" WC="0.90" />
            <String ID="Textword_70" HPOS="886" VPOS="842" HEIGHT="35" WIDTH="63" CONTENT="von" WC="0.94" />
            <String ID="Textword_71" HPOS="990" VPOS="843" HEIGHT="32" WIDTH="61" CONTENT="den" WC="0.94" />
          </TextLine>
          <TextLine ID="TextLine_17" HPOS="150" VPOS="898" HEIGHT="48" WIDTH="900">
            <String ID="Textword_72" HPOS="150" VPOS="906" HEIGHT="40" WIDTH="153" CONTENT="gleichen." WC="0.95" />
            <String ID="Textword_73" HPOS="324" VPOS="904" HEIGHT="40" WIDTH="176" CONTENT="gerechten" WC="0.95" />
            <String ID="Textword_74" HPOS="527" VPOS="901" HEIGHT="33" WIDTH="232" CONTENT="Grundsätzen‘" WC="0.79" />
            <String ID="Textword_75" HPOS="805" VPOS="899" HEIGHT="32" WIDTH="99" CONTENT="leiten" WC="0.95" />
            <String ID="Textword_76" HPOS="930" VPOS="898" HEIGHT="36" WIDTH="120" CONTENT="lassen," WC="0.96" />
          </TextLine>
          <TextLine ID="TextLine_18" HPOS="149" VPOS="950" HEIGHT="44" WIDTH="901">
            <String ID="Textword_77" HPOS="149" VPOS="959" HEIGHT="32" WIDTH="61" CONTENT="wie" WC="0.96" />
            <String ID="Textword_78" HPOS="242" VPOS="959" HEIGHT="32" WIDTH="58" CONTENT="das" WC="0.96" />
            <String ID="Textword_79" HPOS="329" VPOS="958" HEIGHT="32" WIDTH="53" CONTENT="bei" WC="0.95" />
            <String ID="Textword_80" HPOS="413" VPOS="957" HEIGHT="32" WIDTH="58" CONTENT="der" WC="0.93" />
            <String ID="Textword_81" HPOS="500" VPOS="956" HEIGHT="38" WIDTH="167" CONTENT="Beratung" WC="0.84" />
            <String ID="Textword_82" HPOS="727" VPOS="953" HEIGHT="32" WIDTH="58" CONTENT="der" WC="0.83" />
            <String ID="Textword_83" HPOS="816" VPOS="950" HEIGHT="34" WIDTH="234" CONTENT="Steuerreform" WC="0.96" />
          </TextLine>
          <TextLine ID="TextLine_19" HPOS="150" VPOS="1003" HEIGHT="46" WIDTH="901">
            <String ID="Textword_84" HPOS="150" VPOS="1012" HEIGHT="33" WIDTH="100" CONTENT="durch" WC="0.96" />
            <String ID="Textword_85" HPOS="279" VPOS="1012" HEIGHT="31" WIDTH="61" CONTENT="den" WC="0.90" />
            <String ID="Textword_86" HPOS="380" VPOS="1009" HEIGHT="40" WIDTH="219" CONTENT="preußischen" WC="0.94" />
            <String ID="Textword_87" HPOS="628" VPOS="1006" HEIGHT="39" WIDTH="150" CONTENT="Landtag" WC="0.95" />
            <String ID="Textword_88" HPOS="820" VPOS="1003" HEIGHT="41" WIDTH="153" CONTENT="geschah," WC="0.95" />
            <String ID="Textword_89" HPOS="1016" VPOS="1012" HEIGHT="22" WIDTH="35" CONTENT="so" WC="0.94" />
          </TextLine>
          <TextLine ID="TextLine_20" HPOS="149" VPOS="1055" HEIGHT="45" WIDTH="903">
            <String ID="Textword_90" HPOS="149" VPOS="1066" HEIGHT="32" WIDTH="132" CONTENT="müßten" WC="0.87" />
            <String ID="Textword_91" HPOS="313" VPOS="1064" HEIGHT="32" WIDTH="50" CONTENT="die" WC="0.87" />
            <String ID="Textword_92" HPOS="396" VPOS="1062" HEIGHT="33" WIDTH="148" CONTENT="Berliner" WC="0.76" />
            <String ID="Textword_93" HPOS="577" VPOS="1060" HEIGHT="40" WIDTH="237" CONTENT="organisierten" WC="0.96" />
            <String ID="Textword_94" HPOS="845" VPOS="1057" HEIGHT="34" WIDTH="125" CONTENT="Sattler" WC="0.95" />
            <String ID="Textword_95" HPOS="1002" VPOS="1055" HEIGHT="33" WIDTH="50" CONTENT="ein" WC="0.95" />
          </TextLine>
          <TextLine ID="TextLine_21" HPOS="151" VPOS="1108" HEIGHT="43" WIDTH="902">
            <String ID="Textword_96" HPOS="151" VPOS="1116" HEIGHT="35" WIDTH="329" CONTENT="durchschnittliches" WC="0.92" />
            <String ID="Textword_97" HPOS="511" VPOS="1114" HEIGHT="33" WIDTH="211" CONTENT="Einkommen" WC="0.94" />
            <String ID="Textword_98" HPOS="751" VPOS="1122" HEIGHT="22" WIDTH="63" CONTENT="von" WC="0.95" />
            <String ID="Textword_99" HPOS="843" VPOS="1114" HEIGHT="29" WIDTH="83" CONTENT="4200" WC="0.96" />
            <String ID="Textword_100" HPOS="957" VPOS="1108" HEIGHT="33" WIDTH="96" CONTENT="Mark" WC="0.96" />
          </TextLine>
          <TextLine ID="TextLine_22" HPOS="150" VPOS="1162" HEIGHT="43" WIDTH="903">
            <String ID="Textword_101" HPOS="150" VPOS="1172" HEIGHT="32" WIDTH="114" CONTENT="haben." WC="0.96" />
            <String ID="Textword_102" HPOS="303" VPOS="1171" HEIGHT="31" WIDTH="49" CONTENT="Ist" WC="0.94" />
            <String ID="Textword_103" HPOS="372" VPOS="1170" HEIGHT="31" WIDTH="49" CONTENT="ihr" WC="0.94" />
            <String ID="Textword_104" HPOS="441" VPOS="1168" HEIGHT="33" WIDTH="210" CONTENT="Einkommen" WC="0.96" />
            <String ID="Textword_105" HPOS="674" VPOS="1165" HEIGHT="40" WIDTH="161" CONTENT="geringer," WC="0.96" />
            <String ID="Textword_106" HPOS="858" VPOS="1174" HEIGHT="22" WIDTH="34" CONTENT="so" WC="0.96" />
            <String ID="Textword_107" HPOS="913" VPOS="1162" HEIGHT="33" WIDTH="140" CONTENT="beweist" WC="0.96" />
          </TextLine>
          <TextLine ID="TextLine_23" HPOS="151" VPOS="1216" HEIGHT="46" WIDTH="901">
            <String ID="Textword_108" HPOS="151" VPOS="1225" HEIGHT="32" WIDTH="58" CONTENT="das" WC="0.96" />
            <String ID="Textword_109" HPOS="229" VPOS="1234" HEIGHT="28" WIDTH="68" CONTENT="nur," WC="0.95" />
            <String ID="Textword_110" HPOS="318" VPOS="1222" HEIGHT="33" WIDTH="63" CONTENT="daß" WC="0.96" />
            <String ID="Textword_111" HPOS="402" VPOS="1222" HEIGHT="32" WIDTH="52" CONTENT="die" WC="0.93" />
            <String ID="Textword_112" HPOS="474" VPOS="1220" HEIGHT="40" WIDTH="256" CONTENT="ungerechteste" WC="0.91" />
            <String ID="Textword_113" HPOS="748" VPOS="1218" HEIGHT="32" WIDTH="64" CONTENT="und" WC="0.93" />
            <String ID="Textword_114" HPOS="828" VPOS="1216" HEIGHT="33" WIDTH="224" CONTENT="drückendste" WC="0.91" />
          </TextLine>
          <TextLine ID="TextLine_24" HPOS="150" VPOS="1269" HEIGHT="46" WIDTH="903">
            <String ID="Textword_115" HPOS="150" VPOS="1278" HEIGHT="37" WIDTH="227" CONTENT="Besteuerung." WC="0.62" />
            <String ID="Textword_116" HPOS="397" VPOS="1274" HEIGHT="40" WIDTH="119" CONTENT="gerade" WC="0.88" />
            <String ID="Textword_117" HPOS="535" VPOS="1273" HEIGHT="32" WIDTH="54" CONTENT="bei" WC="0.96" />
            <String ID="Textword_118" HPOS="609" VPOS="1273" HEIGHT="32" WIDTH="57" CONTENT="der" WC="0.96" />
            <String ID="Textword_119" HPOS="685" VPOS="1269" HEIGHT="35" WIDTH="309" CONTENT="Sozialdemokratie" WC="0.96" />
            <String ID="Textword_120" HPOS="1015" VPOS="1279" HEIGHT="21" WIDTH="38" CONTENT="zu" WC="0.96" />
          </TextLine>
          <TextLine ID="TextLine_25" HPOS="151" VPOS="1330" HEIGHT="33" WIDTH="185">
            <String ID="Textword_121" HPOS="151" VPOS="1331" HEIGHT="32" WIDTH="110" CONTENT="finden" WC="0.96" />
            <String ID="Textword_122" HPOS="283" VPOS="1330" HEIGHT="31" WIDTH="53" CONTENT="ist." WC="0.94" />
          </TextLine>
        </TextBlock>
        <TextBlock ID="TextBlock_8" HPOS="218" VPOS="1388" HEIGHT="36" WIDTH="330">
          <TextLine ID="TextLine_26" HPOS="218" VPOS="1388" HEIGHT="36" WIDTH="330">
            <String ID="Textword_123" HPOS="218" VPOS="1392" HEIGHT="32" WIDTH="90" CONTENT="Ganz" WC="0.95" />
            <String ID="Textword_124" HPOS="328" VPOS="1391" HEIGHT="32" WIDTH="61" CONTENT="wie" WC="0.95" />
            <String ID="Textword_125" HPOS="408" VPOS="1388" HEIGHT="34" WIDTH="53" CONTENT="bei" WC="0.96" />
            <String ID="Textword_126" HPOS="479" VPOS="1398" HEIGHT="23" WIDTH="69" CONTENT="uns." WC="0.96" />
          </TextLine>
        </TextBlock>
        <TextBlock ID="TextBlock_9" HPOS="152" VPOS="1505" HEIGHT="1629" WIDTH="933">
          <TextLine ID="TextLine_27" HPOS="217" VPOS="1505" HEIGHT="43" WIDTH="838">
            <String ID="Textword_127" HPOS="217" VPOS="1517" HEIGHT="31" WIDTH="92" CONTENT="Das" WC="0.96" />
            <String ID="Textword_128" HPOS="333" VPOS="1515" HEIGHT="32" WIDTH="125" CONTENT="Ende" WC="0.95" />
            <String ID="Textword_129" HPOS="485" VPOS="1514" HEIGHT="31" WIDTH="80" CONTENT="des" WC="0.84" />
            <String ID="Textword_130" HPOS="590" VPOS="1505" HEIGHT="42" WIDTH="465" CONTENT="Arbeiterkampfes" WC="0.75" />
          </TextLine>
          <TextLine ID="TextLine_28" HPOS="152" VPOS="1557" HEIGHT="49" WIDTH="903">
            <String ID="Textword_131" HPOS="152" VPOS="1570" HEIGHT="32" WIDTH="42" CONTENT="in" WC="0.96" />
            <String ID="Textword_132" HPOS="216" VPOS="1565" HEIGHT="36" WIDTH="89" CONTENT="der" WC="0.93" />
            <String ID="Textword_133" HPOS="334" VPOS="1563" HEIGHT="43" WIDTH="441" CONTENT="erzgebirgischen" WC="0.89" />
            <String ID="Textword_134" HPOS="805" VPOS="1557" HEIGHT="37" WIDTH="250" CONTENT="Wirkerei." WC="0.90" />
          </TextLine>
          <TextLine ID="TextLine_29" HPOS="152" VPOS="1611" HEIGHT="46" WIDTH="903">
            <String ID="Textword_135" HPOS="152" VPOS="1623" HEIGHT="32" WIDTH="67" CONTENT="Aus" WC="0.93" />
            <String ID="Textword_136" HPOS="238" VPOS="1621" HEIGHT="33" WIDTH="164" CONTENT="Chemnitz" WC="0.91" />
            <String ID="Textword_137" HPOS="421" VPOS="1619" HEIGHT="33" WIDTH="81" CONTENT="wird" WC="0.96" />
            <String ID="Textword_138" HPOS="519" VPOS="1629" HEIGHT="22" WIDTH="60" CONTENT="uns" WC="0.93" />
            <String ID="Textword_139" HPOS="600" VPOS="1616" HEIGHT="41" WIDTH="212" CONTENT="geschrieben" WC="0.92" />
            <String ID="Textword_140" HPOS="825" VPOS="1628" HEIGHT="18" WIDTH="6" CONTENT=":" WC="0.93" />
            <String ID="Textword_141" HPOS="849" VPOS="1614" HEIGHT="32" WIDTH="61" CONTENT="Die" WC="0.93" />
            <String ID="Textword_142" HPOS="928" VPOS="1611" HEIGHT="33" WIDTH="127" CONTENT="Durch-" WC="0.91" />
          </TextLine>
          <TextLine ID="TextLine_30" HPOS="152" VPOS="1664" HEIGHT="50" WIDTH="905">
            <String ID="Textword_143" HPOS="152" VPOS="1676" HEIGHT="38" WIDTH="139" CONTENT="führung" WC="0.96" />
            <String ID="Textword_144" HPOS="310" VPOS="1674" HEIGHT="32" WIDTH="58" CONTENT="der" WC="0.93" />
            <String ID="Textword_145" HPOS="384" VPOS="1670" HEIGHT="39" WIDTH="390" CONTENT="Friedensbedingungen" WC="0.92" />
            <String ID="Textword_146" HPOS="795" VPOS="1667" HEIGHT="33" WIDTH="84" CONTENT="stieß" WC="0.96" />
            <String ID="Textword_147" HPOS="899" VPOS="1664" HEIGHT="34" WIDTH="158" CONTENT="zunächst" WC="0.96" />
          </TextLine>
          <TextLine ID="TextLine_31" HPOS="153" VPOS="1718" HEIGHT="48" WIDTH="903">
            <String ID="Textword_148" HPOS="153" VPOS="1729" HEIGHT="32" WIDTH="31" CONTENT="in" WC="0.82" />
            <String ID="Textword_149" HPOS="210" VPOS="1728" HEIGHT="38" WIDTH="128" CONTENT="einigen" WC="0.82" />
            <String ID="Textword_150" HPOS="364" VPOS="1725" HEIGHT="33" WIDTH="176" CONTENT="Betrieben" WC="0.85" />
            <String ID="Textword_151" HPOS="566" VPOS="1724" HEIGHT="32" WIDTH="54" CONTENT="auf" WC="0.90" />
            <String ID="Textword_152" HPOS="647" VPOS="1720" HEIGHT="40" WIDTH="303" CONTENT="Schwierigkeiten." WC="0.92" />
            <String ID="Textword_153" HPOS="976" VPOS="1718" HEIGHT="32" WIDTH="80" CONTENT="Ver-" WC="0.90" />
          </TextLine>
          <TextLine ID="TextLine_32" HPOS="155" VPOS="1771" HEIGHT="43" WIDTH="903">
            <String ID="Textword_154" HPOS="155" VPOS="1779" HEIGHT="35" WIDTH="235" CONTENT="schiedentlich" WC="0.92" />
            <String ID="Textword_155" HPOS="411" VPOS="1778" HEIGHT="33" WIDTH="131" CONTENT="stellten" WC="0.96" />
            <String ID="Textword_156" HPOS="562" VPOS="1777" HEIGHT="32" WIDTH="51" CONTENT="die" WC="0.92" />
            <String ID="Textword_157" HPOS="634" VPOS="1777" HEIGHT="37" WIDTH="253" CONTENT="ausgesperrten" WC="0.91" />
            <String ID="Textword_158" HPOS="906" VPOS="1771" HEIGHT="33" WIDTH="152" CONTENT="Arbeiter" WC="0.96" />
          </TextLine>
          <TextLine ID="TextLine_33" HPOS="155" VPOS="1824" HEIGHT="47" WIDTH="901">
            <String ID="Textword_159" HPOS="155" VPOS="1835" HEIGHT="32" WIDTH="58" CONTENT="das" WC="0.95" />
            <String ID="Textword_160" HPOS="233" VPOS="1833" HEIGHT="38" WIDTH="194" CONTENT="Verlangen," WC="0.95" />
            <String ID="Textword_161" HPOS="450" VPOS="1831" HEIGHT="32" WIDTH="46" CONTENT="sie" WC="0.96" />
            <String ID="Textword_162" HPOS="517" VPOS="1830" HEIGHT="32" WIDTH="149" CONTENT="möchten" WC="0.96" />
            <String ID="Textword_163" HPOS="687" VPOS="1828" HEIGHT="33" WIDTH="61" CONTENT="alle" WC="0.84" />
            <String ID="Textword_164" HPOS="770" VPOS="1827" HEIGHT="32" WIDTH="53" CONTENT="auf" WC="0.88" />
            <String ID="Textword_165" HPOS="845" VPOS="1825" HEIGHT="33" WIDTH="115" CONTENT="einmal" WC="0.93" />
            <String ID="Textword_166" HPOS="980" VPOS="1824" HEIGHT="32" WIDTH="76" CONTENT="wie-" WC="0.92" />
          </TextLine>
          <TextLine ID="TextLine_34" HPOS="155" VPOS="1876" HEIGHT="49" WIDTH="903">
            <String ID="Textword_167" HPOS="155" VPOS="1888" HEIGHT="31" WIDTH="58" CONTENT="der" WC="0.96" />
            <String ID="Textword_168" HPOS="232" VPOS="1895" HEIGHT="30" WIDTH="230" CONTENT="angenommen" WC="0.96" />
            <String ID="Textword_169" HPOS="481" VPOS="1883" HEIGHT="32" WIDTH="143" CONTENT="werden." WC="0.95" />
            <String ID="Textword_170" HPOS="645" VPOS="1882" HEIGHT="32" WIDTH="37" CONTENT="In" WC="0.95" />
            <String ID="Textword_171" HPOS="703" VPOS="1881" HEIGHT="32" WIDTH="62" CONTENT="den" WC="0.95" />
            <String ID="Textword_172" HPOS="785" VPOS="1876" HEIGHT="36" WIDTH="273" CONTENT="Friedensbedin-" WC="0.92" />
          </TextLine>
          <TextLine ID="TextLine_35" HPOS="157" VPOS="1931" HEIGHT="48" WIDTH="901">
            <String ID="Textword_173" HPOS="157" VPOS="1950" HEIGHT="29" WIDTH="128" CONTENT="gungen" WC="0.95" />
            <String ID="Textword_174" HPOS="307" VPOS="1939" HEIGHT="31" WIDTH="44" CONTENT="ist" WC="0.96" />
            <String ID="Textword_175" HPOS="372" VPOS="1938" HEIGHT="32" WIDTH="79" CONTENT="aber" WC="0.96" />
            <String ID="Textword_176" HPOS="472" VPOS="1937" HEIGHT="32" WIDTH="57" CONTENT="mit" WC="0.96" />
            <String ID="Textword_177" HPOS="550" VPOS="1934" HEIGHT="34" WIDTH="183" CONTENT="Rücksicht" WC="0.96" />
            <String ID="Textword_178" HPOS="754" VPOS="1933" HEIGHT="32" WIDTH="53" CONTENT="auf" WC="0.96" />
            <String ID="Textword_179" HPOS="830" VPOS="1932" HEIGHT="32" WIDTH="51" CONTENT="die" WC="0.93" />
            <String ID="Textword_180" HPOS="903" VPOS="1931" HEIGHT="33" WIDTH="155" CONTENT="außeror-" WC="0.93" />
          </TextLine>
          <TextLine ID="TextLine_36" HPOS="156" VPOS="1982" HEIGHT="44" WIDTH="902">
            <String ID="Textword_181" HPOS="156" VPOS="1992" HEIGHT="33" WIDTH="143" CONTENT="dentlich" WC="0.92" />
            <String ID="Textword_182" HPOS="327" VPOS="1990" HEIGHT="33" WIDTH="180" CONTENT="schlechte:" WC="0.79" />
            <String ID="Textword_183" HPOS="522" VPOS="1987" HEIGHT="39" WIDTH="254" CONTENT="Geschäftslage" WC="0.91" />
            <String ID="Textword_184" HPOS="829" VPOS="1982" HEIGHT="35" WIDTH="229" CONTENT="ausdrücklich" WC="0.80" />
          </TextLine>
          <TextLine ID="TextLine_37" HPOS="157" VPOS="2035" HEIGHT="51" WIDTH="901">
            <String ID="Textword_185" HPOS="157" VPOS="2048" HEIGHT="38" WIDTH="136" CONTENT="gesagt:" WC="0.96" />
            <String ID="Textword_186" HPOS="317" VPOS="2043" HEIGHT="39" WIDTH="83" CONTENT="„Die" WC="0.96" />
            <String ID="Textword_187" HPOS="423" VPOS="2041" HEIGHT="39" WIDTH="219" CONTENT="Arbeitgeber" WC="0.96" />
            <String ID="Textword_188" HPOS="662" VPOS="2040" HEIGHT="32" WIDTH="135" CONTENT="nehmen" WC="0.96" />
            <String ID="Textword_189" HPOS="821" VPOS="2037" HEIGHT="34" WIDTH="102" CONTENT="soviel" WC="0.79" />
            <String ID="Textword_190" HPOS="946" VPOS="2035" HEIGHT="33" WIDTH="112" CONTENT="Arbei-" WC="0.91" />
          </TextLine>
          <TextLine ID="TextLine_38" HPOS="156" VPOS="2088" HEIGHT="47" WIDTH="903">
            <String ID="Textword_191" HPOS="156" VPOS="2102" HEIGHT="28" WIDTH="51" CONTENT="ter" WC="0.95" />
            <String ID="Textword_192" HPOS="227" VPOS="2097" HEIGHT="38" WIDTH="63" CONTENT="auf," WC="0.94" />
            <String ID="Textword_193" HPOS="311" VPOS="2097" HEIGHT="31" WIDTH="61" CONTENT="wie" WC="0.96" />
            <String ID="Textword_194" HPOS="395" VPOS="2096" HEIGHT="32" WIDTH="47" CONTENT="sie" WC="0.95" />
            <String ID="Textword_195" HPOS="465" VPOS="2095" HEIGHT="32" WIDTH="57" CONTENT="der" WC="0.92" />
            <String ID="Textword_196" HPOS="545" VPOS="2092" HEIGHT="38" WIDTH="253" CONTENT="Geschäftslage" WC="0.91" />
            <String ID="Textword_197" HPOS="821" VPOS="2088" HEIGHT="41" WIDTH="238" CONTENT="entsprechend" WC="0.96" />
          </TextLine>
          <TextLine ID="TextLine_39" HPOS="156" VPOS="2141" HEIGHT="41" WIDTH="903">
            <String ID="Textword_198" HPOS="156" VPOS="2149" HEIGHT="33" WIDTH="164" CONTENT="brauchen" WC="0.92" />
            <String ID="Textword_199" HPOS="0" VPOS="0" HEIGHT="3224" WIDTH="1112" CONTENT="-" WC="0.91" />
            <String ID="Textword_200" HPOS="372" VPOS="2147" HEIGHT="33" WIDTH="159" CONTENT="können.“" WC="0.87" />
            <String ID="Textword_201" HPOS="585" VPOS="2145" HEIGHT="33" WIDTH="149" CONTENT="Darüber" WC="0.73" />
            <String ID="Textword_202" HPOS="787" VPOS="2141" HEIGHT="40" WIDTH="272" CONTENT="hinauszugehen," WC="0.81" />
          </TextLine>
          <TextLine ID="TextLine_40" HPOS="156" VPOS="2193" HEIGHT="43" WIDTH="903">
            <String ID="Textword_203" HPOS="156" VPOS="2203" HEIGHT="32" WIDTH="111" CONTENT="wurde" WC="0.96" />
            <String ID="Textword_204" HPOS="294" VPOS="2212" HEIGHT="22" WIDTH="62" CONTENT="von" WC="0.96" />
            <String ID="Textword_205" HPOS="384" VPOS="2198" HEIGHT="35" WIDTH="61" CONTENT="den" WC="0.96" />
            <String ID="Textword_206" HPOS="472" VPOS="2198" HEIGHT="34" WIDTH="258" CONTENT="Unternehmern" WC="0.96" />
            <String ID="Textword_207" HPOS="758" VPOS="2195" HEIGHT="41" WIDTH="183" CONTENT="abgelehnt." WC="0.95" />
            <String ID="Textword_208" HPOS="997" VPOS="2193" HEIGHT="34" WIDTH="62" CONTENT="Die" WC="0.88" />
          </TextLine>
          <TextLine ID="TextLine_41" HPOS="157" VPOS="2246" HEIGHT="50" WIDTH="903">
            <String ID="Textword_209" HPOS="157" VPOS="2255" HEIGHT="32" WIDTH="152" CONTENT="Arbeiter" WC="0.96" />
            <String ID="Textword_210" HPOS="328" VPOS="2253" HEIGHT="33" WIDTH="197" CONTENT="versuchten" WC="0.96" />
            <String ID="Textword_211" HPOS="548" VPOS="2262" HEIGHT="22" WIDTH="36" CONTENT="es" WC="0.95" />
            <String ID="Textword_212" HPOS="607" VPOS="2252" HEIGHT="44" WIDTH="41" CONTENT="da" WC="0.95" />
            <String ID="Textword_213" HPOS="668" VPOS="2250" HEIGHT="33" WIDTH="64" CONTENT="und" WC="0.96" />
            <String ID="Textword_214" HPOS="755" VPOS="2250" HEIGHT="37" WIDTH="81" CONTENT="dort," WC="0.96" />
            <String ID="Textword_215" HPOS="860" VPOS="2248" HEIGHT="33" WIDTH="101" CONTENT="durch" WC="0.93" />
            <String ID="Textword_216" HPOS="983" VPOS="2246" HEIGHT="33" WIDTH="77" CONTENT="wei-" WC="0.91" />
          </TextLine>
          <TextLine ID="TextLine_42" HPOS="158" VPOS="2301" HEIGHT="44" WIDTH="903">
            <String ID="Textword_217" HPOS="158" VPOS="2312" HEIGHT="28" WIDTH="88" CONTENT="teres" WC="0.92" />
            <String ID="Textword_218" HPOS="269" VPOS="2305" HEIGHT="40" WIDTH="346" CONTENT="Streikpostenstehen" WC="0.91" />
            <String ID="Textword_219" HPOS="636" VPOS="2304" HEIGHT="32" WIDTH="82" CONTENT="noch" WC="0.96" />
            <String ID="Textword_220" HPOS="740" VPOS="2303" HEIGHT="32" WIDTH="92" CONTENT="einen" WC="0.93" />
            <String ID="Textword_221" HPOS="853" VPOS="2301" HEIGHT="33" WIDTH="113" CONTENT="Druck" WC="0.90" />
            <String ID="Textword_222" HPOS="988" VPOS="2310" HEIGHT="22" WIDTH="73" CONTENT="aus-" WC="0.92" />
          </TextLine>
          <TextLine ID="TextLine_43" HPOS="160" VPOS="2354" HEIGHT="45" WIDTH="900">
            <String ID="Textword_223" HPOS="160" VPOS="2360" HEIGHT="38" WIDTH="133" CONTENT="zuüben," WC="0.92" />
            <String ID="Textword_224" HPOS="314" VPOS="2359" HEIGHT="40" WIDTH="105" CONTENT="gaben" WC="0.96" />
            <String ID="Textword_225" HPOS="438" VPOS="2357" HEIGHT="33" WIDTH="191" CONTENT="schließlich" WC="0.96" />
            <String ID="Textword_226" HPOS="648" VPOS="2356" HEIGHT="32" WIDTH="78" CONTENT="aber" WC="0.96" />
            <String ID="Textword_227" HPOS="742" VPOS="2355" HEIGHT="33" WIDTH="82" CONTENT="auch" WC="0.96" />
            <String ID="Textword_228" HPOS="843" VPOS="2355" HEIGHT="32" WIDTH="59" CONTENT="das" WC="0.96" />
            <String ID="Textword_229" HPOS="920" VPOS="2354" HEIGHT="32" WIDTH="49" CONTENT="als" WC="0.93" />
            <String ID="Textword_230" HPOS="988" VPOS="2363" HEIGHT="22" WIDTH="72" CONTENT="aus-" WC="0.91" />
          </TextLine>
          <TextLine ID="TextLine_44" HPOS="162" VPOS="2405" HEIGHT="43" WIDTH="899">
            <String ID="Textword_231" HPOS="162" VPOS="2412" HEIGHT="32" WIDTH="153" CONTENT="sichtslos" WC="0.92" />
            <String ID="Textword_232" HPOS="343" VPOS="2412" HEIGHT="32" WIDTH="63" CONTENT="auf." WC="0.94" />
            <String ID="Textword_233" HPOS="459" VPOS="2410" HEIGHT="33" WIDTH="71" CONTENT="Seit" WC="0.94" />
            <String ID="Textword_234" HPOS="556" VPOS="2409" HEIGHT="32" WIDTH="91" CONTENT="Ende" WC="0.96" />
            <String ID="Textword_235" HPOS="674" VPOS="2408" HEIGHT="40" WIDTH="132" CONTENT="voriger‘" WC="0.69" />
            <String ID="Textword_236" HPOS="831" VPOS="2406" HEIGHT="33" WIDTH="124" CONTENT="Woche" WC="0.92" />
            <String ID="Textword_237" HPOS="982" VPOS="2405" HEIGHT="33" WIDTH="79" CONTENT="voll-" WC="0.92" />
          </TextLine>
          <TextLine ID="TextLine_45" HPOS="160" VPOS="2460" HEIGHT="39" WIDTH="901">
            <String ID="Textword_238" HPOS="160" VPOS="2464" HEIGHT="32" WIDTH="86" CONTENT="zieht" WC="0.96" />
            <String ID="Textword_239" HPOS="269" VPOS="2465" HEIGHT="31" WIDTH="69" CONTENT="sich" WC="0.95" />
            <String ID="Textword_240" HPOS="361" VPOS="2464" HEIGHT="32" WIDTH="51" CONTENT="die" WC="0.95" />
            <String ID="Textword_241" HPOS="435" VPOS="2462" HEIGHT="33" WIDTH="163" CONTENT="Annahme" WC="0.96" />
            <String ID="Textword_242" HPOS="622" VPOS="2462" HEIGHT="32" WIDTH="57" CONTENT="der" WC="0.96" />
            <String ID="Textword_243" HPOS="701" VPOS="2461" HEIGHT="32" WIDTH="150" CONTENT="Arbeiter" WC="0.96" />
            <String ID="Textword_244" HPOS="873" VPOS="2460" HEIGHT="32" WIDTH="40" CONTENT="im" WC="0.95" />
            <String ID="Textword_245" HPOS="938" VPOS="2469" HEIGHT="30" WIDTH="123" CONTENT="ganzen" WC="0.96" />
          </TextLine>
          <TextLine ID="TextLine_46" HPOS="163" VPOS="2511" HEIGHT="43" WIDTH="899">
            <String ID="Textword_246" HPOS="163" VPOS="2516" HEIGHT="32" WIDTH="123" CONTENT="Streik-" WC="0.92" />
            <String ID="Textword_247" HPOS="317" VPOS="2517" HEIGHT="31" WIDTH="64" CONTENT="und" WC="0.91" />
            <String ID="Textword_248" HPOS="412" VPOS="2514" HEIGHT="40" WIDTH="361" CONTENT="Aussperrungsgebiet" WC="0.91" />
            <String ID="Textword_249" HPOS="805" VPOS="2513" HEIGHT="41" WIDTH="80" CONTENT="ohne" WC="0.92" />
            <String ID="Textword_250" HPOS="919" VPOS="2511" HEIGHT="34" WIDTH="143" CONTENT="Schwie-" WC="0.92" />
          </TextLine>
          <TextLine ID="TextLine_47" HPOS="160" VPOS="2566" HEIGHT="42" WIDTH="902">
            <String ID="Textword_251" HPOS="160" VPOS="2568" HEIGHT="40" WIDTH="131" CONTENT="rigkeit." WC="0.92" />
            <String ID="Textword_252" HPOS="334" VPOS="2569" HEIGHT="31" WIDTH="61" CONTENT="Die" WC="0.92" />
            <String ID="Textword_253" HPOS="439" VPOS="2566" HEIGHT="34" WIDTH="364" CONTENT="sozialdemokratische" WC="0.78" />
            <String ID="Textword_254" HPOS="826" VPOS="2566" HEIGHT="31" WIDTH="120" CONTENT="Presse" WC="0.93" />
            <String ID="Textword_255" HPOS="990" VPOS="2574" HEIGHT="23" WIDTH="72" CONTENT="ver-" WC="0.91" />
          </TextLine>
          <TextLine ID="TextLine_48" HPOS="162" VPOS="2617" HEIGHT="39" WIDTH="900">
            <String ID="Textword_256" HPOS="162" VPOS="2621" HEIGHT="33" WIDTH="94" CONTENT="sucht" WC="0.95" />
            <String ID="Textword_257" HPOS="274" VPOS="2631" HEIGHT="22" WIDTH="34" CONTENT="es" WC="0.95" />
            <String ID="Textword_258" HPOS="327" VPOS="2621" HEIGHT="32" WIDTH="61" CONTENT="wie" WC="0.96" />
            <String ID="Textword_259" HPOS="407" VPOS="2621" HEIGHT="31" WIDTH="32" CONTENT="in" WC="0.94" />
            <String ID="Textword_260" HPOS="458" VPOS="2620" HEIGHT="32" WIDTH="141" CONTENT="anderen" WC="0.94" />
            <String ID="Textword_261" HPOS="618" VPOS="2630" HEIGHT="22" WIDTH="34" CONTENT="so" WC="0.86" />
            <String ID="Textword_262" HPOS="672" VPOS="2619" HEIGHT="33" WIDTH="81" CONTENT="auch" WC="0.96" />
            <String ID="Textword_263" HPOS="772" VPOS="2619" HEIGHT="32" WIDTH="31" CONTENT="in" WC="0.96" />
            <String ID="Textword_264" HPOS="821" VPOS="2618" HEIGHT="32" WIDTH="122" CONTENT="diesem" WC="0.96" />
            <String ID="Textword_265" HPOS="961" VPOS="2617" HEIGHT="39" WIDTH="101" CONTENT="Falle," WC="0.96" />
          </TextLine>
          <TextLine ID="TextLine_49" HPOS="161" VPOS="2670" HEIGHT="43" WIDTH="902">
            <String ID="Textword_266" HPOS="161" VPOS="2674" HEIGHT="32" WIDTH="92" CONTENT="einen" WC="0.95" />
            <String ID="Textword_267" HPOS="280" VPOS="2674" HEIGHT="39" WIDTH="77" CONTENT="Sieg" WC="0.95" />
            <String ID="Textword_268" HPOS="381" VPOS="2674" HEIGHT="31" WIDTH="51" CONTENT="für" WC="0.96" />
            <String ID="Textword_269" HPOS="457" VPOS="2673" HEIGHT="32" WIDTH="51" CONTENT="die" WC="0.96" />
            <String ID="Textword_270" HPOS="535" VPOS="2672" HEIGHT="33" WIDTH="252" CONTENT="Gewerkschaft" WC="0.93" />
            <String ID="Textword_271" HPOS="811" VPOS="2670" HEIGHT="34" WIDTH="252" CONTENT="herauszurech-" WC="0.91" />
          </TextLine>
          <TextLine ID="TextLine_50" HPOS="160" VPOS="2723" HEIGHT="39" WIDTH="904">
            <String ID="Textword_272" HPOS="160" VPOS="2737" HEIGHT="22" WIDTH="72" CONTENT="nen." WC="0.95" />
            <String ID="Textword_273" HPOS="251" VPOS="2727" HEIGHT="32" WIDTH="53" CONTENT="Sie" WC="0.93" />
            <String ID="Textword_274" HPOS="320" VPOS="2727" HEIGHT="32" WIDTH="146" CONTENT="verfährt" WC="0.91" />
            <String ID="Textword_275" HPOS="481" VPOS="2726" HEIGHT="32" WIDTH="96" CONTENT="dabei" WC="0.96" />
            <String ID="Textword_276" HPOS="593" VPOS="2726" HEIGHT="31" WIDTH="31" CONTENT="in" WC="0.96" />
            <String ID="Textword_277" HPOS="641" VPOS="2726" HEIGHT="32" WIDTH="57" CONTENT="der" WC="0.96" />
            <String ID="Textword_278" HPOS="713" VPOS="2725" HEIGHT="32" WIDTH="184" CONTENT="bekannten" WC="0.96" />
            <String ID="Textword_279" HPOS="913" VPOS="2724" HEIGHT="38" WIDTH="69" CONTENT="Art," WC="0.96" />
            <String ID="Textword_280" HPOS="1000" VPOS="2723" HEIGHT="33" WIDTH="64" CONTENT="daß" WC="0.96" />
          </TextLine>
          <TextLine ID="TextLine_51" HPOS="163" VPOS="2776" HEIGHT="40" WIDTH="900">
            <String ID="Textword_281" HPOS="163" VPOS="2780" HEIGHT="33" WIDTH="46" CONTENT="sie" WC="0.94" />
            <String ID="Textword_282" HPOS="235" VPOS="2780" HEIGHT="32" WIDTH="61" CONTENT="den" WC="0.94" />
            <String ID="Textword_283" HPOS="321" VPOS="2779" HEIGHT="32" WIDTH="258" CONTENT="Unternehmern" WC="0.96" />
            <String ID="Textword_284" HPOS="604" VPOS="2778" HEIGHT="38" WIDTH="189" CONTENT="Absichten," WC="0.96" />
            <String ID="Textword_285" HPOS="819" VPOS="2778" HEIGHT="32" WIDTH="51" CONTENT="die" WC="0.96" />
            <String ID="Textword_286" HPOS="896" VPOS="2777" HEIGHT="32" WIDTH="91" CONTENT="diese" WC="0.96" />
            <String ID="Textword_287" HPOS="1012" VPOS="2776" HEIGHT="33" WIDTH="51" CONTENT="nie" WC="0.96" />
          </TextLine>
          <TextLine ID="TextLine_52" HPOS="163" VPOS="2829" HEIGHT="43" WIDTH="901">
            <String ID="Textword_288" HPOS="163" VPOS="2833" HEIGHT="39" WIDTH="120" CONTENT="gehegt" WC="0.93" />
            <String ID="Textword_289" HPOS="301" VPOS="2832" HEIGHT="38" WIDTH="114" CONTENT="haben," WC="0.93" />
            <String ID="Textword_290" HPOS="433" VPOS="2831" HEIGHT="33" WIDTH="225" CONTENT="unterschiebt" WC="0.92" />
            <String ID="Textword_291" HPOS="674" VPOS="2831" HEIGHT="32" WIDTH="64" CONTENT="und" WC="0.96" />
            <String ID="Textword_292" HPOS="757" VPOS="2831" HEIGHT="31" WIDTH="82" CONTENT="dann" WC="0.96" />
            <String ID="Textword_293" HPOS="856" VPOS="2829" HEIGHT="39" WIDTH="208" CONTENT="konstatiert," WC="0.96" />
          </TextLine>
          <TextLine ID="TextLine_53" HPOS="161" VPOS="2882" HEIGHT="42" WIDTH="905">
            <String ID="Textword_294" HPOS="161" VPOS="2885" HEIGHT="39" WIDTH="73" CONTENT="jene" WC="0.95" />
            <String ID="Textword_295" HPOS="264" VPOS="2885" HEIGHT="32" WIDTH="179" CONTENT="Absichten" WC="0.95" />
            <String ID="Textword_296" HPOS="472" VPOS="2885" HEIGHT="31" WIDTH="112" CONTENT="hätten" WC="0.96" />
            <String ID="Textword_297" HPOS="615" VPOS="2884" HEIGHT="32" WIDTH="81" CONTENT="doch" WC="0.96" />
            <String ID="Textword_298" HPOS="726" VPOS="2883" HEIGHT="33" WIDTH="90" CONTENT="nicht" WC="0.96" />
            <String ID="Textword_299" HPOS="843" VPOS="2882" HEIGHT="33" WIDTH="223" CONTENT="verwirklicht" WC="0.96" />
          </TextLine>
          <TextLine ID="TextLine_54" HPOS="162" VPOS="2935" HEIGHT="39" WIDTH="903">
            <String ID="Textword_300" HPOS="162" VPOS="2938" HEIGHT="32" WIDTH="131" CONTENT="werden" WC="0.96" />
            <String ID="Textword_301" HPOS="312" VPOS="2938" HEIGHT="32" WIDTH="137" CONTENT="können." WC="0.96" />
            <String ID="Textword_302" HPOS="468" VPOS="2936" HEIGHT="33" WIDTH="164" CONTENT="Tatsache" WC="0.96" />
            <String ID="Textword_303" HPOS="652" VPOS="2937" HEIGHT="32" WIDTH="44" CONTENT="ist" WC="0.96" />
            <String ID="Textword_304" HPOS="714" VPOS="2936" HEIGHT="32" WIDTH="64" CONTENT="und" WC="0.96" />
            <String ID="Textword_305" HPOS="796" VPOS="2935" HEIGHT="39" WIDTH="112" CONTENT="bleibt," WC="0.95" />
            <String ID="Textword_306" HPOS="929" VPOS="2935" HEIGHT="33" WIDTH="65" CONTENT="daß" WC="0.94" />
            <String ID="Textword_307" HPOS="1014" VPOS="2935" HEIGHT="33" WIDTH="51" CONTENT="die" WC="0.94" />
          </TextLine>
          <TextLine ID="TextLine_55" HPOS="163" VPOS="2989" HEIGHT="40" WIDTH="902">
            <String ID="Textword_308" HPOS="163" VPOS="2991" HEIGHT="32" WIDTH="150" CONTENT="Arbeiter" WC="0.96" />
            <String ID="Textword_309" HPOS="336" VPOS="2990" HEIGHT="33" WIDTH="82" CONTENT="auch" WC="0.96" />
            <String ID="Textword_310" HPOS="440" VPOS="2990" HEIGHT="32" WIDTH="89" CONTENT="nicht" WC="0.96" />
            <String ID="Textword_311" HPOS="552" VPOS="2990" HEIGHT="32" WIDTH="52" CONTENT="die" WC="0.96" />
            <String ID="Textword_312" HPOS="628" VPOS="2989" HEIGHT="40" WIDTH="167" CONTENT="geringste" WC="0.96" />
            <String ID="Textword_313" HPOS="817" VPOS="2999" HEIGHT="22" WIDTH="62" CONTENT="von" WC="0.96" />
            <String ID="Textword_314" HPOS="903" VPOS="2989" HEIGHT="32" WIDTH="61" CONTENT="den" WC="0.93" />
            <String ID="Textword_315" HPOS="987" VPOS="2989" HEIGHT="31" WIDTH="78" CONTENT="For-" WC="0.92" />
          </TextLine>
          <TextLine ID="TextLine_56" HPOS="164" VPOS="3042" HEIGHT="41" WIDTH="902">
            <String ID="Textword_316" HPOS="164" VPOS="3044" HEIGHT="39" WIDTH="164" CONTENT="derungen" WC="0.95" />
            <String ID="Textword_317" HPOS="354" VPOS="3043" HEIGHT="32" WIDTH="104" CONTENT="haben" WC="0.94" />
            <String ID="Textword_318" HPOS="485" VPOS="3042" HEIGHT="33" WIDTH="215" CONTENT="durchsetzen" WC="0.96" />
            <String ID="Textword_319" HPOS="726" VPOS="3042" HEIGHT="38" WIDTH="136" CONTENT="können," WC="0.96" />
            <String ID="Textword_320" HPOS="889" VPOS="3052" HEIGHT="22" WIDTH="51" CONTENT="um" WC="0.96" />
            <String ID="Textword_321" HPOS="968" VPOS="3042" HEIGHT="32" WIDTH="98" CONTENT="deren" WC="0.96" />
          </TextLine>
          <TextLine ID="TextLine_57" HPOS="164" VPOS="3094" HEIGHT="40" WIDTH="921">
            <String ID="Textword_322" HPOS="164" VPOS="3097" HEIGHT="31" WIDTH="107" CONTENT="willen" WC="0.96" />
            <String ID="Textword_323" HPOS="292" VPOS="3096" HEIGHT="32" WIDTH="45" CONTENT="sie" WC="0.96" />
            <String ID="Textword_324" HPOS="360" VPOS="3096" HEIGHT="32" WIDTH="173" CONTENT="seinerzeit" WC="0.96" />
            <String ID="Textword_325" HPOS="554" VPOS="3095" HEIGHT="33" WIDTH="62" CONTENT="den" WC="0.93" />
            <String ID="Textword_326" HPOS="635" VPOS="3094" HEIGHT="40" WIDTH="230" CONTENT="Riesenkampf" WC="0.92" />
            <String ID="Textword_327" HPOS="886" VPOS="3094" HEIGHT="39" WIDTH="170" CONTENT="begannen." WC="0.96" />
            <String ID="Textword_328" HPOS="1060" VPOS="3110" HEIGHT="16" WIDTH="25" CONTENT="|" WC="0.41" />
          </TextLine>
        </TextBlock>
        <TextBlock ID="TextBlock_10" HPOS="1055" VPOS="0" HEIGHT="3224" WIDTH="57">
          <TextLine ID="TextLine_58" HPOS="1055" VPOS="0" HEIGHT="3224" WIDTH="57">
            <SP ID="Textword_5" HPOS="1055" VPOS="0" />
            <String ID="Textword_329" HPOS="1055" VPOS="0" HEIGHT="3224" WIDTH="57" CONTENT=" " WC="0.95" />
          </TextLine>
        </TextBlock>
      </PrintSpace>
    </Page>
  </Layout>
</alto>
