<?xml version="1.0" encoding="UTF-8"?>
<alto xmlns="http://www.loc.gov/standards/alto/ns-v2#" xmlns:xsi="http://www.w3.org/2001/XMLSchema-instance" xsi:schemaLocation="http://www.loc.gov/standards/alto/ns-v2# http://www.loc.gov/standards/alto/alto.xsd">
  <Description>
    <MeasurementUnit>pixel</MeasurementUnit>
    <sourceImageInformation />
    <OCRProcessing ID="OCR_1">
      <preProcessingStep>
        <processingDateTime>2019-05-08T04:24:23</processingDateTime>
        <processingAgency>intranda GmbH, www.intranda.com</processingAgency>
        <processingSoftware>
          <softwareCreator>intranda GmbH, Germany</softwareCreator>
          <softwareName>intranda OCR Module for TaskManager</softwareName>
          <softwareVersion>1.0r42</softwareVersion>
        </processingSoftware>
      </preProcessingStep>
      <ocrProcessingStep>
        <processingSoftware>
          <softwareCreator>Tesseract contributors</softwareCreator>
          <softwareName>Tesseract Open Source OCR Engine</softwareName>
          <softwareVersion>4.0.0-beta.1-270-g5a56</softwareVersion>
        </processingSoftware>
      </ocrProcessingStep>
    </OCRProcessing>
  </Description>
  <Layout>
    <Page ID="PAGE_1" HEIGHT="4972" WIDTH="3268" PHYSICAL_IMG_NR="1">
      <PrintSpace ID="PrintSpace_1" HPOS="0" VPOS="0" HEIGHT="4972" WIDTH="3268">
        <TextBlock ID="TextBlock_1" HPOS="2198" VPOS="300" HEIGHT="10" WIDTH="861">
          <TextLine ID="TextLine_1" HPOS="2198" VPOS="300" HEIGHT="10" WIDTH="861">
            <SP ID="Textword_1" HPOS="2198" VPOS="300" />
            <String ID="Textword_1" HPOS="2198" VPOS="300" HEIGHT="10" WIDTH="861" CONTENT=" " WC="0.95" />
          </TextLine>
        </TextBlock>
        <TextBlock ID="TextBlock_2" HPOS="304" VPOS="321" HEIGHT="10" WIDTH="905">
          <TextLine ID="TextLine_2" HPOS="304" VPOS="321" HEIGHT="10" WIDTH="905">
            <SP ID="Textword_2" HPOS="304" VPOS="321" />
            <String ID="Textword_2" HPOS="304" VPOS="321" HEIGHT="10" WIDTH="905" CONTENT=" " WC="0.95" />
          </TextLine>
        </TextBlock>
        <TextBlock ID="TextBlock_3" HPOS="2199" VPOS="368" HEIGHT="20" WIDTH="981">
          <TextLine ID="TextLine_3" HPOS="2199" VPOS="368" HEIGHT="20" WIDTH="981">
            <SP ID="Textword_3" HPOS="2199" VPOS="368" />
            <String ID="Textword_3" HPOS="2199" VPOS="368" HEIGHT="20" WIDTH="981" CONTENT=" " WC="0.95" />
          </TextLine>
        </TextBlock>
        <TextBlock ID="TextBlock_4" HPOS="0" VPOS="0" HEIGHT="970" WIDTH="3126">
          <TextLine ID="TextLine_4" HPOS="0" VPOS="0" HEIGHT="458" WIDTH="3126">
            <SP ID="Textword_4" HPOS="0" VPOS="0" />
            <String ID="Textword_4" HPOS="0" VPOS="0" HEIGHT="458" WIDTH="3126" CONTENT=" " WC="0.95" />
          </TextLine>
          <TextLine ID="TextLine_5" HPOS="0" VPOS="458" HEIGHT="512" WIDTH="3126">
            <SP ID="Textword_5" HPOS="0" VPOS="458" />
            <String ID="Textword_5" HPOS="0" VPOS="458" HEIGHT="512" WIDTH="3126" CONTENT="        " WC="0.95" />
          </TextLine>
        </TextBlock>
        <TextBlock ID="TextBlock_5" HPOS="2457" VPOS="504" HEIGHT="1" WIDTH="76">
          <TextLine ID="TextLine_6" HPOS="2457" VPOS="504" HEIGHT="1" WIDTH="76">
            <SP ID="Textword_6" HPOS="2457" VPOS="504" />
            <String ID="Textword_6" HPOS="2457" VPOS="504" HEIGHT="1" WIDTH="76" CONTENT=" " WC="0.95" />
          </TextLine>
        </TextBlock>
        <TextBlock ID="TextBlock_6" HPOS="2371" VPOS="542" HEIGHT="6" WIDTH="118">
          <TextLine ID="TextLine_7" HPOS="2371" VPOS="542" HEIGHT="6" WIDTH="118">
            <SP ID="Textword_7" HPOS="2371" VPOS="542" />
            <String ID="Textword_7" HPOS="2371" VPOS="542" HEIGHT="6" WIDTH="118" CONTENT=" " WC="0.95" />
          </TextLine>
        </TextBlock>
        <TextBlock ID="TextBlock_7" HPOS="2465" VPOS="495" HEIGHT="99" WIDTH="1">
          <TextLine ID="TextLine_8" HPOS="2465" VPOS="495" HEIGHT="99" WIDTH="1">
            <SP ID="Textword_8" HPOS="2465" VPOS="495" />
            <String ID="Textword_8" HPOS="2465" VPOS="495" HEIGHT="99" WIDTH="1" CONTENT=" " WC="0.95" />
          </TextLine>
        </TextBlock>
        <TextBlock ID="TextBlock_8" HPOS="1372" VPOS="458" HEIGHT="352" WIDTH="1754">
          <TextLine ID="TextLine_9" HPOS="1372" VPOS="458" HEIGHT="352" WIDTH="1754">
            <SP ID="Textword_9" HPOS="1372" VPOS="458" />
            <String ID="Textword_9" HPOS="1372" VPOS="458" HEIGHT="352" WIDTH="1754" CONTENT="  " WC="0.95" />
          </TextLine>
        </TextBlock>
        <TextBlock ID="TextBlock_9" HPOS="2459" VPOS="495" HEIGHT="199" WIDTH="4">
          <TextLine ID="TextLine_10" HPOS="2459" VPOS="495" HEIGHT="199" WIDTH="4">
            <SP ID="Textword_10" HPOS="2459" VPOS="495" />
            <String ID="Textword_10" HPOS="2459" VPOS="495" HEIGHT="199" WIDTH="4" CONTENT=" " WC="0.95" />
          </TextLine>
        </TextBlock>
        <TextBlock ID="TextBlock_10" HPOS="2359" VPOS="608" HEIGHT="108" WIDTH="6">
          <TextLine ID="TextLine_11" HPOS="2359" VPOS="608" HEIGHT="108" WIDTH="6">
            <SP ID="Textword_11" HPOS="2359" VPOS="608" />
            <String ID="Textword_11" HPOS="2359" VPOS="608" HEIGHT="108" WIDTH="6" CONTENT=" " WC="0.95" />
          </TextLine>
        </TextBlock>
        <TextBlock ID="TextBlock_11" HPOS="2251" VPOS="711" HEIGHT="5" WIDTH="115">
          <TextLine ID="TextLine_12" HPOS="2251" VPOS="711" HEIGHT="5" WIDTH="115">
            <SP ID="Textword_12" HPOS="2251" VPOS="711" />
            <String ID="Textword_12" HPOS="2251" VPOS="711" HEIGHT="5" WIDTH="115" CONTENT=" " WC="0.95" />
          </TextLine>
        </TextBlock>
        <TextBlock ID="TextBlock_12" HPOS="424" VPOS="546" HEIGHT="188" WIDTH="948">
          <TextLine ID="TextLine_13" HPOS="424" VPOS="546" HEIGHT="188" WIDTH="948">
            <String ID="Textword_13" HPOS="424" VPOS="550" HEIGHT="184" WIDTH="425" CONTENT="Adolph" WC="0.93" />
            <String ID="Textword_14" HPOS="921" VPOS="546" HEIGHT="176" WIDTH="451" CONTENT="Saurer," WC="0.90" />
          </TextLine>
        </TextBlock>
        <TextBlock ID="TextBlock_13" HPOS="563" VPOS="737" HEIGHT="82" WIDTH="1119">
          <TextLine ID="TextLine_14" HPOS="563" VPOS="737" HEIGHT="82" WIDTH="1119">
            <String ID="Textword_15" HPOS="563" VPOS="743" HEIGHT="69" WIDTH="498" CONTENT="Maschinenfabrik" WC="0.96" />
            <String ID="Textword_16" HPOS="1100" VPOS="741" HEIGHT="63" WIDTH="114" CONTENT="und" WC="0.93" />
            <String ID="Textword_17" HPOS="1250" VPOS="737" HEIGHT="82" WIDTH="432" CONTENT="Eisengiesserei" WC="0.91" />
          </TextLine>
        </TextBlock>
        <TextBlock ID="TextBlock_14" HPOS="808" VPOS="888" HEIGHT="47" WIDTH="884">
          <TextLine ID="TextLine_15" HPOS="808" VPOS="888" HEIGHT="47" WIDTH="884">
            <String ID="Textword_18" HPOS="808" VPOS="893" HEIGHT="42" WIDTH="248" CONTENT="Abteilung:" WC="0.91" />
            <String ID="Textword_19" HPOS="1089" VPOS="888" HEIGHT="37" WIDTH="351" CONTENT="MOTORBAU" WC="0.91" />
            <String ID="Textword_20" HPOS="1681" VPOS="912" HEIGHT="18" WIDTH="11" CONTENT="è" WC="0.49" />
          </TextLine>
        </TextBlock>
        <TextBlock ID="TextBlock_15" HPOS="387" VPOS="981" HEIGHT="292" WIDTH="1481">
          <TextLine ID="TextLine_16" HPOS="387" VPOS="981" HEIGHT="154" WIDTH="1478">
            <String ID="Textword_21" HPOS="387" VPOS="981" HEIGHT="143" WIDTH="345" CONTENT="Petrol-," WC="0.91" />
            <String ID="Textword_22" HPOS="782" VPOS="1009" HEIGHT="98" WIDTH="354" CONTENT="Benzin-" WC="0.92" />
            <String ID="Textword_23" HPOS="1176" VPOS="1038" HEIGHT="66" WIDTH="78" CONTENT="u." WC="0.93" />
            <String ID="Textword_24" HPOS="1291" VPOS="1005" HEIGHT="130" WIDTH="574" CONTENT="Gasmotoren" WC="0.92" />
          </TextLine>
          <TextLine ID="TextLine_17" HPOS="388" VPOS="1149" HEIGHT="124" WIDTH="1480">
            <String ID="Textword_25" HPOS="388" VPOS="1190" HEIGHT="11" WIDTH="262" CONTENT="=" WC="0.37" />
            <String ID="Textword_26" HPOS="718" VPOS="1149" HEIGHT="124" WIDTH="832" CONTENT="Sauggas-Anlagen" WC="0.90" />
            <String ID="Textword_27" HPOS="1606" VPOS="1179" HEIGHT="9" WIDTH="262" CONTENT="==" WC="0.90" />
          </TextLine>
        </TextBlock>
        <TextBlock ID="TextBlock_16" HPOS="2249" VPOS="594" HEIGHT="155" WIDTH="6">
          <TextLine ID="TextLine_18" HPOS="2249" VPOS="594" HEIGHT="155" WIDTH="6">
            <SP ID="Textword_13" HPOS="2249" VPOS="594" />
            <String ID="Textword_28" HPOS="2249" VPOS="594" HEIGHT="155" WIDTH="6" CONTENT=" " WC="0.95" />
          </TextLine>
        </TextBlock>
        <TextBlock ID="TextBlock_17" HPOS="0" VPOS="865" HEIGHT="1607" WIDTH="3126">
          <TextLine ID="TextLine_19" HPOS="0" VPOS="865" HEIGHT="150" WIDTH="3126">
            <SP ID="Textword_14" HPOS="0" VPOS="970" />
            <String ID="Textword_29" HPOS="0" VPOS="970" HEIGHT="45" WIDTH="354" CONTENT=" " WC="0.95" />
            <SP ID="Textword_15" HPOS="1905" VPOS="865" />
            <String ID="Textword_30" HPOS="1905" VPOS="865" HEIGHT="105" WIDTH="1221" CONTENT="   " WC="0.95" />
          </TextLine>
          <TextLine ID="TextLine_20" HPOS="0" VPOS="1015" HEIGHT="217" WIDTH="1998">
            <SP ID="Textword_16" HPOS="0" VPOS="1015" />
            <String ID="Textword_31" HPOS="0" VPOS="1015" HEIGHT="217" WIDTH="361" CONTENT="  " WC="0.95" />
            <SP ID="Textword_17" HPOS="1902" VPOS="1015" />
            <String ID="Textword_32" HPOS="1902" VPOS="1015" HEIGHT="150" WIDTH="96" CONTENT=" " WC="0.95" />
          </TextLine>
          <TextLine ID="TextLine_21" HPOS="1902" VPOS="1165" HEIGHT="67" WIDTH="97">
            <SP ID="Textword_18" HPOS="1902" VPOS="1165" />
            <String ID="Textword_33" HPOS="1902" VPOS="1165" HEIGHT="67" WIDTH="97" CONTENT=" " WC="0.95" />
          </TextLine>
          <TextLine ID="TextLine_22" HPOS="0" VPOS="1232" HEIGHT="145" WIDTH="1999">
            <SP ID="Textword_19" HPOS="0" VPOS="1232" />
            <String ID="Textword_34" HPOS="0" VPOS="1232" HEIGHT="145" WIDTH="1999" CONTENT="   " WC="0.95" />
          </TextLine>
          <TextLine ID="TextLine_23" HPOS="0" VPOS="1413" HEIGHT="142" WIDTH="2002">
            <SP ID="Textword_20" HPOS="0" VPOS="1413" />
            <String ID="Textword_35" HPOS="0" VPOS="1413" HEIGHT="142" WIDTH="2002" CONTENT="   " WC="0.95" />
          </TextLine>
          <TextLine ID="TextLine_24" HPOS="0" VPOS="1588" HEIGHT="97" WIDTH="2019">
            <SP ID="Textword_21" HPOS="0" VPOS="1588" />
            <String ID="Textword_36" HPOS="0" VPOS="1588" HEIGHT="97" WIDTH="2019" CONTENT="  " WC="0.95" />
          </TextLine>
          <TextLine ID="TextLine_25" HPOS="0" VPOS="1685" HEIGHT="155" WIDTH="2019">
            <SP ID="Textword_22" HPOS="0" VPOS="1685" />
            <String ID="Textword_37" HPOS="0" VPOS="1685" HEIGHT="155" WIDTH="2019" CONTENT="  " WC="0.95" />
          </TextLine>
          <TextLine ID="TextLine_26" HPOS="0" VPOS="1840" HEIGHT="96" WIDTH="2019">
            <SP ID="Textword_23" HPOS="0" VPOS="1840" />
            <String ID="Textword_38" HPOS="0" VPOS="1840" HEIGHT="96" WIDTH="362" CONTENT=" " WC="0.95" />
            <SP ID="Textword_24" HPOS="1904" VPOS="1840" />
            <String ID="Textword_39" HPOS="1904" VPOS="1840" HEIGHT="96" WIDTH="115" CONTENT=" " WC="0.95" />
          </TextLine>
          <TextLine ID="TextLine_27" HPOS="0" VPOS="1936" HEIGHT="105" WIDTH="2019">
            <SP ID="Textword_25" HPOS="0" VPOS="1936" />
            <String ID="Textword_40" HPOS="0" VPOS="1936" HEIGHT="105" WIDTH="362" CONTENT=" " WC="0.95" />
            <SP ID="Textword_26" HPOS="1904" VPOS="1936" />
            <String ID="Textword_41" HPOS="1904" VPOS="1936" HEIGHT="105" WIDTH="115" CONTENT=" " WC="0.95" />
          </TextLine>
          <TextLine ID="TextLine_28" HPOS="0" VPOS="2041" HEIGHT="198" WIDTH="2019">
            <SP ID="Textword_27" HPOS="0" VPOS="2041" />
            <String ID="Textword_42" HPOS="0" VPOS="2041" HEIGHT="198" WIDTH="364" CONTENT="  " WC="0.95" />
            <SP ID="Textword_28" HPOS="1904" VPOS="2041" />
            <String ID="Textword_43" HPOS="1904" VPOS="2041" HEIGHT="198" WIDTH="115" CONTENT="  " WC="0.95" />
          </TextLine>
          <TextLine ID="TextLine_29" HPOS="0" VPOS="2239" HEIGHT="233" WIDTH="2019">
            <SP ID="Textword_29" HPOS="0" VPOS="2239" />
            <String ID="Textword_44" HPOS="0" VPOS="2239" HEIGHT="233" WIDTH="609" CONTENT="  " WC="0.95" />
            <SP ID="Textword_30" HPOS="1904" VPOS="2239" />
            <String ID="Textword_45" HPOS="1904" VPOS="2239" HEIGHT="162" WIDTH="115" CONTENT=" " WC="0.95" />
          </TextLine>
        </TextBlock>
        <TextBlock ID="TextBlock_18" HPOS="3092" VPOS="867" HEIGHT="91" WIDTH="34">
          <TextLine ID="TextLine_30" HPOS="3092" VPOS="867" HEIGHT="91" WIDTH="34">
            <SP ID="Textword_31" HPOS="3092" VPOS="867" />
            <String ID="Textword_46" HPOS="3092" VPOS="867" HEIGHT="91" WIDTH="34" CONTENT=" " WC="0.95" />
          </TextLine>
        </TextBlock>
        <TextBlock ID="TextBlock_19" HPOS="3174" VPOS="368" HEIGHT="613" WIDTH="19">
          <TextLine ID="TextLine_31" HPOS="3174" VPOS="368" HEIGHT="613" WIDTH="19">
            <SP ID="Textword_32" HPOS="3174" VPOS="368" />
            <String ID="Textword_47" HPOS="3174" VPOS="368" HEIGHT="613" WIDTH="19" CONTENT=" " WC="0.95" />
          </TextLine>
        </TextBlock>
        <TextBlock ID="TextBlock_20" HPOS="2122" VPOS="861" HEIGHT="117" WIDTH="970">
          <TextLine ID="TextLine_32" HPOS="2122" VPOS="861" HEIGHT="117" WIDTH="970">
            <String ID="Textword_48" HPOS="2122" VPOS="861" HEIGHT="117" WIDTH="464" CONTENT="THALWIL" WC="0.75" />
            <String ID="Textword_49" HPOS="2611" VPOS="932" HEIGHT="15" WIDTH="9" CONTENT=":" WC="0.58" />
            <String ID="Textword_50" HPOS="2609" VPOS="889" HEIGHT="78" WIDTH="483" CONTENT="-ZÜRIEH" WC="0.40" />
          </TextLine>
        </TextBlock>
        <TextBlock ID="TextBlock_21" HPOS="2028" VPOS="1042" HEIGHT="127" WIDTH="1143">
          <TextLine ID="TextLine_33" HPOS="2028" VPOS="1042" HEIGHT="127" WIDTH="1143">
            <String ID="Textword_51" HPOS="2028" VPOS="1052" HEIGHT="117" WIDTH="581" CONTENT="Erfindungen" WC="0.96" />
            <String ID="Textword_52" HPOS="2661" VPOS="1047" HEIGHT="89" WIDTH="186" CONTENT="und" WC="0.93" />
            <String ID="Textword_53" HPOS="2876" VPOS="1042" HEIGHT="93" WIDTH="295" CONTENT="Jdeen" WC="0.90" />
          </TextLine>
        </TextBlock>
        <TextBlock ID="TextBlock_22" HPOS="1993" VPOS="1170" HEIGHT="495" WIDTH="1181">
          <TextLine ID="TextLine_34" HPOS="2027" VPOS="1170" HEIGHT="45" WIDTH="1145">
            <String ID="Textword_54" HPOS="2027" VPOS="1183" HEIGHT="32" WIDTH="107" CONTENT="aller" WC="0.95" />
            <String ID="Textword_55" HPOS="2151" VPOS="1181" HEIGHT="31" WIDTH="81" CONTENT="Art" WC="0.95" />
            <String ID="Textword_56" HPOS="2252" VPOS="1179" HEIGHT="32" WIDTH="58" CONTENT="auf" WC="0.95" />
            <String ID="Textword_57" HPOS="2332" VPOS="1180" HEIGHT="30" WIDTH="69" CONTENT="dem" WC="0.96" />
            <String ID="Textword_58" HPOS="2420" VPOS="1177" HEIGHT="32" WIDTH="140" CONTENT="Gebiete" WC="0.96" />
            <String ID="Textword_59" HPOS="2586" VPOS="1177" HEIGHT="30" WIDTH="56" CONTENT="der" WC="0.96" />
            <String ID="Textword_60" HPOS="2661" VPOS="1173" HEIGHT="37" WIDTH="156" CONTENT="Technik," WC="0.96" />
            <String ID="Textword_61" HPOS="2845" VPOS="1171" HEIGHT="33" WIDTH="100" CONTENT="sowie" WC="0.95" />
            <String ID="Textword_62" HPOS="2964" VPOS="1170" HEIGHT="32" WIDTH="208" CONTENT="chemischen" WC="0.96" />
          </TextLine>
          <TextLine ID="TextLine_35" HPOS="2028" VPOS="1215" HEIGHT="43" WIDTH="1144">
            <String ID="Textword_63" HPOS="2028" VPOS="1226" HEIGHT="32" WIDTH="163" CONTENT="Industrie" WC="0.96" />
            <String ID="Textword_64" HPOS="2218" VPOS="1229" HEIGHT="27" WIDTH="62" CONTENT="etc." WC="0.96" />
            <String ID="Textword_65" HPOS="2306" VPOS="1224" HEIGHT="30" WIDTH="133" CONTENT="werden" WC="0.94" />
            <String ID="Textword_66" HPOS="2465" VPOS="1221" HEIGHT="32" WIDTH="59" CONTENT="auf" WC="0.93" />
            <String ID="Textword_67" HPOS="2545" VPOS="1218" HEIGHT="40" WIDTH="287" CONTENT="Patentfähigkeit" WC="0.91" />
            <String ID="Textword_68" HPOS="2857" VPOS="1216" HEIGHT="41" WIDTH="143" CONTENT="geprüft." WC="0.93" />
            <String ID="Textword_69" HPOS="3036" VPOS="1215" HEIGHT="30" WIDTH="136" CONTENT="Patent-" WC="0.92" />
          </TextLine>
          <TextLine ID="TextLine_36" HPOS="2026" VPOS="1259" HEIGHT="44" WIDTH="1146">
            <String ID="Textword_70" HPOS="2026" VPOS="1273" HEIGHT="30" WIDTH="114" CONTENT="schutz" WC="0.94" />
            <String ID="Textword_71" HPOS="2174" VPOS="1268" HEIGHT="33" WIDTH="125" CONTENT="hierfür" WC="0.93" />
            <String ID="Textword_72" HPOS="2336" VPOS="1267" HEIGHT="32" WIDTH="135" CONTENT="erwirkt" WC="0.92" />
            <String ID="Textword_73" HPOS="2504" VPOS="1266" HEIGHT="30" WIDTH="66" CONTENT="und" WC="0.96" />
            <String ID="Textword_74" HPOS="2593" VPOS="1263" HEIGHT="33" WIDTH="156" CONTENT="verkauft" WC="0.96" />
            <String ID="Textword_75" HPOS="2773" VPOS="1271" HEIGHT="32" WIDTH="108" CONTENT="gegen" WC="0.96" />
            <String ID="Textword_76" HPOS="2906" VPOS="1259" HEIGHT="40" WIDTH="158" CONTENT="sofortige" WC="0.94" />
            <String ID="Textword_77" HPOS="3088" VPOS="1259" HEIGHT="30" WIDTH="84" CONTENT="hohe" WC="0.96" />
          </TextLine>
          <TextLine ID="TextLine_37" HPOS="2028" VPOS="1304" HEIGHT="49" WIDTH="1145">
            <String ID="Textword_78" HPOS="2028" VPOS="1315" HEIGHT="38" WIDTH="260" CONTENT="Barbezahlung," WC="0.91" />
            <String ID="Textword_79" HPOS="2314" VPOS="1315" HEIGHT="29" WIDTH="108" CONTENT="event," WC="0.96" />
            <String ID="Textword_80" HPOS="2447" VPOS="1310" HEIGHT="31" WIDTH="59" CONTENT="mit" WC="0.93" />
            <String ID="Textword_81" HPOS="2532" VPOS="1307" HEIGHT="33" WIDTH="243" CONTENT="Gewinnanteil" WC="0.91" />
            <String ID="Textword_82" HPOS="2808" VPOS="1306" HEIGHT="32" WIDTH="53" CONTENT="bei" WC="0.96" />
            <String ID="Textword_83" HPOS="2884" VPOS="1304" HEIGHT="40" WIDTH="201" CONTENT="Vergebung" WC="0.94" />
            <String ID="Textword_84" HPOS="3108" VPOS="1312" HEIGHT="22" WIDTH="65" CONTENT="von" WC="0.96" />
          </TextLine>
          <TextLine ID="TextLine_38" HPOS="2029" VPOS="1353" HEIGHT="40" WIDTH="840">
            <String ID="Textword_85" HPOS="2029" VPOS="1361" HEIGHT="31" WIDTH="161" CONTENT="Licenzen" WC="0.91" />
            <String ID="Textword_86" HPOS="2215" VPOS="1357" HEIGHT="32" WIDTH="158" CONTENT="während" WC="0.91" />
            <String ID="Textword_87" HPOS="2397" VPOS="1357" HEIGHT="29" WIDTH="57" CONTENT="der" WC="0.93" />
            <String ID="Textword_88" HPOS="2481" VPOS="1363" HEIGHT="30" WIDTH="129" CONTENT="ganzen" WC="0.92" />
            <String ID="Textword_89" HPOS="2634" VPOS="1353" HEIGHT="31" WIDTH="235" CONTENT="Patentdauer." WC="0.91" />
          </TextLine>
          <TextLine ID="TextLine_39" HPOS="2116" VPOS="1392" HEIGHT="45" WIDTH="1057">
            <String ID="Textword_90" HPOS="2116" VPOS="1402" HEIGHT="33" WIDTH="195" CONTENT="Kostenlose" WC="0.91" />
            <String ID="Textword_91" HPOS="2336" VPOS="1399" HEIGHT="38" WIDTH="202" CONTENT="Ratschläge" WC="0.91" />
            <String ID="Textword_92" HPOS="2563" VPOS="1399" HEIGHT="30" WIDTH="65" CONTENT="und" WC="0.93" />
            <String ID="Textword_93" HPOS="2653" VPOS="1395" HEIGHT="33" WIDTH="188" CONTENT="Auskünfte" WC="0.91" />
            <String ID="Textword_94" HPOS="2874" VPOS="1393" HEIGHT="32" WIDTH="139" CONTENT="erteilen" WC="0.90" />
            <String ID="Textword_95" HPOS="3037" VPOS="1392" HEIGHT="31" WIDTH="136" CONTENT="Patent-" WC="0.92" />
          </TextLine>
          <TextLine ID="TextLine_40" HPOS="2028" VPOS="1434" HEIGHT="51" WIDTH="1145">
            <String ID="Textword_96" HPOS="2028" VPOS="1448" HEIGHT="32" WIDTH="140" CONTENT="anwälte" WC="0.61" />
            <String ID="Textword_97" HPOS="2189" VPOS="1446" HEIGHT="31" WIDTH="52" CONTENT="H." WC="0.90" />
            <String ID="Textword_98" HPOS="2259" VPOS="1446" HEIGHT="39" WIDTH="126" CONTENT="Krug" WC="0.88" />
            <String ID="Textword_99" HPOS="2401" VPOS="1445" HEIGHT="29" WIDTH="67" CONTENT="und" WC="0.96" />
            <String ID="Textword_100" HPOS="2484" VPOS="1425" HEIGHT="49" WIDTH="229" CONTENT="Professor" WC="0.93" />
            <String ID="Textword_101" HPOS="2731" VPOS="1440" HEIGHT="31" WIDTH="42" CONTENT="S." WC="0.66" />
            <String ID="Textword_102" HPOS="2791" VPOS="1438" HEIGHT="41" WIDTH="185" CONTENT="Aquilar" WC="0.91" />
            <String ID="Textword_103" HPOS="2992" VPOS="1437" HEIGHT="30" WIDTH="33" CONTENT="in" WC="0.95" />
            <String ID="Textword_104" HPOS="3043" VPOS="1434" HEIGHT="33" WIDTH="130" CONTENT="Basel" WC="0.96" />
          </TextLine>
          <TextLine ID="TextLine_41" HPOS="2027" VPOS="1488" HEIGHT="45" WIDTH="505">
            <String ID="Textword_105" HPOS="2027" VPOS="1492" HEIGHT="41" WIDTH="185" CONTENT="(Schweiz)," WC="0.92" />
            <String ID="Textword_106" HPOS="2240" VPOS="1488" HEIGHT="33" WIDTH="214" CONTENT="Freiestrabe" WC="0.81" />
            <String ID="Textword_107" HPOS="2481" VPOS="1490" HEIGHT="28" WIDTH="51" CONTENT="32." WC="0.96" />
          </TextLine>
          <TextLine ID="TextLine_42" HPOS="2116" VPOS="1524" HEIGHT="45" WIDTH="1058">
            <String ID="Textword_108" HPOS="2116" VPOS="1537" HEIGHT="30" WIDTH="152" CONTENT="Bureaux" WC="0.96" />
            <String ID="Textword_109" HPOS="2294" VPOS="1534" HEIGHT="31" WIDTH="51" CONTENT="für" WC="0.93" />
            <String ID="Textword_110" HPOS="2369" VPOS="1531" HEIGHT="38" WIDTH="315" CONTENT="Patenterwirkung" WC="0.92" />
            <String ID="Textword_111" HPOS="2708" VPOS="1530" HEIGHT="30" WIDTH="65" CONTENT="und" WC="0.93" />
            <String ID="Textword_112" HPOS="2789" VPOS="1528" HEIGHT="37" WIDTH="220" CONTENT="Verwertung" WC="0.91" />
            <String ID="Textword_113" HPOS="3032" VPOS="1525" HEIGHT="31" WIDTH="34" CONTENT="in" WC="0.93" />
            <String ID="Textword_114" HPOS="3088" VPOS="1524" HEIGHT="31" WIDTH="86" CONTENT="allen" WC="0.93" />
          </TextLine>
          <TextLine ID="TextLine_43" HPOS="1993" VPOS="1556" HEIGHT="57" WIDTH="1181">
            <String ID="Textword_115" HPOS="1993" VPOS="1587" HEIGHT="2" WIDTH="3" CONTENT="||" WC="0.32" />
            <String ID="Textword_116" HPOS="2029" VPOS="1582" HEIGHT="31" WIDTH="119" CONTENT="Schutz" WC="0.48" />
            <String ID="Textword_117" HPOS="2185" VPOS="1579" HEIGHT="31" WIDTH="201" CONTENT="erteilenden" WC="0.90" />
            <String ID="Textword_118" HPOS="2417" VPOS="1577" HEIGHT="31" WIDTH="164" CONTENT="Ländern." WC="0.95" />
            <String ID="Textword_119" HPOS="2629" VPOS="1556" HEIGHT="49" WIDTH="67" CONTENT="Der" WC="0.96" />
            <String ID="Textword_120" HPOS="2721" VPOS="1572" HEIGHT="40" WIDTH="148" CONTENT="Anfrage" WC="0.96" />
            <String ID="Textword_121" HPOS="2900" VPOS="1571" HEIGHT="31" WIDTH="44" CONTENT="ist" WC="0.95" />
            <String ID="Textword_122" HPOS="2976" VPOS="1571" HEIGHT="30" WIDTH="58" CONTENT="das" WC="0.93" />
            <String ID="Textword_123" HPOS="3066" VPOS="1568" HEIGHT="32" WIDTH="108" CONTENT="Rück-" WC="0.93" />
          </TextLine>
          <TextLine ID="TextLine_44" HPOS="2030" VPOS="1624" HEIGHT="41" WIDTH="324">
            <String ID="Textword_124" HPOS="2030" VPOS="1629" HEIGHT="36" WIDTH="91" CONTENT="porto" WC="0.92" />
            <String ID="Textword_125" HPOS="2147" VPOS="1624" HEIGHT="38" WIDTH="207" CONTENT="beizufügen." WC="0.93" />
          </TextLine>
        </TextBlock>
        <TextBlock ID="TextBlock_23" HPOS="1903" VPOS="970" HEIGHT="45" WIDTH="139">
          <TextLine ID="TextLine_45" HPOS="1903" VPOS="970" HEIGHT="45" WIDTH="139">
            <SP ID="Textword_33" HPOS="1903" VPOS="970" />
            <String ID="Textword_126" HPOS="1903" VPOS="970" HEIGHT="45" WIDTH="139" CONTENT="  " WC="0.95" />
          </TextLine>
        </TextBlock>
        <TextBlock ID="TextBlock_24" HPOS="2023" VPOS="1015" HEIGHT="21" WIDTH="1143">
          <TextLine ID="TextLine_46" HPOS="2023" VPOS="1015" HEIGHT="21" WIDTH="1143">
            <SP ID="Textword_34" HPOS="2023" VPOS="1015" />
            <String ID="Textword_127" HPOS="2023" VPOS="1015" HEIGHT="21" WIDTH="1143" CONTENT=" " WC="0.95" />
          </TextLine>
        </TextBlock>
        <TextBlock ID="TextBlock_25" HPOS="1605" VPOS="1206" HEIGHT="10" WIDTH="263">
          <TextLine ID="TextLine_47" HPOS="1605" VPOS="1206" HEIGHT="10" WIDTH="263">
            <SP ID="Textword_35" HPOS="1605" VPOS="1206" />
            <String ID="Textword_128" HPOS="1605" VPOS="1206" HEIGHT="10" WIDTH="263" CONTENT=" " WC="0.95" />
          </TextLine>
        </TextBlock>
        <TextBlock ID="TextBlock_26" HPOS="386" VPOS="1217" HEIGHT="11" WIDTH="264">
          <TextLine ID="TextLine_48" HPOS="386" VPOS="1217" HEIGHT="11" WIDTH="264">
            <SP ID="Textword_36" HPOS="386" VPOS="1217" />
            <String ID="Textword_129" HPOS="386" VPOS="1217" HEIGHT="11" WIDTH="264" CONTENT=" " WC="0.95" />
          </TextLine>
        </TextBlock>
        <TextBlock ID="TextBlock_27" HPOS="1607" VPOS="1233" HEIGHT="10" WIDTH="261">
          <TextLine ID="TextLine_49" HPOS="1607" VPOS="1233" HEIGHT="10" WIDTH="261">
            <SP ID="Textword_37" HPOS="1607" VPOS="1233" />
            <String ID="Textword_130" HPOS="1607" VPOS="1233" HEIGHT="10" WIDTH="261" CONTENT=" " WC="0.95" />
          </TextLine>
        </TextBlock>
        <TextBlock ID="TextBlock_28" HPOS="386" VPOS="1243" HEIGHT="12" WIDTH="265">
          <TextLine ID="TextLine_50" HPOS="386" VPOS="1243" HEIGHT="12" WIDTH="265">
            <SP ID="Textword_38" HPOS="386" VPOS="1243" />
            <String ID="Textword_131" HPOS="386" VPOS="1243" HEIGHT="12" WIDTH="265" CONTENT=" " WC="0.95" />
          </TextLine>
        </TextBlock>
        <TextBlock ID="TextBlock_29" HPOS="429" VPOS="1321" HEIGHT="18" WIDTH="1404">
          <TextLine ID="TextLine_51" HPOS="429" VPOS="1321" HEIGHT="18" WIDTH="1404">
            <SP ID="Textword_39" HPOS="429" VPOS="1321" />
            <String ID="Textword_132" HPOS="429" VPOS="1321" HEIGHT="18" WIDTH="1404" CONTENT=" " WC="0.95" />
          </TextLine>
        </TextBlock>
        <TextBlock ID="TextBlock_30" HPOS="429" VPOS="1348" HEIGHT="20" WIDTH="1404">
          <TextLine ID="TextLine_52" HPOS="429" VPOS="1348" HEIGHT="20" WIDTH="1404">
            <SP ID="Textword_40" HPOS="429" VPOS="1348" />
            <String ID="Textword_133" HPOS="429" VPOS="1348" HEIGHT="20" WIDTH="1404" CONTENT=" " WC="0.95" />
          </TextLine>
        </TextBlock>
        <TextBlock ID="TextBlock_31" HPOS="800" VPOS="1328" HEIGHT="373" WIDTH="675">
          <TextLine ID="TextLine_53" HPOS="800" VPOS="1328" HEIGHT="373" WIDTH="675">
            <SP ID="Textword_41" HPOS="800" VPOS="1328" />
            <String ID="Textword_134" HPOS="800" VPOS="1328" HEIGHT="373" WIDTH="675" CONTENT=" " WC="0.95" />
          </TextLine>
        </TextBlock>
        <TextBlock ID="TextBlock_32" HPOS="2028" VPOS="1691" HEIGHT="19" WIDTH="1144">
          <TextLine ID="TextLine_54" HPOS="2028" VPOS="1691" HEIGHT="19" WIDTH="1144">
            <SP ID="Textword_42" HPOS="2028" VPOS="1691" />
            <String ID="Textword_135" HPOS="2028" VPOS="1691" HEIGHT="19" WIDTH="1144" CONTENT=" " WC="0.95" />
          </TextLine>
        </TextBlock>
        <TextBlock ID="TextBlock_33" HPOS="430" VPOS="1734" HEIGHT="20" WIDTH="1397">
          <TextLine ID="TextLine_55" HPOS="430" VPOS="1734" HEIGHT="20" WIDTH="1397">
            <SP ID="Textword_43" HPOS="430" VPOS="1734" />
            <String ID="Textword_136" HPOS="430" VPOS="1734" HEIGHT="20" WIDTH="1397" CONTENT=" " WC="0.95" />
          </TextLine>
        </TextBlock>
        <TextBlock ID="TextBlock_34" HPOS="2029" VPOS="1722" HEIGHT="48" WIDTH="1145">
          <TextLine ID="TextLine_56" HPOS="2029" VPOS="1722" HEIGHT="48" WIDTH="1145">
            <SP ID="Textword_44" HPOS="2029" VPOS="1722" />
            <String ID="Textword_137" HPOS="2029" VPOS="1722" HEIGHT="48" WIDTH="1145" CONTENT=" " WC="0.95" />
          </TextLine>
        </TextBlock>
        <TextBlock ID="TextBlock_35" HPOS="431" VPOS="1761" HEIGHT="19" WIDTH="1406">
          <TextLine ID="TextLine_57" HPOS="431" VPOS="1761" HEIGHT="19" WIDTH="1406">
            <SP ID="Textword_45" HPOS="431" VPOS="1761" />
            <String ID="Textword_138" HPOS="431" VPOS="1761" HEIGHT="19" WIDTH="1406" CONTENT=" " WC="0.95" />
          </TextLine>
        </TextBlock>
        <TextBlock ID="TextBlock_36" HPOS="738" VPOS="1864" HEIGHT="48" WIDTH="800">
          <TextLine ID="TextLine_58" HPOS="738" VPOS="1864" HEIGHT="48" WIDTH="800">
            <String ID="Textword_139" HPOS="738" VPOS="1870" HEIGHT="42" WIDTH="252" CONTENT="Abteilung:" WC="0.92" />
            <String ID="Textword_140" HPOS="1025" VPOS="1864" HEIGHT="37" WIDTH="513" CONTENT="AUTOMOBILBAU" WC="0.91" />
          </TextLine>
        </TextBlock>
        <TextBlock ID="TextBlock_37" HPOS="446" VPOS="1963" HEIGHT="162" WIDTH="1369">
          <TextLine ID="TextLine_59" HPOS="446" VPOS="1963" HEIGHT="162" WIDTH="1369">
            <String ID="Textword_141" HPOS="446" VPOS="1972" HEIGHT="153" WIDTH="309" CONTENT="Lastwayen" WC="0.23" />
            <String ID="Textword_142" HPOS="961" VPOS="1966" HEIGHT="131" WIDTH="309" CONTENT="Omnibusse" WC="0.49" />
            <String ID="Textword_143" HPOS="0" VPOS="0" HEIGHT="4972" WIDTH="3268" CONTENT="=" WC="0.66" />
            <String ID="Textword_144" HPOS="1457" VPOS="1963" HEIGHT="152" WIDTH="358" CONTENT="Luxuswagen" WC="0.49" />
          </TextLine>
        </TextBlock>
        <TextBlock ID="TextBlock_38" HPOS="447" VPOS="2125" HEIGHT="46" WIDTH="1381">
          <TextLine ID="TextLine_60" HPOS="447" VPOS="2125" HEIGHT="46" WIDTH="1381">
            <String ID="Textword_145" HPOS="447" VPOS="2138" HEIGHT="26" WIDTH="117" CONTENT="1—31/2" WC="0.92" />
            <String ID="Textword_146" HPOS="597" VPOS="2138" HEIGHT="25" WIDTH="120" CONTENT="Tonnen" WC="0.95" />
            <String ID="Textword_147" HPOS="964" VPOS="2134" HEIGHT="26" WIDTH="104" CONTENT="10—24" WC="0.88" />
            <String ID="Textword_148" HPOS="1105" VPOS="2133" HEIGHT="26" WIDTH="151" CONTENT="Personen" WC="0.96" />
            <String ID="Textword_149" HPOS="1459" VPOS="2129" HEIGHT="33" WIDTH="43" CONTENT="15," WC="0.96" />
            <String ID="Textword_150" HPOS="1458" VPOS="2164" HEIGHT="7" WIDTH="211" CONTENT="30" WC="0.90" />
            <String ID="Textword_151" HPOS="0" VPOS="0" HEIGHT="4972" WIDTH="3268" CONTENT="und" WC="0.90" />
            <String ID="Textword_152" HPOS="1535" VPOS="2129" HEIGHT="25" WIDTH="32" CONTENT="30" WC="0.95" />
            <String ID="Textword_153" HPOS="1598" VPOS="2127" HEIGHT="27" WIDTH="58" CONTENT="und" WC="0.94" />
            <String ID="Textword_154" HPOS="1689" VPOS="2126" HEIGHT="26" WIDTH="36" CONTENT="_50" WC="0.79" />
            <String ID="Textword_155" HPOS="1671" VPOS="2161" HEIGHT="7" WIDTH="157" CONTENT="PH" WC="0.85" />
            <String ID="Textword_156" HPOS="1757" VPOS="2125" HEIGHT="26" WIDTH="51" CONTENT="PH" WC="0.96" />
          </TextLine>
        </TextBlock>
        <TextBlock ID="TextBlock_39" HPOS="438" VPOS="2227" HEIGHT="119" WIDTH="1401">
          <TextLine ID="TextLine_61" HPOS="438" VPOS="2227" HEIGHT="119" WIDTH="1401">
            <String ID="Textword_157" HPOS="438" VPOS="2236" HEIGHT="110" WIDTH="680" CONTENT="Motoryachten" WC="0.90" />
            <String ID="Textword_158" HPOS="1309" VPOS="2227" HEIGHT="90" WIDTH="530" CONTENT=" Lastschiffe" WC="0.65" />
          </TextLine>
        </TextBlock>
        <TextBlock ID="TextBlock_40" HPOS="609" VPOS="2403" HEIGHT="55" WIDTH="1083">
          <TextLine ID="TextLine_62" HPOS="609" VPOS="2403" HEIGHT="55" WIDTH="1083">
            <String ID="Textword_159" HPOS="609" VPOS="2410" HEIGHT="48" WIDTH="314" CONTENT="Erstklassiges" WC="0.91" />
            <String ID="Textword_160" HPOS="952" VPOS="2408" HEIGHT="40" WIDTH="219" CONTENT="Fabrikat." WC="0.90" />
            <String ID="Textword_161" HPOS="1226" VPOS="2406" HEIGHT="39" WIDTH="153" CONTENT="Prima" WC="0.93" />
            <String ID="Textword_162" HPOS="1407" VPOS="2403" HEIGHT="41" WIDTH="285" CONTENT="Referenzen." WC="0.92" />
          </TextLine>
        </TextBlock>
        <TextBlock ID="TextBlock_41" HPOS="2068" VPOS="1795" HEIGHT="188" WIDTH="1070">
          <TextLine ID="TextLine_63" HPOS="2068" VPOS="1795" HEIGHT="188" WIDTH="1070">
            <String ID="Textword_163" HPOS="2068" VPOS="1795" HEIGHT="188" WIDTH="1070" CONTENT="Nussbaumholz" WC="0.84" />
          </TextLine>
        </TextBlock>
        <TextBlock ID="TextBlock_42" HPOS="2154" VPOS="2003" HEIGHT="62" WIDTH="909">
          <TextLine ID="TextLine_64" HPOS="2154" VPOS="2003" HEIGHT="62" WIDTH="909">
            <String ID="Textword_164" HPOS="2154" VPOS="2014" HEIGHT="51" WIDTH="91" CONTENT="40" WC="0.96" />
            <String ID="Textword_165" HPOS="2284" VPOS="2012" HEIGHT="52" WIDTH="285" CONTENT="Stämme" WC="0.93" />
            <String ID="Textword_166" HPOS="2610" VPOS="2010" HEIGHT="50" WIDTH="71" CONTENT="Ia" WC="0.96" />
            <String ID="Textword_167" HPOS="2718" VPOS="2007" HEIGHT="52" WIDTH="133" CONTENT="ind." WC="0.95" />
            <String ID="Textword_168" HPOS="2890" VPOS="2003" HEIGHT="54" WIDTH="173" CONTENT="rund" WC="0.96" />
          </TextLine>
        </TextBlock>
        <TextBlock ID="TextBlock_43" HPOS="2033" VPOS="2092" HEIGHT="186" WIDTH="1143">
          <TextLine ID="TextLine_65" HPOS="2033" VPOS="2092" HEIGHT="43" WIDTH="1143">
            <String ID="Textword_169" HPOS="2033" VPOS="2104" HEIGHT="31" WIDTH="116" CONTENT="treffen" WC="0.92" />
            <String ID="Textword_170" HPOS="2174" VPOS="2106" HEIGHT="29" WIDTH="177" CONTENT="nächstens" WC="0.90" />
            <String ID="Textword_171" HPOS="2376" VPOS="2101" HEIGHT="30" WIDTH="34" CONTENT="in" WC="0.96" />
            <String ID="Textword_172" HPOS="2435" VPOS="2099" HEIGHT="31" WIDTH="98" CONTENT="Basel" WC="0.96" />
            <String ID="Textword_173" HPOS="2560" VPOS="2098" HEIGHT="31" WIDTH="51" CONTENT="ein" WC="0.96" />
            <String ID="Textword_174" HPOS="2636" VPOS="2098" HEIGHT="30" WIDTH="65" CONTENT="und" WC="0.96" />
            <String ID="Textword_175" HPOS="2725" VPOS="2096" HEIGHT="31" WIDTH="134" CONTENT="werden" WC="0.96" />
            <String ID="Textword_176" HPOS="2883" VPOS="2094" HEIGHT="30" WIDTH="127" CONTENT="zwecks." WC="0.91" />
            <String ID="Textword_177" HPOS="3043" VPOS="2092" HEIGHT="31" WIDTH="133" CONTENT="rascher" WC="0.96" />
          </TextLine>
          <TextLine ID="TextLine_66" HPOS="2033" VPOS="2135" HEIGHT="44" WIDTH="1143">
            <String ID="Textword_178" HPOS="2033" VPOS="2147" HEIGHT="32" WIDTH="139" CONTENT="Einführ" WC="0.92" />
            <String ID="Textword_179" HPOS="2282" VPOS="2146" HEIGHT="30" WIDTH="125" CONTENT="einzeln" WC="0.93" />
            <String ID="Textword_180" HPOS="2449" VPOS="2153" HEIGHT="21" WIDTH="39" CONTENT="an" WC="0.94" />
            <String ID="Textword_181" HPOS="2529" VPOS="2143" HEIGHT="31" WIDTH="250" CONTENT="Interessenten" WC="0.94" />
            <String ID="Textword_182" HPOS="2819" VPOS="2138" HEIGHT="40" WIDTH="204" CONTENT="abgegeben." WC="0.96" />
            <String ID="Textword_183" HPOS="3083" VPOS="2135" HEIGHT="31" WIDTH="93" CONTENT="Preis" WC="0.87" />
          </TextLine>
          <TextLine ID="TextLine_67" HPOS="2035" VPOS="2187" HEIGHT="36" WIDTH="617">
            <String ID="Textword_184" HPOS="2035" VPOS="2191" HEIGHT="32" WIDTH="48" CONTENT="Fr." WC="0.94" />
            <String ID="Textword_185" HPOS="2114" VPOS="2191" HEIGHT="31" WIDTH="57" CONTENT="145" WC="0.94" />
            <String ID="Textword_186" HPOS="2281" VPOS="2200" HEIGHT="20" WIDTH="27" CONTENT="ar" WC="0.95" />
            <String ID="Textword_187" HPOS="2334" VPOS="2189" HEIGHT="31" WIDTH="42" CONTENT="m?" WC="0.35" />
            <String ID="Textword_188" HPOS="2402" VPOS="2188" HEIGHT="31" WIDTH="115" CONTENT="franko" WC="0.91" />
            <String ID="Textword_189" HPOS="2543" VPOS="2187" HEIGHT="30" WIDTH="109" CONTENT="Basel." WC="0.96" />
          </TextLine>
          <TextLine ID="TextLine_68" HPOS="2128" VPOS="2238" HEIGHT="40" WIDTH="832">
            <String ID="Textword_190" HPOS="2128" VPOS="2244" HEIGHT="31" WIDTH="46" CONTENT="Ka" WC="0.96" />
            <String ID="Textword_191" HPOS="2279" VPOS="2243" HEIGHT="30" WIDTH="101" CONTENT="haber" WC="0.92" />
            <String ID="Textword_192" HPOS="2405" VPOS="2241" HEIGHT="30" WIDTH="118" CONTENT="wollen" WC="0.95" />
            <String ID="Textword_193" HPOS="2548" VPOS="2240" HEIGHT="30" WIDTH="69" CONTENT="sich" WC="0.93" />
            <String ID="Textword_194" HPOS="2641" VPOS="2238" HEIGHT="40" WIDTH="72" CONTENT="gefl." WC="0.92" />
            <String ID="Textword_195" HPOS="2740" VPOS="2238" HEIGHT="30" WIDTH="138" CONTENT="wenden" WC="0.96" />
            <String ID="Textword_196" HPOS="2904" VPOS="2245" HEIGHT="21" WIDTH="56" CONTENT="an:" WC="0.96" />
          </TextLine>
        </TextBlock>
        <TextBlock ID="TextBlock_44" HPOS="2277" VPOS="2295" HEIGHT="46" WIDTH="901">
          <TextLine ID="TextLine_69" HPOS="2277" VPOS="2295" HEIGHT="46" WIDTH="901">
            <String ID="Textword_197" HPOS="2277" VPOS="2314" HEIGHT="20" WIDTH="27" CONTENT="r." WC="0.91" />
            <String ID="Textword_198" HPOS="2334" VPOS="2303" HEIGHT="38" WIDTH="179" CONTENT="Necker," WC="0.90" />
            <String ID="Textword_199" HPOS="2540" VPOS="2301" HEIGHT="32" WIDTH="361" CONTENT="Goldbrunnenstrasse" WC="0.91" />
            <String ID="Textword_200" HPOS="2926" VPOS="2301" HEIGHT="34" WIDTH="51" CONTENT="89," WC="0.95" />
            <String ID="Textword_201" HPOS="3004" VPOS="2295" HEIGHT="32" WIDTH="174" CONTENT="Zürich." WC="0.95" />
          </TextLine>
        </TextBlock>
        <TextBlock ID="TextBlock_45" HPOS="2273" VPOS="2370" HEIGHT="42" WIDTH="909">
          <TextLine ID="TextLine_70" HPOS="2273" VPOS="2370" HEIGHT="42" WIDTH="909">
            <SP ID="Textword_46" HPOS="2273" VPOS="2370" />
            <String ID="Textword_202" HPOS="2273" VPOS="2370" HEIGHT="42" WIDTH="909" CONTENT=" " WC="0.95" />
          </TextLine>
        </TextBlock>
        <TextBlock ID="TextBlock_46" HPOS="0" VPOS="2401" HEIGHT="562" WIDTH="2180">
          <TextLine ID="TextLine_71" HPOS="0" VPOS="2401" HEIGHT="241" WIDTH="2180">
            <SP ID="Textword_47" HPOS="0" VPOS="2401" />
            <String ID="Textword_203" HPOS="0" VPOS="2401" HEIGHT="241" WIDTH="2180" CONTENT="   " WC="0.95" />
          </TextLine>
          <TextLine ID="TextLine_72" HPOS="0" VPOS="2642" HEIGHT="321" WIDTH="2180">
            <SP ID="Textword_48" HPOS="0" VPOS="2642" />
            <String ID="Textword_204" HPOS="0" VPOS="2642" HEIGHT="321" WIDTH="323" CONTENT="  " WC="0.95" />
            <SP ID="Textword_49" HPOS="1242" VPOS="2642" />
            <String ID="Textword_205" HPOS="1242" VPOS="2642" HEIGHT="140" WIDTH="938" CONTENT=" " WC="0.95" />
          </TextLine>
        </TextBlock>
        <TextBlock ID="TextBlock_47" HPOS="2039" VPOS="2436" HEIGHT="17" WIDTH="1142">
          <TextLine ID="TextLine_73" HPOS="2039" VPOS="2436" HEIGHT="17" WIDTH="1142">
            <SP ID="Textword_50" HPOS="2039" VPOS="2436" />
            <String ID="Textword_206" HPOS="2039" VPOS="2436" HEIGHT="17" WIDTH="1142" CONTENT=" " WC="0.95" />
          </TextLine>
        </TextBlock>
        <TextBlock ID="TextBlock_48" HPOS="2003" VPOS="548" HEIGHT="1957" WIDTH="25">
          <TextLine ID="TextLine_74" HPOS="2003" VPOS="548" HEIGHT="1957" WIDTH="25">
            <SP ID="Textword_51" HPOS="2003" VPOS="548" />
            <String ID="Textword_207" HPOS="2003" VPOS="548" HEIGHT="1957" WIDTH="25" CONTENT=" " WC="0.95" />
          </TextLine>
        </TextBlock>
        <TextBlock ID="TextBlock_49" HPOS="2271" VPOS="2486" HEIGHT="649" WIDTH="936">
          <TextLine ID="TextLine_75" HPOS="2271" VPOS="2486" HEIGHT="123" WIDTH="934">
            <SP ID="Textword_52" HPOS="2271" VPOS="2486" />
            <String ID="Textword_208" HPOS="2271" VPOS="2486" HEIGHT="123" WIDTH="934" CONTENT="  " WC="0.95" />
          </TextLine>
          <TextLine ID="TextLine_76" HPOS="2622" VPOS="2609" HEIGHT="67" WIDTH="80">
            <SP ID="Textword_53" HPOS="2622" VPOS="2609" />
            <String ID="Textword_209" HPOS="2622" VPOS="2609" HEIGHT="67" WIDTH="80" CONTENT=" " WC="0.95" />
          </TextLine>
          <TextLine ID="TextLine_77" HPOS="2622" VPOS="2676" HEIGHT="48" WIDTH="71">
            <SP ID="Textword_54" HPOS="2622" VPOS="2676" />
            <String ID="Textword_210" HPOS="2622" VPOS="2676" HEIGHT="48" WIDTH="71" CONTENT="  " WC="0.95" />
          </TextLine>
          <TextLine ID="TextLine_78" HPOS="2626" VPOS="2724" HEIGHT="49" WIDTH="581">
            <SP ID="Textword_55" HPOS="2626" VPOS="2724" />
            <String ID="Textword_211" HPOS="2626" VPOS="2724" HEIGHT="24" WIDTH="66" CONTENT=" " WC="0.95" />
            <SP ID="Textword_56" HPOS="3127" VPOS="2724" />
            <String ID="Textword_212" HPOS="3127" VPOS="2724" HEIGHT="49" WIDTH="80" CONTENT="  " WC="0.95" />
          </TextLine>
          <TextLine ID="TextLine_79" HPOS="2627" VPOS="2773" HEIGHT="34" WIDTH="574">
            <SP ID="Textword_57" HPOS="2627" VPOS="2773" />
            <String ID="Textword_213" HPOS="2627" VPOS="2773" HEIGHT="34" WIDTH="65" CONTENT=" " WC="0.95" />
            <SP ID="Textword_58" HPOS="3128" VPOS="2773" />
            <String ID="Textword_214" HPOS="3128" VPOS="2773" HEIGHT="34" WIDTH="73" CONTENT=" " WC="0.95" />
          </TextLine>
          <TextLine ID="TextLine_80" HPOS="2628" VPOS="2807" HEIGHT="79" WIDTH="573">
            <SP ID="Textword_59" HPOS="2628" VPOS="2877" />
            <String ID="Textword_215" HPOS="2628" VPOS="2877" HEIGHT="9" WIDTH="65" CONTENT=" " WC="0.95" />
            <SP ID="Textword_60" HPOS="3128" VPOS="2807" />
            <String ID="Textword_216" HPOS="3128" VPOS="2807" HEIGHT="79" WIDTH="73" CONTENT="   " WC="0.95" />
          </TextLine>
          <TextLine ID="TextLine_81" HPOS="2624" VPOS="2886" HEIGHT="28" WIDTH="582">
            <SP ID="Textword_61" HPOS="2624" VPOS="2886" />
            <String ID="Textword_217" HPOS="2624" VPOS="2886" HEIGHT="28" WIDTH="69" CONTENT=" " WC="0.95" />
            <SP ID="Textword_62" HPOS="3129" VPOS="2886" />
            <String ID="Textword_218" HPOS="3129" VPOS="2886" HEIGHT="28" WIDTH="77" CONTENT=" " WC="0.95" />
          </TextLine>
          <TextLine ID="TextLine_82" HPOS="3129" VPOS="2914" HEIGHT="71" WIDTH="78">
            <SP ID="Textword_63" HPOS="3129" VPOS="2914" />
            <String ID="Textword_219" HPOS="3129" VPOS="2914" HEIGHT="71" WIDTH="78" CONTENT="  " WC="0.95" />
          </TextLine>
          <TextLine ID="TextLine_83" HPOS="2624" VPOS="2985" HEIGHT="43" WIDTH="583">
            <SP ID="Textword_64" HPOS="2624" VPOS="2985" />
            <String ID="Textword_220" HPOS="2624" VPOS="2985" HEIGHT="43" WIDTH="70" CONTENT=" " WC="0.95" />
            <SP ID="Textword_65" HPOS="3129" VPOS="2985" />
            <String ID="Textword_221" HPOS="3129" VPOS="2985" HEIGHT="43" WIDTH="78" CONTENT=" " WC="0.95" />
          </TextLine>
          <TextLine ID="TextLine_84" HPOS="3065" VPOS="3028" HEIGHT="35" WIDTH="142">
            <SP ID="Textword_66" HPOS="3065" VPOS="3028" />
            <String ID="Textword_222" HPOS="3065" VPOS="3028" HEIGHT="35" WIDTH="142" CONTENT=" " WC="0.95" />
          </TextLine>
          <TextLine ID="TextLine_85" HPOS="2624" VPOS="3063" HEIGHT="72" WIDTH="582">
            <SP ID="Textword_67" HPOS="2624" VPOS="3063" />
            <String ID="Textword_223" HPOS="2624" VPOS="3063" HEIGHT="72" WIDTH="582" CONTENT=" " WC="0.95" />
          </TextLine>
        </TextBlock>
        <TextBlock ID="TextBlock_50" HPOS="278" VPOS="2655" HEIGHT="13" WIDTH="967">
          <TextLine ID="TextLine_86" HPOS="278" VPOS="2655" HEIGHT="13" WIDTH="967">
            <SP ID="Textword_68" HPOS="278" VPOS="2655" />
            <String ID="Textword_224" HPOS="278" VPOS="2655" HEIGHT="13" WIDTH="967" CONTENT=" " WC="0.95" />
          </TextLine>
        </TextBlock>
        <TextBlock ID="TextBlock_51" HPOS="3058" VPOS="2520" HEIGHT="204" WIDTH="149">
          <TextLine ID="TextLine_87" HPOS="3058" VPOS="2520" HEIGHT="204" WIDTH="149">
            <SP ID="Textword_69" HPOS="3058" VPOS="2520" />
            <String ID="Textword_225" HPOS="3058" VPOS="2520" HEIGHT="204" WIDTH="149" CONTENT="   " WC="0.95" />
          </TextLine>
        </TextBlock>
        <TextBlock ID="TextBlock_52" HPOS="2751" VPOS="2571" HEIGHT="102" WIDTH="307">
          <TextLine ID="TextLine_88" HPOS="2751" VPOS="2571" HEIGHT="102" WIDTH="307">
            <String ID="Textword_226" HPOS="2751" VPOS="2571" HEIGHT="102" WIDTH="307" CONTENT="Industrieland" WC="0.54" />
          </TextLine>
        </TextBlock>
        <TextBlock ID="TextBlock_53" HPOS="2665" VPOS="2694" HEIGHT="318" WIDTH="454">
          <TextLine ID="TextLine_89" HPOS="2693" VPOS="2694" HEIGHT="36" WIDTH="422">
            <String ID="Textword_227" HPOS="2693" VPOS="2707" HEIGHT="17" WIDTH="34" CONTENT="an" WC="0.90" />
            <String ID="Textword_228" HPOS="2759" VPOS="2698" HEIGHT="32" WIDTH="113" CONTENT="fertiger" WC="0.92" />
            <String ID="Textword_229" HPOS="2905" VPOS="2696" HEIGHT="26" WIDTH="108" CONTENT="Strasse" WC="0.95" />
            <String ID="Textword_230" HPOS="3045" VPOS="2694" HEIGHT="26" WIDTH="70" CONTENT="beim" WC="0.96" />
          </TextLine>
          <TextLine ID="TextLine_90" HPOS="2692" VPOS="2730" HEIGHT="29" WIDTH="424">
            <String ID="Textword_231" HPOS="2692" VPOS="2730" HEIGHT="29" WIDTH="424" CONTENT="BahnhofAltstetten-" WC="0.89" />
          </TextLine>
          <TextLine ID="TextLine_91" HPOS="2692" VPOS="2765" HEIGHT="35" WIDTH="423">
            <String ID="Textword_232" HPOS="2692" VPOS="2767" HEIGHT="27" WIDTH="143" CONTENT="Zürich" WC="0.95" />
            <String ID="Textword_233" HPOS="2866" VPOS="2767" HEIGHT="33" WIDTH="124" CONTENT="gelegen," WC="0.96" />
            <String ID="Textword_234" HPOS="3019" VPOS="2766" HEIGHT="25" WIDTH="27" CONTENT="in" WC="0.93" />
            <String ID="Textword_235" HPOS="3071" VPOS="2765" HEIGHT="25" WIDTH="44" CONTENT="be-" WC="0.92" />
          </TextLine>
          <TextLine ID="TextLine_92" HPOS="2704" VPOS="2800" HEIGHT="37" WIDTH="412">
            <String ID="Textword_236" HPOS="2704" VPOS="2804" HEIGHT="33" WIDTH="101" CONTENT="jebiger" WC="0.64" />
            <String ID="Textword_237" HPOS="2821" VPOS="2803" HEIGHT="32" WIDTH="107" CONTENT="Grösse," WC="0.95" />
            <String ID="Textword_238" HPOS="2948" VPOS="2803" HEIGHT="24" WIDTH="61" CONTENT="sehr" WC="0.96" />
            <String ID="Textword_239" HPOS="3028" VPOS="2800" HEIGHT="33" WIDTH="88" CONTENT="billig," WC="0.96" />
          </TextLine>
          <TextLine ID="TextLine_93" HPOS="2701" VPOS="2837" HEIGHT="33" WIDTH="416">
            <String ID="Textword_240" HPOS="2701" VPOS="2840" HEIGHT="25" WIDTH="82" CONTENT="lirekt" WC="0.92" />
            <String ID="Textword_241" HPOS="2829" VPOS="2847" HEIGHT="17" WIDTH="61" CONTENT="vom" WC="0.92" />
            <String ID="Textword_242" HPOS="2937" VPOS="2837" HEIGHT="33" WIDTH="180" CONTENT="Eigentümer" WC="0.59" />
          </TextLine>
          <TextLine ID="TextLine_94" HPOS="2693" VPOS="2874" HEIGHT="27" WIDTH="175">
            <String ID="Textword_243" HPOS="2693" VPOS="2874" HEIGHT="27" WIDTH="175" CONTENT="verkäuflich." WC="0.88" />
          </TextLine>
          <TextLine ID="TextLine_95" HPOS="2748" VPOS="2908" HEIGHT="33" WIDTH="371">
            <String ID="Textword_244" HPOS="2748" VPOS="2910" HEIGHT="26" WIDTH="66" CONTENT="Gefl." WC="0.89" />
            <String ID="Textword_245" HPOS="2853" VPOS="2908" HEIGHT="33" WIDTH="140" CONTENT="Anfragen" WC="0.96" />
            <String ID="Textword_246" HPOS="3039" VPOS="2909" HEIGHT="24" WIDTH="80" CONTENT="unter" WC="0.89" />
          </TextLine>
          <TextLine ID="TextLine_96" HPOS="2665" VPOS="2943" HEIGHT="33" WIDTH="452">
            <String ID="Textword_247" HPOS="2665" VPOS="2956" HEIGHT="20" WIDTH="13" CONTENT="3" WC="0.34" />
            <String ID="Textword_248" HPOS="2694" VPOS="2946" HEIGHT="25" WIDTH="130" CONTENT="ZL7211" WC="0.81" />
            <String ID="Textword_249" HPOS="2846" VPOS="2944" HEIGHT="26" WIDTH="136" CONTENT="befördert" WC="0.96" />
            <String ID="Textword_250" HPOS="3004" VPOS="2943" HEIGHT="25" WIDTH="41" CONTENT="die" WC="0.93" />
            <String ID="Textword_251" HPOS="3061" VPOS="2943" HEIGHT="25" WIDTH="56" CONTENT="An-" WC="0.93" />
          </TextLine>
          <TextLine ID="TextLine_97" HPOS="2668" VPOS="2980" HEIGHT="32" WIDTH="309">
            <String ID="Textword_252" HPOS="2668" VPOS="2980" HEIGHT="3" WIDTH="6" CONTENT="#" WC="0.69" />
            <String ID="Textword_253" HPOS="2694" VPOS="2980" HEIGHT="32" WIDTH="283" CONTENT="noncen-Expedition" WC="0.90" />
          </TextLine>
        </TextBlock>
        <TextBlock ID="TextBlock_54" HPOS="323" VPOS="2639" HEIGHT="108" WIDTH="919">
          <TextLine ID="TextLine_98" HPOS="323" VPOS="2639" HEIGHT="108" WIDTH="919">
            <String ID="Textword_254" HPOS="323" VPOS="2639" HEIGHT="108" WIDTH="495" CONTENT="Handelsauskunit-" WC="0.59" />
            <String ID="Textword_255" HPOS="866" VPOS="2678" HEIGHT="64" WIDTH="49" CONTENT="&amp;" WC="0.92" />
            <String ID="Textword_256" HPOS="964" VPOS="2677" HEIGHT="64" WIDTH="278" CONTENT="Incassobu" WC="0.91" />
          </TextLine>
        </TextBlock>
        <TextBlock ID="TextBlock_55" HPOS="398" VPOS="2762" HEIGHT="134" WIDTH="831">
          <TextLine ID="TextLine_99" HPOS="398" VPOS="2762" HEIGHT="134" WIDTH="831">
            <String ID="Textword_257" HPOS="398" VPOS="2769" HEIGHT="127" WIDTH="89" CONTENT="F." WC="0.75" />
            <String ID="Textword_258" HPOS="530" VPOS="2768" HEIGHT="127" WIDTH="92" CONTENT="X." WC="0.56" />
            <String ID="Textword_259" HPOS="662" VPOS="2762" HEIGHT="132" WIDTH="567" CONTENT="MOESCHLI" WC="0.71" />
            <String ID="Textword_260" HPOS="2042" VPOS="2909" HEIGHT="27" WIDTH="124" CONTENT="=" WC="0.44" />
          </TextLine>
        </TextBlock>
        <TextBlock ID="TextBlock_56" HPOS="491" VPOS="2921" HEIGHT="56" WIDTH="1673">
          <TextLine ID="TextLine_100" HPOS="491" VPOS="2921" HEIGHT="56" WIDTH="1673">
            <String ID="Textword_261" HPOS="491" VPOS="2928" HEIGHT="40" WIDTH="42" CONTENT="J." WC="0.76" />
            <String ID="Textword_262" HPOS="557" VPOS="2927" HEIGHT="40" WIDTH="49" CONTENT="A." WC="0.89" />
            <String ID="Textword_263" HPOS="636" VPOS="2924" HEIGHT="42" WIDTH="277" CONTENT="Tritschler’s" WC="0.86" />
            <String ID="Textword_264" HPOS="943" VPOS="2921" HEIGHT="50" WIDTH="263" CONTENT="Nachfolger" WC="0.96" />
            <String ID="Textword_265" HPOS="2041" VPOS="2920" HEIGHT="57" WIDTH="123" CONTENT="ue" WC="0.21" />
          </TextLine>
        </TextBlock>
        <TextBlock ID="TextBlock_57" HPOS="303" VPOS="2912" HEIGHT="207" WIDTH="2295">
          <TextLine ID="TextLine_101" HPOS="315" VPOS="2964" HEIGHT="67" WIDTH="2282">
            <String ID="Textword_266" HPOS="315" VPOS="2982" HEIGHT="49" WIDTH="155" CONTENT="Basel" WC="0.96" />
            <String ID="Textword_267" HPOS="704" VPOS="2996" HEIGHT="33" WIDTH="150" CONTENT="Gegründet" WC="0.60" />
            <String ID="Textword_268" HPOS="870" VPOS="2996" HEIGHT="25" WIDTH="63" CONTENT="169" WC="0.60" />
            <String ID="Textword_269" HPOS="1043" VPOS="2974" HEIGHT="49" WIDTH="189" CONTENT="Zürich" WC="0.88" />
            <String ID="Textword_270" HPOS="1268" VPOS="2973" HEIGHT="49" WIDTH="29" CONTENT="X" WC="0.93" />
            <String ID="Textword_271" HPOS="2041" VPOS="2979" HEIGHT="26" WIDTH="40" CONTENT="bei" WC="0.73" />
            <String ID="Textword_272" HPOS="2112" VPOS="2981" HEIGHT="25" WIDTH="47" CONTENT="bien" WC="0.26" />
            <String ID="Textword_273" HPOS="2265" VPOS="2964" HEIGHT="60" WIDTH="131" CONTENT="98" WC="0.43" />
            <String ID="Textword_274" HPOS="2429" VPOS="2965" HEIGHT="25" WIDTH="55" CONTENT="Und," WC="0.27" />
            <String ID="Textword_275" HPOS="2512" VPOS="2965" HEIGHT="24" WIDTH="85" CONTENT="fade" WC="0.00" />
          </TextLine>
          <TextLine ID="TextLine_102" HPOS="303" VPOS="2912" HEIGHT="194" WIDTH="2136">
            <String ID="Textword_276" HPOS="303" VPOS="3045" HEIGHT="37" WIDTH="164" CONTENT="Falkenstrasse" WC="0.91" />
            <String ID="Textword_277" HPOS="482" VPOS="3045" HEIGHT="34" WIDTH="10" CONTENT="7" WC="0.82" />
            <String ID="Textword_278" HPOS="502" VPOS="3043" HEIGHT="35" WIDTH="14" CONTENT="Il" WC="0.79" />
            <String ID="Textword_279" HPOS="982" VPOS="3038" HEIGHT="36" WIDTH="239" CONTENT="Fraumünsters'rasse" WC="0.73" />
            <String ID="Textword_280" HPOS="1237" VPOS="3038" HEIGHT="34" WIDTH="25" CONTENT="14" WC="0.93" />
            <String ID="Textword_281" HPOS="1276" VPOS="3035" HEIGHT="43" WIDTH="120" CONTENT="(Metropol)" WC="0.89" />
            <String ID="Textword_282" HPOS="1453" VPOS="2932" HEIGHT="173" WIDTH="137" CONTENT="ina" WC="0.19" />
            <String ID="Textword_283" HPOS="1582" VPOS="2921" HEIGHT="185" WIDTH="126" CONTENT="le" WC="0.65" />
            <String ID="Textword_284" HPOS="1729" VPOS="2912" HEIGHT="193" WIDTH="50" CONTENT="7" WC="0.64" />
            <String ID="Textword_285" HPOS="1810" VPOS="2982" HEIGHT="124" WIDTH="81" CONTENT="ll" WC="0.37" />
            <String ID="Textword_286" HPOS="1947" VPOS="3008" HEIGHT="98" WIDTH="59" CONTENT="fp" WC="0.47" />
            <String ID="Textword_287" HPOS="2040" VPOS="3015" HEIGHT="26" WIDTH="68" CONTENT="Lopez" WC="0.36" />
            <String ID="Textword_288" HPOS="2128" VPOS="3017" HEIGHT="25" WIDTH="34" CONTENT="A" WC="0.66" />
            <String ID="Textword_289" HPOS="2277" VPOS="3026" HEIGHT="38" WIDTH="162" CONTENT="Locher," WC="0.92" />
          </TextLine>
          <TextLine ID="TextLine_103" HPOS="499" VPOS="3069" HEIGHT="50" WIDTH="2099">
            <String ID="Textword_290" HPOS="499" VPOS="3087" HEIGHT="27" WIDTH="151" CONTENT="Besonders" WC="0.92" />
            <String ID="Textword_291" HPOS="672" VPOS="3085" HEIGHT="34" WIDTH="125" CONTENT="günstige" WC="0.93" />
            <String ID="Textword_292" HPOS="817" VPOS="3083" HEIGHT="42" WIDTH="356" CONTENT="Abonnementsbedingung." WC="0.88" />
            <String ID="Textword_293" HPOS="2121" VPOS="3095" HEIGHT="17" WIDTH="40" CONTENT="me" WC="0.92" />
            <String ID="Textword_294" HPOS="2265" VPOS="3069" HEIGHT="34" WIDTH="235" CONTENT=")dellschreinerei," WC="0.00" />
            <String ID="Textword_295" HPOS="2522" VPOS="3070" HEIGHT="26" WIDTH="76" CONTENT="Bern." WC="0.96" />
          </TextLine>
        </TextBlock>
        <TextBlock ID="TextBlock_58" HPOS="2627" VPOS="2748" HEIGHT="25" WIDTH="65">
          <TextLine ID="TextLine_104" HPOS="2627" VPOS="2748" HEIGHT="25" WIDTH="65">
            <SP ID="Textword_70" HPOS="2627" VPOS="2748" />
            <String ID="Textword_296" HPOS="2627" VPOS="2748" HEIGHT="25" WIDTH="65" CONTENT="  " WC="0.95" />
          </TextLine>
        </TextBlock>
        <TextBlock ID="TextBlock_59" HPOS="2273" VPOS="2671" HEIGHT="125" WIDTH="268">
          <TextLine ID="TextLine_105" HPOS="2273" VPOS="2671" HEIGHT="125" WIDTH="268">
            <String ID="Textword_297" HPOS="2273" VPOS="2671" HEIGHT="125" WIDTH="268" CONTENT="delle" WC="0.64" />
          </TextLine>
        </TextBlock>
        <TextBlock ID="TextBlock_60" HPOS="2268" VPOS="2822" HEIGHT="139" WIDTH="331">
          <TextLine ID="TextLine_106" HPOS="2271" VPOS="2822" HEIGHT="28" WIDTH="328">
            <String ID="Textword_298" HPOS="2271" VPOS="2825" HEIGHT="25" WIDTH="111" CONTENT="ssereien" WC="0.85" />
            <String ID="Textword_299" HPOS="2407" VPOS="2823" HEIGHT="27" WIDTH="56" CONTENT="und" WC="0.93" />
            <String ID="Textword_300" HPOS="2484" VPOS="2822" HEIGHT="27" WIDTH="115" CONTENT="Maschi-" WC="0.92" />
          </TextLine>
          <TextLine ID="TextLine_107" HPOS="2270" VPOS="2858" HEIGHT="28" WIDTH="328">
            <String ID="Textword_301" HPOS="2270" VPOS="2860" HEIGHT="25" WIDTH="62" CONTENT="owie" WC="0.92" />
            <String ID="Textword_302" HPOS="2352" VPOS="2860" HEIGHT="25" WIDTH="44" CONTENT="für" WC="0.93" />
            <String ID="Textword_303" HPOS="2417" VPOS="2859" HEIGHT="27" WIDTH="95" CONTENT="Schul-" WC="0.92" />
            <String ID="Textword_304" HPOS="2542" VPOS="2858" HEIGHT="26" WIDTH="56" CONTENT="und" WC="0.96" />
          </TextLine>
          <TextLine ID="TextLine_108" HPOS="2280" VPOS="2895" HEIGHT="32" WIDTH="318">
            <String ID="Textword_305" HPOS="2280" VPOS="2895" HEIGHT="32" WIDTH="144" CONTENT="verfertiet" WC="0.58" />
            <String ID="Textword_306" HPOS="2454" VPOS="2895" HEIGHT="25" WIDTH="68" CONTENT="nach" WC="0.92" />
            <String ID="Textword_307" HPOS="2543" VPOS="2895" HEIGHT="24" WIDTH="55" CONTENT="ein-" WC="0.92" />
          </TextLine>
          <TextLine ID="TextLine_109" HPOS="2268" VPOS="2929" HEIGHT="32" WIDTH="330">
            <String ID="Textword_308" HPOS="2268" VPOS="2929" HEIGHT="32" WIDTH="105" CONTENT="chnung" WC="0.90" />
            <String ID="Textword_309" HPOS="2403" VPOS="2931" HEIGHT="24" WIDTH="63" CONTENT="oder" WC="0.96" />
            <String ID="Textword_310" HPOS="2495" VPOS="2930" HEIGHT="24" WIDTH="103" CONTENT="Muster" WC="0.96" />
          </TextLine>
        </TextBlock>
        <TextBlock ID="TextBlock_61" HPOS="1236" VPOS="2782" HEIGHT="181" WIDTH="1465">
          <TextLine ID="TextLine_110" HPOS="1236" VPOS="2782" HEIGHT="80" WIDTH="1465">
            <SP ID="Textword_71" HPOS="1236" VPOS="2782" />
            <String ID="Textword_311" HPOS="1236" VPOS="2782" HEIGHT="80" WIDTH="912" CONTENT=" " WC="0.95" />
            <SP ID="Textword_72" HPOS="2627" VPOS="2807" />
            <String ID="Textword_312" HPOS="2627" VPOS="2807" HEIGHT="36" WIDTH="74" CONTENT="  " WC="0.95" />
          </TextLine>
          <TextLine ID="TextLine_111" HPOS="1236" VPOS="2862" HEIGHT="34" WIDTH="807">
            <SP ID="Textword_73" HPOS="1236" VPOS="2862" />
            <String ID="Textword_313" HPOS="1236" VPOS="2862" HEIGHT="34" WIDTH="807" CONTENT=" " WC="0.95" />
          </TextLine>
          <TextLine ID="TextLine_112" HPOS="1244" VPOS="2908" HEIGHT="55" WIDTH="790">
            <SP ID="Textword_74" HPOS="1244" VPOS="2908" />
            <String ID="Textword_314" HPOS="1244" VPOS="2908" HEIGHT="55" WIDTH="208" CONTENT="   " WC="0.95" />
            <SP ID="Textword_75" HPOS="2006" VPOS="2908" />
            <String ID="Textword_315" HPOS="2006" VPOS="2908" HEIGHT="55" WIDTH="28" CONTENT="   " WC="0.95" />
          </TextLine>
        </TextBlock>
        <TextBlock ID="TextBlock_62" HPOS="2628" VPOS="2843" HEIGHT="34" WIDTH="72">
          <TextLine ID="TextLine_113" HPOS="2628" VPOS="2843" HEIGHT="18" WIDTH="72">
            <SP ID="Textword_76" HPOS="2628" VPOS="2843" />
            <String ID="Textword_316" HPOS="2628" VPOS="2843" HEIGHT="18" WIDTH="72" CONTENT=" " WC="0.95" />
          </TextLine>
          <TextLine ID="TextLine_114" HPOS="2628" VPOS="2861" HEIGHT="16" WIDTH="62">
            <SP ID="Textword_77" HPOS="2628" VPOS="2861" />
            <String ID="Textword_317" HPOS="2628" VPOS="2861" HEIGHT="16" WIDTH="62" CONTENT=" " WC="0.95" />
          </TextLine>
        </TextBlock>
        <TextBlock ID="TextBlock_63" HPOS="2043" VPOS="2875" HEIGHT="50" WIDTH="122">
          <TextLine ID="TextLine_115" HPOS="2043" VPOS="2875" HEIGHT="50" WIDTH="122">
            <String ID="Textword_318" HPOS="2043" VPOS="2875" HEIGHT="50" WIDTH="122" CONTENT="nenfabri" WC="0.88" />
          </TextLine>
        </TextBlock>
        <TextBlock ID="TextBlock_64" HPOS="2624" VPOS="2914" HEIGHT="71" WIDTH="71">
          <TextLine ID="TextLine_116" HPOS="2624" VPOS="2914" HEIGHT="15" WIDTH="71">
            <SP ID="Textword_78" HPOS="2624" VPOS="2914" />
            <String ID="Textword_319" HPOS="2624" VPOS="2914" HEIGHT="15" WIDTH="71" CONTENT=" " WC="0.95" />
          </TextLine>
          <TextLine ID="TextLine_117" HPOS="2624" VPOS="2929" HEIGHT="20" WIDTH="70">
            <SP ID="Textword_79" HPOS="2624" VPOS="2929" />
            <String ID="Textword_320" HPOS="2624" VPOS="2929" HEIGHT="20" WIDTH="70" CONTENT=" " WC="0.95" />
          </TextLine>
          <TextLine ID="TextLine_118" HPOS="2624" VPOS="2949" HEIGHT="15" WIDTH="70">
            <SP ID="Textword_80" HPOS="2624" VPOS="2949" />
            <String ID="Textword_321" HPOS="2624" VPOS="2949" HEIGHT="15" WIDTH="70" CONTENT=" " WC="0.95" />
          </TextLine>
          <TextLine ID="TextLine_119" HPOS="2624" VPOS="2964" HEIGHT="21" WIDTH="60">
            <SP ID="Textword_81" HPOS="2624" VPOS="2964" />
            <String ID="Textword_322" HPOS="2624" VPOS="2964" HEIGHT="21" WIDTH="60" CONTENT=" " WC="0.95" />
          </TextLine>
        </TextBlock>
        <TextBlock ID="TextBlock_65" HPOS="1451" VPOS="2957" HEIGHT="5" WIDTH="556">
          <TextLine ID="TextLine_120" HPOS="1451" VPOS="2957" HEIGHT="5" WIDTH="556">
            <SP ID="Textword_82" HPOS="1451" VPOS="2957" />
            <String ID="Textword_323" HPOS="1451" VPOS="2957" HEIGHT="5" WIDTH="556" CONTENT=" " WC="0.95" />
          </TextLine>
        </TextBlock>
        <TextBlock ID="TextBlock_66" HPOS="2624" VPOS="3028" HEIGHT="35" WIDTH="347">
          <TextLine ID="TextLine_121" HPOS="2624" VPOS="3028" HEIGHT="35" WIDTH="347">
            <SP ID="Textword_83" HPOS="2624" VPOS="3028" />
            <String ID="Textword_324" HPOS="2624" VPOS="3028" HEIGHT="35" WIDTH="114" CONTENT=" " WC="0.95" />
            <SP ID="Textword_84" HPOS="2939" VPOS="3028" />
            <String ID="Textword_325" HPOS="2939" VPOS="3028" HEIGHT="35" WIDTH="32" CONTENT=" " WC="0.95" />
          </TextLine>
        </TextBlock>
        <TextBlock ID="TextBlock_67" HPOS="2630" VPOS="3137" HEIGHT="10" WIDTH="557">
          <TextLine ID="TextLine_122" HPOS="2630" VPOS="3137" HEIGHT="10" WIDTH="557">
            <SP ID="Textword_85" HPOS="2630" VPOS="3137" />
            <String ID="Textword_326" HPOS="2630" VPOS="3137" HEIGHT="10" WIDTH="557" CONTENT=" " WC="0.95" />
          </TextLine>
        </TextBlock>
        <TextBlock ID="TextBlock_68" HPOS="287" VPOS="3178" HEIGHT="15" WIDTH="1137">
          <TextLine ID="TextLine_123" HPOS="287" VPOS="3178" HEIGHT="15" WIDTH="1137">
            <SP ID="Textword_86" HPOS="287" VPOS="3178" />
            <String ID="Textword_327" HPOS="287" VPOS="3178" HEIGHT="15" WIDTH="1137" CONTENT=" " WC="0.95" />
          </TextLine>
        </TextBlock>
        <TextBlock ID="TextBlock_69" HPOS="2609" VPOS="2524" HEIGHT="768" WIDTH="9">
          <TextLine ID="TextLine_124" HPOS="2609" VPOS="2524" HEIGHT="768" WIDTH="9">
            <SP ID="Textword_87" HPOS="2609" VPOS="2524" />
            <String ID="Textword_328" HPOS="2609" VPOS="2524" HEIGHT="768" WIDTH="9" CONTENT=" " WC="0.95" />
          </TextLine>
        </TextBlock>
        <TextBlock ID="TextBlock_70" HPOS="286" VPOS="3021" HEIGHT="281" WIDTH="2881">
          <TextLine ID="TextLine_125" HPOS="2738" VPOS="3021" HEIGHT="108" WIDTH="337">
            <String ID="Textword_329" HPOS="2738" VPOS="3024" HEIGHT="105" WIDTH="129" CONTENT="m" WC="0.32" />
            <String ID="Textword_330" HPOS="2849" VPOS="3024" HEIGHT="30" WIDTH="100" CONTENT="Mosse," WC="0.92" />
            <String ID="Textword_331" HPOS="2971" VPOS="3021" HEIGHT="28" WIDTH="104" CONTENT="Zürich." WC="0.95" />
          </TextLine>
          <TextLine ID="TextLine_126" HPOS="313" VPOS="3116" HEIGHT="42" WIDTH="1070">
            <String ID="Textword_332" HPOS="313" VPOS="3124" HEIGHT="34" WIDTH="102" CONTENT="Ueber" WC="0.90" />
            <String ID="Textword_333" HPOS="439" VPOS="3123" HEIGHT="33" WIDTH="119" CONTENT="20.000" WC="0.95" />
            <String ID="Textword_334" HPOS="584" VPOS="3121" HEIGHT="33" WIDTH="275" CONTENT="Berichterstatter" WC="0.95" />
            <String ID="Textword_335" HPOS="885" VPOS="3119" HEIGHT="32" WIDTH="27" CONTENT="in" WC="0.96" />
            <String ID="Textword_336" HPOS="939" VPOS="3118" HEIGHT="33" WIDTH="81" CONTENT="allen" WC="0.96" />
            <String ID="Textword_337" HPOS="1047" VPOS="3117" HEIGHT="33" WIDTH="140" CONTENT="Ländern" WC="0.96" />
            <String ID="Textword_338" HPOS="1213" VPOS="3117" HEIGHT="32" WIDTH="55" CONTENT="der" WC="0.96" />
            <String ID="Textword_339" HPOS="1294" VPOS="3116" HEIGHT="32" WIDTH="89" CONTENT="Erde." WC="0.96" />
          </TextLine>
          <TextLine ID="TextLine_127" HPOS="1532" VPOS="3133" HEIGHT="41" WIDTH="435">
            <String ID="Textword_340" HPOS="1532" VPOS="3133" HEIGHT="41" WIDTH="435" CONTENT="Reklame-Schilder" WC="0.90" />
          </TextLine>
          <TextLine ID="TextLine_128" HPOS="286" VPOS="3076" HEIGHT="226" WIDTH="2816">
            <String ID="Textword_341" HPOS="286" VPOS="3216" HEIGHT="64" WIDTH="113" CONTENT="Man" WC="0.96" />
            <String ID="Textword_342" HPOS="425" VPOS="3214" HEIGHT="31" WIDTH="80" CONTENT="with" WC="0.93" />
            <String ID="Textword_343" HPOS="529" VPOS="3213" HEIGHT="39" WIDTH="160" CONTENT="thorough" WC="0.92" />
            <String ID="Textword_344" HPOS="707" VPOS="3212" HEIGHT="38" WIDTH="192" CONTENT="knowledge" WC="0.96" />
            <String ID="Textword_345" HPOS="919" VPOS="3210" HEIGHT="31" WIDTH="36" CONTENT="of" WC="0.93" />
            <String ID="Textword_346" HPOS="965" VPOS="3220" HEIGHT="29" WIDTH="97" CONTENT="yarns" WC="0.93" />
            <String ID="Textword_347" HPOS="1076" VPOS="3210" HEIGHT="30" WIDTH="93" CONTENT="trade" WC="0.96" />
            <String ID="Textword_348" HPOS="1189" VPOS="3209" HEIGHT="30" WIDTH="60" CONTENT="and" WC="0.96" />
            <String ID="Textword_349" HPOS="1270" VPOS="3208" HEIGHT="38" WIDTH="149" CONTENT="industry" WC="0.96" />
            <String ID="Textword_350" HPOS="1534" VPOS="3187" HEIGHT="41" WIDTH="342" CONTENT="Strassentafeln" WC="0.90" />
            <String ID="Textword_351" HPOS="2665" VPOS="3076" HEIGHT="226" WIDTH="437" CONTENT="Buchführun" WC="0.91" />
          </TextLine>
          <TextLine ID="TextLine_129" HPOS="427" VPOS="3195" HEIGHT="106" WIDTH="2740">
            <String ID="Textword_352" HPOS="427" VPOS="3256" HEIGHT="42" WIDTH="140" CONTENT="requires" WC="0.96" />
            <String ID="Textword_353" HPOS="594" VPOS="3255" HEIGHT="42" WIDTH="205" CONTENT="employment" WC="0.96" />
            <String ID="Textword_354" HPOS="825" VPOS="3263" HEIGHT="23" WIDTH="35" CONTENT="as" WC="0.96" />
            <String ID="Textword_355" HPOS="886" VPOS="3262" HEIGHT="32" WIDTH="150" CONTENT="manager" WC="0.96" />
            <String ID="Textword_356" HPOS="1062" VPOS="3263" HEIGHT="21" WIDTH="34" CONTENT="or" WC="0.96" />
            <String ID="Textword_357" HPOS="1122" VPOS="3262" HEIGHT="21" WIDTH="44" CONTENT="so." WC="0.96" />
            <String ID="Textword_358" HPOS="1533" VPOS="3241" HEIGHT="40" WIDTH="355" CONTENT="Hausnummern" WC="0.90" />
            <String ID="Textword_359" HPOS="2048" VPOS="3284" HEIGHT="2" WIDTH="2" CONTENT="|" WC="0.70" />
            <String ID="Textword_360" HPOS="2431" VPOS="3279" HEIGHT="2" WIDTH="2" CONTENT=";" WC="0.00" />
            <String ID="Textword_361" HPOS="3102" VPOS="3195" HEIGHT="106" WIDTH="65" CONTENT="0." WC="0.19" />
          </TextLine>
        </TextBlock>
        <TextBlock ID="TextBlock_71" HPOS="1324" VPOS="3302" HEIGHT="35" WIDTH="685">
          <TextLine ID="TextLine_130" HPOS="1324" VPOS="3302" HEIGHT="35" WIDTH="685">
            <String ID="Textword_362" HPOS="1324" VPOS="3306" HEIGHT="27" WIDTH="28" CONTENT="le" WC="0.92" />
            <String ID="Textword_363" HPOS="1367" VPOS="3303" HEIGHT="32" WIDTH="52" CONTENT="de-" WC="0.91" />
            <String ID="Textword_364" HPOS="1450" VPOS="3302" HEIGHT="34" WIDTH="77" CONTENT="{jeder" WC="0.43" />
            <String ID="Textword_365" HPOS="1542" VPOS="3302" HEIGHT="27" WIDTH="52" CONTENT="Art" WC="0.95" />
            <String ID="Textword_366" HPOS="1612" VPOS="3303" HEIGHT="26" WIDTH="57" CONTENT="und" WC="0.92" />
            <String ID="Textword_367" HPOS="1683" VPOS="3302" HEIGHT="26" WIDTH="99" CONTENT="Grösse" WC="0.92" />
            <String ID="Textword_368" HPOS="1796" VPOS="3303" HEIGHT="33" WIDTH="146" CONTENT="empfiehlt," WC="0.93" />
            <String ID="Textword_369" HPOS="1962" VPOS="3311" HEIGHT="26" WIDTH="47" CONTENT="ge-" WC="0.92" />
          </TextLine>
        </TextBlock>
        <TextBlock ID="TextBlock_72" HPOS="287" VPOS="3306" HEIGHT="129" WIDTH="1723">
          <TextLine ID="TextLine_131" HPOS="438" VPOS="3306" HEIGHT="32" WIDTH="895">
            <String ID="Textword_370" HPOS="438" VPOS="3313" HEIGHT="9" WIDTH="9" CONTENT="z" WC="0.55" />
            <String ID="Textword_371" HPOS="685" VPOS="3311" HEIGHT="15" WIDTH="58" CONTENT="SES" WC="0.14" />
            <String ID="Textword_372" HPOS="904" VPOS="3315" HEIGHT="10" WIDTH="10" CONTENT="x" WC="0.50" />
            <String ID="Textword_373" HPOS="946" VPOS="3309" HEIGHT="29" WIDTH="37" CONTENT="de" WC="0.95" />
            <String ID="Textword_374" HPOS="1008" VPOS="3309" HEIGHT="29" WIDTH="65" CONTENT="très" WC="0.95" />
            <String ID="Textword_375" HPOS="1100" VPOS="3308" HEIGHT="30" WIDTH="104" CONTENT="bonne" WC="0.93" />
            <String ID="Textword_376" HPOS="1230" VPOS="3306" HEIGHT="30" WIDTH="103" CONTENT="famill" WC="0.87" />
          </TextLine>
          <TextLine ID="TextLine_132" HPOS="287" VPOS="3313" HEIGHT="81" WIDTH="1723">
            <String ID="Textword_377" HPOS="287" VPOS="3313" HEIGHT="65" WIDTH="258" CONTENT="Monsieur" WC="0.96" />
            <String ID="Textword_378" HPOS="573" VPOS="3315" HEIGHT="79" WIDTH="345" CONTENT="expérimenté" WC="0.96" />
            <String ID="Textword_379" HPOS="946" VPOS="3323" HEIGHT="60" WIDTH="128" CONTENT="Mando." WC="0.58" />
            <String ID="Textword_380" HPOS="1087" VPOS="3350" HEIGHT="41" WIDTH="90" CONTENT="place" WC="0.95" />
            <String ID="Textword_381" HPOS="1203" VPOS="3349" HEIGHT="32" WIDTH="36" CONTENT="de" WC="0.92" />
            <String ID="Textword_382" HPOS="1266" VPOS="3348" HEIGHT="32" WIDTH="155" CONTENT="directeur" WC="0.90" />
            <String ID="Textword_383" HPOS="1452" VPOS="3340" HEIGHT="38" WIDTH="87" CONTENT="stützt" WC="0.89" />
            <String ID="Textword_384" HPOS="1569" VPOS="3339" HEIGHT="25" WIDTH="50" CONTENT="auf" WC="0.92" />
            <String ID="Textword_385" HPOS="1645" VPOS="3338" HEIGHT="42" WIDTH="173" CONTENT="langjährige" WC="0.92" />
            <String ID="Textword_386" HPOS="1843" VPOS="3331" HEIGHT="48" WIDTH="167" CONTENT="Erfahrung," WC="0.92" />
          </TextLine>
          <TextLine ID="TextLine_133" HPOS="391" VPOS="3373" HEIGHT="62" WIDTH="1618">
            <String ID="Textword_387" HPOS="391" VPOS="3410" HEIGHT="21" WIDTH="39" CONTENT="ou" WC="0.93" />
            <String ID="Textword_388" HPOS="455" VPOS="3403" HEIGHT="28" WIDTH="92" CONTENT="autre" WC="0.96" />
            <String ID="Textword_389" HPOS="574" VPOS="3401" HEIGHT="29" WIDTH="78" CONTENT="dans" WC="0.96" />
            <String ID="Textword_390" HPOS="679" VPOS="3396" HEIGHT="33" WIDTH="169" CONTENT="l’industrie" WC="0.93" />
            <String ID="Textword_391" HPOS="874" VPOS="3395" HEIGHT="33" WIDTH="192" CONTENT="cotonnière." WC="0.93" />
            <String ID="Textword_392" HPOS="1453" VPOS="3374" HEIGHT="61" WIDTH="200" CONTENT="DENE" WC="0.02" />
            <String ID="Textword_393" HPOS="1666" VPOS="3373" HEIGHT="35" WIDTH="178" CONTENT="Ausführung" WC="0.96" />
            <String ID="Textword_394" HPOS="1864" VPOS="3382" HEIGHT="18" WIDTH="34" CONTENT="zu" WC="0.93" />
            <String ID="Textword_395" HPOS="1918" VPOS="3374" HEIGHT="33" WIDTH="91" CONTENT="billig-" WC="0.92" />
          </TextLine>
        </TextBlock>
        <TextBlock ID="TextBlock_73" HPOS="287" VPOS="3447" HEIGHT="90" WIDTH="1723">
          <TextLine ID="TextLine_134" HPOS="458" VPOS="3447" HEIGHT="39" WIDTH="1423">
            <String ID="Textword_396" HPOS="458" VPOS="3455" HEIGHT="8" WIDTH="8" CONTENT="2" WC="0.06" />
            <String ID="Textword_397" HPOS="616" VPOS="3473" HEIGHT="13" WIDTH="12" CONTENT="a" WC="0.59" />
            <String ID="Textword_398" HPOS="832" VPOS="3460" HEIGHT="21" WIDTH="57" CONTENT="aus" WC="0.93" />
            <String ID="Textword_399" HPOS="916" VPOS="3449" HEIGHT="32" WIDTH="183" CONTENT="schweizer." WC="0.90" />
            <String ID="Textword_400" HPOS="1120" VPOS="3447" HEIGHT="32" WIDTH="302" CONTENT="Textilindustriel-" WC="0.91" />
            <String ID="Textword_401" HPOS="1606" VPOS="3459" HEIGHT="24" WIDTH="11" CONTENT="4" WC="0.67" />
            <String ID="Textword_402" HPOS="1874" VPOS="3454" HEIGHT="7" WIDTH="7" CONTENT="o" WC="0.49" />
          </TextLine>
          <TextLine ID="TextLine_135" HPOS="287" VPOS="3452" HEIGHT="85" WIDTH="1723">
            <String ID="Textword_403" HPOS="287" VPOS="3453" HEIGHT="84" WIDTH="328" CONTENT="Energischer" WC="0.92" />
            <String ID="Textword_404" HPOS="656" VPOS="3452" HEIGHT="64" WIDTH="148" CONTENT="Mann" WC="0.96" />
            <String ID="Textword_405" HPOS="832" VPOS="3494" HEIGHT="31" WIDTH="204" CONTENT="len-Familie" WC="0.89" />
            <String ID="Textword_406" HPOS="1055" VPOS="3491" HEIGHT="33" WIDTH="89" CONTENT="sucht" WC="0.91" />
            <String ID="Textword_407" HPOS="1163" VPOS="3490" HEIGHT="43" WIDTH="155" CONTENT="passende" WC="0.92" />
            <String ID="Textword_408" HPOS="1344" VPOS="3489" HEIGHT="33" WIDTH="77" CONTENT="Stel-" WC="0.77" />
            <String ID="Textword_409" HPOS="1550" VPOS="3454" HEIGHT="40" WIDTH="357" CONTENT="Metallwarenfabrik" WC="0.88" />
            <String ID="Textword_410" HPOS="1926" VPOS="3454" HEIGHT="50" WIDTH="84" CONTENT="Zug." WC="0.88" />
          </TextLine>
        </TextBlock>
        <TextBlock ID="TextBlock_74" HPOS="392" VPOS="3537" HEIGHT="91" WIDTH="1602">
          <TextLine ID="TextLine_136" HPOS="392" VPOS="3541" HEIGHT="41" WIDTH="78">
            <String ID="Textword_411" HPOS="392" VPOS="3541" HEIGHT="41" WIDTH="78" CONTENT="lung." WC="0.88" />
          </TextLine>
          <TextLine ID="TextLine_137" HPOS="393" VPOS="3537" HEIGHT="91" WIDTH="1601">
            <String ID="Textword_412" HPOS="393" VPOS="3551" HEIGHT="75" WIDTH="145" CONTENT="LE" WC="0.11" />
            <String ID="Textword_413" HPOS="563" VPOS="3597" HEIGHT="28" WIDTH="95" CONTENT="unter" WC="0.95" />
            <String ID="Textword_414" HPOS="684" VPOS="3593" HEIGHT="31" WIDTH="119" CONTENT="Chiffre" WC="0.93" />
            <String ID="Textword_415" HPOS="830" VPOS="3591" HEIGHT="33" WIDTH="30" CONTENT="G." WC="0.92" />
            <String ID="Textword_416" HPOS="880" VPOS="3590" HEIGHT="34" WIDTH="31" CONTENT="S." WC="0.89" />
            <String ID="Textword_417" HPOS="930" VPOS="3591" HEIGHT="31" WIDTH="64" CONTENT="222" WC="0.96" />
            <String ID="Textword_418" HPOS="1019" VPOS="3601" HEIGHT="21" WIDTH="39" CONTENT="an" WC="0.96" />
            <String ID="Textword_419" HPOS="1085" VPOS="3591" HEIGHT="30" WIDTH="50" CONTENT="die" WC="0.88" />
            <String ID="Textword_420" HPOS="1162" VPOS="3590" HEIGHT="38" WIDTH="81" CONTENT="Exp." WC="0.93" />
            <String ID="Textword_421" HPOS="1272" VPOS="3591" HEIGHT="28" WIDTH="27" CONTENT="d." WC="0.92" />
            <String ID="Textword_422" HPOS="1329" VPOS="3589" HEIGHT="30" WIDTH="46" CONTENT="Bl." WC="0.96" />
            <String ID="Textword_423" HPOS="1471" VPOS="3537" HEIGHT="87" WIDTH="523" CONTENT="Geld-Darleben" WC="0.75" />
          </TextLine>
        </TextBlock>
        <TextBlock ID="TextBlock_75" HPOS="1455" VPOS="3639" HEIGHT="41" WIDTH="556">
          <TextLine ID="TextLine_138" HPOS="1455" VPOS="3639" HEIGHT="41" WIDTH="556">
            <String ID="Textword_424" HPOS="1455" VPOS="3640" HEIGHT="26" WIDTH="28" CONTENT="in" WC="0.93" />
            <String ID="Textword_425" HPOS="1490" VPOS="3640" HEIGHT="33" WIDTH="78" CONTENT="jeder" WC="0.93" />
            <String ID="Textword_426" HPOS="1580" VPOS="3640" HEIGHT="26" WIDTH="79" CONTENT="Hôhe" WC="0.86" />
            <String ID="Textword_427" HPOS="1670" VPOS="3641" HEIGHT="25" WIDTH="43" CONTENT="für" WC="0.93" />
            <String ID="Textword_428" HPOS="1721" VPOS="3640" HEIGHT="40" WIDTH="140" CONTENT="jedermann" WC="0.92" />
            <String ID="Textword_429" HPOS="1862" VPOS="3647" HEIGHT="33" WIDTH="63" CONTENT="zu" WC="0.96" />
            <String ID="Textword_430" HPOS="1935" VPOS="3639" HEIGHT="26" WIDTH="16" CONTENT="4" WC="0.95" />
            <String ID="Textword_431" HPOS="1971" VPOS="3639" HEIGHT="26" WIDTH="40" CONTENT="bis" WC="0.96" />
          </TextLine>
        </TextBlock>
        <TextBlock ID="TextBlock_76" HPOS="768" VPOS="3675" HEIGHT="169" WIDTH="1244">
          <TextLine ID="TextLine_139" HPOS="1456" VPOS="3675" HEIGHT="34" WIDTH="556">
            <String ID="Textword_432" HPOS="1456" VPOS="3683" HEIGHT="17" WIDTH="14" CONTENT="5" WC="0.36" />
            <String ID="Textword_433" HPOS="1484" VPOS="3676" HEIGHT="25" WIDTH="34" CONTENT="°/o" WC="0.86" />
            <String ID="Textword_434" HPOS="1537" VPOS="3684" HEIGHT="25" WIDTH="90" CONTENT="gegen" WC="0.90" />
            <String ID="Textword_435" HPOS="1652" VPOS="3675" HEIGHT="26" WIDTH="193" CONTENT="Schuldschein" WC="0.91" />
            <String ID="Textword_436" HPOS="1868" VPOS="3679" HEIGHT="22" WIDTH="50" CONTENT="mit" WC="0.96" />
            <String ID="Textword_437" HPOS="1947" VPOS="3675" HEIGHT="26" WIDTH="65" CONTENT="oder" WC="0.95" />
          </TextLine>
          <TextLine ID="TextLine_140" HPOS="1456" VPOS="3711" HEIGHT="33" WIDTH="555">
            <String ID="Textword_438" HPOS="1456" VPOS="3711" HEIGHT="26" WIDTH="66" CONTENT="ohne" WC="0.92" />
            <String ID="Textword_439" HPOS="1562" VPOS="3711" HEIGHT="33" WIDTH="106" CONTENT="Bürgen" WC="0.87" />
            <String ID="Textword_440" HPOS="1708" VPOS="3711" HEIGHT="33" WIDTH="99" CONTENT="tilgbar" WC="0.89" />
            <String ID="Textword_441" HPOS="1842" VPOS="3711" HEIGHT="26" WIDTH="27" CONTENT="in" WC="0.90" />
            <String ID="Textword_442" HPOS="1907" VPOS="3713" HEIGHT="23" WIDTH="104" CONTENT="monat-" WC="0.89" />
          </TextLine>
          <TextLine ID="TextLine_141" HPOS="768" VPOS="3746" HEIGHT="31" WIDTH="1243">
            <String ID="Textword_443" HPOS="768" VPOS="3775" HEIGHT="2" WIDTH="2" CONTENT=":" WC="0.53" />
            <String ID="Textword_444" HPOS="1455" VPOS="3747" HEIGHT="25" WIDTH="87" CONTENT="lichen" WC="0.91" />
            <String ID="Textword_445" HPOS="1566" VPOS="3747" HEIGHT="25" WIDTH="89" CONTENT="Raten" WC="0.91" />
            <String ID="Textword_446" HPOS="1680" VPOS="3754" HEIGHT="18" WIDTH="52" CONTENT="von" WC="0.96" />
            <String ID="Textword_447" HPOS="1752" VPOS="3747" HEIGHT="25" WIDTH="13" CONTENT="1" WC="0.96" />
            <String ID="Textword_448" HPOS="1786" VPOS="3746" HEIGHT="26" WIDTH="41" CONTENT="bis" WC="0.96" />
            <String ID="Textword_449" HPOS="1849" VPOS="3746" HEIGHT="26" WIDTH="31" CONTENT="10" WC="0.93" />
            <String ID="Textword_450" HPOS="1899" VPOS="3746" HEIGHT="26" WIDTH="112" CONTENT="Jahren." WC="0.92" />
          </TextLine>
          <TextLine ID="TextLine_142" HPOS="1456" VPOS="3782" HEIGHT="32" WIDTH="555">
            <String ID="Textword_451" HPOS="1456" VPOS="3782" HEIGHT="26" WIDTH="75" CONTENT="Ohne" WC="0.93" />
            <String ID="Textword_452" HPOS="1542" VPOS="3782" HEIGHT="32" WIDTH="316" CONTENT="Vermittlungsgebühr." WC="0.68" />
            <String ID="Textword_453" HPOS="1879" VPOS="3782" HEIGHT="26" WIDTH="132" CONTENT="Darleheu" WC="0.47" />
          </TextLine>
          <TextLine ID="TextLine_143" HPOS="1456" VPOS="3817" HEIGHT="27" WIDTH="555">
            <String ID="Textword_454" HPOS="1456" VPOS="3818" HEIGHT="26" WIDTH="43" CONTENT="auf" WC="0.92" />
            <String ID="Textword_455" HPOS="1511" VPOS="3818" HEIGHT="26" WIDTH="163" CONTENT="Realitätan," WC="0.81" />
            <String ID="Textword_456" HPOS="1695" VPOS="3825" HEIGHT="18" WIDTH="33" CONTENT="zu" WC="0.93" />
            <String ID="Textword_457" HPOS="1748" VPOS="3818" HEIGHT="26" WIDTH="50" CONTENT="3*/2" WC="0.83" />
            <String ID="Textword_458" HPOS="1813" VPOS="3818" HEIGHT="25" WIDTH="34" CONTENT="°/o" WC="0.91" />
            <String ID="Textword_459" HPOS="1862" VPOS="3817" HEIGHT="26" WIDTH="49" CONTENT="auf" WC="0.96" />
            <String ID="Textword_460" HPOS="1923" VPOS="3817" HEIGHT="26" WIDTH="34" CONTENT="30" WC="0.95" />
            <String ID="Textword_461" HPOS="1969" VPOS="3817" HEIGHT="27" WIDTH="42" CONTENT="bis" WC="0.96" />
          </TextLine>
        </TextBlock>
        <TextBlock ID="TextBlock_77" HPOS="1457" VPOS="3852" HEIGHT="34" WIDTH="553">
          <TextLine ID="TextLine_144" HPOS="1457" VPOS="3852" HEIGHT="34" WIDTH="553">
            <String ID="Textword_462" HPOS="1457" VPOS="3853" HEIGHT="26" WIDTH="31" CONTENT="60" WC="0.96" />
            <String ID="Textword_463" HPOS="1502" VPOS="3853" HEIGHT="26" WIDTH="90" CONTENT="Jahre," WC="0.96" />
            <String ID="Textword_464" HPOS="1613" VPOS="3854" HEIGHT="24" WIDTH="113" CONTENT="höchste" WC="0.92" />
            <String ID="Textword_465" HPOS="1738" VPOS="3853" HEIGHT="33" WIDTH="171" CONTENT="Belehnung." WC="0.91" />
            <String ID="Textword_466" HPOS="1930" VPOS="3852" HEIGHT="27" WIDTH="80" CONTENT="Grös-" WC="0.91" />
          </TextLine>
        </TextBlock>
        <TextBlock ID="TextBlock_78" HPOS="286" VPOS="3649" HEIGHT="15" WIDTH="1138">
          <TextLine ID="TextLine_145" HPOS="286" VPOS="3649" HEIGHT="15" WIDTH="1138">
            <SP ID="Textword_88" HPOS="286" VPOS="3649" />
            <String ID="Textword_467" HPOS="286" VPOS="3649" HEIGHT="15" WIDTH="1138" CONTENT=" " WC="0.95" />
          </TextLine>
        </TextBlock>
        <TextBlock ID="TextBlock_79" HPOS="289" VPOS="3875" HEIGHT="107" WIDTH="1721">
          <TextLine ID="TextLine_146" HPOS="289" VPOS="3875" HEIGHT="64" WIDTH="1721">
            <String ID="Textword_468" HPOS="289" VPOS="3881" HEIGHT="38" WIDTH="56" CONTENT="für" WC="0.96" />
            <String ID="Textword_469" HPOS="376" VPOS="3878" HEIGHT="59" WIDTH="408" CONTENT="Glühlampenfabriken," WC="0.91" />
            <String ID="Textword_470" HPOS="820" VPOS="3877" HEIGHT="62" WIDTH="31" CONTENT="in" WC="0.96" />
            <String ID="Textword_471" HPOS="884" VPOS="3877" HEIGHT="60" WIDTH="153" CONTENT="bestem‘" WC="0.47" />
            <String ID="Textword_472" HPOS="1054" VPOS="3875" HEIGHT="60" WIDTH="157" CONTENT="Cristall," WC="0.91" />
            <String ID="Textword_473" HPOS="1342" VPOS="3927" HEIGHT="6" WIDTH="5" CONTENT=";" WC="0.70" />
            <String ID="Textword_474" HPOS="1456" VPOS="3896" HEIGHT="18" WIDTH="58" CONTENT="sere" WC="0.91" />
            <String ID="Textword_475" HPOS="1530" VPOS="3889" HEIGHT="39" WIDTH="246" CONTENT="Finanzierungen." WC="0.93" />
            <String ID="Textword_476" HPOS="1797" VPOS="3888" HEIGHT="26" WIDTH="108" CONTENT="Rasche" WC="0.92" />
            <String ID="Textword_477" HPOS="1920" VPOS="3895" HEIGHT="19" WIDTH="26" CONTENT="u." WC="0.77" />
            <String ID="Textword_478" HPOS="1957" VPOS="3888" HEIGHT="26" WIDTH="53" CONTENT="dis-" WC="0.92" />
          </TextLine>
          <TextLine ID="TextLine_147" HPOS="289" VPOS="3924" HEIGHT="58" WIDTH="1591">
            <String ID="Textword_479" HPOS="289" VPOS="3935" HEIGHT="39" WIDTH="47" CONTENT="50" WC="0.93" />
            <String ID="Textword_480" HPOS="355" VPOS="3942" HEIGHT="40" WIDTH="41" CONTENT="°/" WC="0.73" />
            <String ID="Textword_481" HPOS="418" VPOS="3932" HEIGHT="48" WIDTH="261" CONTENT="Gasersparnis" WC="0.83" />
            <String ID="Textword_482" HPOS="711" VPOS="3930" HEIGHT="50" WIDTH="204" CONTENT="gegenüber" WC="0.93" />
            <String ID="Textword_483" HPOS="937" VPOS="3928" HEIGHT="40" WIDTH="290" CONTENT="ausländischem" WC="0.92" />
            <String ID="Textword_484" HPOS="1248" VPOS="3927" HEIGHT="47" WIDTH="176" CONTENT="Fabrikat," WC="0.82" />
            <String ID="Textword_485" HPOS="0" VPOS="0" HEIGHT="4972" WIDTH="3268" CONTENT="!" WC="0.65" />
            <String ID="Textword_486" HPOS="1456" VPOS="3925" HEIGHT="25" WIDTH="76" CONTENT="krete" WC="0.65" />
            <String ID="Textword_487" HPOS="1552" VPOS="3925" HEIGHT="32" WIDTH="182" CONTENT="Abwicklung" WC="0.96" />
            <String ID="Textword_488" HPOS="1753" VPOS="3924" HEIGHT="33" WIDTH="127" CONTENT="besorgt:" WC="0.93" />
          </TextLine>
        </TextBlock>
        <TextBlock ID="TextBlock_80" HPOS="364" VPOS="3967" HEIGHT="137" WIDTH="1649">
          <TextLine ID="TextLine_148" HPOS="515" VPOS="3967" HEIGHT="84" WIDTH="1498">
            <String ID="Textword_489" HPOS="515" VPOS="4041" HEIGHT="10" WIDTH="25" CONTENT="i" WC="0.68" />
            <String ID="Textword_490" HPOS="798" VPOS="3991" HEIGHT="25" WIDTH="88" CONTENT="liefert" WC="0.66" />
            <String ID="Textword_491" HPOS="908" VPOS="3990" HEIGHT="55" WIDTH="42" CONTENT="di" WC="0.83" />
            <String ID="Textword_492" HPOS="1458" VPOS="3968" HEIGHT="80" WIDTH="229" CONTENT="Administration" WC="0.87" />
            <String ID="Textword_493" HPOS="1705" VPOS="3968" HEIGHT="78" WIDTH="47" CONTENT="des" WC="0.93" />
            <String ID="Textword_494" HPOS="1774" VPOS="3967" HEIGHT="47" WIDTH="239" CONTENT="BOrsen-Counier" WC="0.58" />
          </TextLine>
          <TextLine ID="TextLine_149" HPOS="364" VPOS="4021" HEIGHT="83" WIDTH="1648">
            <String ID="Textword_495" HPOS="364" VPOS="4039" HEIGHT="56" WIDTH="259" CONTENT="Glashütte" WC="0.90" />
            <String ID="Textword_496" HPOS="652" VPOS="4037" HEIGHT="56" WIDTH="139" CONTENT="Olten" WC="0.84" />
            <String ID="Textword_497" HPOS="819" VPOS="4033" HEIGHT="71" WIDTH="533" CONTENT="Aktiengesellschaft." WC="0.89" />
            <String ID="Textword_498" HPOS="0" VPOS="0" HEIGHT="4972" WIDTH="3268" CONTENT="|" WC="0.78" />
            <String ID="Textword_499" HPOS="1492" VPOS="4029" HEIGHT="69" WIDTH="158" CONTENT="nico" WC="0.41" />
            <String ID="Textword_500" HPOS="1648" VPOS="4021" HEIGHT="70" WIDTH="228" CONTENT="erwünscht," WC="0.33" />
            <String ID="Textword_501" HPOS="1876" VPOS="4021" HEIGHT="70" WIDTH="136" CONTENT="11008." WC="0.44" />
          </TextLine>
        </TextBlock>
        <TextBlock ID="TextBlock_81" HPOS="2025" VPOS="2866" HEIGHT="1233" WIDTH="7">
          <TextLine ID="TextLine_150" HPOS="2025" VPOS="2866" HEIGHT="1233" WIDTH="7">
            <SP ID="Textword_89" HPOS="2025" VPOS="2866" />
            <String ID="Textword_502" HPOS="2025" VPOS="2866" HEIGHT="1233" WIDTH="7" CONTENT=" " WC="0.95" />
          </TextLine>
        </TextBlock>
        <TextBlock ID="TextBlock_82" HPOS="1434" VPOS="2929" HEIGHT="1169" WIDTH="12">
          <TextLine ID="TextLine_151" HPOS="1434" VPOS="2929" HEIGHT="1169" WIDTH="12">
            <SP ID="Textword_90" HPOS="1434" VPOS="2929" />
            <String ID="Textword_503" HPOS="1434" VPOS="2929" HEIGHT="1169" WIDTH="12" CONTENT=" " WC="0.95" />
          </TextLine>
        </TextBlock>
        <TextBlock ID="TextBlock_83" HPOS="295" VPOS="4107" HEIGHT="16" WIDTH="1909">
          <TextLine ID="TextLine_152" HPOS="295" VPOS="4107" HEIGHT="16" WIDTH="1909">
            <SP ID="Textword_91" HPOS="295" VPOS="4107" />
            <String ID="Textword_504" HPOS="295" VPOS="4107" HEIGHT="16" WIDTH="1909" CONTENT=" " WC="0.95" />
          </TextLine>
        </TextBlock>
        <TextBlock ID="TextBlock_84" HPOS="303" VPOS="4142" HEIGHT="17" WIDTH="1901">
          <TextLine ID="TextLine_153" HPOS="303" VPOS="4142" HEIGHT="17" WIDTH="1901">
            <SP ID="Textword_92" HPOS="303" VPOS="4142" />
            <String ID="Textword_505" HPOS="303" VPOS="4142" HEIGHT="17" WIDTH="1901" CONTENT=" " WC="0.95" />
          </TextLine>
        </TextBlock>
        <TextBlock ID="TextBlock_85" HPOS="291" VPOS="4157" HEIGHT="337" WIDTH="1812">
          <TextLine ID="TextLine_154" HPOS="291" VPOS="4157" HEIGHT="337" WIDTH="1812">
            <String ID="Textword_506" HPOS="291" VPOS="4157" HEIGHT="337" WIDTH="473" CONTENT="Asphalt-" WC="0.82" />
            <String ID="Textword_507" HPOS="786" VPOS="4302" HEIGHT="189" WIDTH="625" CONTENT="Kegelbahnen" WC="0.88" />
            <String ID="Textword_508" HPOS="1493" VPOS="4300" HEIGHT="173" WIDTH="466" CONTENT="“Cimamam" WC="0.00" />
            <String ID="Textword_509" HPOS="2036" VPOS="4344" HEIGHT="129" WIDTH="67" CONTENT="Hi" WC="0.40" />
          </TextLine>
        </TextBlock>
        <TextBlock ID="TextBlock_86" HPOS="2" VPOS="2005" HEIGHT="2915" WIDTH="8">
          <TextLine ID="TextLine_155" HPOS="2" VPOS="2005" HEIGHT="2915" WIDTH="8">
            <SP ID="Textword_93" HPOS="2" VPOS="2005" />
            <String ID="Textword_510" HPOS="2" VPOS="2005" HEIGHT="2915" WIDTH="8" CONTENT=" " WC="0.95" />
          </TextLine>
        </TextBlock>
        <TextBlock ID="TextBlock_87" HPOS="3241" VPOS="48" HEIGHT="3251" WIDTH="21">
          <TextLine ID="TextLine_156" HPOS="3241" VPOS="48" HEIGHT="3251" WIDTH="21">
            <SP ID="Textword_94" HPOS="3241" VPOS="48" />
            <String ID="Textword_511" HPOS="3241" VPOS="48" HEIGHT="3251" WIDTH="21" CONTENT=" " WC="0.95" />
          </TextLine>
        </TextBlock>
        <TextBlock ID="TextBlock_88" HPOS="3229" VPOS="3363" HEIGHT="1528" WIDTH="15">
          <TextLine ID="TextLine_157" HPOS="3229" VPOS="3363" HEIGHT="1528" WIDTH="15">
            <SP ID="Textword_95" HPOS="3229" VPOS="3363" />
            <String ID="Textword_512" HPOS="3229" VPOS="3363" HEIGHT="1528" WIDTH="15" CONTENT=" " WC="0.95" />
          </TextLine>
        </TextBlock>
      </PrintSpace>
    </Page>
  </Layout>
</alto>
