<?xml version="1.0" encoding="UTF-8"?>
<alto xmlns="http://www.loc.gov/standards/alto/ns-v2#" xmlns:xsi="http://www.w3.org/2001/XMLSchema-instance" xsi:schemaLocation="http://www.loc.gov/standards/alto/ns-v2# http://www.loc.gov/standards/alto/alto.xsd">
  <Description>
    <MeasurementUnit>pixel</MeasurementUnit>
    <sourceImageInformation />
    <OCRProcessing ID="OCR_1">
      <preProcessingStep>
        <processingDateTime>2019-05-09T06:38:04</processingDateTime>
        <processingAgency>intranda GmbH, www.intranda.com</processingAgency>
        <processingSoftware>
          <softwareCreator>intranda GmbH, Germany</softwareCreator>
          <softwareName>intranda OCR Module for TaskManager</softwareName>
          <softwareVersion>1.0r42</softwareVersion>
        </processingSoftware>
      </preProcessingStep>
      <ocrProcessingStep>
        <processingSoftware>
          <softwareCreator>Tesseract contributors</softwareCreator>
          <softwareName>Tesseract Open Source OCR Engine</softwareName>
          <softwareVersion>4.0.0-beta.1-270-g5a56</softwareVersion>
        </processingSoftware>
      </ocrProcessingStep>
    </OCRProcessing>
  </Description>
  <Layout>
    <Page ID="PAGE_1" HEIGHT="4983" WIDTH="3378" PHYSICAL_IMG_NR="1">
      <PrintSpace ID="PrintSpace_1" HPOS="0" VPOS="0" HEIGHT="4983" WIDTH="3378">
        <TextBlock ID="TextBlock_1" HPOS="541" VPOS="0" HEIGHT="290" WIDTH="2837">
          <TextLine ID="TextLine_1" HPOS="541" VPOS="0" HEIGHT="290" WIDTH="2837">
            <SP ID="Textword_1" HPOS="541" VPOS="0" />
            <String ID="Textword_1" HPOS="541" VPOS="0" HEIGHT="290" WIDTH="2837" CONTENT="  " WC="0.95" />
          </TextLine>
        </TextBlock>
        <TextBlock ID="TextBlock_2" HPOS="1468" VPOS="254" HEIGHT="36" WIDTH="570">
          <TextLine ID="TextLine_2" HPOS="1468" VPOS="254" HEIGHT="36" WIDTH="570">
            <String ID="Textword_2" HPOS="1468" VPOS="254" HEIGHT="27" WIDTH="224" CONTENT="Schweizerische" WC="0.89" />
            <String ID="Textword_3" HPOS="1721" VPOS="255" HEIGHT="35" WIDTH="317" CONTENT="Arbeitgeber-Zeitung." WC="0.89" />
          </TextLine>
        </TextBlock>
        <TextBlock ID="TextBlock_3" HPOS="373" VPOS="354" HEIGHT="351" WIDTH="1747">
          <TextLine ID="TextLine_3" HPOS="373" VPOS="354" HEIGHT="140" WIDTH="1747">
            <String ID="Textword_4" HPOS="0" VPOS="0" HEIGHT="4983" WIDTH="3378" CONTENT="PUS" WC="0.41" />
            <String ID="Textword_5" HPOS="0" VPOS="0" HEIGHT="4983" WIDTH="3378" CONTENT="US" WC="0.40" />
            <String ID="Textword_6" HPOS="373" VPOS="354" HEIGHT="140" WIDTH="1314" CONTENT="US" WC="0.42" />
            <String ID="Textword_7" HPOS="0" VPOS="0" HEIGHT="4983" WIDTH="3378" CONTENT="US" WC="0.51" />
            <String ID="Textword_8" HPOS="0" VPOS="0" HEIGHT="4983" WIDTH="3378" CONTENT="US" WC="0.44" />
            <String ID="Textword_9" HPOS="1687" VPOS="362" HEIGHT="89" WIDTH="214" CONTENT="US" WC="0.35" />
            <String ID="Textword_10" HPOS="1902" VPOS="363" HEIGHT="88" WIDTH="107" CONTENT="US" WC="0.30" />
            <String ID="Textword_11" HPOS="2004" VPOS="363" HEIGHT="119" WIDTH="116" CONTENT="NY," WC="0.00" />
          </TextLine>
          <TextLine ID="TextLine_4" HPOS="537" VPOS="520" HEIGHT="185" WIDTH="1406">
            <String ID="Textword_12" HPOS="378" VPOS="593" HEIGHT="84" WIDTH="56" CONTENT="7" WC="0.57" />
            <String ID="Textword_13" HPOS="537" VPOS="520" HEIGHT="185" WIDTH="430" CONTENT="Adolph" WC="0.93" />
            <String ID="Textword_14" HPOS="1041" VPOS="520" HEIGHT="183" WIDTH="454" CONTENT="Saurer," WC="0.89" />
            <String ID="Textword_15" HPOS="1575" VPOS="524" HEIGHT="153" WIDTH="368" CONTENT="Arbon" WC="0.92" />
          </TextLine>
        </TextBlock>
        <TextBlock ID="TextBlock_4" HPOS="677" VPOS="716" HEIGHT="87" WIDTH="1130">
          <TextLine ID="TextLine_5" HPOS="677" VPOS="716" HEIGHT="87" WIDTH="1130">
            <String ID="Textword_16" HPOS="677" VPOS="716" HEIGHT="67" WIDTH="503" CONTENT="Maschinenfabrik" WC="0.94" />
            <String ID="Textword_17" HPOS="1219" VPOS="719" HEIGHT="62" WIDTH="113" CONTENT="und" WC="0.93" />
            <String ID="Textword_18" HPOS="1370" VPOS="719" HEIGHT="84" WIDTH="437" CONTENT="Eisengiesserei" WC="0.91" />
          </TextLine>
        </TextBlock>
        <TextBlock ID="TextBlock_5" HPOS="921" VPOS="866" HEIGHT="45" WIDTH="639">
          <TextLine ID="TextLine_6" HPOS="921" VPOS="866" HEIGHT="45" WIDTH="639">
            <String ID="Textword_19" HPOS="921" VPOS="866" HEIGHT="45" WIDTH="252" CONTENT="Abteilung:" WC="0.92" />
            <String ID="Textword_20" HPOS="1205" VPOS="867" HEIGHT="37" WIDTH="355" CONTENT="MOTORBAU" WC="0.91" />
          </TextLine>
        </TextBlock>
        <TextBlock ID="TextBlock_6" HPOS="497" VPOS="982" HEIGHT="268" WIDTH="1487">
          <TextLine ID="TextLine_7" HPOS="497" VPOS="982" HEIGHT="113" WIDTH="1487">
            <String ID="Textword_21" HPOS="497" VPOS="982" HEIGHT="113" WIDTH="348" CONTENT="Petrol-," WC="0.88" />
            <String ID="Textword_22" HPOS="893" VPOS="982" HEIGHT="98" WIDTH="358" CONTENT="Benzin-" WC="0.92" />
            <String ID="Textword_23" HPOS="1290" VPOS="1016" HEIGHT="66" WIDTH="81" CONTENT="u." WC="0.92" />
            <String ID="Textword_24" HPOS="1407" VPOS="985" HEIGHT="101" WIDTH="577" CONTENT="Gasmotoren" WC="0.92" />
          </TextLine>
          <TextLine ID="TextLine_8" HPOS="829" VPOS="1124" HEIGHT="126" WIDTH="837">
            <String ID="Textword_25" HPOS="829" VPOS="1124" HEIGHT="126" WIDTH="837" CONTENT="Sauggas-Anlagen" WC="0.91" />
          </TextLine>
        </TextBlock>
        <TextBlock ID="TextBlock_7" HPOS="1723" VPOS="1163" HEIGHT="14" WIDTH="265">
          <TextLine ID="TextLine_9" HPOS="1723" VPOS="1163" HEIGHT="14" WIDTH="265">
            <SP ID="Textword_2" HPOS="1723" VPOS="1163" />
            <String ID="Textword_26" HPOS="1723" VPOS="1163" HEIGHT="14" WIDTH="265" CONTENT=" " WC="0.95" />
          </TextLine>
        </TextBlock>
        <TextBlock ID="TextBlock_8" HPOS="495" VPOS="1184" HEIGHT="12" WIDTH="266">
          <TextLine ID="TextLine_10" HPOS="495" VPOS="1184" HEIGHT="12" WIDTH="266">
            <SP ID="Textword_3" HPOS="495" VPOS="1184" />
            <String ID="Textword_27" HPOS="495" VPOS="1184" HEIGHT="12" WIDTH="266" CONTENT=" " WC="0.95" />
          </TextLine>
        </TextBlock>
        <TextBlock ID="TextBlock_9" HPOS="1721" VPOS="1191" HEIGHT="14" WIDTH="265">
          <TextLine ID="TextLine_11" HPOS="1721" VPOS="1191" HEIGHT="14" WIDTH="265">
            <SP ID="Textword_4" HPOS="1721" VPOS="1191" />
            <String ID="Textword_28" HPOS="1721" VPOS="1191" HEIGHT="14" WIDTH="265" CONTENT=" " WC="0.95" />
          </TextLine>
        </TextBlock>
        <TextBlock ID="TextBlock_10" HPOS="495" VPOS="1211" HEIGHT="11" WIDTH="266">
          <TextLine ID="TextLine_12" HPOS="495" VPOS="1211" HEIGHT="11" WIDTH="266">
            <SP ID="Textword_5" HPOS="495" VPOS="1211" />
            <String ID="Textword_29" HPOS="495" VPOS="1211" HEIGHT="11" WIDTH="266" CONTENT=" " WC="0.95" />
          </TextLine>
        </TextBlock>
        <TextBlock ID="TextBlock_11" HPOS="1722" VPOS="1219" HEIGHT="12" WIDTH="265">
          <TextLine ID="TextLine_13" HPOS="1722" VPOS="1219" HEIGHT="12" WIDTH="265">
            <SP ID="Textword_6" HPOS="1722" VPOS="1219" />
            <String ID="Textword_30" HPOS="1722" VPOS="1219" HEIGHT="12" WIDTH="265" CONTENT=" " WC="0.95" />
          </TextLine>
        </TextBlock>
        <TextBlock ID="TextBlock_12" HPOS="534" VPOS="1299" HEIGHT="17" WIDTH="1415">
          <TextLine ID="TextLine_14" HPOS="534" VPOS="1299" HEIGHT="17" WIDTH="1415">
            <SP ID="Textword_7" HPOS="534" VPOS="1299" />
            <String ID="Textword_31" HPOS="534" VPOS="1299" HEIGHT="17" WIDTH="1415" CONTENT=" " WC="0.95" />
          </TextLine>
        </TextBlock>
        <TextBlock ID="TextBlock_13" HPOS="1937" VPOS="1316" HEIGHT="28" WIDTH="53">
          <TextLine ID="TextLine_15" HPOS="1937" VPOS="1316" HEIGHT="28" WIDTH="53">
            <String ID="Textword_32" HPOS="1937" VPOS="1316" HEIGHT="28" WIDTH="53" CONTENT="V" WC="0.61" />
          </TextLine>
        </TextBlock>
        <TextBlock ID="TextBlock_14" HPOS="535" VPOS="1713" HEIGHT="16" WIDTH="1414">
          <TextLine ID="TextLine_16" HPOS="535" VPOS="1713" HEIGHT="16" WIDTH="1414">
            <SP ID="Textword_8" HPOS="535" VPOS="1713" />
            <String ID="Textword_33" HPOS="535" VPOS="1713" HEIGHT="16" WIDTH="1414" CONTENT=" " WC="0.95" />
          </TextLine>
        </TextBlock>
        <TextBlock ID="TextBlock_15" HPOS="906" VPOS="1303" HEIGHT="451" WIDTH="686">
          <TextLine ID="TextLine_17" HPOS="906" VPOS="1303" HEIGHT="451" WIDTH="686">
            <SP ID="Textword_9" HPOS="906" VPOS="1303" />
            <String ID="Textword_34" HPOS="906" VPOS="1303" HEIGHT="451" WIDTH="686" CONTENT=" " WC="0.95" />
          </TextLine>
        </TextBlock>
        <TextBlock ID="TextBlock_16" HPOS="840" VPOS="1841" HEIGHT="45" WIDTH="807">
          <TextLine ID="TextLine_18" HPOS="840" VPOS="1841" HEIGHT="45" WIDTH="807">
            <String ID="Textword_35" HPOS="840" VPOS="1841" HEIGHT="45" WIDTH="254" CONTENT="Abteilung:" WC="0.93" />
            <String ID="Textword_36" HPOS="1130" VPOS="1843" HEIGHT="39" WIDTH="517" CONTENT="AUTOMOBILBAU" WC="0.90" />
          </TextLine>
        </TextBlock>
        <TextBlock ID="TextBlock_17" HPOS="548" VPOS="1937" HEIGHT="166" WIDTH="1549">
          <TextLine ID="TextLine_19" HPOS="548" VPOS="1937" HEIGHT="166" WIDTH="1549">
            <String ID="Textword_37" HPOS="409" VPOS="1979" HEIGHT="78" WIDTH="29" CONTENT="7" WC="0.86" />
            <String ID="Textword_38" HPOS="548" VPOS="1937" HEIGHT="158" WIDTH="310" CONTENT="Lastwagen" WC="0.81" />
            <String ID="Textword_39" HPOS="1068" VPOS="1940" HEIGHT="136" WIDTH="313" CONTENT=" Omnibusse" WC="0.16" />
            <String ID="Textword_40" HPOS="1566" VPOS="1946" HEIGHT="157" WIDTH="531" CONTENT=" Luxuswagen" WC="0.46" />
          </TextLine>
        </TextBlock>
        <TextBlock ID="TextBlock_18" HPOS="546" VPOS="2103" HEIGHT="44" WIDTH="1370">
          <TextLine ID="TextLine_20" HPOS="546" VPOS="2103" HEIGHT="44" WIDTH="1370">
            <String ID="Textword_41" HPOS="546" VPOS="2103" HEIGHT="35" WIDTH="120" CONTENT="1—81/2" WC="0.90" />
            <String ID="Textword_42" HPOS="697" VPOS="2106" HEIGHT="26" WIDTH="123" CONTENT="Tonnen" WC="0.96" />
            <String ID="Textword_43" HPOS="1066" VPOS="2109" HEIGHT="27" WIDTH="106" CONTENT="10—24" WC="0.86" />
            <String ID="Textword_44" HPOS="1207" VPOS="2110" HEIGHT="27" WIDTH="154" CONTENT="Personen" WC="0.96" />
            <String ID="Textword_45" HPOS="1564" VPOS="2112" HEIGHT="35" WIDTH="45" CONTENT="15," WC="0.96" />
            <String ID="Textword_46" HPOS="1639" VPOS="2113" HEIGHT="26" WIDTH="35" CONTENT="30" WC="0.96" />
            <String ID="Textword_47" HPOS="1703" VPOS="2114" HEIGHT="26" WIDTH="61" CONTENT="und" WC="0.96" />
            <String ID="Textword_48" HPOS="1794" VPOS="2113" HEIGHT="28" WIDTH="37" CONTENT="50" WC="0.96" />
            <String ID="Textword_49" HPOS="1862" VPOS="2114" HEIGHT="27" WIDTH="54" CONTENT="PH" WC="0.95" />
          </TextLine>
        </TextBlock>
        <TextBlock ID="TextBlock_19" HPOS="535" VPOS="2203" HEIGHT="114" WIDTH="1408">
          <TextLine ID="TextLine_21" HPOS="535" VPOS="2203" HEIGHT="114" WIDTH="1408">
            <String ID="Textword_50" HPOS="535" VPOS="2203" HEIGHT="114" WIDTH="684" CONTENT="Motoryachten" WC="0.92" />
            <String ID="Textword_51" HPOS="1410" VPOS="2212" HEIGHT="90" WIDTH="533" CONTENT=" Lastschiffe" WC="0.63" />
          </TextLine>
        </TextBlock>
        <TextBlock ID="TextBlock_20" HPOS="706" VPOS="2380" HEIGHT="125" WIDTH="1180">
          <TextLine ID="TextLine_22" HPOS="706" VPOS="2380" HEIGHT="53" WIDTH="1087">
            <String ID="Textword_52" HPOS="706" VPOS="2380" HEIGHT="52" WIDTH="315" CONTENT="Erstklassiges" WC="0.91" />
            <String ID="Textword_53" HPOS="1049" VPOS="2383" HEIGHT="42" WIDTH="222" CONTENT="Fabrikat." WC="0.96" />
            <String ID="Textword_54" HPOS="1327" VPOS="2385" HEIGHT="42" WIDTH="153" CONTENT="Prima" WC="0.96" />
            <String ID="Textword_55" HPOS="1508" VPOS="2387" HEIGHT="46" WIDTH="285" CONTENT="Referenzen." WC="0.94" />
          </TextLine>
          <TextLine ID="TextLine_23" HPOS="1771" VPOS="2478" HEIGHT="27" WIDTH="115">
            <String ID="Textword_56" HPOS="1771" VPOS="2478" HEIGHT="26" WIDTH="27" CONTENT="S." WC="0.88" />
            <String ID="Textword_57" HPOS="1819" VPOS="2478" HEIGHT="27" WIDTH="67" CONTENT="1885" WC="0.96" />
          </TextLine>
        </TextBlock>
        <TextBlock ID="TextBlock_21" HPOS="1646" VPOS="2540" HEIGHT="78" WIDTH="206">
          <TextLine ID="TextLine_24" HPOS="1646" VPOS="2540" HEIGHT="78" WIDTH="206">
            <SP ID="Textword_10" HPOS="1646" VPOS="2540" />
            <String ID="Textword_58" HPOS="1646" VPOS="2540" HEIGHT="78" WIDTH="206" CONTENT=" " WC="0.95" />
          </TextLine>
        </TextBlock>
        <TextBlock ID="TextBlock_22" HPOS="485" VPOS="2683" HEIGHT="201" WIDTH="1508">
          <TextLine ID="TextLine_25" HPOS="485" VPOS="2683" HEIGHT="201" WIDTH="1508">
            <String ID="Textword_59" HPOS="485" VPOS="2683" HEIGHT="201" WIDTH="1045" CONTENT="Toggenburger" WC="0.92" />
            <String ID="Textword_60" HPOS="1610" VPOS="2690" HEIGHT="170" WIDTH="383" CONTENT="Bank" WC="0.96" />
          </TextLine>
        </TextBlock>
        <TextBlock ID="TextBlock_23" HPOS="8" VPOS="2858" HEIGHT="147" WIDTH="1875">
          <TextLine ID="TextLine_26" HPOS="8" VPOS="2858" HEIGHT="147" WIDTH="1875">
            <String ID="Textword_61" HPOS="8" VPOS="2858" HEIGHT="147" WIDTH="53" CONTENT="È" WC="0.47" />
            <String ID="Textword_62" HPOS="124" VPOS="2985" HEIGHT="3" WIDTH="3" CONTENT="|" WC="0.89" />
            <String ID="Textword_63" HPOS="600" VPOS="2901" HEIGHT="88" WIDTH="235" CONTENT="Lichtensteig," WC="0.62" />
            <String ID="Textword_64" HPOS="868" VPOS="2901" HEIGHT="75" WIDTH="44" CONTENT="ot." WC="0.76" />
            <String ID="Textword_65" HPOS="938" VPOS="2902" HEIGHT="98" WIDTH="122" CONTENT="Gallen," WC="0.94" />
            <String ID="Textword_66" HPOS="1094" VPOS="2902" HEIGHT="82" WIDTH="206" CONTENT="Rorschach," WC="0.89" />
            <String ID="Textword_67" HPOS="1334" VPOS="2902" HEIGHT="88" WIDTH="214" CONTENT="Rapperswil," WC="0.74" />
            <String ID="Textword_68" HPOS="1582" VPOS="2903" HEIGHT="73" WIDTH="56" CONTENT="Wil" WC="0.70" />
            <String ID="Textword_69" HPOS="1666" VPOS="2904" HEIGHT="89" WIDTH="67" CONTENT="md" WC="0.70" />
            <String ID="Textword_70" HPOS="1765" VPOS="2903" HEIGHT="75" WIDTH="118" CONTENT="Flawil" WC="0.89" />
          </TextLine>
        </TextBlock>
        <TextBlock ID="TextBlock_24" HPOS="471" VPOS="3044" HEIGHT="36" WIDTH="630">
          <TextLine ID="TextLine_27" HPOS="471" VPOS="3044" HEIGHT="36" WIDTH="630">
            <String ID="Textword_71" HPOS="471" VPOS="3044" HEIGHT="27" WIDTH="56" CONTENT="Wir" WC="0.96" />
            <String ID="Textword_72" HPOS="526" VPOS="3045" HEIGHT="34" WIDTH="93" CONTENT="sind," WC="0.96" />
            <String ID="Textword_73" HPOS="640" VPOS="3045" HEIGHT="35" WIDTH="109" CONTENT="solange" WC="0.96" />
            <String ID="Textword_74" HPOS="771" VPOS="3046" HEIGHT="33" WIDTH="107" CONTENT="Bedarf," WC="0.93" />
            <String ID="Textword_75" HPOS="899" VPOS="3046" HEIGHT="34" WIDTH="130" CONTENT="Abgeber" WC="0.92" />
            <String ID="Textword_76" HPOS="1047" VPOS="3054" HEIGHT="19" WIDTH="54" CONTENT="von" WC="0.96" />
          </TextLine>
        </TextBlock>
        <TextBlock ID="TextBlock_25" HPOS="619" VPOS="3108" HEIGHT="143" WIDTH="1223">
          <TextLine ID="TextLine_28" HPOS="619" VPOS="3108" HEIGHT="143" WIDTH="1223">
            <String ID="Textword_77" HPOS="619" VPOS="3109" HEIGHT="106" WIDTH="180" CONTENT="4/4" WC="0.00" />
            <String ID="Textword_78" HPOS="823" VPOS="3108" HEIGHT="107" WIDTH="104" CONTENT="°lo" WC="0.06" />
            <String ID="Textword_79" HPOS="975" VPOS="3110" HEIGHT="141" WIDTH="867" CONTENT="Obligationen" WC="0.96" />
          </TextLine>
        </TextBlock>
        <TextBlock ID="TextBlock_26" HPOS="365" VPOS="3312" HEIGHT="81" WIDTH="1732">
          <TextLine ID="TextLine_29" HPOS="366" VPOS="3312" HEIGHT="38" WIDTH="1731">
            <String ID="Textword_80" HPOS="366" VPOS="3315" HEIGHT="26" WIDTH="50" CONTENT="mit" WC="0.91" />
            <String ID="Textword_81" HPOS="442" VPOS="3316" HEIGHT="34" WIDTH="180" CONTENT="nachheriger" WC="0.91" />
            <String ID="Textword_82" HPOS="648" VPOS="3315" HEIGHT="35" WIDTH="205" CONTENT="gegenseitiger" WC="0.95" />
            <String ID="Textword_83" HPOS="879" VPOS="3313" HEIGHT="35" WIDTH="250" CONTENT="Kündigungsfrist" WC="0.96" />
            <String ID="Textword_84" HPOS="1155" VPOS="3313" HEIGHT="27" WIDTH="50" CONTENT="auf" WC="0.96" />
            <String ID="Textword_85" HPOS="1222" VPOS="3313" HEIGHT="26" WIDTH="16" CONTENT="6" WC="0.96" />
            <String ID="Textword_86" HPOS="1257" VPOS="3313" HEIGHT="31" WIDTH="136" CONTENT="Monate." WC="0.92" />
            <String ID="Textword_87" HPOS="1413" VPOS="3313" HEIGHT="26" WIDTH="52" CONTENT="Die" WC="0.96" />
            <String ID="Textword_88" HPOS="1490" VPOS="3312" HEIGHT="35" WIDTH="134" CONTENT="Ausgabe" WC="0.96" />
            <String ID="Textword_89" HPOS="1650" VPOS="3313" HEIGHT="34" WIDTH="102" CONTENT="erfolgt" WC="0.93" />
            <String ID="Textword_90" HPOS="1772" VPOS="3314" HEIGHT="33" WIDTH="150" CONTENT="spesenfrei" WC="0.91" />
            <String ID="Textword_91" HPOS="1946" VPOS="3316" HEIGHT="26" WIDTH="28" CONTENT="in" WC="0.96" />
            <String ID="Textword_92" HPOS="1992" VPOS="3316" HEIGHT="26" WIDTH="105" CONTENT="runden" WC="0.96" />
          </TextLine>
          <TextLine ID="TextLine_30" HPOS="365" VPOS="3357" HEIGHT="36" WIDTH="1634">
            <String ID="Textword_93" HPOS="365" VPOS="3360" HEIGHT="33" WIDTH="138" CONTENT="Beträgen" WC="0.96" />
            <String ID="Textword_94" HPOS="522" VPOS="3368" HEIGHT="18" WIDTH="53" CONTENT="von" WC="0.96" />
            <String ID="Textword_95" HPOS="596" VPOS="3360" HEIGHT="26" WIDTH="40" CONTENT="Fr." WC="0.96" />
            <String ID="Textword_96" HPOS="656" VPOS="3360" HEIGHT="27" WIDTH="57" CONTENT="500" WC="0.96" />
            <String ID="Textword_97" HPOS="734" VPOS="3368" HEIGHT="25" WIDTH="41" CONTENT="an," WC="0.96" />
            <String ID="Textword_98" HPOS="797" VPOS="3359" HEIGHT="26" WIDTH="49" CONTENT="auf" WC="0.95" />
            <String ID="Textword_99" HPOS="863" VPOS="3359" HEIGHT="26" WIDTH="52" CONTENT="den" WC="0.95" />
            <String ID="Textword_100" HPOS="935" VPOS="3359" HEIGHT="26" WIDTH="106" CONTENT="Namen" WC="0.96" />
            <String ID="Textword_101" HPOS="1061" VPOS="3358" HEIGHT="27" WIDTH="65" CONTENT="oder" WC="0.96" />
            <String ID="Textword_102" HPOS="1145" VPOS="3358" HEIGHT="26" WIDTH="119" CONTENT="Inhaber" WC="0.93" />
            <String ID="Textword_103" HPOS="1281" VPOS="3358" HEIGHT="33" WIDTH="124" CONTENT="lautend," WC="0.93" />
            <String ID="Textword_104" HPOS="1425" VPOS="3358" HEIGHT="25" WIDTH="50" CONTENT="mit" WC="0.92" />
            <String ID="Textword_105" HPOS="1494" VPOS="3357" HEIGHT="27" WIDTH="146" CONTENT="Semester-" WC="0.92" />
            <String ID="Textword_106" HPOS="1661" VPOS="3358" HEIGHT="27" WIDTH="64" CONTENT="oder" WC="0.96" />
            <String ID="Textword_107" HPOS="1744" VPOS="3358" HEIGHT="27" WIDTH="100" CONTENT="Jahres" WC="0.96" />
            <String ID="Textword_108" HPOS="1865" VPOS="3359" HEIGHT="34" WIDTH="134" CONTENT="Coupons." WC="0.96" />
          </TextLine>
        </TextBlock>
        <TextBlock ID="TextBlock_27" HPOS="363" VPOS="3412" HEIGHT="384" WIDTH="1625">
          <TextLine ID="TextLine_31" HPOS="1569" VPOS="3412" HEIGHT="43" WIDTH="419">
            <String ID="Textword_109" HPOS="1569" VPOS="3412" HEIGHT="40" WIDTH="101" CONTENT="Die" WC="0.95" />
            <String ID="Textword_110" HPOS="1697" VPOS="3412" HEIGHT="43" WIDTH="291" CONTENT="Direktion." WC="0.96" />
          </TextLine>
          <TextLine ID="TextLine_32" HPOS="363" VPOS="3605" HEIGHT="191" WIDTH="279">
            <String ID="Textword_111" HPOS="363" VPOS="3605" HEIGHT="191" WIDTH="279" CONTENT="Alte" WC="0.94" />
          </TextLine>
        </TextBlock>
        <TextBlock ID="TextBlock_28" HPOS="369" VPOS="2650" HEIGHT="13" WIDTH="1734">
          <TextLine ID="TextLine_33" HPOS="369" VPOS="2650" HEIGHT="13" WIDTH="1734">
            <SP ID="Textword_11" HPOS="369" VPOS="2650" />
            <String ID="Textword_112" HPOS="369" VPOS="2650" HEIGHT="13" WIDTH="1734" CONTENT=" " WC="0.95" />
          </TextLine>
        </TextBlock>
        <TextBlock ID="TextBlock_29" HPOS="363" VPOS="3478" HEIGHT="14" WIDTH="1736">
          <TextLine ID="TextLine_34" HPOS="363" VPOS="3478" HEIGHT="14" WIDTH="1736">
            <SP ID="Textword_12" HPOS="363" VPOS="3478" />
            <String ID="Textword_113" HPOS="363" VPOS="3478" HEIGHT="14" WIDTH="1736" CONTENT=" " WC="0.95" />
          </TextLine>
        </TextBlock>
        <TextBlock ID="TextBlock_30" HPOS="1541" VPOS="3517" HEIGHT="88" WIDTH="557">
          <TextLine ID="TextLine_35" HPOS="1541" VPOS="3517" HEIGHT="21" WIDTH="557">
            <String ID="Textword_114" HPOS="1541" VPOS="3517" HEIGHT="21" WIDTH="557" CONTENT="SEEN" WC="0.17" />
            <String ID="Textword_115" HPOS="0" VPOS="0" HEIGHT="4983" WIDTH="3378" CONTENT="EN" WC="0.32" />
          </TextLine>
          <TextLine ID="TextLine_36" HPOS="1656" VPOS="3563" HEIGHT="42" WIDTH="323">
            <String ID="Textword_116" HPOS="1656" VPOS="3563" HEIGHT="42" WIDTH="207" CONTENT="Disconto" WC="0.91" />
            <String ID="Textword_117" HPOS="1893" VPOS="3576" HEIGHT="29" WIDTH="86" CONTENT="von" WC="0.96" />
          </TextLine>
        </TextBlock>
        <TextBlock ID="TextBlock_31" HPOS="1566" VPOS="3618" HEIGHT="158" WIDTH="512">
          <TextLine ID="TextLine_37" HPOS="1566" VPOS="3618" HEIGHT="158" WIDTH="512">
            <String ID="Textword_118" HPOS="1566" VPOS="3618" HEIGHT="158" WIDTH="512" CONTENT="Buchlorderungen." WC="0.15" />
          </TextLine>
        </TextBlock>
        <TextBlock ID="TextBlock_32" HPOS="1539" VPOS="3785" HEIGHT="212" WIDTH="560">
          <TextLine ID="TextLine_38" HPOS="1591" VPOS="3785" HEIGHT="35" WIDTH="508">
            <String ID="Textword_119" HPOS="1591" VPOS="3785" HEIGHT="35" WIDTH="124" CONTENT="Einige" WC="0.93" />
            <String ID="Textword_120" HPOS="1752" VPOS="3785" HEIGHT="34" WIDTH="236" CONTENT="Kapitalisten" WC="0.91" />
            <String ID="Textword_121" HPOS="2029" VPOS="3787" HEIGHT="26" WIDTH="70" CONTENT="und" WC="0.96" />
          </TextLine>
          <TextLine ID="TextLine_39" HPOS="1539" VPOS="3819" HEIGHT="36" WIDTH="560">
            <String ID="Textword_122" HPOS="1539" VPOS="3819" HEIGHT="28" WIDTH="230" CONTENT="Grossfirmen" WC="0.90" />
            <String ID="Textword_123" HPOS="1833" VPOS="3823" HEIGHT="32" WIDTH="148" CONTENT="gesucht" WC="0.94" />
            <String ID="Textword_124" HPOS="2037" VPOS="3829" HEIGHT="19" WIDTH="62" CONTENT="zur" WC="0.92" />
          </TextLine>
          <TextLine ID="TextLine_40" HPOS="1540" VPOS="3854" HEIGHT="35" WIDTH="558">
            <String ID="Textword_125" HPOS="1540" VPOS="3854" HEIGHT="35" WIDTH="188" CONTENT="Gründung" WC="0.96" />
            <String ID="Textword_126" HPOS="1774" VPOS="3856" HEIGHT="28" WIDTH="96" CONTENT="einer" WC="0.93" />
            <String ID="Textword_127" HPOS="1907" VPOS="3857" HEIGHT="27" WIDTH="191" CONTENT="Genossen-" WC="0.91" />
          </TextLine>
          <TextLine ID="TextLine_41" HPOS="1539" VPOS="3891" HEIGHT="33" WIDTH="557">
            <String ID="Textword_128" HPOS="1539" VPOS="3892" HEIGHT="26" WIDTH="123" CONTENT="schaft." WC="0.71" />
            <String ID="Textword_129" HPOS="1676" VPOS="3891" HEIGHT="33" WIDTH="217" CONTENT="Dringendes" WC="0.92" />
            <String ID="Textword_130" HPOS="1901" VPOS="3892" HEIGHT="27" WIDTH="195" CONTENT="Bedürfnis." WC="0.96" />
          </TextLine>
          <TextLine ID="TextLine_42" HPOS="1574" VPOS="3927" HEIGHT="27" WIDTH="525">
            <String ID="Textword_131" HPOS="1574" VPOS="3927" HEIGHT="27" WIDTH="154" CONTENT="Näheres" WC="0.96" />
            <String ID="Textword_132" HPOS="1755" VPOS="3928" HEIGHT="26" WIDTH="108" CONTENT="durch" WC="0.68" />
            <String ID="Textword_133" HPOS="1889" VPOS="3928" HEIGHT="26" WIDTH="92" CONTENT="H.P." WC="0.85" />
            <String ID="Textword_134" HPOS="2003" VPOS="3927" HEIGHT="26" WIDTH="96" CONTENT="Fach" WC="0.96" />
          </TextLine>
          <TextLine ID="TextLine_43" HPOS="1539" VPOS="3962" HEIGHT="35" WIDTH="558">
            <String ID="Textword_135" HPOS="1539" VPOS="3962" HEIGHT="27" WIDTH="60" CONTENT="No." WC="0.93" />
            <String ID="Textword_136" HPOS="1613" VPOS="3963" HEIGHT="33" WIDTH="110" CONTENT="13109," WC="0.55" />
            <String ID="Textword_137" HPOS="1743" VPOS="3962" HEIGHT="28" WIDTH="133" CONTENT="Zürich." WC="0.90" />
            <String ID="Textword_138" HPOS="1939" VPOS="3962" HEIGHT="35" WIDTH="158" CONTENT="(Zä14712)" WC="0.70" />
          </TextLine>
        </TextBlock>
        <TextBlock ID="TextBlock_33" HPOS="365" VPOS="3513" HEIGHT="37" WIDTH="1146">
          <TextLine ID="TextLine_44" HPOS="365" VPOS="3513" HEIGHT="37" WIDTH="1146">
            <SP ID="Textword_13" HPOS="365" VPOS="3513" />
            <String ID="Textword_139" HPOS="365" VPOS="3513" HEIGHT="37" WIDTH="1146" CONTENT=" " WC="0.95" />
          </TextLine>
        </TextBlock>
        <TextBlock ID="TextBlock_34" HPOS="658" VPOS="3592" HEIGHT="183" WIDTH="851">
          <TextLine ID="TextLine_45" HPOS="658" VPOS="3592" HEIGHT="76" WIDTH="850">
            <String ID="Textword_140" HPOS="658" VPOS="3594" HEIGHT="74" WIDTH="348" CONTENT="Maschinen," WC="0.93" />
            <String ID="Textword_141" HPOS="1011" VPOS="3592" HEIGHT="64" WIDTH="497" CONTENT="Transmissionen" WC="0.92" />
          </TextLine>
          <TextLine ID="TextLine_46" HPOS="697" VPOS="3699" HEIGHT="76" WIDTH="812">
            <String ID="Textword_142" HPOS="697" VPOS="3702" HEIGHT="73" WIDTH="160" CONTENT="Guss," WC="0.96" />
            <String ID="Textword_143" HPOS="907" VPOS="3701" HEIGHT="63" WIDTH="165" CONTENT="Eisen" WC="0.96" />
            <String ID="Textword_144" HPOS="1121" VPOS="3699" HEIGHT="63" WIDTH="115" CONTENT="und" WC="0.96" />
            <String ID="Textword_145" HPOS="1283" VPOS="3699" HEIGHT="62" WIDTH="226" CONTENT="Metalle" WC="0.90" />
          </TextLine>
        </TextBlock>
        <TextBlock ID="TextBlock_35" HPOS="658" VPOS="3821" HEIGHT="29" WIDTH="643">
          <TextLine ID="TextLine_47" HPOS="658" VPOS="3821" HEIGHT="29" WIDTH="643">
            <String ID="Textword_146" HPOS="658" VPOS="3823" HEIGHT="27" WIDTH="96" CONTENT="kaufen" WC="0.96" />
            <String ID="Textword_147" HPOS="775" VPOS="3822" HEIGHT="28" WIDTH="187" CONTENT="fortwährend" WC="0.96" />
            <String ID="Textword_148" HPOS="982" VPOS="3830" HEIGHT="19" WIDTH="34" CONTENT="zu" WC="0.96" />
            <String ID="Textword_149" HPOS="1036" VPOS="3821" HEIGHT="29" WIDTH="132" CONTENT="höchsten" WC="0.95" />
            <String ID="Textword_150" HPOS="1188" VPOS="3821" HEIGHT="27" WIDTH="113" CONTENT="Preisen" WC="0.96" />
          </TextLine>
        </TextBlock>
        <TextBlock ID="TextBlock_36" HPOS="656" VPOS="3674" HEIGHT="17" WIDTH="853">
          <TextLine ID="TextLine_48" HPOS="656" VPOS="3674" HEIGHT="17" WIDTH="853">
            <SP ID="Textword_14" HPOS="656" VPOS="3674" />
            <String ID="Textword_151" HPOS="656" VPOS="3674" HEIGHT="17" WIDTH="853" CONTENT=" " WC="0.95" />
          </TextLine>
        </TextBlock>
        <TextBlock ID="TextBlock_37" HPOS="656" VPOS="3780" HEIGHT="17" WIDTH="853">
          <TextLine ID="TextLine_49" HPOS="656" VPOS="3780" HEIGHT="17" WIDTH="853">
            <SP ID="Textword_15" HPOS="656" VPOS="3780" />
            <String ID="Textword_152" HPOS="656" VPOS="3780" HEIGHT="17" WIDTH="853" CONTENT=" " WC="0.95" />
          </TextLine>
        </TextBlock>
        <TextBlock ID="TextBlock_38" HPOS="363" VPOS="3884" HEIGHT="104" WIDTH="1145">
          <TextLine ID="TextLine_50" HPOS="364" VPOS="3884" HEIGHT="47" WIDTH="1144">
            <String ID="Textword_153" HPOS="364" VPOS="3890" HEIGHT="34" WIDTH="128" CONTENT="Gebr." WC="0.93" />
            <String ID="Textword_154" HPOS="515" VPOS="3888" HEIGHT="43" WIDTH="314" CONTENT="Bertschinger" WC="0.92" />
            <String ID="Textword_155" HPOS="864" VPOS="3887" HEIGHT="33" WIDTH="39" CONTENT="&amp;" WC="0.90" />
            <String ID="Textword_156" HPOS="939" VPOS="3887" HEIGHT="41" WIDTH="99" CONTENT="Cie.," WC="0.87" />
            <String ID="Textword_157" HPOS="1074" VPOS="3885" HEIGHT="33" WIDTH="190" CONTENT="Wallisellen" WC="0.96" />
            <String ID="Textword_158" HPOS="1295" VPOS="3885" HEIGHT="32" WIDTH="55" CONTENT="bei" WC="0.96" />
            <String ID="Textword_159" HPOS="1378" VPOS="3884" HEIGHT="33" WIDTH="130" CONTENT="Zürich." WC="0.96" />
          </TextLine>
          <TextLine ID="TextLine_51" HPOS="363" VPOS="3950" HEIGHT="38" WIDTH="424">
            <String ID="Textword_160" HPOS="363" VPOS="3952" HEIGHT="36" WIDTH="147" CONTENT="Telephon:" WC="0.89" />
            <String ID="Textword_161" HPOS="530" VPOS="3952" HEIGHT="27" WIDTH="44" CONTENT="Nr." WC="0.96" />
            <String ID="Textword_162" HPOS="589" VPOS="3952" HEIGHT="32" WIDTH="74" CONTENT="2914," WC="0.96" />
            <String ID="Textword_163" HPOS="684" VPOS="3950" HEIGHT="28" WIDTH="103" CONTENT="Zürich." WC="0.91" />
          </TextLine>
        </TextBlock>
        <TextBlock ID="TextBlock_39" HPOS="1047" VPOS="3945" HEIGHT="38" WIDTH="462">
          <TextLine ID="TextLine_52" HPOS="1047" VPOS="3945" HEIGHT="38" WIDTH="462">
            <String ID="Textword_164" HPOS="1047" VPOS="3948" HEIGHT="35" WIDTH="204" CONTENT="Telegr.-Adr.:" WC="0.74" />
            <String ID="Textword_165" HPOS="1272" VPOS="3945" HEIGHT="34" WIDTH="237" CONTENT="Gehertschinger." WC="0.93" />
          </TextLine>
        </TextBlock>
        <TextBlock ID="TextBlock_40" HPOS="1539" VPOS="4059" HEIGHT="8" WIDTH="559">
          <TextLine ID="TextLine_53" HPOS="1539" VPOS="4059" HEIGHT="8" WIDTH="559">
            <SP ID="Textword_16" HPOS="1539" VPOS="4059" />
            <String ID="Textword_166" HPOS="1539" VPOS="4059" HEIGHT="8" WIDTH="559" CONTENT=" " WC="0.95" />
          </TextLine>
        </TextBlock>
        <TextBlock ID="TextBlock_41" HPOS="362" VPOS="4068" HEIGHT="20" WIDTH="1147">
          <TextLine ID="TextLine_54" HPOS="362" VPOS="4068" HEIGHT="20" WIDTH="1147">
            <SP ID="Textword_17" HPOS="362" VPOS="4068" />
            <String ID="Textword_167" HPOS="362" VPOS="4068" HEIGHT="20" WIDTH="1147" CONTENT=" " WC="0.95" />
          </TextLine>
        </TextBlock>
        <TextBlock ID="TextBlock_42" HPOS="1693" VPOS="4170" HEIGHT="72" WIDTH="44">
          <TextLine ID="TextLine_55" HPOS="1693" VPOS="4170" HEIGHT="72" WIDTH="44">
            <String ID="Textword_168" HPOS="1693" VPOS="4170" HEIGHT="72" WIDTH="44" CONTENT="i" WC="0.38" />
          </TextLine>
        </TextBlock>
        <TextBlock ID="TextBlock_43" HPOS="1618" VPOS="4208" HEIGHT="89" WIDTH="117">
          <TextLine ID="TextLine_56" HPOS="1618" VPOS="4208" HEIGHT="53" WIDTH="25">
            <String ID="Textword_169" HPOS="1618" VPOS="4208" HEIGHT="53" WIDTH="25" CONTENT="To" WC="0.15" />
          </TextLine>
          <TextLine ID="TextLine_57" HPOS="1643" VPOS="4209" HEIGHT="55" WIDTH="26">
            <String ID="Textword_170" HPOS="1643" VPOS="4209" HEIGHT="55" WIDTH="26" CONTENT="OS" WC="0.60" />
          </TextLine>
          <TextLine ID="TextLine_58" HPOS="1671" VPOS="4208" HEIGHT="89" WIDTH="21">
            <String ID="Textword_171" HPOS="1671" VPOS="4208" HEIGHT="89" WIDTH="21" CONTENT="Ss" WC="0.46" />
          </TextLine>
          <TextLine ID="TextLine_59" HPOS="1693" VPOS="4232" HEIGHT="27" WIDTH="21">
            <String ID="Textword_172" HPOS="1693" VPOS="4232" HEIGHT="27" WIDTH="21" CONTENT="SE" WC="0.50" />
          </TextLine>
          <TextLine ID="TextLine_60" HPOS="1715" VPOS="4243" HEIGHT="39" WIDTH="20">
            <String ID="Textword_173" HPOS="1715" VPOS="4243" HEIGHT="39" WIDTH="20" CONTENT="ss" WC="0.08" />
          </TextLine>
        </TextBlock>
        <TextBlock ID="TextBlock_44" HPOS="353" VPOS="4021" HEIGHT="308" WIDTH="1165">
          <TextLine ID="TextLine_61" HPOS="353" VPOS="4021" HEIGHT="308" WIDTH="1165">
            <SP ID="Textword_18" HPOS="353" VPOS="4021" />
            <String ID="Textword_174" HPOS="353" VPOS="4021" HEIGHT="308" WIDTH="1165" CONTENT=" " WC="0.95" />
          </TextLine>
        </TextBlock>
        <TextBlock ID="TextBlock_45" HPOS="1671" VPOS="4165" HEIGHT="181" WIDTH="99">
          <TextLine ID="TextLine_62" HPOS="1700" VPOS="4165" HEIGHT="16" WIDTH="70">
            <String ID="Textword_175" HPOS="1700" VPOS="4165" HEIGHT="16" WIDTH="70" CONTENT="AK" WC="0.16" />
          </TextLine>
          <TextLine ID="TextLine_63" HPOS="1679" VPOS="4300" HEIGHT="9" WIDTH="26">
            <String ID="Textword_176" HPOS="1679" VPOS="4300" HEIGHT="9" WIDTH="26" CONTENT="T6" WC="0.43" />
          </TextLine>
          <TextLine ID="TextLine_64" HPOS="1671" VPOS="4313" HEIGHT="20" WIDTH="42">
            <String ID="Textword_177" HPOS="1671" VPOS="4313" HEIGHT="20" WIDTH="42" CONTENT="A" WC="0.56" />
          </TextLine>
          <TextLine ID="TextLine_65" HPOS="1672" VPOS="4326" HEIGHT="20" WIDTH="68">
            <String ID="Textword_178" HPOS="1672" VPOS="4326" HEIGHT="20" WIDTH="68" CONTENT="7" WC="0.45" />
          </TextLine>
        </TextBlock>
        <TextBlock ID="TextBlock_46" HPOS="1616" VPOS="4102" HEIGHT="232" WIDTH="97">
          <TextLine ID="TextLine_66" HPOS="1616" VPOS="4102" HEIGHT="227" WIDTH="54">
            <String ID="Textword_179" HPOS="1616" VPOS="4102" HEIGHT="227" WIDTH="54" CONTENT="EOS" WC="0.42" />
          </TextLine>
          <TextLine ID="TextLine_67" HPOS="1672" VPOS="4296" HEIGHT="38" WIDTH="20">
            <String ID="Textword_180" HPOS="1672" VPOS="4296" HEIGHT="38" WIDTH="20" CONTENT="=" WC="0.91" />
          </TextLine>
          <TextLine ID="TextLine_68" HPOS="1693" VPOS="4293" HEIGHT="23" WIDTH="20">
            <String ID="Textword_181" HPOS="1693" VPOS="4293" HEIGHT="23" WIDTH="20" CONTENT="=" WC="0.75" />
          </TextLine>
        </TextBlock>
        <TextBlock ID="TextBlock_47" HPOS="433" VPOS="4346" HEIGHT="88" WIDTH="1008">
          <TextLine ID="TextLine_69" HPOS="433" VPOS="4346" HEIGHT="37" WIDTH="1008">
            <String ID="Textword_182" HPOS="433" VPOS="4349" HEIGHT="28" WIDTH="166" CONTENT="Grôsstes" WC="0.89" />
            <String ID="Textword_183" HPOS="617" VPOS="4349" HEIGHT="34" WIDTH="125" CONTENT="Lager." WC="0.91" />
            <String ID="Textword_184" HPOS="761" VPOS="4364" HEIGHT="3" WIDTH="34" CONTENT="—" WC="0.92" />
            <String ID="Textword_185" HPOS="813" VPOS="4348" HEIGHT="33" WIDTH="164" CONTENT="Prompte" WC="0.91" />
            <String ID="Textword_186" HPOS="997" VPOS="4347" HEIGHT="27" WIDTH="70" CONTENT="und" WC="0.93" />
            <String ID="Textword_187" HPOS="1085" VPOS="4347" HEIGHT="34" WIDTH="124" CONTENT="billige" WC="0.88" />
            <String ID="Textword_188" HPOS="1228" VPOS="4346" HEIGHT="34" WIDTH="213" CONTENT="Bedienung." WC="0.89" />
          </TextLine>
          <TextLine ID="TextLine_70" HPOS="549" VPOS="4382" HEIGHT="52" WIDTH="784">
            <String ID="Textword_189" HPOS="549" VPOS="4385" HEIGHT="49" WIDTH="200" CONTENT="Affolter," WC="0.91" />
            <String ID="Textword_190" HPOS="778" VPOS="4383" HEIGHT="42" WIDTH="205" CONTENT="Christen" WC="0.93" />
            <String ID="Textword_191" HPOS="1010" VPOS="4383" HEIGHT="40" WIDTH="35" CONTENT="&amp;" WC="0.91" />
            <String ID="Textword_192" HPOS="1073" VPOS="4383" HEIGHT="50" WIDTH="87" CONTENT="Co.," WC="0.91" />
            <String ID="Textword_193" HPOS="1189" VPOS="4382" HEIGHT="41" WIDTH="144" CONTENT="Basel." WC="0.90" />
          </TextLine>
        </TextBlock>
        <TextBlock ID="TextBlock_48" HPOS="680" VPOS="4436" HEIGHT="34" WIDTH="511">
          <TextLine ID="TextLine_71" HPOS="680" VPOS="4436" HEIGHT="34" WIDTH="511">
            <String ID="Textword_194" HPOS="680" VPOS="4438" HEIGHT="26" WIDTH="107" CONTENT="Eisen" WC="0.92" />
            <String ID="Textword_195" HPOS="805" VPOS="4437" HEIGHT="27" WIDTH="72" CONTENT="und" WC="0.93" />
            <String ID="Textword_196" HPOS="896" VPOS="4436" HEIGHT="28" WIDTH="118" CONTENT="Stahle" WC="0.91" />
            <String ID="Textword_197" HPOS="1035" VPOS="4443" HEIGHT="20" WIDTH="43" CONTENT="en" WC="0.96" />
            <String ID="Textword_198" HPOS="1096" VPOS="4442" HEIGHT="28" WIDTH="95" CONTENT="gros." WC="0.96" />
          </TextLine>
        </TextBlock>
        <TextBlock ID="TextBlock_49" HPOS="470" VPOS="4499" HEIGHT="70" WIDTH="939">
          <TextLine ID="TextLine_72" HPOS="470" VPOS="4499" HEIGHT="70" WIDTH="939">
            <String ID="Textword_199" HPOS="470" VPOS="4502" HEIGHT="61" WIDTH="345" CONTENT="Hochelegante" WC="0.92" />
            <String ID="Textword_200" HPOS="854" VPOS="4499" HEIGHT="70" WIDTH="555" CONTENT="Herrschaftsequipagen" WC="0.63" />
          </TextLine>
        </TextBlock>
        <TextBlock ID="TextBlock_50" HPOS="2049" VPOS="1065" HEIGHT="398" WIDTH="859">
          <TextLine ID="TextLine_73" HPOS="2049" VPOS="1065" HEIGHT="398" WIDTH="859">
            <SP ID="Textword_19" HPOS="2049" VPOS="1065" />
            <String ID="Textword_201" HPOS="2049" VPOS="1065" HEIGHT="398" WIDTH="859" CONTENT=" " WC="0.95" />
          </TextLine>
        </TextBlock>
        <TextBlock ID="TextBlock_51" HPOS="2149" VPOS="378" HEIGHT="11" WIDTH="1148">
          <TextLine ID="TextLine_74" HPOS="2149" VPOS="378" HEIGHT="11" WIDTH="1148">
            <SP ID="Textword_20" HPOS="2149" VPOS="378" />
            <String ID="Textword_202" HPOS="2149" VPOS="378" HEIGHT="11" WIDTH="1148" CONTENT=" " WC="0.95" />
          </TextLine>
        </TextBlock>
        <TextBlock ID="TextBlock_52" HPOS="2207" VPOS="465" HEIGHT="10" WIDTH="620">
          <TextLine ID="TextLine_75" HPOS="2207" VPOS="465" HEIGHT="10" WIDTH="620">
            <SP ID="Textword_21" HPOS="2207" VPOS="465" />
            <String ID="Textword_203" HPOS="2207" VPOS="465" HEIGHT="10" WIDTH="620" CONTENT=" " WC="0.95" />
          </TextLine>
        </TextBlock>
        <TextBlock ID="TextBlock_53" HPOS="2590" VPOS="585" HEIGHT="111" WIDTH="3">
          <TextLine ID="TextLine_76" HPOS="2590" VPOS="585" HEIGHT="111" WIDTH="3">
            <SP ID="Textword_22" HPOS="2590" VPOS="585" />
            <String ID="Textword_204" HPOS="2590" VPOS="585" HEIGHT="111" WIDTH="3" CONTENT=" " WC="0.95" />
          </TextLine>
        </TextBlock>
        <TextBlock ID="TextBlock_54" HPOS="2520" VPOS="591" HEIGHT="106" WIDTH="7">
          <TextLine ID="TextLine_77" HPOS="2520" VPOS="591" HEIGHT="106" WIDTH="7">
            <SP ID="Textword_23" HPOS="2520" VPOS="591" />
            <String ID="Textword_205" HPOS="2520" VPOS="591" HEIGHT="106" WIDTH="7" CONTENT=" " WC="0.95" />
          </TextLine>
        </TextBlock>
        <TextBlock ID="TextBlock_55" HPOS="2488" VPOS="680" HEIGHT="2" WIDTH="92">
          <TextLine ID="TextLine_78" HPOS="2488" VPOS="680" HEIGHT="2" WIDTH="92">
            <SP ID="Textword_24" HPOS="2488" VPOS="680" />
            <String ID="Textword_206" HPOS="2488" VPOS="680" HEIGHT="2" WIDTH="92" CONTENT=" " WC="0.95" />
          </TextLine>
        </TextBlock>
        <TextBlock ID="TextBlock_56" HPOS="2488" VPOS="693" HEIGHT="4" WIDTH="105">
          <TextLine ID="TextLine_79" HPOS="2488" VPOS="693" HEIGHT="4" WIDTH="105">
            <SP ID="Textword_25" HPOS="2488" VPOS="693" />
            <String ID="Textword_207" HPOS="2488" VPOS="693" HEIGHT="4" WIDTH="105" CONTENT=" " WC="0.95" />
          </TextLine>
        </TextBlock>
        <TextBlock ID="TextBlock_57" HPOS="2488" VPOS="599" HEIGHT="118" WIDTH="7">
          <TextLine ID="TextLine_80" HPOS="2488" VPOS="599" HEIGHT="118" WIDTH="7">
            <SP ID="Textword_26" HPOS="2488" VPOS="599" />
            <String ID="Textword_208" HPOS="2488" VPOS="599" HEIGHT="118" WIDTH="7" CONTENT=" " WC="0.95" />
          </TextLine>
        </TextBlock>
        <TextBlock ID="TextBlock_58" HPOS="2378" VPOS="709" HEIGHT="6" WIDTH="117">
          <TextLine ID="TextLine_81" HPOS="2378" VPOS="709" HEIGHT="6" WIDTH="117">
            <SP ID="Textword_27" HPOS="2378" VPOS="709" />
            <String ID="Textword_209" HPOS="2378" VPOS="709" HEIGHT="6" WIDTH="117" CONTENT=" " WC="0.95" />
          </TextLine>
        </TextBlock>
        <TextBlock ID="TextBlock_59" HPOS="2211" VPOS="466" HEIGHT="281" WIDTH="7">
          <TextLine ID="TextLine_82" HPOS="2211" VPOS="466" HEIGHT="281" WIDTH="7">
            <SP ID="Textword_28" HPOS="2211" VPOS="466" />
            <String ID="Textword_210" HPOS="2211" VPOS="466" HEIGHT="281" WIDTH="7" CONTENT=" " WC="0.95" />
          </TextLine>
        </TextBlock>
        <TextBlock ID="TextBlock_60" HPOS="2378" VPOS="593" HEIGHT="153" WIDTH="6">
          <TextLine ID="TextLine_83" HPOS="2378" VPOS="593" HEIGHT="153" WIDTH="6">
            <SP ID="Textword_29" HPOS="2378" VPOS="593" />
            <String ID="Textword_211" HPOS="2378" VPOS="593" HEIGHT="153" WIDTH="6" CONTENT=" " WC="0.95" />
          </TextLine>
        </TextBlock>
        <TextBlock ID="TextBlock_61" HPOS="2211" VPOS="741" HEIGHT="8" WIDTH="174">
          <TextLine ID="TextLine_84" HPOS="2211" VPOS="741" HEIGHT="8" WIDTH="174">
            <SP ID="Textword_30" HPOS="2211" VPOS="741" />
            <String ID="Textword_212" HPOS="2211" VPOS="741" HEIGHT="8" WIDTH="174" CONTENT=" " WC="0.95" />
          </TextLine>
        </TextBlock>
        <TextBlock ID="TextBlock_62" HPOS="2148" VPOS="379" HEIGHT="613" WIDTH="14">
          <TextLine ID="TextLine_85" HPOS="2148" VPOS="379" HEIGHT="613" WIDTH="14">
            <SP ID="Textword_31" HPOS="2148" VPOS="379" />
            <String ID="Textword_213" HPOS="2148" VPOS="379" HEIGHT="613" WIDTH="14" CONTENT=" " WC="0.95" />
          </TextLine>
        </TextBlock>
        <TextBlock ID="TextBlock_63" HPOS="2153" VPOS="984" HEIGHT="12" WIDTH="1145">
          <TextLine ID="TextLine_86" HPOS="2153" VPOS="984" HEIGHT="12" WIDTH="1145">
            <SP ID="Textword_32" HPOS="2153" VPOS="984" />
            <String ID="Textword_214" HPOS="2153" VPOS="984" HEIGHT="12" WIDTH="1145" CONTENT=" " WC="0.95" />
          </TextLine>
        </TextBlock>
        <TextBlock ID="TextBlock_64" HPOS="2149" VPOS="1007" HEIGHT="11" WIDTH="1144">
          <TextLine ID="TextLine_87" HPOS="2149" VPOS="1007" HEIGHT="11" WIDTH="1144">
            <SP ID="Textword_33" HPOS="2149" VPOS="1007" />
            <String ID="Textword_215" HPOS="2149" VPOS="1007" HEIGHT="11" WIDTH="1144" CONTENT=" " WC="0.95" />
          </TextLine>
        </TextBlock>
        <TextBlock ID="TextBlock_65" HPOS="2916" VPOS="1045" HEIGHT="66" WIDTH="384">
          <TextLine ID="TextLine_88" HPOS="2916" VPOS="1045" HEIGHT="66" WIDTH="384">
            <String ID="Textword_216" HPOS="2916" VPOS="1065" HEIGHT="45" WIDTH="77" CONTENT="Mech." WC="0.85" />
            <String ID="Textword_217" HPOS="3013" VPOS="1066" HEIGHT="44" WIDTH="159" CONTENT="Drahtwaren" WC="0.63" />
            <String ID="Textword_218" HPOS="3184" VPOS="1088" HEIGHT="7" WIDTH="9" CONTENT="-" WC="0.92" />
            <String ID="Textword_219" HPOS="3205" VPOS="1045" HEIGHT="66" WIDTH="95" CONTENT="Fabrik" WC="0.68" />
          </TextLine>
        </TextBlock>
        <TextBlock ID="TextBlock_66" HPOS="2971" VPOS="1319" HEIGHT="24" WIDTH="244">
          <TextLine ID="TextLine_89" HPOS="2971" VPOS="1319" HEIGHT="24" WIDTH="244">
            <String ID="Textword_220" HPOS="2971" VPOS="1319" HEIGHT="24" WIDTH="244" CONTENT="Draht-Gitter" WC="0.92" />
          </TextLine>
        </TextBlock>
        <TextBlock ID="TextBlock_67" HPOS="2947" VPOS="1402" HEIGHT="40" WIDTH="354">
          <TextLine ID="TextLine_90" HPOS="2947" VPOS="1402" HEIGHT="40" WIDTH="354">
            <String ID="Textword_221" HPOS="2947" VPOS="1407" HEIGHT="25" WIDTH="81" CONTENT="Beste" WC="0.96" />
            <String ID="Textword_222" HPOS="3047" VPOS="1402" HEIGHT="40" WIDTH="254" CONTENT="Bezugsquelle." WC="0.69" />
          </TextLine>
        </TextBlock>
        <TextBlock ID="TextBlock_68" HPOS="2146" VPOS="1455" HEIGHT="25" WIDTH="1145">
          <TextLine ID="TextLine_91" HPOS="2146" VPOS="1455" HEIGHT="25" WIDTH="1145">
            <SP ID="Textword_34" HPOS="2146" VPOS="1455" />
            <String ID="Textword_223" HPOS="2146" VPOS="1455" HEIGHT="25" WIDTH="1145" CONTENT=" " WC="0.95" />
          </TextLine>
        </TextBlock>
        <TextBlock ID="TextBlock_69" HPOS="2145" VPOS="1502" HEIGHT="10" WIDTH="1148">
          <TextLine ID="TextLine_92" HPOS="2145" VPOS="1502" HEIGHT="10" WIDTH="1148">
            <SP ID="Textword_35" HPOS="2145" VPOS="1502" />
            <String ID="Textword_224" HPOS="2145" VPOS="1502" HEIGHT="10" WIDTH="1148" CONTENT=" " WC="0.95" />
          </TextLine>
        </TextBlock>
        <TextBlock ID="TextBlock_70" HPOS="2141" VPOS="1542" HEIGHT="103" WIDTH="1151">
          <TextLine ID="TextLine_93" HPOS="2200" VPOS="1542" HEIGHT="56" WIDTH="1034">
            <String ID="Textword_225" HPOS="2200" VPOS="1542" HEIGHT="48" WIDTH="774" CONTENT="Mosterei-Genossenschaft" WC="0.91" />
            <String ID="Textword_226" HPOS="3010" VPOS="1545" HEIGHT="53" WIDTH="224" CONTENT="Egnach" WC="0.92" />
          </TextLine>
          <TextLine ID="TextLine_94" HPOS="2141" VPOS="1610" HEIGHT="35" WIDTH="1151">
            <String ID="Textword_227" HPOS="2141" VPOS="1610" HEIGHT="26" WIDTH="122" CONTENT="offeriert" WC="0.84" />
            <String ID="Textword_228" HPOS="2300" VPOS="1610" HEIGHT="26" WIDTH="28" CONTENT="in" WC="0.93" />
            <String ID="Textword_229" HPOS="2364" VPOS="1610" HEIGHT="27" WIDTH="123" CONTENT="besten" WC="0.96" />
            <String ID="Textword_230" HPOS="2519" VPOS="1610" HEIGHT="35" WIDTH="199" CONTENT="Qualitäten" WC="0.96" />
            <String ID="Textword_231" HPOS="2755" VPOS="1619" HEIGHT="18" WIDTH="35" CONTENT="zu" WC="0.95" />
            <String ID="Textword_232" HPOS="2826" VPOS="1611" HEIGHT="33" WIDTH="181" CONTENT="billigsten" WC="0.87" />
            <String ID="Textword_233" HPOS="3034" VPOS="1611" HEIGHT="34" WIDTH="258" CONTENT="Tagespreisen" WC="0.91" />
          </TextLine>
        </TextBlock>
        <TextBlock ID="TextBlock_71" HPOS="2284" VPOS="1664" HEIGHT="122" WIDTH="1009">
          <TextLine ID="TextLine_95" HPOS="2284" VPOS="1664" HEIGHT="122" WIDTH="1009">
            <String ID="Textword_234" HPOS="2284" VPOS="1664" HEIGHT="102" WIDTH="136" CONTENT="olsse" WC="0.24" />
            <String ID="Textword_235" HPOS="2453" VPOS="1664" HEIGHT="122" WIDTH="252" CONTENT="Thurgauer" WC="0.68" />
            <String ID="Textword_236" HPOS="2737" VPOS="1664" HEIGHT="102" WIDTH="139" CONTENT="Moste" WC="0.89" />
            <String ID="Textword_237" HPOS="2910" VPOS="1665" HEIGHT="100" WIDTH="83" CONTENT="und" WC="0.95" />
            <String ID="Textword_238" HPOS="3027" VPOS="1665" HEIGHT="102" WIDTH="121" CONTENT="Säle." WC="0.01" />
            <String ID="Textword_239" HPOS="3290" VPOS="1713" HEIGHT="3" WIDTH="3" CONTENT="==" WC="0.87" />
          </TextLine>
        </TextBlock>
        <TextBlock ID="TextBlock_72" HPOS="2141" VPOS="1797" HEIGHT="96" WIDTH="1153">
          <TextLine ID="TextLine_96" HPOS="2296" VPOS="1797" HEIGHT="36" WIDTH="954">
            <String ID="Textword_240" HPOS="2296" VPOS="1797" HEIGHT="34" WIDTH="184" CONTENT="Leihgebinde" WC="0.92" />
            <String ID="Textword_241" HPOS="2500" VPOS="1806" HEIGHT="18" WIDTH="54" CONTENT="von" WC="0.96" />
            <String ID="Textword_242" HPOS="2574" VPOS="1798" HEIGHT="25" WIDTH="32" CONTENT="70" WC="0.96" />
            <String ID="Textword_243" HPOS="2626" VPOS="1798" HEIGHT="26" WIDTH="76" CONTENT="Liter" WC="0.96" />
            <String ID="Textword_244" HPOS="2722" VPOS="1806" HEIGHT="18" WIDTH="34" CONTENT="an" WC="0.96" />
            <String ID="Textword_245" HPOS="2774" VPOS="1799" HEIGHT="33" WIDTH="89" CONTENT="gratis" WC="0.96" />
            <String ID="Textword_246" HPOS="2881" VPOS="1806" HEIGHT="18" WIDTH="50" CONTENT="zur" WC="0.96" />
            <String ID="Textword_247" HPOS="2952" VPOS="1799" HEIGHT="34" WIDTH="172" CONTENT="Verfügung." WC="0.95" />
            <String ID="Textword_248" HPOS="3198" VPOS="1800" HEIGHT="26" WIDTH="52" CONTENT="207" WC="0.96" />
          </TextLine>
          <TextLine ID="TextLine_97" HPOS="2141" VPOS="1849" HEIGHT="44" WIDTH="1153">
            <String ID="Textword_249" HPOS="2141" VPOS="1851" HEIGHT="33" WIDTH="104" CONTENT="Prima" WC="0.92" />
            <String ID="Textword_250" HPOS="2268" VPOS="1850" HEIGHT="43" WIDTH="188" CONTENT="Tafeläpfel." WC="0.92" />
            <String ID="Textword_251" HPOS="2816" VPOS="1850" HEIGHT="34" WIDTH="114" CONTENT="Reinen" WC="0.92" />
            <String ID="Textword_252" HPOS="2947" VPOS="1849" HEIGHT="37" WIDTH="347" CONTENT="Tresterbranntwein." WC="0.91" />
          </TextLine>
        </TextBlock>
        <TextBlock ID="TextBlock_73" HPOS="2140" VPOS="1705" HEIGHT="12" WIDTH="106">
          <TextLine ID="TextLine_98" HPOS="2140" VPOS="1705" HEIGHT="12" WIDTH="106">
            <SP ID="Textword_36" HPOS="2140" VPOS="1705" />
            <String ID="Textword_253" HPOS="2140" VPOS="1705" HEIGHT="12" WIDTH="106" CONTENT=" " WC="0.95" />
          </TextLine>
        </TextBlock>
        <TextBlock ID="TextBlock_74" HPOS="2139" VPOS="1702" HEIGHT="43" WIDTH="1154">
          <TextLine ID="TextLine_99" HPOS="2139" VPOS="1724" HEIGHT="17" WIDTH="107">
            <String ID="Textword_254" HPOS="2139" VPOS="1724" HEIGHT="17" WIDTH="107" CONTENT="|" WC="0.83" />
          </TextLine>
          <TextLine ID="TextLine_100" HPOS="3181" VPOS="1702" HEIGHT="43" WIDTH="112">
            <String ID="Textword_255" HPOS="3181" VPOS="1702" HEIGHT="43" WIDTH="112" CONTENT="Il" WC="0.63" />
          </TextLine>
        </TextBlock>
        <TextBlock ID="TextBlock_75" HPOS="2140" VPOS="1911" HEIGHT="10" WIDTH="1151">
          <TextLine ID="TextLine_101" HPOS="2140" VPOS="1911" HEIGHT="10" WIDTH="1151">
            <SP ID="Textword_37" HPOS="2140" VPOS="1911" />
            <String ID="Textword_256" HPOS="2140" VPOS="1911" HEIGHT="10" WIDTH="1151" CONTENT=" " WC="0.95" />
          </TextLine>
        </TextBlock>
        <TextBlock ID="TextBlock_76" HPOS="2777" VPOS="1958" HEIGHT="1161" WIDTH="514">
          <TextLine ID="TextLine_102" HPOS="3251" VPOS="1958" HEIGHT="342" WIDTH="40">
            <SP ID="Textword_38" HPOS="3251" VPOS="1958" />
            <String ID="Textword_257" HPOS="3251" VPOS="1958" HEIGHT="342" WIDTH="40" CONTENT="     " WC="0.95" />
          </TextLine>
          <TextLine ID="TextLine_103" HPOS="2803" VPOS="2300" HEIGHT="51" WIDTH="488">
            <SP ID="Textword_39" HPOS="2803" VPOS="2300" />
            <String ID="Textword_258" HPOS="2803" VPOS="2300" HEIGHT="51" WIDTH="488" CONTENT=" " WC="0.95" />
          </TextLine>
          <TextLine ID="TextLine_104" HPOS="2803" VPOS="2351" HEIGHT="176" WIDTH="487">
            <SP ID="Textword_40" HPOS="2803" VPOS="2351" />
            <String ID="Textword_259" HPOS="2803" VPOS="2351" HEIGHT="176" WIDTH="487" CONTENT="   " WC="0.95" />
          </TextLine>
          <TextLine ID="TextLine_105" HPOS="2778" VPOS="2527" HEIGHT="136" WIDTH="510">
            <SP ID="Textword_41" HPOS="2778" VPOS="2527" />
            <String ID="Textword_260" HPOS="2778" VPOS="2527" HEIGHT="136" WIDTH="510" CONTENT="  " WC="0.95" />
          </TextLine>
          <TextLine ID="TextLine_106" HPOS="2777" VPOS="2663" HEIGHT="69" WIDTH="510">
            <SP ID="Textword_42" HPOS="2777" VPOS="2663" />
            <String ID="Textword_261" HPOS="2777" VPOS="2663" HEIGHT="69" WIDTH="510" CONTENT="   " WC="0.95" />
          </TextLine>
          <TextLine ID="TextLine_107" HPOS="3242" VPOS="2732" HEIGHT="212" WIDTH="44">
            <SP ID="Textword_43" HPOS="3242" VPOS="2732" />
            <String ID="Textword_262" HPOS="3242" VPOS="2732" HEIGHT="212" WIDTH="44" CONTENT="    " WC="0.95" />
          </TextLine>
          <TextLine ID="TextLine_108" HPOS="3245" VPOS="2944" HEIGHT="175" WIDTH="41">
            <SP ID="Textword_44" HPOS="3245" VPOS="2944" />
            <String ID="Textword_263" HPOS="3245" VPOS="2944" HEIGHT="175" WIDTH="41" CONTENT="    " WC="0.95" />
          </TextLine>
        </TextBlock>
        <TextBlock ID="TextBlock_77" HPOS="2144" VPOS="1945" HEIGHT="35" WIDTH="1139">
          <TextLine ID="TextLine_109" HPOS="2144" VPOS="1945" HEIGHT="35" WIDTH="1139">
            <SP ID="Textword_45" HPOS="2144" VPOS="1945" />
            <String ID="Textword_264" HPOS="2144" VPOS="1945" HEIGHT="35" WIDTH="1139" CONTENT=" " WC="0.95" />
          </TextLine>
        </TextBlock>
        <TextBlock ID="TextBlock_78" HPOS="3096" VPOS="2059" HEIGHT="6" WIDTH="106">
          <TextLine ID="TextLine_110" HPOS="3096" VPOS="2059" HEIGHT="6" WIDTH="106">
            <SP ID="Textword_46" HPOS="3096" VPOS="2059" />
            <String ID="Textword_265" HPOS="3096" VPOS="2059" HEIGHT="6" WIDTH="106" CONTENT=" " WC="0.95" />
          </TextLine>
        </TextBlock>
        <TextBlock ID="TextBlock_79" HPOS="2176" VPOS="1999" HEIGHT="76" WIDTH="1063">
          <TextLine ID="TextLine_111" HPOS="2176" VPOS="1999" HEIGHT="76" WIDTH="1063">
            <String ID="Textword_266" HPOS="2176" VPOS="2000" HEIGHT="64" WIDTH="138" CONTENT="Ed." WC="0.94" />
            <String ID="Textword_267" HPOS="2345" VPOS="2001" HEIGHT="74" WIDTH="240" CONTENT="Brunn," WC="0.00" />
            <String ID="Textword_268" HPOS="2592" VPOS="1999" HEIGHT="66" WIDTH="493" CONTENT="Wädenswil" WC="0.63" />
            <String ID="Textword_269" HPOS="3095" VPOS="2005" HEIGHT="60" WIDTH="144" CONTENT="Schweiz" WC="0.63" />
          </TextLine>
        </TextBlock>
        <TextBlock ID="TextBlock_80" HPOS="2273" VPOS="2083" HEIGHT="34" WIDTH="134">
          <TextLine ID="TextLine_112" HPOS="2273" VPOS="2083" HEIGHT="34" WIDTH="134">
            <String ID="Textword_270" HPOS="2273" VPOS="2083" HEIGHT="34" WIDTH="134" CONTENT="Telephon" WC="0.92" />
          </TextLine>
        </TextBlock>
        <TextBlock ID="TextBlock_81" HPOS="2199" VPOS="2128" HEIGHT="68" WIDTH="268">
          <TextLine ID="TextLine_113" HPOS="2199" VPOS="2128" HEIGHT="68" WIDTH="268">
            <String ID="Textword_271" HPOS="2199" VPOS="2128" HEIGHT="68" WIDTH="268" CONTENT="Spezialfabrik" WC="0.88" />
          </TextLine>
        </TextBlock>
        <TextBlock ID="TextBlock_82" HPOS="2502" VPOS="2082" HEIGHT="116" WIDTH="706">
          <TextLine ID="TextLine_114" HPOS="2506" VPOS="2082" HEIGHT="36" WIDTH="625">
            <String ID="Textword_272" HPOS="2506" VPOS="2082" HEIGHT="28" WIDTH="118" CONTENT="Erste" WC="0.90" />
            <String ID="Textword_273" HPOS="2644" VPOS="2082" HEIGHT="28" WIDTH="82" CONTENT="und" WC="0.88" />
            <String ID="Textword_274" HPOS="2744" VPOS="2082" HEIGHT="35" WIDTH="158" CONTENT="grôsste" WC="0.88" />
            <String ID="Textword_275" HPOS="2995" VPOS="2084" HEIGHT="34" WIDTH="136" CONTENT="Telephon" WC="0.90" />
          </TextLine>
          <TextLine ID="TextLine_115" HPOS="2502" VPOS="2128" HEIGHT="70" WIDTH="706">
            <String ID="Textword_276" HPOS="2502" VPOS="2128" HEIGHT="55" WIDTH="59" CONTENT="für" WC="0.93" />
            <String ID="Textword_277" HPOS="2596" VPOS="2128" HEIGHT="68" WIDTH="199" CONTENT="Härtongs-" WC="0.90" />
            <String ID="Textword_278" HPOS="2833" VPOS="2131" HEIGHT="53" WIDTH="71" CONTENT="and" WC="0.93" />
            <String ID="Textword_279" HPOS="2938" VPOS="2129" HEIGHT="69" WIDTH="270" CONTENT="Lôtpräparate" WC="0.61" />
          </TextLine>
        </TextBlock>
        <TextBlock ID="TextBlock_83" HPOS="2174" VPOS="2198" HEIGHT="9" WIDTH="1064">
          <TextLine ID="TextLine_116" HPOS="2174" VPOS="2198" HEIGHT="9" WIDTH="1064">
            <SP ID="Textword_47" HPOS="2174" VPOS="2198" />
            <String ID="Textword_280" HPOS="2174" VPOS="2198" HEIGHT="9" WIDTH="1064" CONTENT=" " WC="0.95" />
          </TextLine>
        </TextBlock>
        <TextBlock ID="TextBlock_84" HPOS="2468" VPOS="2229" HEIGHT="8" WIDTH="19">
          <TextLine ID="TextLine_117" HPOS="2468" VPOS="2229" HEIGHT="8" WIDTH="19">
            <String ID="Textword_281" HPOS="2468" VPOS="2229" HEIGHT="8" WIDTH="19" CONTENT="=." WC="0.36" />
          </TextLine>
        </TextBlock>
        <TextBlock ID="TextBlock_85" HPOS="2169" VPOS="2244" HEIGHT="535" WIDTH="477">
          <TextLine ID="TextLine_118" HPOS="2169" VPOS="2244" HEIGHT="535" WIDTH="477">
            <SP ID="Textword_48" HPOS="2169" VPOS="2244" />
            <String ID="Textword_282" HPOS="2169" VPOS="2244" HEIGHT="535" WIDTH="477" CONTENT="   " WC="0.95" />
          </TextLine>
        </TextBlock>
        <TextBlock ID="TextBlock_86" HPOS="2591" VPOS="2297" HEIGHT="124" WIDTH="171">
          <TextLine ID="TextLine_119" HPOS="2688" VPOS="2297" HEIGHT="49" WIDTH="43">
            <String ID="Textword_283" HPOS="2626" VPOS="2297" HEIGHT="48" WIDTH="12" CONTENT=")" WC="0.61" />
            <String ID="Textword_284" HPOS="2688" VPOS="2297" HEIGHT="49" WIDTH="43" CONTENT="de" WC="0.19" />
          </TextLine>
          <TextLine ID="TextLine_120" HPOS="2626" VPOS="2337" HEIGHT="43" WIDTH="136">
            <String ID="Textword_285" HPOS="2626" VPOS="2337" HEIGHT="34" WIDTH="8" CONTENT="/" WC="0.92" />
            <String ID="Textword_286" HPOS="2656" VPOS="2341" HEIGHT="39" WIDTH="106" CONTENT="gründet" WC="0.95" />
          </TextLine>
          <TextLine ID="TextLine_121" HPOS="2591" VPOS="2394" HEIGHT="27" WIDTH="168">
            <String ID="Textword_287" HPOS="2591" VPOS="2399" HEIGHT="9" WIDTH="9" CONTENT="”" WC="0.66" />
            <String ID="Textword_288" HPOS="2657" VPOS="2394" HEIGHT="27" WIDTH="102" CONTENT="1886" WC="0.83" />
          </TextLine>
        </TextBlock>
        <TextBlock ID="TextBlock_87" HPOS="2712" VPOS="2439" HEIGHT="122" WIDTH="5">
          <TextLine ID="TextLine_122" HPOS="2712" VPOS="2439" HEIGHT="122" WIDTH="5">
            <SP ID="Textword_49" HPOS="2712" VPOS="2439" />
            <String ID="Textword_289" HPOS="2712" VPOS="2439" HEIGHT="122" WIDTH="5" CONTENT=" " WC="0.95" />
          </TextLine>
        </TextBlock>
        <TextBlock ID="TextBlock_88" HPOS="2655" VPOS="2555" HEIGHT="57" WIDTH="107">
          <TextLine ID="TextLine_123" HPOS="2655" VPOS="2555" HEIGHT="57" WIDTH="107">
            <String ID="Textword_290" HPOS="2655" VPOS="2555" HEIGHT="57" WIDTH="107" CONTENT="Export" WC="0.67" />
          </TextLine>
        </TextBlock>
        <TextBlock ID="TextBlock_89" HPOS="2623" VPOS="2626" HEIGHT="25" WIDTH="140">
          <TextLine ID="TextLine_124" HPOS="2623" VPOS="2626" HEIGHT="25" WIDTH="140">
            <String ID="Textword_291" HPOS="2623" VPOS="2649" HEIGHT="1" WIDTH="4" CONTENT="_" WC="0.88" />
            <String ID="Textword_292" HPOS="2655" VPOS="2626" HEIGHT="25" WIDTH="46" CONTENT="nach" WC="0.82" />
            <String ID="Textword_293" HPOS="2713" VPOS="2626" HEIGHT="25" WIDTH="50" CONTENT="allen" WC="0.96" />
          </TextLine>
        </TextBlock>
        <TextBlock ID="TextBlock_90" HPOS="2663" VPOS="2670" HEIGHT="36" WIDTH="92">
          <TextLine ID="TextLine_125" HPOS="2663" VPOS="2670" HEIGHT="36" WIDTH="92">
            <String ID="Textword_294" HPOS="2663" VPOS="2670" HEIGHT="36" WIDTH="92" CONTENT="Staaten" WC="0.84" />
          </TextLine>
        </TextBlock>
        <TextBlock ID="TextBlock_91" HPOS="2167" VPOS="2796" HEIGHT="357" WIDTH="1115">
          <TextLine ID="TextLine_126" HPOS="2167" VPOS="2796" HEIGHT="43" WIDTH="1115">
            <String ID="Textword_295" HPOS="2167" VPOS="2798" HEIGHT="27" WIDTH="51" CONTENT="X" WC="0.15" />
            <String ID="Textword_296" HPOS="2238" VPOS="2804" HEIGHT="28" WIDTH="230" CONTENT="Warmlaufendes" WC="0.86" />
            <String ID="Textword_297" HPOS="2489" VPOS="2804" HEIGHT="35" WIDTH="86" CONTENT="Lager" WC="0.92" />
            <String ID="Textword_298" HPOS="2595" VPOS="2804" HEIGHT="26" WIDTH="53" CONTENT="&gt;3+" WC="0.87" />
            <String ID="Textword_299" HPOS="2760" VPOS="2802" HEIGHT="35" WIDTH="148" CONTENT="Abgekühlt" WC="0.91" />
            <String ID="Textword_300" HPOS="2922" VPOS="2802" HEIGHT="27" WIDTH="125" CONTENT="während" WC="0.96" />
            <String ID="Textword_301" HPOS="3062" VPOS="2802" HEIGHT="27" WIDTH="57" CONTENT="dem" WC="0.96" />
            <String ID="Textword_302" HPOS="3134" VPOS="2801" HEIGHT="28" WIDTH="108" CONTENT="Betrieb" WC="0.31" />
            <String ID="Textword_303" HPOS="3279" VPOS="2796" HEIGHT="3" WIDTH="3" CONTENT="fi" WC="0.68" />
          </TextLine>
          <TextLine ID="TextLine_127" HPOS="2177" VPOS="2840" HEIGHT="36" WIDTH="1059">
            <String ID="Textword_304" HPOS="2177" VPOS="2842" HEIGHT="28" WIDTH="159" CONTENT="STE" WC="0.00" />
            <String ID="Textword_305" HPOS="2343" VPOS="2845" HEIGHT="25" WIDTH="100" CONTENT="ES" WC="0.21" />
            <String ID="Textword_306" HPOS="2445" VPOS="2848" HEIGHT="26" WIDTH="159" CONTENT="Tes" WC="0.15" />
            <String ID="Textword_307" HPOS="2692" VPOS="2840" HEIGHT="26" WIDTH="27" CONTENT="+" WC="0.61" />
            <String ID="Textword_308" HPOS="2752" VPOS="2843" HEIGHT="27" WIDTH="136" CONTENT="mitBrun’s" WC="0.71" />
            <String ID="Textword_309" HPOS="2897" VPOS="2842" HEIGHT="34" WIDTH="203" CONTENT="Lagerkühlfett" WC="0.84" />
            <String ID="Textword_310" HPOS="3109" VPOS="2842" HEIGHT="26" WIDTH="29" CONTENT="od." WC="0.84" />
            <String ID="Textword_311" HPOS="3146" VPOS="2842" HEIGHT="27" WIDTH="90" CONTENT="Kühläl" WC="0.21" />
          </TextLine>
          <TextLine ID="TextLine_128" HPOS="2187" VPOS="2880" HEIGHT="43" WIDTH="1024">
            <String ID="Textword_312" HPOS="2187" VPOS="2880" HEIGHT="35" WIDTH="85" CONTENT="Bisher" WC="0.92" />
            <String ID="Textword_313" HPOS="2284" VPOS="2882" HEIGHT="36" WIDTH="173" CONTENT="unübertroffen" WC="0.90" />
            <String ID="Textword_314" HPOS="2471" VPOS="2885" HEIGHT="28" WIDTH="22" CONTENT="in" WC="0.90" />
            <String ID="Textword_315" HPOS="2506" VPOS="2885" HEIGHT="35" WIDTH="107" CONTENT="Büchsen" WC="0.90" />
            <String ID="Textword_316" HPOS="2627" VPOS="2888" HEIGHT="27" WIDTH="47" CONTENT="und" WC="0.93" />
            <String ID="Textword_317" HPOS="2675" VPOS="2887" HEIGHT="36" WIDTH="126" CONTENT="Flaschen" WC="0.92" />
            <String ID="Textword_318" HPOS="2814" VPOS="2897" HEIGHT="19" WIDTH="44" CONTENT="von" WC="0.94" />
            <String ID="Textword_319" HPOS="2873" VPOS="2889" HEIGHT="26" WIDTH="7" CONTENT="1" WC="0.74" />
            <String ID="Textword_320" HPOS="2896" VPOS="2887" HEIGHT="35" WIDTH="28" CONTENT="kg" WC="0.96" />
            <String ID="Textword_321" HPOS="2938" VPOS="2896" HEIGHT="19" WIDTH="29" CONTENT="an" WC="0.93" />
            <String ID="Textword_322" HPOS="2980" VPOS="2886" HEIGHT="36" WIDTH="84" CONTENT="franko" WC="0.91" />
            <String ID="Textword_323" HPOS="3078" VPOS="2886" HEIGHT="28" WIDTH="30" CONTENT="ab" WC="0.96" />
            <String ID="Textword_324" HPOS="3122" VPOS="2886" HEIGHT="36" WIDTH="89" CONTENT="Fabrik" WC="0.96" />
          </TextLine>
          <TextLine ID="TextLine_129" HPOS="2218" VPOS="2925" HEIGHT="41" WIDTH="947">
            <String ID="Textword_325" HPOS="2218" VPOS="2925" HEIGHT="28" WIDTH="122" CONTENT="Bestes" WC="0.93" />
            <String ID="Textword_326" HPOS="2348" VPOS="2927" HEIGHT="29" WIDTH="159" CONTENT="Kühlfett" WC="0.91" />
            <String ID="Textword_327" HPOS="2518" VPOS="2930" HEIGHT="28" WIDTH="60" CONTENT="der" WC="0.96" />
            <String ID="Textword_328" HPOS="2585" VPOS="2931" HEIGHT="35" WIDTH="104" CONTENT="Welt," WC="0.96" />
            <String ID="Textword_329" HPOS="2698" VPOS="2932" HEIGHT="27" WIDTH="73" CONTENT="kühlt" WC="0.96" />
            <String ID="Textword_330" HPOS="2780" VPOS="2933" HEIGHT="26" WIDTH="50" CONTENT="und" WC="0.93" />
            <String ID="Textword_331" HPOS="2839" VPOS="2932" HEIGHT="28" WIDTH="123" CONTENT="verhütet" WC="0.92" />
            <String ID="Textword_332" HPOS="2970" VPOS="2932" HEIGHT="27" WIDTH="93" CONTENT="heisse" WC="0.96" />
            <String ID="Textword_333" HPOS="3071" VPOS="2932" HEIGHT="33" WIDTH="94" CONTENT="Lager," WC="0.96" />
          </TextLine>
          <TextLine ID="TextLine_130" HPOS="2235" VPOS="2930" HEIGHT="81" WIDTH="994">
            <String ID="Textword_334" HPOS="2235" VPOS="2971" HEIGHT="27" WIDTH="102" CONTENT="schafft" WC="0.96" />
            <String ID="Textword_335" HPOS="2355" VPOS="2972" HEIGHT="34" WIDTH="77" CONTENT="jeden" WC="0.93" />
            <String ID="Textword_336" HPOS="2453" VPOS="2974" HEIGHT="28" WIDTH="85" CONTENT="Unrat" WC="0.91" />
            <String ID="Textword_337" HPOS="2564" VPOS="2983" HEIGHT="20" WIDTH="50" CONTENT="aus" WC="0.70" />
            <String ID="Textword_338" HPOS="2634" VPOS="2977" HEIGHT="34" WIDTH="151" CONTENT="denselben," WC="0.80" />
            <String ID="Textword_339" HPOS="2806" VPOS="2977" HEIGHT="27" WIDTH="124" CONTENT="während" WC="0.96" />
            <String ID="Textword_340" HPOS="2952" VPOS="2976" HEIGHT="27" WIDTH="56" CONTENT="dem" WC="0.96" />
            <String ID="Textword_341" HPOS="3030" VPOS="2976" HEIGHT="27" WIDTH="127" CONTENT="Betriebe" WC="0.96" />
            <String ID="Textword_342" HPOS="3174" VPOS="2930" HEIGHT="80" WIDTH="55" CONTENT="a" WC="0.41" />
          </TextLine>
          <TextLine ID="TextLine_131" HPOS="2167" VPOS="3015" HEIGHT="46" WIDTH="1058">
            <String ID="Textword_343" HPOS="2167" VPOS="3022" HEIGHT="18" WIDTH="49" CONTENT="—" WC="0.77" />
            <String ID="Textword_344" HPOS="2239" VPOS="3015" HEIGHT="42" WIDTH="132" CONTENT="Spart" WC="0.84" />
            <String ID="Textword_345" HPOS="2393" VPOS="3018" HEIGHT="42" WIDTH="111" CONTENT="Zeit," WC="0.96" />
            <String ID="Textword_346" HPOS="2527" VPOS="3020" HEIGHT="41" WIDTH="150" CONTENT="Kraft," WC="0.96" />
            <String ID="Textword_347" HPOS="2700" VPOS="3022" HEIGHT="32" WIDTH="178" CONTENT="Kohlen" WC="0.96" />
            <String ID="Textword_348" HPOS="2901" VPOS="3021" HEIGHT="32" WIDTH="91" CONTENT="und" WC="0.96" />
            <String ID="Textword_349" HPOS="3017" VPOS="3021" HEIGHT="32" WIDTH="142" CONTENT="Geld!" WC="0.91" />
            <String ID="Textword_350" HPOS="3174" VPOS="3029" HEIGHT="20" WIDTH="51" CONTENT="=" WC="0.79" />
          </TextLine>
          <TextLine ID="TextLine_132" HPOS="2262" VPOS="3068" HEIGHT="34" WIDTH="870">
            <String ID="Textword_351" HPOS="2262" VPOS="3068" HEIGHT="28" WIDTH="92" CONTENT="Kein" WC="0.91" />
            <String ID="Textword_352" HPOS="2371" VPOS="3069" HEIGHT="29" WIDTH="146" CONTENT="Betrieb" WC="0.91" />
            <String ID="Textword_353" HPOS="2538" VPOS="3072" HEIGHT="27" WIDTH="93" CONTENT="ohne" WC="0.93" />
            <String ID="Textword_354" HPOS="2650" VPOS="3073" HEIGHT="28" WIDTH="135" CONTENT="Brun’s" WC="0.90" />
            <String ID="Textword_355" HPOS="2804" VPOS="3070" HEIGHT="31" WIDTH="139" CONTENT="Kühlô!" WC="0.64" />
            <String ID="Textword_356" HPOS="2961" VPOS="3074" HEIGHT="28" WIDTH="76" CONTENT="und" WC="0.93" />
            <String ID="Textword_357" HPOS="3053" VPOS="3074" HEIGHT="27" WIDTH="79" CONTENT="Fett" WC="0.90" />
          </TextLine>
          <TextLine ID="TextLine_133" HPOS="2303" VPOS="3115" HEIGHT="38" WIDTH="926">
            <String ID="Textword_358" HPOS="2303" VPOS="3115" HEIGHT="26" WIDTH="33" CONTENT="In" WC="0.96" />
            <String ID="Textword_359" HPOS="2356" VPOS="3115" HEIGHT="27" WIDTH="51" CONTENT="den" WC="0.96" />
            <String ID="Textword_360" HPOS="2427" VPOS="3117" HEIGHT="33" WIDTH="127" CONTENT="grössten" WC="0.96" />
            <String ID="Textword_361" HPOS="2575" VPOS="3117" HEIGHT="28" WIDTH="113" CONTENT="Werken" WC="0.96" />
            <String ID="Textword_362" HPOS="2708" VPOS="3118" HEIGHT="26" WIDTH="68" CONTENT="aller" WC="0.96" />
            <String ID="Textword_363" HPOS="2795" VPOS="3118" HEIGHT="27" WIDTH="114" CONTENT="Staaten" WC="0.96" />
            <String ID="Textword_364" HPOS="2929" VPOS="3119" HEIGHT="34" WIDTH="158" CONTENT="eingeführt" WC="0.92" />
            <String ID="Textword_365" HPOS="3121" VPOS="3120" HEIGHT="24" WIDTH="108" CONTENT="——" WC="0.65" />
          </TextLine>
        </TextBlock>
        <TextBlock ID="TextBlock_92" HPOS="2129" VPOS="3119" HEIGHT="78" WIDTH="1154">
          <TextLine ID="TextLine_134" HPOS="2129" VPOS="3119" HEIGHT="78" WIDTH="1154">
            <SP ID="Textword_50" HPOS="2129" VPOS="3119" />
            <String ID="Textword_366" HPOS="2129" VPOS="3119" HEIGHT="78" WIDTH="1154" CONTENT="  " WC="0.95" />
          </TextLine>
        </TextBlock>
        <TextBlock ID="TextBlock_93" HPOS="2132" VPOS="3204" HEIGHT="12" WIDTH="1143">
          <TextLine ID="TextLine_135" HPOS="2132" VPOS="3204" HEIGHT="12" WIDTH="1143">
            <SP ID="Textword_51" HPOS="2132" VPOS="3204" />
            <String ID="Textword_367" HPOS="2132" VPOS="3204" HEIGHT="12" WIDTH="1143" CONTENT=" " WC="0.95" />
          </TextLine>
        </TextBlock>
        <TextBlock ID="TextBlock_94" HPOS="2109" VPOS="370" HEIGHT="4236" WIDTH="30">
          <TextLine ID="TextLine_136" HPOS="2109" VPOS="370" HEIGHT="4236" WIDTH="30">
            <SP ID="Textword_52" HPOS="2109" VPOS="370" />
            <String ID="Textword_368" HPOS="2109" VPOS="370" HEIGHT="4236" WIDTH="30" CONTENT=" " WC="0.95" />
          </TextLine>
        </TextBlock>
        <TextBlock ID="TextBlock_95" HPOS="363" VPOS="4565" HEIGHT="77" WIDTH="1192">
          <TextLine ID="TextLine_137" HPOS="364" VPOS="4565" HEIGHT="40" WIDTH="1191">
            <String ID="Textword_369" HPOS="364" VPOS="4571" HEIGHT="28" WIDTH="83" CONTENT="sowie" WC="0.93" />
            <String ID="Textword_370" HPOS="467" VPOS="4570" HEIGHT="35" WIDTH="245" CONTENT="Geschäftswagen" WC="0.92" />
            <String ID="Textword_371" HPOS="734" VPOS="4571" HEIGHT="26" WIDTH="91" CONTENT="liefert" WC="0.96" />
            <String ID="Textword_372" HPOS="844" VPOS="4571" HEIGHT="26" WIDTH="28" CONTENT="in" WC="0.96" />
            <String ID="Textword_373" HPOS="892" VPOS="4571" HEIGHT="26" WIDTH="99" CONTENT="solider" WC="0.96" />
            <String ID="Textword_374" HPOS="1004" VPOS="4571" HEIGHT="26" WIDTH="56" CONTENT="und" WC="0.93" />
            <String ID="Textword_375" HPOS="1072" VPOS="4569" HEIGHT="35" WIDTH="250" CONTENT="geschmackvoller" WC="0.90" />
            <String ID="Textword_376" HPOS="1336" VPOS="4568" HEIGHT="34" WIDTH="179" CONTENT="Ausführung" WC="0.96" />
            <String ID="Textword_377" HPOS="1548" VPOS="4565" HEIGHT="7" WIDTH="7" CONTENT="|" WC="0.00" />
          </TextLine>
          <TextLine ID="TextLine_138" HPOS="363" VPOS="4603" HEIGHT="39" WIDTH="1153">
            <String ID="Textword_378" HPOS="363" VPOS="4607" HEIGHT="35" WIDTH="107" CONTENT="billigst" WC="0.91" />
            <String ID="Textword_379" HPOS="489" VPOS="4605" HEIGHT="29" WIDTH="54" CONTENT="K." WC="0.88" />
            <String ID="Textword_380" HPOS="561" VPOS="4605" HEIGHT="34" WIDTH="273" CONTENT="Kässbohrer," WC="0.91" />
            <String ID="Textword_381" HPOS="855" VPOS="4606" HEIGHT="35" WIDTH="210" CONTENT="Wagenfabrik," WC="0.92" />
            <String ID="Textword_382" HPOS="1084" VPOS="4605" HEIGHT="28" WIDTH="105" CONTENT="Ulm." WC="0.91" />
            <String ID="Textword_383" HPOS="1404" VPOS="4603" HEIGHT="35" WIDTH="82" CONTENT="[2246" WC="0.92" />
            <String ID="Textword_384" HPOS="1499" VPOS="4603" HEIGHT="27" WIDTH="17" CONTENT="S" WC="0.90" />
          </TextLine>
        </TextBlock>
        <TextBlock ID="TextBlock_96" HPOS="1520" VPOS="3517" HEIGHT="1103" WIDTH="19">
          <TextLine ID="TextLine_139" HPOS="1520" VPOS="3517" HEIGHT="1103" WIDTH="19">
            <SP ID="Textword_53" HPOS="1520" VPOS="3517" />
            <String ID="Textword_385" HPOS="1520" VPOS="3517" HEIGHT="1103" WIDTH="19" CONTENT=" " WC="0.95" />
          </TextLine>
        </TextBlock>
        <TextBlock ID="TextBlock_97" HPOS="1538" VPOS="4032" HEIGHT="594" WIDTH="558">
          <TextLine ID="TextLine_140" HPOS="1538" VPOS="4032" HEIGHT="594" WIDTH="558">
            <SP ID="Textword_54" HPOS="1538" VPOS="4032" />
            <String ID="Textword_386" HPOS="1538" VPOS="4032" HEIGHT="594" WIDTH="558" CONTENT=" " WC="0.95" />
          </TextLine>
        </TextBlock>
        <TextBlock ID="TextBlock_98" HPOS="0" VPOS="617" HEIGHT="4364" WIDTH="22">
          <TextLine ID="TextLine_141" HPOS="0" VPOS="617" HEIGHT="4364" WIDTH="22">
            <SP ID="Textword_55" HPOS="0" VPOS="617" />
            <String ID="Textword_387" HPOS="0" VPOS="617" HEIGHT="4364" WIDTH="22" CONTENT=" " WC="0.95" />
          </TextLine>
        </TextBlock>
        <TextBlock ID="TextBlock_99" HPOS="0" VPOS="4656" HEIGHT="327" WIDTH="945">
          <TextLine ID="TextLine_142" HPOS="0" VPOS="4656" HEIGHT="327" WIDTH="945">
            <SP ID="Textword_56" HPOS="0" VPOS="4656" />
            <String ID="Textword_388" HPOS="0" VPOS="4656" HEIGHT="327" WIDTH="945" CONTENT=" " WC="0.95" />
          </TextLine>
        </TextBlock>
        <TextBlock ID="TextBlock_100" HPOS="2122" VPOS="4614" HEIGHT="27" WIDTH="1143">
          <TextLine ID="TextLine_143" HPOS="2122" VPOS="4614" HEIGHT="27" WIDTH="1143">
            <SP ID="Textword_57" HPOS="2122" VPOS="4614" />
            <String ID="Textword_389" HPOS="2122" VPOS="4614" HEIGHT="27" WIDTH="1143" CONTENT=" " WC="0.95" />
          </TextLine>
        </TextBlock>
        <TextBlock ID="TextBlock_101" HPOS="2122" VPOS="3217" HEIGHT="582" WIDTH="1256">
          <TextLine ID="TextLine_144" HPOS="2122" VPOS="3217" HEIGHT="582" WIDTH="1256">
            <SP ID="Textword_58" HPOS="2122" VPOS="3217" />
            <String ID="Textword_390" HPOS="2122" VPOS="3217" HEIGHT="582" WIDTH="1256" CONTENT=" " WC="0.95" />
          </TextLine>
        </TextBlock>
        <TextBlock ID="TextBlock_102" HPOS="2213" VPOS="3804" HEIGHT="96" WIDTH="956">
          <TextLine ID="TextLine_145" HPOS="2213" VPOS="3804" HEIGHT="96" WIDTH="956">
            <String ID="Textword_391" HPOS="2213" VPOS="3804" HEIGHT="78" WIDTH="97" CONTENT="‘für" WC="0.69" />
            <String ID="Textword_392" HPOS="2349" VPOS="3829" HEIGHT="71" WIDTH="271" CONTENT="Leuchtgas," WC="0.92" />
            <String ID="Textword_393" HPOS="2660" VPOS="3831" HEIGHT="67" WIDTH="182" CONTENT="Benzin," WC="0.92" />
            <String ID="Textword_394" HPOS="2891" VPOS="3831" HEIGHT="55" WIDTH="146" CONTENT="Petrol" WC="0.88" />
            <String ID="Textword_395" HPOS="3085" VPOS="3835" HEIGHT="50" WIDTH="84" CONTENT="etc." WC="0.94" />
          </TextLine>
        </TextBlock>
        <TextBlock ID="TextBlock_103" HPOS="2393" VPOS="3910" HEIGHT="35" WIDTH="630">
          <TextLine ID="TextLine_146" HPOS="2393" VPOS="3910" HEIGHT="35" WIDTH="630">
            <String ID="Textword_396" HPOS="2393" VPOS="3910" HEIGHT="26" WIDTH="93" CONTENT="bieten" WC="0.85" />
            <String ID="Textword_397" HPOS="2506" VPOS="3910" HEIGHT="26" WIDTH="29" CONTENT="in" WC="0.96" />
            <String ID="Textword_398" HPOS="2556" VPOS="3910" HEIGHT="26" WIDTH="51" CONTENT="den" WC="0.93" />
            <String ID="Textword_399" HPOS="2625" VPOS="3913" HEIGHT="24" WIDTH="132" CONTENT="neuesten" WC="0.92" />
            <String ID="Textword_400" HPOS="2775" VPOS="3910" HEIGHT="35" WIDTH="220" CONTENT="Ausführungen" WC="0.91" />
            <String ID="Textword_401" HPOS="3019" VPOS="3933" HEIGHT="8" WIDTH="4" CONTENT="," WC="0.50" />
          </TextLine>
        </TextBlock>
        <TextBlock ID="TextBlock_104" HPOS="2335" VPOS="3963" HEIGHT="50" WIDTH="729">
          <TextLine ID="TextLine_147" HPOS="2335" VPOS="3963" HEIGHT="50" WIDTH="729">
            <String ID="Textword_402" HPOS="2335" VPOS="3963" HEIGHT="40" WIDTH="152" CONTENT="bisher" WC="0.93" />
            <String ID="Textword_403" HPOS="2533" VPOS="3963" HEIGHT="41" WIDTH="279" CONTENT="unerreichte" WC="0.92" />
            <String ID="Textword_404" HPOS="2854" VPOS="3963" HEIGHT="50" WIDTH="210" CONTENT="Vorzüge." WC="0.96" />
          </TextLine>
        </TextBlock>
        <TextBlock ID="TextBlock_105" HPOS="2220" VPOS="4043" HEIGHT="157" WIDTH="947">
          <TextLine ID="TextLine_148" HPOS="2220" VPOS="4043" HEIGHT="157" WIDTH="947">
            <String ID="Textword_405" HPOS="2220" VPOS="4043" HEIGHT="157" WIDTH="497" CONTENT="oauygasmotoren," WC="0.10" />
            <String ID="Textword_406" HPOS="2755" VPOS="4045" HEIGHT="131" WIDTH="412" CONTENT="Hohôlmotoren," WC="0.41" />
          </TextLine>
        </TextBlock>
        <TextBlock ID="TextBlock_106" HPOS="2277" VPOS="4210" HEIGHT="44" WIDTH="828">
          <TextLine ID="TextLine_149" HPOS="2277" VPOS="4210" HEIGHT="44" WIDTH="828">
            <String ID="Textword_407" HPOS="2277" VPOS="4210" HEIGHT="43" WIDTH="137" CONTENT="Billigste" WC="0.91" />
            <String ID="Textword_408" HPOS="2440" VPOS="4210" HEIGHT="35" WIDTH="260" CONTENT="Betriebskräfte." WC="0.90" />
            <String ID="Textword_409" HPOS="2749" VPOS="4210" HEIGHT="44" WIDTH="258" CONTENT="Zuverlässig.Æ3" WC="0.00" />
            <String ID="Textword_410" HPOS="3009" VPOS="4210" HEIGHT="35" WIDTH="96" CONTENT="Solid." WC="0.35" />
          </TextLine>
        </TextBlock>
        <TextBlock ID="TextBlock_107" HPOS="2173" VPOS="4299" HEIGHT="272" WIDTH="1051">
          <TextLine ID="TextLine_150" HPOS="2173" VPOS="4299" HEIGHT="134" WIDTH="1051">
            <String ID="Textword_411" HPOS="2173" VPOS="4315" HEIGHT="88" WIDTH="690" CONTENT="Gasmotorenfabrik" WC="0.87" />
            <String ID="Textword_412" HPOS="2904" VPOS="4299" HEIGHT="134" WIDTH="26" CONTENT="|" WC="0.61" />
            <String ID="Textword_413" HPOS="2936" VPOS="4299" HEIGHT="126" WIDTH="288" CONTENT="Deutz“" WC="0.61" />
          </TextLine>
          <TextLine ID="TextLine_151" HPOS="2620" VPOS="4427" HEIGHT="46" WIDTH="593">
            <String ID="Textword_414" HPOS="2620" VPOS="4432" HEIGHT="41" WIDTH="124" CONTENT="A.-G." WC="0.84" />
            <String ID="Textword_415" HPOS="3209" VPOS="4427" HEIGHT="5" WIDTH="4" CONTENT="i" WC="0.49" />
          </TextLine>
          <TextLine ID="TextLine_152" HPOS="2382" VPOS="4503" HEIGHT="68" WIDTH="621">
            <String ID="Textword_416" HPOS="2382" VPOS="4505" HEIGHT="66" WIDTH="179" CONTENT="Zürich," WC="0.92" />
            <String ID="Textword_417" HPOS="2600" VPOS="4503" HEIGHT="67" WIDTH="330" CONTENT="Bahnhofplatz" WC="0.92" />
            <String ID="Textword_418" HPOS="2967" VPOS="4506" HEIGHT="54" WIDTH="36" CONTENT="5." WC="0.96" />
          </TextLine>
        </TextBlock>
        <TextBlock ID="TextBlock_108" HPOS="2917" VPOS="1145" HEIGHT="152" WIDTH="441">
          <TextLine ID="TextLine_153" HPOS="2944" VPOS="1145" HEIGHT="104" WIDTH="410">
            <String ID="Textword_419" HPOS="2944" VPOS="1147" HEIGHT="84" WIDTH="68" CONTENT="G." WC="0.92" />
            <String ID="Textword_420" HPOS="3052" VPOS="1145" HEIGHT="85" WIDTH="216" CONTENT="BOPP" WC="0.91" />
            <String ID="Textword_421" HPOS="3288" VPOS="1161" HEIGHT="88" WIDTH="66" CONTENT="|" WC="0.80" />
          </TextLine>
          <TextLine ID="TextLine_154" HPOS="2917" VPOS="1256" HEIGHT="41" WIDTH="441">
            <String ID="Textword_422" HPOS="2917" VPOS="1262" HEIGHT="35" WIDTH="234" CONTENT="Schaffhausen" WC="0.03" />
            <String ID="Textword_423" HPOS="3160" VPOS="1262" HEIGHT="35" WIDTH="138" CONTENT="-Hallaw" WC="0.03" />
            <String ID="Textword_424" HPOS="3298" VPOS="1262" HEIGHT="2" WIDTH="2" CONTENT="|" WC="0.94" />
            <String ID="Textword_425" HPOS="3324" VPOS="1256" HEIGHT="33" WIDTH="34" CONTENT="8" WC="0.62" />
          </TextLine>
        </TextBlock>
        <TextBlock ID="TextBlock_109" HPOS="2915" VPOS="1348" HEIGHT="46" WIDTH="412">
          <TextLine ID="TextLine_155" HPOS="2915" VPOS="1348" HEIGHT="46" WIDTH="412">
            <String ID="Textword_426" HPOS="2915" VPOS="1364" HEIGHT="30" WIDTH="183" CONTENT="Geflechte," WC="0.91" />
            <String ID="Textword_427" HPOS="3113" VPOS="1363" HEIGHT="25" WIDTH="101" CONTENT="Siebe" WC="0.95" />
            <String ID="Textword_428" HPOS="3227" VPOS="1364" HEIGHT="24" WIDTH="65" CONTENT="ete-" WC="0.79" />
            <String ID="Textword_429" HPOS="3295" VPOS="1348" HEIGHT="39" WIDTH="32" CONTENT="|" WC="0.52" />
          </TextLine>
        </TextBlock>
        <TextBlock ID="TextBlock_110" HPOS="3298" VPOS="1001" HEIGHT="3850" WIDTH="32">
          <TextLine ID="TextLine_156" HPOS="3298" VPOS="1001" HEIGHT="3850" WIDTH="32">
            <SP ID="Textword_59" HPOS="3298" VPOS="1001" />
            <String ID="Textword_430" HPOS="3298" VPOS="1001" HEIGHT="3850" WIDTH="32" CONTENT=" " WC="0.95" />
          </TextLine>
        </TextBlock>
        <TextBlock ID="TextBlock_111" HPOS="3317" VPOS="1012" HEIGHT="530" WIDTH="61">
          <TextLine ID="TextLine_157" HPOS="3317" VPOS="1012" HEIGHT="530" WIDTH="61">
            <SP ID="Textword_60" HPOS="3317" VPOS="1012" />
            <String ID="Textword_431" HPOS="3317" VPOS="1012" HEIGHT="530" WIDTH="61" CONTENT="  " WC="0.95" />
          </TextLine>
        </TextBlock>
        <TextBlock ID="TextBlock_112" HPOS="3332" VPOS="2140" HEIGHT="26" WIDTH="42">
          <TextLine ID="TextLine_158" HPOS="3332" VPOS="2140" HEIGHT="26" WIDTH="42">
            <String ID="Textword_432" HPOS="3332" VPOS="2140" HEIGHT="26" WIDTH="42" CONTENT="Ne" WC="0.96" />
          </TextLine>
        </TextBlock>
        <TextBlock ID="TextBlock_113" HPOS="3333" VPOS="2212" HEIGHT="172" WIDTH="45">
          <TextLine ID="TextLine_159" HPOS="3333" VPOS="2212" HEIGHT="25" WIDTH="45">
            <String ID="Textword_433" HPOS="3333" VPOS="2212" HEIGHT="25" WIDTH="45" CONTENT="Kol" WC="0.76" />
          </TextLine>
          <TextLine ID="TextLine_160" HPOS="3335" VPOS="2282" HEIGHT="26" WIDTH="43">
            <String ID="Textword_434" HPOS="3335" VPOS="2282" HEIGHT="26" WIDTH="43" CONTENT="Ko" WC="0.95" />
          </TextLine>
          <TextLine ID="TextLine_161" HPOS="3335" VPOS="2352" HEIGHT="32" WIDTH="43">
            <String ID="Textword_435" HPOS="3335" VPOS="2352" HEIGHT="32" WIDTH="43" CONTENT="Be" WC="0.96" />
          </TextLine>
        </TextBlock>
        <TextBlock ID="TextBlock_114" HPOS="3248" VPOS="4836" HEIGHT="147" WIDTH="130">
          <TextLine ID="TextLine_162" HPOS="3248" VPOS="4836" HEIGHT="147" WIDTH="130">
            <SP ID="Textword_61" HPOS="3248" VPOS="4836" />
            <String ID="Textword_436" HPOS="3248" VPOS="4836" HEIGHT="147" WIDTH="130" CONTENT=" " WC="0.95" />
          </TextLine>
        </TextBlock>
      </PrintSpace>
    </Page>
  </Layout>
</alto>
