<?xml version="1.0" encoding="UTF-8"?>
<alto xmlns="http://www.loc.gov/standards/alto/ns-v2#" xmlns:xsi="http://www.w3.org/2001/XMLSchema-instance" xsi:schemaLocation="http://www.loc.gov/standards/alto/ns-v2# http://www.loc.gov/standards/alto/alto.xsd">
  <Description>
    <MeasurementUnit>pixel</MeasurementUnit>
    <sourceImageInformation />
    <OCRProcessing ID="OCR_1">
      <preProcessingStep>
        <processingDateTime>2019-05-09T12:18:42</processingDateTime>
        <processingAgency>intranda GmbH, www.intranda.com</processingAgency>
        <processingSoftware>
          <softwareCreator>intranda GmbH, Germany</softwareCreator>
          <softwareName>intranda OCR Module for TaskManager</softwareName>
          <softwareVersion>1.0r42</softwareVersion>
        </processingSoftware>
      </preProcessingStep>
      <ocrProcessingStep>
        <processingSoftware>
          <softwareCreator>Tesseract contributors</softwareCreator>
          <softwareName>Tesseract Open Source OCR Engine</softwareName>
          <softwareVersion>4.0.0-beta.1-270-g5a56</softwareVersion>
        </processingSoftware>
      </ocrProcessingStep>
    </OCRProcessing>
  </Description>
  <Layout>
    <Page ID="PAGE_1" HEIGHT="4971" WIDTH="3318" PHYSICAL_IMG_NR="1">
      <PrintSpace ID="PrintSpace_1" HPOS="0" VPOS="0" HEIGHT="4971" WIDTH="3318">
        <TextBlock ID="TextBlock_1" HPOS="0" VPOS="1943" HEIGHT="2600" WIDTH="50">
          <TextLine ID="TextLine_1" HPOS="0" VPOS="1943" HEIGHT="2600" WIDTH="50">
            <SP ID="Textword_1" HPOS="0" VPOS="1943" />
            <String ID="Textword_1" HPOS="0" VPOS="1943" HEIGHT="2600" WIDTH="50" CONTENT=" " WC="0.95" />
          </TextLine>
        </TextBlock>
        <TextBlock ID="TextBlock_2" HPOS="0" VPOS="0" HEIGHT="318" WIDTH="773">
          <TextLine ID="TextLine_2" HPOS="0" VPOS="0" HEIGHT="318" WIDTH="773">
            <SP ID="Textword_2" HPOS="0" VPOS="0" />
            <String ID="Textword_2" HPOS="0" VPOS="0" HEIGHT="318" WIDTH="773" CONTENT=" " WC="0.95" />
          </TextLine>
        </TextBlock>
        <TextBlock ID="TextBlock_3" HPOS="310" VPOS="295" HEIGHT="19" WIDTH="890">
          <TextLine ID="TextLine_3" HPOS="310" VPOS="295" HEIGHT="19" WIDTH="890">
            <SP ID="Textword_3" HPOS="310" VPOS="295" />
            <String ID="Textword_3" HPOS="310" VPOS="295" HEIGHT="19" WIDTH="890" CONTENT=" " WC="0.95" />
          </TextLine>
        </TextBlock>
        <TextBlock ID="TextBlock_4" HPOS="262" VPOS="368" HEIGHT="420" WIDTH="216">
          <TextLine ID="TextLine_4" HPOS="266" VPOS="368" HEIGHT="70" WIDTH="212">
            <SP ID="Textword_4" HPOS="266" VPOS="368" />
            <String ID="Textword_4" HPOS="266" VPOS="368" HEIGHT="70" WIDTH="212" CONTENT="  " WC="0.95" />
          </TextLine>
          <TextLine ID="TextLine_5" HPOS="262" VPOS="438" HEIGHT="350" WIDTH="169">
            <SP ID="Textword_5" HPOS="262" VPOS="438" />
            <String ID="Textword_5" HPOS="262" VPOS="438" HEIGHT="350" WIDTH="169" CONTENT="    " WC="0.95" />
          </TextLine>
        </TextBlock>
        <TextBlock ID="TextBlock_5" HPOS="478" VPOS="361" HEIGHT="95" WIDTH="665">
          <TextLine ID="TextLine_6" HPOS="478" VPOS="361" HEIGHT="95" WIDTH="665">
            <String ID="Textword_6" HPOS="478" VPOS="369" HEIGHT="87" WIDTH="103" CONTENT="sm" WC="0.40" />
            <String ID="Textword_7" HPOS="582" VPOS="361" HEIGHT="93" WIDTH="561" CONTENT="gti" WC="0.15" />
          </TextLine>
        </TextBlock>
        <TextBlock ID="TextBlock_6" HPOS="431" VPOS="524" HEIGHT="189" WIDTH="738">
          <TextLine ID="TextLine_7" HPOS="431" VPOS="524" HEIGHT="189" WIDTH="738">
            <String ID="Textword_8" HPOS="431" VPOS="529" HEIGHT="184" WIDTH="427" CONTENT="Adolph" WC="0.87" />
            <String ID="Textword_9" HPOS="930" VPOS="524" HEIGHT="153" WIDTH="239" CONTENT="Sau" WC="0.92" />
          </TextLine>
        </TextBlock>
        <TextBlock ID="TextBlock_7" HPOS="571" VPOS="717" HEIGHT="74" WIDTH="654">
          <TextLine ID="TextLine_8" HPOS="571" VPOS="717" HEIGHT="74" WIDTH="654">
            <String ID="Textword_10" HPOS="571" VPOS="720" HEIGHT="71" WIDTH="501" CONTENT="Maschinenfabrik" WC="0.90" />
            <String ID="Textword_11" HPOS="1109" VPOS="717" HEIGHT="64" WIDTH="116" CONTENT="und" WC="0.96" />
          </TextLine>
        </TextBlock>
        <TextBlock ID="TextBlock_8" HPOS="818" VPOS="867" HEIGHT="46" WIDTH="409">
          <TextLine ID="TextLine_9" HPOS="818" VPOS="867" HEIGHT="46" WIDTH="409">
            <String ID="Textword_12" HPOS="818" VPOS="870" HEIGHT="43" WIDTH="250" CONTENT="Abteilung:" WC="0.92" />
            <String ID="Textword_13" HPOS="1099" VPOS="867" HEIGHT="35" WIDTH="128" CONTENT="MOT" WC="0.88" />
          </TextLine>
        </TextBlock>
        <TextBlock ID="TextBlock_9" HPOS="396" VPOS="986" HEIGHT="265" WIDTH="1169">
          <TextLine ID="TextLine_10" HPOS="396" VPOS="986" HEIGHT="117" WIDTH="848">
            <String ID="Textword_14" HPOS="396" VPOS="986" HEIGHT="117" WIDTH="348" CONTENT="Petrol-," WC="0.89" />
            <String ID="Textword_15" HPOS="792" VPOS="987" HEIGHT="99" WIDTH="355" CONTENT="Benzin-" WC="0.91" />
            <String ID="Textword_16" HPOS="1187" VPOS="1014" HEIGHT="67" WIDTH="57" CONTENT="u" WC="0.96" />
          </TextLine>
          <TextLine ID="TextLine_11" HPOS="730" VPOS="1125" HEIGHT="126" WIDTH="835">
            <String ID="Textword_17" HPOS="730" VPOS="1125" HEIGHT="126" WIDTH="835" CONTENT="Sauggas-Anlagen" WC="0.91" />
          </TextLine>
        </TextBlock>
        <TextBlock ID="TextBlock_10" HPOS="1620" VPOS="1179" HEIGHT="12" WIDTH="262">
          <TextLine ID="TextLine_12" HPOS="1620" VPOS="1179" HEIGHT="12" WIDTH="262">
            <SP ID="Textword_6" HPOS="1620" VPOS="1179" />
            <String ID="Textword_18" HPOS="1620" VPOS="1179" HEIGHT="12" WIDTH="262" CONTENT=" " WC="0.95" />
          </TextLine>
        </TextBlock>
        <TextBlock ID="TextBlock_11" HPOS="1621" VPOS="1207" HEIGHT="11" WIDTH="262">
          <TextLine ID="TextLine_13" HPOS="1621" VPOS="1207" HEIGHT="11" WIDTH="262">
            <SP ID="Textword_7" HPOS="1621" VPOS="1207" />
            <String ID="Textword_19" HPOS="1621" VPOS="1207" HEIGHT="11" WIDTH="262" CONTENT=" " WC="0.95" />
          </TextLine>
        </TextBlock>
        <TextBlock ID="TextBlock_12" HPOS="399" VPOS="1169" HEIGHT="180" WIDTH="265">
          <TextLine ID="TextLine_14" HPOS="399" VPOS="1169" HEIGHT="180" WIDTH="265">
            <String ID="Textword_20" HPOS="399" VPOS="1169" HEIGHT="180" WIDTH="265" CONTENT="I" WC="0.24" />
          </TextLine>
        </TextBlock>
        <TextBlock ID="TextBlock_13" HPOS="439" VPOS="1290" HEIGHT="32" WIDTH="1410">
          <TextLine ID="TextLine_15" HPOS="439" VPOS="1290" HEIGHT="32" WIDTH="1410">
            <SP ID="Textword_8" HPOS="439" VPOS="1290" />
            <String ID="Textword_21" HPOS="439" VPOS="1290" HEIGHT="32" WIDTH="1410" CONTENT=" " WC="0.95" />
          </TextLine>
        </TextBlock>
        <TextBlock ID="TextBlock_14" HPOS="1260" VPOS="1431" HEIGHT="76" WIDTH="111">
          <TextLine ID="TextLine_16" HPOS="1260" VPOS="1431" HEIGHT="76" WIDTH="111">
            <String ID="Textword_22" HPOS="1260" VPOS="1457" HEIGHT="24" WIDTH="34" CONTENT="À" WC="0.88" />
            <String ID="Textword_23" HPOS="1309" VPOS="1431" HEIGHT="76" WIDTH="62" CONTENT="VI" WC="0.15" />
          </TextLine>
        </TextBlock>
        <TextBlock ID="TextBlock_15" HPOS="813" VPOS="1381" HEIGHT="297" WIDTH="661">
          <TextLine ID="TextLine_17" HPOS="813" VPOS="1381" HEIGHT="119" WIDTH="661">
            <SP ID="Textword_9" HPOS="813" VPOS="1381" />
            <String ID="Textword_24" HPOS="813" VPOS="1381" HEIGHT="119" WIDTH="661" CONTENT="    " WC="0.95" />
          </TextLine>
          <TextLine ID="TextLine_18" HPOS="813" VPOS="1500" HEIGHT="178" WIDTH="661">
            <SP ID="Textword_10" HPOS="813" VPOS="1500" />
            <String ID="Textword_25" HPOS="813" VPOS="1500" HEIGHT="178" WIDTH="661" CONTENT=" " WC="0.95" />
          </TextLine>
        </TextBlock>
        <TextBlock ID="TextBlock_16" HPOS="447" VPOS="1704" HEIGHT="30" WIDTH="1407">
          <TextLine ID="TextLine_19" HPOS="447" VPOS="1704" HEIGHT="30" WIDTH="1407">
            <SP ID="Textword_11" HPOS="447" VPOS="1704" />
            <String ID="Textword_26" HPOS="447" VPOS="1704" HEIGHT="30" WIDTH="1407" CONTENT=" " WC="0.95" />
          </TextLine>
        </TextBlock>
        <TextBlock ID="TextBlock_17" HPOS="754" VPOS="1837" HEIGHT="51" WIDTH="800">
          <TextLine ID="TextLine_20" HPOS="754" VPOS="1837" HEIGHT="51" WIDTH="800">
            <String ID="Textword_27" HPOS="754" VPOS="1846" HEIGHT="42" WIDTH="252" CONTENT="Abteilung:" WC="0.90" />
            <String ID="Textword_28" HPOS="1043" VPOS="1837" HEIGHT="40" WIDTH="511" CONTENT="AUTOMOBILBAU" WC="0.90" />
          </TextLine>
        </TextBlock>
        <TextBlock ID="TextBlock_18" HPOS="463" VPOS="1936" HEIGHT="168" WIDTH="1370">
          <TextLine ID="TextLine_21" HPOS="463" VPOS="1936" HEIGHT="168" WIDTH="1370">
            <String ID="Textword_29" HPOS="463" VPOS="1951" HEIGHT="153" WIDTH="309" CONTENT="Lastwagen" WC="0.36" />
            <String ID="Textword_30" HPOS="908" VPOS="1942" HEIGHT="131" WIDTH="380" CONTENT="Ommibusse" WC="0.46" />
            <String ID="Textword_31" HPOS="1476" VPOS="1936" HEIGHT="152" WIDTH="357" CONTENT=" Luxuswagen" WC="0.51" />
          </TextLine>
        </TextBlock>
        <TextBlock ID="TextBlock_19" HPOS="466" VPOS="2098" HEIGHT="52" WIDTH="1360">
          <TextLine ID="TextLine_22" HPOS="466" VPOS="2098" HEIGHT="52" WIDTH="1360">
            <String ID="Textword_32" HPOS="466" VPOS="2117" HEIGHT="33" WIDTH="117" CONTENT="1—31/2" WC="0.84" />
            <String ID="Textword_33" HPOS="616" VPOS="2117" HEIGHT="25" WIDTH="120" CONTENT="Tonnen" WC="0.91" />
            <String ID="Textword_34" HPOS="983" VPOS="2109" HEIGHT="27" WIDTH="103" CONTENT="10—24" WC="0.88" />
            <String ID="Textword_35" HPOS="1124" VPOS="2108" HEIGHT="26" WIDTH="151" CONTENT="Personen" WC="0.96" />
            <String ID="Textword_36" HPOS="1478" VPOS="2103" HEIGHT="32" WIDTH="44" CONTENT="15," WC="0.95" />
            <String ID="Textword_37" HPOS="1554" VPOS="2102" HEIGHT="26" WIDTH="33" CONTENT="30" WC="0.96" />
            <String ID="Textword_38" HPOS="1618" VPOS="2101" HEIGHT="26" WIDTH="56" CONTENT="und" WC="0.96" />
            <String ID="Textword_39" HPOS="1708" VPOS="2099" HEIGHT="25" WIDTH="36" CONTENT="50" WC="0.95" />
            <String ID="Textword_40" HPOS="1775" VPOS="2098" HEIGHT="26" WIDTH="51" CONTENT="PH" WC="0.95" />
          </TextLine>
        </TextBlock>
        <TextBlock ID="TextBlock_20" HPOS="1295" VPOS="2200" HEIGHT="91" WIDTH="561">
          <TextLine ID="TextLine_23" HPOS="1295" VPOS="2200" HEIGHT="91" WIDTH="561">
            <String ID="Textword_41" HPOS="1295" VPOS="2200" HEIGHT="91" WIDTH="561" CONTENT=" Lastschiffe" WC="0.73" />
          </TextLine>
        </TextBlock>
        <TextBlock ID="TextBlock_21" HPOS="1248" VPOS="2376" HEIGHT="114" WIDTH="560">
          <TextLine ID="TextLine_24" HPOS="1248" VPOS="2376" HEIGHT="43" WIDTH="465">
            <String ID="Textword_42" HPOS="1248" VPOS="2379" HEIGHT="40" WIDTH="153" CONTENT="Prima" WC="0.94" />
            <String ID="Textword_43" HPOS="1428" VPOS="2376" HEIGHT="42" WIDTH="285" CONTENT="Referenzen." WC="0.96" />
          </TextLine>
          <TextLine ID="TextLine_25" HPOS="1695" VPOS="2462" HEIGHT="28" WIDTH="113">
            <String ID="Textword_44" HPOS="1695" VPOS="2463" HEIGHT="27" WIDTH="26" CONTENT="S." WC="0.89" />
            <String ID="Textword_45" HPOS="1742" VPOS="2462" HEIGHT="27" WIDTH="66" CONTENT="1885" WC="0.96" />
          </TextLine>
        </TextBlock>
        <TextBlock ID="TextBlock_22" HPOS="1603" VPOS="2529" HEIGHT="47" WIDTH="48">
          <TextLine ID="TextLine_26" HPOS="1603" VPOS="2529" HEIGHT="47" WIDTH="48">
            <String ID="Textword_46" HPOS="1603" VPOS="2529" HEIGHT="47" WIDTH="48" CONTENT="is" WC="0.15" />
          </TextLine>
        </TextBlock>
        <TextBlock ID="TextBlock_23" HPOS="457" VPOS="2212" HEIGHT="112" WIDTH="681">
          <TextLine ID="TextLine_27" HPOS="457" VPOS="2212" HEIGHT="112" WIDTH="681">
            <String ID="Textword_47" HPOS="457" VPOS="2212" HEIGHT="112" WIDTH="681" CONTENT="Motoryachten" WC="0.91" />
          </TextLine>
        </TextBlock>
        <TextBlock ID="TextBlock_24" HPOS="631" VPOS="2382" HEIGHT="53" WIDTH="562">
          <TextLine ID="TextLine_28" HPOS="631" VPOS="2382" HEIGHT="53" WIDTH="562">
            <String ID="Textword_48" HPOS="631" VPOS="2386" HEIGHT="49" WIDTH="312" CONTENT="Erstklassiges" WC="0.91" />
            <String ID="Textword_49" HPOS="972" VPOS="2382" HEIGHT="42" WIDTH="221" CONTENT="Fabrikat." WC="0.91" />
          </TextLine>
        </TextBlock>
        <TextBlock ID="TextBlock_25" HPOS="1163" VPOS="2563" HEIGHT="19" WIDTH="22">
          <TextLine ID="TextLine_29" HPOS="1163" VPOS="2563" HEIGHT="19" WIDTH="22">
            <String ID="Textword_50" HPOS="1163" VPOS="2563" HEIGHT="19" WIDTH="22" CONTENT="=}" WC="0.60" />
          </TextLine>
        </TextBlock>
        <TextBlock ID="TextBlock_26" HPOS="297" VPOS="2529" HEIGHT="105" WIDTH="107">
          <TextLine ID="TextLine_30" HPOS="297" VPOS="2529" HEIGHT="105" WIDTH="107">
            <String ID="Textword_51" HPOS="297" VPOS="2529" HEIGHT="105" WIDTH="107" CONTENT="x" WC="0.69" />
          </TextLine>
        </TextBlock>
        <TextBlock ID="TextBlock_27" HPOS="303" VPOS="2656" HEIGHT="206" WIDTH="876">
          <TextLine ID="TextLine_31" HPOS="303" VPOS="2656" HEIGHT="112" WIDTH="876">
            <String ID="Textword_52" HPOS="303" VPOS="2672" HEIGHT="96" WIDTH="744" CONTENT="Rolladenfabrik" WC="0.91" />
            <String ID="Textword_53" HPOS="1105" VPOS="2656" HEIGHT="87" WIDTH="74" CONTENT="A" WC="0.96" />
          </TextLine>
          <TextLine ID="TextLine_32" HPOS="1086" VPOS="2807" HEIGHT="55" WIDTH="77">
            <String ID="Textword_54" HPOS="1086" VPOS="2807" HEIGHT="55" WIDTH="77" CONTENT="+" WC="0.69" />
          </TextLine>
        </TextBlock>
        <TextBlock ID="TextBlock_28" HPOS="402" VPOS="2802" HEIGHT="27" WIDTH="712">
          <TextLine ID="TextLine_33" HPOS="402" VPOS="2802" HEIGHT="27" WIDTH="712">
            <SP ID="Textword_12" HPOS="402" VPOS="2802" />
            <String ID="Textword_55" HPOS="402" VPOS="2802" HEIGHT="27" WIDTH="712" CONTENT=" " WC="0.95" />
          </TextLine>
        </TextBlock>
        <TextBlock ID="TextBlock_29" HPOS="481" VPOS="2809" HEIGHT="18" WIDTH="633">
          <TextLine ID="TextLine_34" HPOS="481" VPOS="2809" HEIGHT="18" WIDTH="633">
            <SP ID="Textword_13" HPOS="481" VPOS="2809" />
            <String ID="Textword_56" HPOS="481" VPOS="2809" HEIGHT="18" WIDTH="633" CONTENT=" " WC="0.95" />
          </TextLine>
        </TextBlock>
        <TextBlock ID="TextBlock_30" HPOS="1351" VPOS="2766" HEIGHT="52" WIDTH="560">
          <TextLine ID="TextLine_35" HPOS="1351" VPOS="2766" HEIGHT="52" WIDTH="560">
            <String ID="Textword_57" HPOS="1351" VPOS="2773" HEIGHT="36" WIDTH="70" CONTENT="A" WC="0.35" />
            <String ID="Textword_58" HPOS="1423" VPOS="2771" HEIGHT="37" WIDTH="191" CONTENT="adorf" WC="0.35" />
            <String ID="Textword_59" HPOS="1642" VPOS="2766" HEIGHT="52" WIDTH="269" CONTENT="(Schweiz)" WC="0.95" />
          </TextLine>
        </TextBlock>
        <TextBlock ID="TextBlock_31" HPOS="712" VPOS="2817" HEIGHT="11" WIDTH="41">
          <TextLine ID="TextLine_36" HPOS="712" VPOS="2817" HEIGHT="11" WIDTH="41">
            <String ID="Textword_60" HPOS="712" VPOS="2817" HEIGHT="11" WIDTH="41" CONTENT="=" WC="0.22" />
          </TextLine>
        </TextBlock>
        <TextBlock ID="TextBlock_32" HPOS="1234" VPOS="2851" HEIGHT="7" WIDTH="158">
          <TextLine ID="TextLine_37" HPOS="1234" VPOS="2851" HEIGHT="7" WIDTH="158">
            <SP ID="Textword_14" HPOS="1234" VPOS="2851" />
            <String ID="Textword_61" HPOS="1234" VPOS="2851" HEIGHT="7" WIDTH="158" CONTENT=" " WC="0.95" />
          </TextLine>
        </TextBlock>
        <TextBlock ID="TextBlock_33" HPOS="330" VPOS="2812" HEIGHT="531" WIDTH="843">
          <TextLine ID="TextLine_38" HPOS="330" VPOS="2812" HEIGHT="531" WIDTH="843">
            <SP ID="Textword_15" HPOS="330" VPOS="2812" />
            <String ID="Textword_62" HPOS="330" VPOS="2812" HEIGHT="531" WIDTH="843" CONTENT="   " WC="0.95" />
          </TextLine>
        </TextBlock>
        <TextBlock ID="TextBlock_34" HPOS="1233" VPOS="2861" HEIGHT="7" WIDTH="155">
          <TextLine ID="TextLine_39" HPOS="1233" VPOS="2861" HEIGHT="7" WIDTH="155">
            <SP ID="Textword_16" HPOS="1233" VPOS="2861" />
            <String ID="Textword_63" HPOS="1233" VPOS="2861" HEIGHT="7" WIDTH="155" CONTENT=" " WC="0.95" />
          </TextLine>
        </TextBlock>
        <TextBlock ID="TextBlock_35" HPOS="1250" VPOS="2885" HEIGHT="388" WIDTH="773">
          <TextLine ID="TextLine_40" HPOS="1384" VPOS="2885" HEIGHT="32" WIDTH="496">
            <String ID="Textword_64" HPOS="1384" VPOS="2885" HEIGHT="32" WIDTH="212" CONTENT="Stahlrolladen" WC="0.71" />
            <String ID="Textword_65" HPOS="1615" VPOS="2886" HEIGHT="27" WIDTH="26" CONTENT="in" WC="0.96" />
            <String ID="Textword_66" HPOS="1661" VPOS="2885" HEIGHT="28" WIDTH="67" CONTENT="allen" WC="0.96" />
            <String ID="Textword_67" HPOS="1749" VPOS="2885" HEIGHT="32" WIDTH="131" CONTENT="Systemen" WC="0.95" />
          </TextLine>
          <TextLine ID="TextLine_41" HPOS="1250" VPOS="2928" HEIGHT="36" WIDTH="763">
            <String ID="Textword_68" HPOS="1250" VPOS="2931" HEIGHT="33" WIDTH="201" CONTENT="Holzrolladen" WC="0.69" />
            <String ID="Textword_69" HPOS="1477" VPOS="2938" HEIGHT="21" WIDTH="47" CONTENT="aus" WC="0.95" />
            <String ID="Textword_70" HPOS="1543" VPOS="2932" HEIGHT="32" WIDTH="80" CONTENT="prima" WC="0.92" />
            <String ID="Textword_71" HPOS="1644" VPOS="2928" HEIGHT="32" WIDTH="187" CONTENT="schwedischem" WC="0.82" />
            <String ID="Textword_72" HPOS="1853" VPOS="2928" HEIGHT="29" WIDTH="160" CONTENT="Kiefernholz" WC="0.41" />
          </TextLine>
          <TextLine ID="TextLine_42" HPOS="1366" VPOS="2971" HEIGHT="38" WIDTH="529">
            <String ID="Textword_73" HPOS="1366" VPOS="2975" HEIGHT="34" WIDTH="206" CONTENT="Zugjalousien" WC="0.88" />
            <String ID="Textword_74" HPOS="1591" VPOS="2984" HEIGHT="14" WIDTH="17" CONTENT="«" WC="0.88" />
            <String ID="Textword_75" HPOS="1627" VPOS="2971" HEIGHT="35" WIDTH="268" CONTENT="Rollschutzwände" WC="0.87" />
          </TextLine>
          <TextLine ID="TextLine_43" HPOS="1298" VPOS="3015" HEIGHT="39" WIDTH="668">
            <String ID="Textword_76" HPOS="1298" VPOS="3020" HEIGHT="34" WIDTH="207" CONTENT="Rolljalousien" WC="0.91" />
            <String ID="Textword_77" HPOS="1525" VPOS="3021" HEIGHT="26" WIDTH="46" CONTENT="mit" WC="0.93" />
            <String ID="Textword_78" HPOS="1591" VPOS="3021" HEIGHT="26" WIDTH="52" CONTENT="aut." WC="0.93" />
            <String ID="Textword_79" HPOS="1655" VPOS="3017" HEIGHT="30" WIDTH="156" CONTENT="Federwalze" WC="0.90" />
            <String ID="Textword_80" HPOS="1830" VPOS="3015" HEIGHT="36" WIDTH="36" CONTENT="&lt;a" WC="0.43" />
            <String ID="Textword_81" HPOS="1885" VPOS="3015" HEIGHT="29" WIDTH="81" CONTENT="23612" WC="0.88" />
          </TextLine>
          <TextLine ID="TextLine_44" HPOS="1457" VPOS="3061" HEIGHT="35" WIDTH="353">
            <String ID="Textword_82" HPOS="1457" VPOS="3063" HEIGHT="32" WIDTH="191" CONTENT="Ausstellung" WC="0.92" />
            <String ID="Textword_83" HPOS="1667" VPOS="3061" HEIGHT="35" WIDTH="35" CONTENT="ça" WC="0.43" />
            <String ID="Textword_84" HPOS="1720" VPOS="3061" HEIGHT="29" WIDTH="90" CONTENT="24982" WC="0.90" />
          </TextLine>
          <TextLine ID="TextLine_45" HPOS="1457" VPOS="3106" HEIGHT="35" WIDTH="354">
            <String ID="Textword_85" HPOS="1457" VPOS="3108" HEIGHT="32" WIDTH="183" CONTENT="Seilspanner" WC="0.89" />
            <String ID="Textword_86" HPOS="1662" VPOS="3106" HEIGHT="35" WIDTH="36" CONTENT="ca" WC="0.47" />
            <String ID="Textword_87" HPOS="1722" VPOS="3106" HEIGHT="29" WIDTH="89" CONTENT="209028" WC="0.79" />
          </TextLine>
          <TextLine ID="TextLine_46" HPOS="1270" VPOS="3148" HEIGHT="39" WIDTH="727">
            <String ID="Textword_88" HPOS="1270" VPOS="3154" HEIGHT="33" WIDTH="199" CONTENT="Bolzrolladen" WC="0.67" />
            <String ID="Textword_89" HPOS="1489" VPOS="3155" HEIGHT="26" WIDTH="46" CONTENT="mit" WC="0.93" />
            <String ID="Textword_90" HPOS="1556" VPOS="3151" HEIGHT="32" WIDTH="279" CONTENT="Charnierverbindung" WC="0.81" />
            <String ID="Textword_91" HPOS="1853" VPOS="3148" HEIGHT="35" WIDTH="36" CONTENT="&lt;a" WC="0.26" />
            <String ID="Textword_92" HPOS="1907" VPOS="3148" HEIGHT="29" WIDTH="90" CONTENT="36029" WC="0.91" />
          </TextLine>
          <TextLine ID="TextLine_47" HPOS="1306" VPOS="3192" HEIGHT="37" WIDTH="717">
            <String ID="Textword_93" HPOS="1306" VPOS="3198" HEIGHT="31" WIDTH="231" CONTENT="Futomatiseber" WC="0.42" />
            <String ID="Textword_94" HPOS="1565" VPOS="3193" HEIGHT="36" WIDTH="305" CONTENT="Rolladenversebluss" WC="0.79" />
            <String ID="Textword_95" HPOS="1896" VPOS="3192" HEIGHT="35" WIDTH="35" CONTENT="cu" WC="0.47" />
            <String ID="Textword_96" HPOS="1953" VPOS="3193" HEIGHT="28" WIDTH="70" CONTENT="3622" WC="0.96" />
          </TextLine>
          <TextLine ID="TextLine_48" HPOS="1396" VPOS="3240" HEIGHT="33" WIDTH="475">
            <String ID="Textword_97" HPOS="1396" VPOS="3244" HEIGHT="27" WIDTH="38" CONTENT="für" WC="0.71" />
            <String ID="Textword_98" HPOS="1454" VPOS="3243" HEIGHT="30" WIDTH="148" CONTENT="Stablladen" WC="0.86" />
            <String ID="Textword_99" HPOS="1622" VPOS="3242" HEIGHT="27" WIDTH="53" CONTENT="und" WC="0.93" />
            <String ID="Textword_100" HPOS="1695" VPOS="3240" HEIGHT="32" WIDTH="176" CONTENT="Bolzrolladen" WC="0.34" />
          </TextLine>
        </TextBlock>
        <TextBlock ID="TextBlock_36" HPOS="1240" VPOS="3282" HEIGHT="22" WIDTH="704">
          <TextLine ID="TextLine_49" HPOS="1240" VPOS="3282" HEIGHT="22" WIDTH="704">
            <SP ID="Textword_17" HPOS="1240" VPOS="3282" />
            <String ID="Textword_101" HPOS="1240" VPOS="3282" HEIGHT="22" WIDTH="704" CONTENT=" " WC="0.95" />
          </TextLine>
        </TextBlock>
        <TextBlock ID="TextBlock_37" HPOS="1238" VPOS="3292" HEIGHT="22" WIDTH="706">
          <TextLine ID="TextLine_50" HPOS="1238" VPOS="3292" HEIGHT="22" WIDTH="706">
            <SP ID="Textword_18" HPOS="1238" VPOS="3292" />
            <String ID="Textword_102" HPOS="1238" VPOS="3292" HEIGHT="22" WIDTH="706" CONTENT=" " WC="0.95" />
          </TextLine>
        </TextBlock>
        <TextBlock ID="TextBlock_38" HPOS="1290" VPOS="3326" HEIGHT="37" WIDTH="693">
          <TextLine ID="TextLine_51" HPOS="1290" VPOS="3326" HEIGHT="37" WIDTH="693">
            <String ID="Textword_103" HPOS="1290" VPOS="3332" HEIGHT="30" WIDTH="107" CONTENT="Muster," WC="0.95" />
            <String ID="Textword_104" HPOS="1421" VPOS="3331" HEIGHT="32" WIDTH="122" CONTENT="Kataloge" WC="0.72" />
            <String ID="Textword_105" HPOS="1562" VPOS="3330" HEIGHT="27" WIDTH="54" CONTENT="und" WC="0.95" />
            <String ID="Textword_106" HPOS="1636" VPOS="3328" HEIGHT="28" WIDTH="144" CONTENT="Preislisten" WC="0.96" />
            <String ID="Textword_107" HPOS="1800" VPOS="3333" HEIGHT="21" WIDTH="31" CONTENT="zu" WC="0.96" />
            <String ID="Textword_108" HPOS="1852" VPOS="3326" HEIGHT="28" WIDTH="131" CONTENT="Diensten." WC="0.96" />
          </TextLine>
        </TextBlock>
        <TextBlock ID="TextBlock_39" HPOS="1143" VPOS="0" HEIGHT="1399" WIDTH="1897">
          <TextLine ID="TextLine_52" HPOS="1143" VPOS="0" HEIGHT="430" WIDTH="1897">
            <SP ID="Textword_19" HPOS="1143" VPOS="0" />
            <String ID="Textword_109" HPOS="1143" VPOS="0" HEIGHT="430" WIDTH="1897" CONTENT="  " WC="0.95" />
          </TextLine>
          <TextLine ID="TextLine_53" HPOS="1169" VPOS="430" HEIGHT="73" WIDTH="1871">
            <SP ID="Textword_20" HPOS="1169" VPOS="430" />
            <String ID="Textword_110" HPOS="1169" VPOS="430" HEIGHT="73" WIDTH="1871" CONTENT=" " WC="0.95" />
          </TextLine>
          <TextLine ID="TextLine_54" HPOS="1169" VPOS="503" HEIGHT="177" WIDTH="1871">
            <SP ID="Textword_21" HPOS="1169" VPOS="503" />
            <String ID="Textword_111" HPOS="1169" VPOS="503" HEIGHT="177" WIDTH="1871" CONTENT=" " WC="0.95" />
          </TextLine>
          <TextLine ID="TextLine_55" HPOS="1148" VPOS="680" HEIGHT="314" WIDTH="1860">
            <SP ID="Textword_22" HPOS="1148" VPOS="680" />
            <String ID="Textword_112" HPOS="1148" VPOS="680" HEIGHT="314" WIDTH="1860" CONTENT="       " WC="0.95" />
          </TextLine>
          <TextLine ID="TextLine_56" HPOS="1244" VPOS="994" HEIGHT="167" WIDTH="1140">
            <SP ID="Textword_23" HPOS="1244" VPOS="994" />
            <String ID="Textword_113" HPOS="1244" VPOS="994" HEIGHT="167" WIDTH="1140" CONTENT="  " WC="0.95" />
          </TextLine>
          <TextLine ID="TextLine_57" HPOS="1916" VPOS="1161" HEIGHT="238" WIDTH="661">
            <SP ID="Textword_24" HPOS="1916" VPOS="1161" />
            <String ID="Textword_114" HPOS="1916" VPOS="1161" HEIGHT="238" WIDTH="661" CONTENT="  " WC="0.95" />
          </TextLine>
        </TextBlock>
        <TextBlock ID="TextBlock_40" HPOS="1193" VPOS="2648" HEIGHT="95" WIDTH="833">
          <TextLine ID="TextLine_58" HPOS="1193" VPOS="2648" HEIGHT="95" WIDTH="833">
            <String ID="Textword_115" HPOS="1193" VPOS="2658" HEIGHT="85" WIDTH="245" CONTENT="nton" WC="0.92" />
            <String ID="Textword_116" HPOS="1512" VPOS="2648" HEIGHT="91" WIDTH="514" CONTENT="Griesser" WC="0.92" />
          </TextLine>
        </TextBlock>
        <TextBlock ID="TextBlock_41" HPOS="1944" VPOS="3298" HEIGHT="6" WIDTH="91">
          <TextLine ID="TextLine_59" HPOS="1944" VPOS="3298" HEIGHT="6" WIDTH="91">
            <SP ID="Textword_25" HPOS="1944" VPOS="3298" />
            <String ID="Textword_117" HPOS="1944" VPOS="3298" HEIGHT="6" WIDTH="91" CONTENT=" " WC="0.95" />
          </TextLine>
        </TextBlock>
        <TextBlock ID="TextBlock_42" HPOS="3027" VPOS="229" HEIGHT="25" WIDTH="99">
          <TextLine ID="TextLine_60" HPOS="3027" VPOS="229" HEIGHT="25" WIDTH="99">
            <String ID="Textword_118" HPOS="3027" VPOS="229" HEIGHT="25" WIDTH="45" CONTENT="Nr." WC="0.94" />
            <String ID="Textword_119" HPOS="3094" VPOS="229" HEIGHT="25" WIDTH="32" CONTENT="38" WC="0.94" />
          </TextLine>
        </TextBlock>
        <TextBlock ID="TextBlock_43" HPOS="2215" VPOS="269" HEIGHT="22" WIDTH="911">
          <TextLine ID="TextLine_61" HPOS="2215" VPOS="269" HEIGHT="22" WIDTH="911">
            <SP ID="Textword_26" HPOS="2215" VPOS="269" />
            <String ID="Textword_120" HPOS="2215" VPOS="269" HEIGHT="22" WIDTH="911" CONTENT=" " WC="0.95" />
          </TextLine>
        </TextBlock>
        <TextBlock ID="TextBlock_44" HPOS="2216" VPOS="340" HEIGHT="24" WIDTH="979">
          <TextLine ID="TextLine_62" HPOS="2216" VPOS="340" HEIGHT="24" WIDTH="979">
            <SP ID="Textword_27" HPOS="2216" VPOS="340" />
            <String ID="Textword_121" HPOS="2216" VPOS="340" HEIGHT="24" WIDTH="979" CONTENT=" " WC="0.95" />
          </TextLine>
        </TextBlock>
        <TextBlock ID="TextBlock_45" HPOS="2499" VPOS="454" HEIGHT="127" WIDTH="9">
          <TextLine ID="TextLine_63" HPOS="2499" VPOS="454" HEIGHT="127" WIDTH="9">
            <SP ID="Textword_28" HPOS="2499" VPOS="454" />
            <String ID="Textword_122" HPOS="2499" VPOS="454" HEIGHT="127" WIDTH="9" CONTENT=" " WC="0.95" />
          </TextLine>
        </TextBlock>
        <TextBlock ID="TextBlock_46" HPOS="2472" VPOS="559" HEIGHT="111" WIDTH="6">
          <TextLine ID="TextLine_64" HPOS="2472" VPOS="559" HEIGHT="111" WIDTH="6">
            <SP ID="Textword_29" HPOS="2472" VPOS="559" />
            <String ID="Textword_123" HPOS="2472" VPOS="559" HEIGHT="111" WIDTH="6" CONTENT=" " WC="0.95" />
          </TextLine>
        </TextBlock>
        <TextBlock ID="TextBlock_47" HPOS="2370" VPOS="574" HEIGHT="118" WIDTH="9">
          <TextLine ID="TextLine_65" HPOS="2370" VPOS="574" HEIGHT="118" WIDTH="9">
            <SP ID="Textword_30" HPOS="2370" VPOS="574" />
            <String ID="Textword_124" HPOS="2370" VPOS="574" HEIGHT="118" WIDTH="9" CONTENT=" " WC="0.95" />
          </TextLine>
        </TextBlock>
        <TextBlock ID="TextBlock_48" HPOS="2371" VPOS="652" HEIGHT="6" WIDTH="93">
          <TextLine ID="TextLine_66" HPOS="2371" VPOS="652" HEIGHT="6" WIDTH="93">
            <SP ID="Textword_31" HPOS="2371" VPOS="652" />
            <String ID="Textword_125" HPOS="2371" VPOS="652" HEIGHT="6" WIDTH="93" CONTENT=" " WC="0.95" />
          </TextLine>
        </TextBlock>
        <TextBlock ID="TextBlock_49" HPOS="2372" VPOS="667" HEIGHT="6" WIDTH="103">
          <TextLine ID="TextLine_67" HPOS="2372" VPOS="667" HEIGHT="6" WIDTH="103">
            <SP ID="Textword_32" HPOS="2372" VPOS="667" />
            <String ID="Textword_126" HPOS="2372" VPOS="667" HEIGHT="6" WIDTH="103" CONTENT=" " WC="0.95" />
          </TextLine>
        </TextBlock>
        <TextBlock ID="TextBlock_50" HPOS="2722" VPOS="805" HEIGHT="38" WIDTH="405">
          <TextLine ID="TextLine_68" HPOS="2722" VPOS="805" HEIGHT="38" WIDTH="405">
            <SP ID="Textword_33" HPOS="2722" VPOS="805" />
            <String ID="Textword_127" HPOS="2722" VPOS="805" HEIGHT="38" WIDTH="405" CONTENT=" " WC="0.95" />
          </TextLine>
        </TextBlock>
        <TextBlock ID="TextBlock_51" HPOS="2392" VPOS="567" HEIGHT="329" WIDTH="18">
          <TextLine ID="TextLine_69" HPOS="2392" VPOS="567" HEIGHT="329" WIDTH="18">
            <SP ID="Textword_34" HPOS="2392" VPOS="567" />
            <String ID="Textword_128" HPOS="2392" VPOS="567" HEIGHT="329" WIDTH="18" CONTENT=" " WC="0.95" />
          </TextLine>
        </TextBlock>
        <TextBlock ID="TextBlock_52" HPOS="2399" VPOS="740" HEIGHT="154" WIDTH="84">
          <TextLine ID="TextLine_70" HPOS="2399" VPOS="740" HEIGHT="154" WIDTH="84">
            <String ID="Textword_129" HPOS="2399" VPOS="740" HEIGHT="154" WIDTH="84" CONTENT="É" WC="0.91" />
          </TextLine>
        </TextBlock>
        <TextBlock ID="TextBlock_53" HPOS="2223" VPOS="864" HEIGHT="87" WIDTH="883">
          <TextLine ID="TextLine_71" HPOS="2223" VPOS="864" HEIGHT="87" WIDTH="883">
            <String ID="Textword_130" HPOS="2223" VPOS="890" HEIGHT="61" WIDTH="377" CONTENT="4ALWIL" WC="0.09" />
            <String ID="Textword_131" HPOS="2622" VPOS="903" HEIGHT="22" WIDTH="56" CONTENT="-" WC="0.71" />
            <String ID="Textword_132" HPOS="2691" VPOS="864" HEIGHT="78" WIDTH="415" CONTENT="ZURICH" WC="0.79" />
          </TextLine>
        </TextBlock>
        <TextBlock ID="TextBlock_54" HPOS="3188" VPOS="344" HEIGHT="611" WIDTH="21">
          <TextLine ID="TextLine_72" HPOS="3188" VPOS="344" HEIGHT="611" WIDTH="21">
            <SP ID="Textword_35" HPOS="3188" VPOS="344" />
            <String ID="Textword_133" HPOS="3188" VPOS="344" HEIGHT="611" WIDTH="21" CONTENT=" " WC="0.95" />
          </TextLine>
        </TextBlock>
        <TextBlock ID="TextBlock_55" HPOS="2222" VPOS="947" HEIGHT="23" WIDTH="985">
          <TextLine ID="TextLine_73" HPOS="2222" VPOS="947" HEIGHT="23" WIDTH="985">
            <SP ID="Textword_36" HPOS="2222" VPOS="947" />
            <String ID="Textword_134" HPOS="2222" VPOS="947" HEIGHT="23" WIDTH="985" CONTENT=" " WC="0.95" />
          </TextLine>
        </TextBlock>
        <TextBlock ID="TextBlock_56" HPOS="2222" VPOS="986" HEIGHT="23" WIDTH="965">
          <TextLine ID="TextLine_74" HPOS="2222" VPOS="986" HEIGHT="23" WIDTH="965">
            <SP ID="Textword_37" HPOS="2222" VPOS="986" />
            <String ID="Textword_135" HPOS="2222" VPOS="986" HEIGHT="23" WIDTH="965" CONTENT=" " WC="0.95" />
          </TextLine>
        </TextBlock>
        <TextBlock ID="TextBlock_57" HPOS="2810" VPOS="1018" HEIGHT="64" WIDTH="376">
          <TextLine ID="TextLine_75" HPOS="2810" VPOS="1018" HEIGHT="64" WIDTH="376">
            <String ID="Textword_136" HPOS="2810" VPOS="1038" HEIGHT="44" WIDTH="79" CONTENT="Mech." WC="0.91" />
            <String ID="Textword_137" HPOS="2909" VPOS="1018" HEIGHT="62" WIDTH="158" CONTENT="Drahtwaren" WC="0.85" />
            <String ID="Textword_138" HPOS="3079" VPOS="1057" HEIGHT="7" WIDTH="9" CONTENT="-" WC="0.91" />
            <String ID="Textword_139" HPOS="3098" VPOS="1033" HEIGHT="44" WIDTH="88" CONTENT="Fabrik" WC="0.53" />
          </TextLine>
        </TextBlock>
        <TextBlock ID="TextBlock_58" HPOS="2042" VPOS="1189" HEIGHT="15" WIDTH="532">
          <TextLine ID="TextLine_76" HPOS="2042" VPOS="1189" HEIGHT="15" WIDTH="532">
            <SP ID="Textword_38" HPOS="2042" VPOS="1189" />
            <String ID="Textword_140" HPOS="2042" VPOS="1189" HEIGHT="15" WIDTH="532" CONTENT=" " WC="0.95" />
          </TextLine>
        </TextBlock>
        <TextBlock ID="TextBlock_59" HPOS="2188" VPOS="1113" HEIGHT="277" WIDTH="1000">
          <TextLine ID="TextLine_77" HPOS="2188" VPOS="1133" HEIGHT="44" WIDTH="578">
            <String ID="Textword_141" HPOS="2188" VPOS="1149" HEIGHT="20" WIDTH="176" CONTENT="RÉEL" WC="0.17" />
            <String ID="Textword_142" HPOS="2372" VPOS="1136" HEIGHT="41" WIDTH="126" CONTENT="NC" WC="0.16" />
            <String ID="Textword_143" HPOS="2523" VPOS="1133" HEIGHT="39" WIDTH="243" CONTENT="TES" WC="0.16" />
          </TextLine>
          <TextLine ID="TextLine_78" HPOS="2217" VPOS="1113" HEIGHT="141" WIDTH="946">
            <String ID="Textword_144" HPOS="2217" VPOS="1145" HEIGHT="109" WIDTH="554" CONTENT="sore" WC="0.08" />
            <String ID="Textword_145" HPOS="2757" VPOS="1117" HEIGHT="84" WIDTH="150" CONTENT="G." WC="0.76" />
            <String ID="Textword_146" HPOS="2946" VPOS="1113" HEIGHT="87" WIDTH="217" CONTENT="BOPP" WC="0.66" />
          </TextLine>
          <TextLine ID="TextLine_79" HPOS="2230" VPOS="1212" HEIGHT="33" WIDTH="464">
            <String ID="Textword_147" HPOS="2230" VPOS="1220" HEIGHT="25" WIDTH="171" CONTENT="XXX" WC="0.08" />
            <String ID="Textword_148" HPOS="2574" VPOS="1220" HEIGHT="23" WIDTH="51" CONTENT="CANA" WC="0.45" />
            <String ID="Textword_149" HPOS="2652" VPOS="1212" HEIGHT="30" WIDTH="42" CONTENT="A" WC="0.60" />
          </TextLine>
          <TextLine ID="TextLine_80" HPOS="2552" VPOS="1229" HEIGHT="60" WIDTH="634">
            <String ID="Textword_150" HPOS="2360" VPOS="1246" HEIGHT="25" WIDTH="118" CONTENT="AIRES" WC="0.09" />
            <String ID="Textword_151" HPOS="2552" VPOS="1229" HEIGHT="60" WIDTH="220" CONTENT="SLI" WC="0.09" />
            <String ID="Textword_152" HPOS="2814" VPOS="1232" HEIGHT="36" WIDTH="233" CONTENT="Schaffhausen" WC="0.71" />
            <String ID="Textword_153" HPOS="3056" VPOS="1229" HEIGHT="34" WIDTH="130" CONTENT="-Hallau" WC="0.71" />
          </TextLine>
          <TextLine ID="TextLine_81" HPOS="2567" VPOS="1277" HEIGHT="36" WIDTH="549">
            <String ID="Textword_154" HPOS="2567" VPOS="1279" HEIGHT="28" WIDTH="72" CONTENT="Li" WC="0.39" />
            <String ID="Textword_155" HPOS="2701" VPOS="1277" HEIGHT="34" WIDTH="67" CONTENT="es" WC="0.24" />
            <String ID="Textword_156" HPOS="2872" VPOS="1287" HEIGHT="26" WIDTH="244" CONTENT="Draht-Gitter" WC="0.91" />
          </TextLine>
          <TextLine ID="TextLine_82" HPOS="2514" VPOS="1304" HEIGHT="22" WIDTH="254">
            <String ID="Textword_157" HPOS="2514" VPOS="1321" HEIGHT="3" WIDTH="3" CONTENT=";" WC="0.18" />
            <String ID="Textword_158" HPOS="2740" VPOS="1304" HEIGHT="22" WIDTH="28" CONTENT="OA" WC="0.40" />
          </TextLine>
          <TextLine ID="TextLine_83" HPOS="2550" VPOS="1293" HEIGHT="97" WIDTH="638">
            <String ID="Textword_159" HPOS="2550" VPOS="1337" HEIGHT="38" WIDTH="61" CONTENT="_" WC="0.69" />
            <String ID="Textword_160" HPOS="2630" VPOS="1293" HEIGHT="97" WIDTH="171" CONTENT="po" WC="0.25" />
            <String ID="Textword_161" HPOS="2814" VPOS="1334" HEIGHT="29" WIDTH="183" CONTENT="Geflechte," WC="0.89" />
            <String ID="Textword_162" HPOS="3012" VPOS="1332" HEIGHT="25" WIDTH="99" CONTENT="Siebe" WC="0.96" />
            <String ID="Textword_163" HPOS="3125" VPOS="1331" HEIGHT="24" WIDTH="63" CONTENT="etc." WC="0.89" />
          </TextLine>
        </TextBlock>
        <TextBlock ID="TextBlock_60" HPOS="2042" VPOS="1417" HEIGHT="36" WIDTH="1142">
          <TextLine ID="TextLine_84" HPOS="2042" VPOS="1417" HEIGHT="36" WIDTH="1142">
            <SP ID="Textword_39" HPOS="2042" VPOS="1417" />
            <String ID="Textword_164" HPOS="2042" VPOS="1417" HEIGHT="36" WIDTH="1142" CONTENT=" " WC="0.95" />
          </TextLine>
        </TextBlock>
        <TextBlock ID="TextBlock_61" HPOS="2041" VPOS="1469" HEIGHT="25" WIDTH="1143">
          <TextLine ID="TextLine_85" HPOS="2041" VPOS="1469" HEIGHT="25" WIDTH="1143">
            <SP ID="Textword_40" HPOS="2041" VPOS="1469" />
            <String ID="Textword_165" HPOS="2041" VPOS="1469" HEIGHT="25" WIDTH="1143" CONTENT=" " WC="0.95" />
          </TextLine>
        </TextBlock>
        <TextBlock ID="TextBlock_62" HPOS="2086" VPOS="1513" HEIGHT="78" WIDTH="1057">
          <TextLine ID="TextLine_86" HPOS="2086" VPOS="1513" HEIGHT="78" WIDTH="1057">
            <String ID="Textword_166" HPOS="2086" VPOS="1517" HEIGHT="74" WIDTH="497" CONTENT="Handelsauskunft-" WC="0.90" />
            <String ID="Textword_167" HPOS="2633" VPOS="1515" HEIGHT="65" WIDTH="48" CONTENT="&amp;" WC="0.89" />
            <String ID="Textword_168" HPOS="2729" VPOS="1513" HEIGHT="66" WIDTH="414" CONTENT="Incassobureau" WC="0.89" />
          </TextLine>
        </TextBlock>
        <TextBlock ID="TextBlock_63" HPOS="2164" VPOS="1597" HEIGHT="141" WIDTH="908">
          <TextLine ID="TextLine_87" HPOS="2164" VPOS="1597" HEIGHT="141" WIDTH="908">
            <String ID="Textword_169" HPOS="2164" VPOS="1611" HEIGHT="127" WIDTH="89" CONTENT="F." WC="0.68" />
            <String ID="Textword_170" HPOS="2296" VPOS="1608" HEIGHT="127" WIDTH="91" CONTENT="X." WC="0.89" />
            <String ID="Textword_171" HPOS="2427" VPOS="1597" HEIGHT="136" WIDTH="645" CONTENT="MOESCHLIN" WC="0.88" />
          </TextLine>
        </TextBlock>
        <TextBlock ID="TextBlock_64" HPOS="2257" VPOS="1758" HEIGHT="51" WIDTH="719">
          <TextLine ID="TextLine_88" HPOS="2257" VPOS="1758" HEIGHT="51" WIDTH="719">
            <String ID="Textword_172" HPOS="2257" VPOS="1768" HEIGHT="41" WIDTH="41" CONTENT="3." WC="0.81" />
            <String ID="Textword_173" HPOS="2324" VPOS="1767" HEIGHT="40" WIDTH="48" CONTENT="A." WC="0.90" />
            <String ID="Textword_174" HPOS="2402" VPOS="1761" HEIGHT="45" WIDTH="279" CONTENT="Tritschler’s" WC="0.90" />
            <String ID="Textword_175" HPOS="2709" VPOS="1758" HEIGHT="49" WIDTH="267" CONTENT="Nachfolger" WC="0.96" />
          </TextLine>
        </TextBlock>
        <TextBlock ID="TextBlock_65" HPOS="2069" VPOS="1808" HEIGHT="115" WIDTH="1098">
          <TextLine ID="TextLine_89" HPOS="2083" VPOS="1808" HEIGHT="64" WIDTH="985">
            <String ID="Textword_176" HPOS="2083" VPOS="1822" HEIGHT="50" WIDTH="150" CONTENT="Basel" WC="0.96" />
            <String ID="Textword_177" HPOS="2471" VPOS="1833" HEIGHT="34" WIDTH="151" CONTENT="Gegründet" WC="0.96" />
            <String ID="Textword_178" HPOS="2638" VPOS="1832" HEIGHT="26" WIDTH="63" CONTENT="1869" WC="0.96" />
            <String ID="Textword_179" HPOS="2812" VPOS="1809" HEIGHT="50" WIDTH="192" CONTENT="Zürich" WC="0.95" />
            <String ID="Textword_180" HPOS="3038" VPOS="1808" HEIGHT="48" WIDTH="30" CONTENT="I" WC="0.79" />
          </TextLine>
          <TextLine ID="TextLine_90" HPOS="2069" VPOS="1868" HEIGHT="55" WIDTH="1098">
            <String ID="Textword_181" HPOS="2069" VPOS="1886" HEIGHT="37" WIDTH="163" CONTENT="Falkenstrasse" WC="0.88" />
            <String ID="Textword_182" HPOS="2246" VPOS="1885" HEIGHT="34" WIDTH="12" CONTENT="7" WC="0.75" />
            <String ID="Textword_183" HPOS="2267" VPOS="1882" HEIGHT="36" WIDTH="16" CONTENT="Il" WC="0.75" />
            <String ID="Textword_184" HPOS="2748" VPOS="1872" HEIGHT="38" WIDTH="244" CONTENT="Fraumünsterstrasse" WC="0.57" />
            <String ID="Textword_185" HPOS="3006" VPOS="1872" HEIGHT="34" WIDTH="27" CONTENT="14" WC="0.93" />
            <String ID="Textword_186" HPOS="3045" VPOS="1868" HEIGHT="45" WIDTH="122" CONTENT="(Metropol)" WC="0.90" />
          </TextLine>
        </TextBlock>
        <TextBlock ID="TextBlock_66" HPOS="2061" VPOS="1918" HEIGHT="81" WIDTH="1094">
          <TextLine ID="TextLine_91" HPOS="2264" VPOS="1918" HEIGHT="43" WIDTH="678">
            <String ID="Textword_187" HPOS="2264" VPOS="1925" HEIGHT="28" WIDTH="153" CONTENT="Besonders" WC="0.92" />
            <String ID="Textword_188" HPOS="2438" VPOS="1922" HEIGHT="35" WIDTH="125" CONTENT="günstige" WC="0.92" />
            <String ID="Textword_189" HPOS="2583" VPOS="1918" HEIGHT="43" WIDTH="359" CONTENT="Abonnementsbedingung." WC="0.90" />
          </TextLine>
          <TextLine ID="TextLine_92" HPOS="2061" VPOS="1948" HEIGHT="51" WIDTH="1094">
            <String ID="Textword_190" HPOS="2061" VPOS="1966" HEIGHT="33" WIDTH="120" CONTENT="“Ueber" WC="0.67" />
            <String ID="Textword_191" HPOS="2204" VPOS="1962" HEIGHT="34" WIDTH="120" CONTENT="20.000" WC="0.93" />
            <String ID="Textword_192" HPOS="2350" VPOS="1959" HEIGHT="34" WIDTH="278" CONTENT="Berichterstatter" WC="0.92" />
            <String ID="Textword_193" HPOS="2652" VPOS="1965" HEIGHT="23" WIDTH="28" CONTENT="in" WC="0.93" />
            <String ID="Textword_194" HPOS="2706" VPOS="1954" HEIGHT="33" WIDTH="83" CONTENT="allen" WC="0.93" />
            <String ID="Textword_195" HPOS="2814" VPOS="1952" HEIGHT="34" WIDTH="143" CONTENT="Ländern" WC="0.92" />
            <String ID="Textword_196" HPOS="2982" VPOS="1950" HEIGHT="33" WIDTH="56" CONTENT="der" WC="0.92" />
            <String ID="Textword_197" HPOS="3063" VPOS="1948" HEIGHT="34" WIDTH="92" CONTENT="Erde." WC="0.92" />
          </TextLine>
        </TextBlock>
        <TextBlock ID="TextBlock_67" HPOS="2052" VPOS="2009" HEIGHT="25" WIDTH="1144">
          <TextLine ID="TextLine_93" HPOS="2052" VPOS="2009" HEIGHT="25" WIDTH="1144">
            <SP ID="Textword_41" HPOS="2052" VPOS="2009" />
            <String ID="Textword_198" HPOS="2052" VPOS="2009" HEIGHT="25" WIDTH="1144" CONTENT=" " WC="0.95" />
          </TextLine>
        </TextBlock>
        <TextBlock ID="TextBlock_68" HPOS="2340" VPOS="2051" HEIGHT="187" WIDTH="854">
          <TextLine ID="TextLine_94" HPOS="2340" VPOS="2051" HEIGHT="79" WIDTH="854">
            <String ID="Textword_199" HPOS="2340" VPOS="2051" HEIGHT="79" WIDTH="854" CONTENT="Maschinen,Transmissionen" WC="0.90" />
          </TextLine>
          <TextLine ID="TextLine_95" HPOS="2381" VPOS="2159" HEIGHT="79" WIDTH="812">
            <String ID="Textword_200" HPOS="2381" VPOS="2168" HEIGHT="70" WIDTH="160" CONTENT="Guss," WC="0.96" />
            <String ID="Textword_201" HPOS="2590" VPOS="2164" HEIGHT="62" WIDTH="164" CONTENT="Eisen" WC="0.96" />
            <String ID="Textword_202" HPOS="2804" VPOS="2159" HEIGHT="63" WIDTH="114" CONTENT="und" WC="0.96" />
            <String ID="Textword_203" HPOS="2967" VPOS="2159" HEIGHT="61" WIDTH="226" CONTENT="Metalle" WC="0.96" />
          </TextLine>
        </TextBlock>
        <TextBlock ID="TextBlock_69" HPOS="2345" VPOS="2281" HEIGHT="34" WIDTH="645">
          <TextLine ID="TextLine_96" HPOS="2345" VPOS="2281" HEIGHT="34" WIDTH="645">
            <String ID="Textword_204" HPOS="2345" VPOS="2289" HEIGHT="26" WIDTH="96" CONTENT="kaufen" WC="0.96" />
            <String ID="Textword_205" HPOS="2462" VPOS="2285" HEIGHT="28" WIDTH="186" CONTENT="fortwährend" WC="0.96" />
            <String ID="Textword_206" HPOS="2667" VPOS="2292" HEIGHT="17" WIDTH="34" CONTENT="zu" WC="0.96" />
            <String ID="Textword_207" HPOS="2721" VPOS="2282" HEIGHT="28" WIDTH="133" CONTENT="höchsten" WC="0.96" />
            <String ID="Textword_208" HPOS="2876" VPOS="2281" HEIGHT="25" WIDTH="114" CONTENT="Preisen" WC="0.96" />
          </TextLine>
        </TextBlock>
        <TextBlock ID="TextBlock_70" HPOS="2346" VPOS="2131" HEIGHT="24" WIDTH="851">
          <TextLine ID="TextLine_97" HPOS="2346" VPOS="2131" HEIGHT="24" WIDTH="851">
            <SP ID="Textword_42" HPOS="2346" VPOS="2131" />
            <String ID="Textword_209" HPOS="2346" VPOS="2131" HEIGHT="24" WIDTH="851" CONTENT=" " WC="0.95" />
          </TextLine>
        </TextBlock>
        <TextBlock ID="TextBlock_71" HPOS="2344" VPOS="2237" HEIGHT="24" WIDTH="852">
          <TextLine ID="TextLine_98" HPOS="2344" VPOS="2237" HEIGHT="24" WIDTH="852">
            <SP ID="Textword_43" HPOS="2344" VPOS="2237" />
            <String ID="Textword_210" HPOS="2344" VPOS="2237" HEIGHT="24" WIDTH="852" CONTENT=" " WC="0.95" />
          </TextLine>
        </TextBlock>
        <TextBlock ID="TextBlock_72" HPOS="2056" VPOS="2341" HEIGHT="51" WIDTH="1142">
          <TextLine ID="TextLine_99" HPOS="2056" VPOS="2341" HEIGHT="51" WIDTH="1142">
            <String ID="Textword_211" HPOS="2056" VPOS="2357" HEIGHT="33" WIDTH="127" CONTENT="Gebr." WC="0.93" />
            <String ID="Textword_212" HPOS="2206" VPOS="2352" HEIGHT="40" WIDTH="313" CONTENT="Bertschinger" WC="0.91" />
            <String ID="Textword_213" HPOS="2554" VPOS="2349" HEIGHT="32" WIDTH="38" CONTENT="&amp;" WC="0.89" />
            <String ID="Textword_214" HPOS="2629" VPOS="2348" HEIGHT="39" WIDTH="97" CONTENT="Cie.," WC="0.89" />
            <String ID="Textword_215" HPOS="2762" VPOS="2343" HEIGHT="34" WIDTH="189" CONTENT="Wallisellen" WC="0.96" />
            <String ID="Textword_216" HPOS="2984" VPOS="2343" HEIGHT="31" WIDTH="54" CONTENT="bei" WC="0.96" />
            <String ID="Textword_217" HPOS="3067" VPOS="2341" HEIGHT="33" WIDTH="131" CONTENT="Zürich." WC="0.94" />
          </TextLine>
        </TextBlock>
        <TextBlock ID="TextBlock_73" HPOS="2056" VPOS="2403" HEIGHT="49" WIDTH="1144">
          <TextLine ID="TextLine_100" HPOS="2056" VPOS="2403" HEIGHT="49" WIDTH="1144">
            <String ID="Textword_218" HPOS="2056" VPOS="2418" HEIGHT="34" WIDTH="147" CONTENT="Telephon:" WC="0.91" />
            <String ID="Textword_219" HPOS="2223" VPOS="2416" HEIGHT="26" WIDTH="43" CONTENT="Nr." WC="0.96" />
            <String ID="Textword_220" HPOS="2281" VPOS="2416" HEIGHT="31" WIDTH="73" CONTENT="2914," WC="0.96" />
            <String ID="Textword_221" HPOS="2376" VPOS="2412" HEIGHT="28" WIDTH="103" CONTENT="Zürich." WC="0.79" />
            <String ID="Textword_222" HPOS="2738" VPOS="2406" HEIGHT="35" WIDTH="203" CONTENT="Telegr.-Adr.:" WC="0.86" />
            <String ID="Textword_223" HPOS="2963" VPOS="2403" HEIGHT="32" WIDTH="237" CONTENT="Gebertschinger." WC="0.91" />
          </TextLine>
        </TextBlock>
        <TextBlock ID="TextBlock_74" HPOS="3188" VPOS="2582" HEIGHT="159" WIDTH="17">
          <TextLine ID="TextLine_101" HPOS="3188" VPOS="2582" HEIGHT="159" WIDTH="17">
            <String ID="Textword_224" HPOS="3188" VPOS="2582" HEIGHT="159" WIDTH="17" CONTENT="|" WC="0.95" />
          </TextLine>
        </TextBlock>
        <TextBlock ID="TextBlock_75" HPOS="2883" VPOS="2742" HEIGHT="75" WIDTH="319">
          <TextLine ID="TextLine_102" HPOS="2883" VPOS="2742" HEIGHT="75" WIDTH="319">
            <String ID="Textword_225" HPOS="2883" VPOS="2742" HEIGHT="75" WIDTH="319" CONTENT="—" WC="0.63" />
          </TextLine>
        </TextBlock>
        <TextBlock ID="TextBlock_76" HPOS="2058" VPOS="2462" HEIGHT="26" WIDTH="1144">
          <TextLine ID="TextLine_103" HPOS="2058" VPOS="2462" HEIGHT="26" WIDTH="1144">
            <SP ID="Textword_44" HPOS="2058" VPOS="2462" />
            <String ID="Textword_226" HPOS="2058" VPOS="2462" HEIGHT="26" WIDTH="1144" CONTENT=" " WC="0.95" />
          </TextLine>
        </TextBlock>
        <TextBlock ID="TextBlock_77" HPOS="2078" VPOS="2499" HEIGHT="30" WIDTH="1105">
          <TextLine ID="TextLine_104" HPOS="2078" VPOS="2499" HEIGHT="30" WIDTH="1105">
            <SP ID="Textword_45" HPOS="2078" VPOS="2499" />
            <String ID="Textword_227" HPOS="2078" VPOS="2499" HEIGHT="30" WIDTH="1105" CONTENT=" " WC="0.95" />
          </TextLine>
        </TextBlock>
        <TextBlock ID="TextBlock_78" HPOS="2060" VPOS="2523" HEIGHT="111" WIDTH="1047">
          <TextLine ID="TextLine_105" HPOS="2060" VPOS="2523" HEIGHT="111" WIDTH="1047">
            <String ID="Textword_228" HPOS="2060" VPOS="2523" HEIGHT="72" WIDTH="65" CONTENT="l" WC="0.53" />
            <String ID="Textword_229" HPOS="2150" VPOS="2549" HEIGHT="85" WIDTH="122" CONTENT="Die" WC="0.93" />
            <String ID="Textword_230" HPOS="2341" VPOS="2536" HEIGHT="94" WIDTH="766" CONTENT="Präzisionszieherei" WC="0.91" />
          </TextLine>
        </TextBlock>
        <TextBlock ID="TextBlock_79" HPOS="2062" VPOS="2673" HEIGHT="189" WIDTH="980">
          <TextLine ID="TextLine_106" HPOS="2208" VPOS="2673" HEIGHT="57" WIDTH="834">
            <String ID="Textword_231" HPOS="2208" VPOS="2679" HEIGHT="50" WIDTH="324" CONTENT="MONTANDON" WC="0.91" />
            <String ID="Textword_232" HPOS="2568" VPOS="2677" HEIGHT="47" WIDTH="39" CONTENT="&amp;" WC="0.92" />
            <String ID="Textword_233" HPOS="2641" VPOS="2676" HEIGHT="48" WIDTH="74" CONTENT="C!E" WC="0.80" />
            <String ID="Textword_234" HPOS="2748" VPOS="2673" HEIGHT="57" WIDTH="140" CONTENT="A.-G.," WC="0.69" />
            <String ID="Textword_235" HPOS="2927" VPOS="2673" HEIGHT="45" WIDTH="115" CONTENT="BIEL" WC="0.95" />
          </TextLine>
          <TextLine ID="TextLine_107" HPOS="2062" VPOS="2759" HEIGHT="103" WIDTH="315">
            <String ID="Textword_236" HPOS="2062" VPOS="2759" HEIGHT="103" WIDTH="315" CONTENT="—-—" WC="0.00" />
          </TextLine>
        </TextBlock>
        <TextBlock ID="TextBlock_80" HPOS="2463" VPOS="2764" HEIGHT="36" WIDTH="331">
          <TextLine ID="TextLine_108" HPOS="2463" VPOS="2764" HEIGHT="36" WIDTH="331">
            <String ID="Textword_237" HPOS="2463" VPOS="2767" HEIGHT="28" WIDTH="88" CONTENT="liefert" WC="0.92" />
            <String ID="Textword_238" HPOS="2571" VPOS="2766" HEIGHT="27" WIDTH="42" CONTENT="als" WC="0.93" />
            <String ID="Textword_239" HPOS="2633" VPOS="2764" HEIGHT="36" WIDTH="161" CONTENT="Spezialität" WC="0.92" />
          </TextLine>
        </TextBlock>
        <TextBlock ID="TextBlock_81" HPOS="2124" VPOS="2832" HEIGHT="388" WIDTH="1002">
          <TextLine ID="TextLine_109" HPOS="2377" VPOS="2832" HEIGHT="81" WIDTH="743">
            <SP ID="Textword_46" HPOS="2377" VPOS="2832" />
            <String ID="Textword_240" HPOS="2377" VPOS="2832" HEIGHT="81" WIDTH="743" CONTENT=" " WC="0.95" />
          </TextLine>
          <TextLine ID="TextLine_110" HPOS="2124" VPOS="2913" HEIGHT="101" WIDTH="1002">
            <SP ID="Textword_47" HPOS="2124" VPOS="2913" />
            <String ID="Textword_241" HPOS="2124" VPOS="2913" HEIGHT="101" WIDTH="1002" CONTENT=" " WC="0.95" />
          </TextLine>
          <TextLine ID="TextLine_111" HPOS="2138" VPOS="3014" HEIGHT="110" WIDTH="988">
            <SP ID="Textword_48" HPOS="2138" VPOS="3014" />
            <String ID="Textword_242" HPOS="2138" VPOS="3014" HEIGHT="110" WIDTH="988" CONTENT=" " WC="0.95" />
          </TextLine>
          <TextLine ID="TextLine_112" HPOS="2170" VPOS="3124" HEIGHT="96" WIDTH="956">
            <SP ID="Textword_49" HPOS="2170" VPOS="3124" />
            <String ID="Textword_243" HPOS="2170" VPOS="3124" HEIGHT="96" WIDTH="536" CONTENT="     " WC="0.95" />
            <SP ID="Textword_50" HPOS="3046" VPOS="3124" />
            <String ID="Textword_244" HPOS="3046" VPOS="3124" HEIGHT="7" WIDTH="80" CONTENT=" " WC="0.95" />
          </TextLine>
        </TextBlock>
        <TextBlock ID="TextBlock_82" HPOS="2057" VPOS="2554" HEIGHT="569" WIDTH="25">
          <TextLine ID="TextLine_113" HPOS="2057" VPOS="2554" HEIGHT="569" WIDTH="25">
            <SP ID="Textword_51" HPOS="2057" VPOS="2554" />
            <String ID="Textword_245" HPOS="2057" VPOS="2554" HEIGHT="569" WIDTH="25" CONTENT=" " WC="0.95" />
          </TextLine>
        </TextBlock>
        <TextBlock ID="TextBlock_83" HPOS="2015" VPOS="1068" HEIGHT="2118" WIDTH="47">
          <TextLine ID="TextLine_114" HPOS="2015" VPOS="1068" HEIGHT="2118" WIDTH="47">
            <SP ID="Textword_52" HPOS="2015" VPOS="1068" />
            <String ID="Textword_246" HPOS="2015" VPOS="1068" HEIGHT="2118" WIDTH="47" CONTENT=" " WC="0.95" />
          </TextLine>
        </TextBlock>
        <TextBlock ID="TextBlock_84" HPOS="2224" VPOS="3142" HEIGHT="40" WIDTH="822">
          <TextLine ID="TextLine_115" HPOS="2224" VPOS="3142" HEIGHT="40" WIDTH="822">
            <String ID="Textword_247" HPOS="2224" VPOS="3157" HEIGHT="7" WIDTH="88" CONTENT="——" WC="0.83" />
            <String ID="Textword_248" HPOS="2350" VPOS="3151" HEIGHT="27" WIDTH="58" CONTENT="Man" WC="0.95" />
            <String ID="Textword_249" HPOS="2429" VPOS="3148" HEIGHT="34" WIDTH="127" CONTENT="verlange" WC="0.96" />
            <String ID="Textword_250" HPOS="2706" VPOS="3142" HEIGHT="36" WIDTH="340" CONTENT="Spezial-Preiscourants." WC="0.91" />
          </TextLine>
        </TextBlock>
        <TextBlock ID="TextBlock_85" HPOS="2223" VPOS="3175" HEIGHT="7" WIDTH="91">
          <TextLine ID="TextLine_116" HPOS="2223" VPOS="3175" HEIGHT="7" WIDTH="91">
            <SP ID="Textword_53" HPOS="2223" VPOS="3175" />
            <String ID="Textword_251" HPOS="2223" VPOS="3175" HEIGHT="7" WIDTH="91" CONTENT=" " WC="0.95" />
          </TextLine>
        </TextBlock>
        <TextBlock ID="TextBlock_86" HPOS="2067" VPOS="3083" HEIGHT="138" WIDTH="71">
          <TextLine ID="TextLine_117" HPOS="2067" VPOS="3083" HEIGHT="138" WIDTH="71">
            <String ID="Textword_252" HPOS="2067" VPOS="3083" HEIGHT="138" WIDTH="71" CONTENT="/" WC="0.81" />
          </TextLine>
        </TextBlock>
        <TextBlock ID="TextBlock_87" HPOS="2027" VPOS="3191" HEIGHT="53" WIDTH="26">
          <TextLine ID="TextLine_118" HPOS="2027" VPOS="3191" HEIGHT="53" WIDTH="26">
            <String ID="Textword_253" HPOS="2027" VPOS="3191" HEIGHT="53" WIDTH="26" CONTENT="i]" WC="0.00" />
          </TextLine>
        </TextBlock>
        <TextBlock ID="TextBlock_88" HPOS="2065" VPOS="3244" HEIGHT="25" WIDTH="1146">
          <TextLine ID="TextLine_119" HPOS="2065" VPOS="3244" HEIGHT="25" WIDTH="1146">
            <SP ID="Textword_54" HPOS="2065" VPOS="3244" />
            <String ID="Textword_254" HPOS="2065" VPOS="3244" HEIGHT="25" WIDTH="1146" CONTENT=" " WC="0.95" />
          </TextLine>
        </TextBlock>
        <TextBlock ID="TextBlock_89" HPOS="1943" VPOS="3287" HEIGHT="7" WIDTH="91">
          <TextLine ID="TextLine_120" HPOS="1943" VPOS="3287" HEIGHT="7" WIDTH="91">
            <SP ID="Textword_55" HPOS="1943" VPOS="3287" />
            <String ID="Textword_255" HPOS="1943" VPOS="3287" HEIGHT="7" WIDTH="91" CONTENT=" " WC="0.95" />
          </TextLine>
        </TextBlock>
        <TextBlock ID="TextBlock_90" HPOS="2088" VPOS="3282" HEIGHT="35" WIDTH="1106">
          <TextLine ID="TextLine_121" HPOS="2088" VPOS="3282" HEIGHT="35" WIDTH="1106">
            <SP ID="Textword_56" HPOS="2088" VPOS="3282" />
            <String ID="Textword_256" HPOS="2088" VPOS="3282" HEIGHT="35" WIDTH="1106" CONTENT=" " WC="0.95" />
          </TextLine>
        </TextBlock>
        <TextBlock ID="TextBlock_91" HPOS="316" VPOS="3369" HEIGHT="40" WIDTH="1721">
          <TextLine ID="TextLine_122" HPOS="316" VPOS="3369" HEIGHT="40" WIDTH="1721">
            <SP ID="Textword_57" HPOS="316" VPOS="3369" />
            <String ID="Textword_257" HPOS="316" VPOS="3369" HEIGHT="40" WIDTH="1721" CONTENT=" " WC="0.95" />
          </TextLine>
        </TextBlock>
        <TextBlock ID="TextBlock_92" HPOS="314" VPOS="3418" HEIGHT="42" WIDTH="1133">
          <TextLine ID="TextLine_123" HPOS="314" VPOS="3418" HEIGHT="42" WIDTH="1133">
            <SP ID="Textword_58" HPOS="314" VPOS="3418" />
            <String ID="Textword_258" HPOS="314" VPOS="3418" HEIGHT="42" WIDTH="1133" CONTENT=" " WC="0.95" />
          </TextLine>
        </TextBlock>
        <TextBlock ID="TextBlock_93" HPOS="1613" VPOS="3416" HEIGHT="41" WIDTH="287">
          <TextLine ID="TextLine_124" HPOS="1613" VPOS="3416" HEIGHT="41" WIDTH="287">
            <String ID="Textword_259" HPOS="1613" VPOS="3419" HEIGHT="38" WIDTH="47" CONTENT="Zu" WC="0.91" />
            <String ID="Textword_260" HPOS="1692" VPOS="3416" HEIGHT="39" WIDTH="208" CONTENT="verkaufen." WC="0.91" />
          </TextLine>
        </TextBlock>
        <TextBlock ID="TextBlock_94" HPOS="1486" VPOS="3634" HEIGHT="77" WIDTH="525">
          <TextLine ID="TextLine_125" HPOS="1520" VPOS="3634" HEIGHT="33" WIDTH="491">
            <String ID="Textword_261" HPOS="1520" VPOS="3640" HEIGHT="27" WIDTH="59" CONTENT="der" WC="0.93" />
            <String ID="Textword_262" HPOS="1599" VPOS="3637" HEIGHT="30" WIDTH="179" CONTENT="Glashitte" WC="0.85" />
            <String ID="Textword_263" HPOS="1798" VPOS="3636" HEIGHT="28" WIDTH="100" CONTENT="Olten" WC="0.91" />
            <String ID="Textword_264" HPOS="1917" VPOS="3634" HEIGHT="28" WIDTH="94" CONTENT="A.-G." WC="0.88" />
          </TextLine>
          <TextLine ID="TextLine_126" HPOS="1486" VPOS="3682" HEIGHT="29" WIDTH="296">
            <String ID="Textword_265" HPOS="1486" VPOS="3688" HEIGHT="23" WIDTH="14" CONTENT="à" WC="0.92" />
            <String ID="Textword_266" HPOS="1521" VPOS="3686" HEIGHT="25" WIDTH="44" CONTENT="Fr." WC="0.96" />
            <String ID="Textword_267" HPOS="1581" VPOS="3685" HEIGHT="25" WIDTH="50" CONTENT="500" WC="0.93" />
            <String ID="Textword_268" HPOS="1654" VPOS="3682" HEIGHT="28" WIDTH="128" CONTENT="nominel." WC="0.91" />
          </TextLine>
        </TextBlock>
        <TextBlock ID="TextBlock_95" HPOS="358" VPOS="3550" HEIGHT="168" WIDTH="1058">
          <TextLine ID="TextLine_127" HPOS="358" VPOS="3550" HEIGHT="168" WIDTH="1058">
            <String ID="Textword_269" HPOS="358" VPOS="3550" HEIGHT="168" WIDTH="1058" CONTENT="Nussbaumbolz" WC="0.91" />
          </TextLine>
        </TextBlock>
        <TextBlock ID="TextBlock_96" HPOS="441" VPOS="3759" HEIGHT="65" WIDTH="903">
          <TextLine ID="TextLine_128" HPOS="441" VPOS="3759" HEIGHT="65" WIDTH="903">
            <String ID="Textword_270" HPOS="441" VPOS="3772" HEIGHT="52" WIDTH="91" CONTENT="40" WC="0.93" />
            <String ID="Textword_271" HPOS="570" VPOS="3770" HEIGHT="53" WIDTH="286" CONTENT="Stämme" WC="0.90" />
            <String ID="Textword_272" HPOS="894" VPOS="3766" HEIGHT="52" WIDTH="72" CONTENT="Ia" WC="0.96" />
            <String ID="Textword_273" HPOS="1002" VPOS="3763" HEIGHT="53" WIDTH="131" CONTENT="ind." WC="0.92" />
            <String ID="Textword_274" HPOS="1173" VPOS="3759" HEIGHT="55" WIDTH="171" CONTENT="rund" WC="0.88" />
          </TextLine>
        </TextBlock>
        <TextBlock ID="TextBlock_97" HPOS="1488" VPOS="3766" HEIGHT="25" WIDTH="85">
          <TextLine ID="TextLine_129" HPOS="1488" VPOS="3766" HEIGHT="25" WIDTH="85">
            <String ID="Textword_275" HPOS="1488" VPOS="3766" HEIGHT="25" WIDTH="24" CONTENT="d." WC="0.92" />
            <String ID="Textword_276" HPOS="1533" VPOS="3766" HEIGHT="25" WIDTH="40" CONTENT="Bl." WC="0.96" />
          </TextLine>
        </TextBlock>
        <TextBlock ID="TextBlock_98" HPOS="1483" VPOS="3476" HEIGHT="134" WIDTH="554">
          <TextLine ID="TextLine_130" HPOS="1483" VPOS="3476" HEIGHT="134" WIDTH="554">
            <String ID="Textword_277" HPOS="1483" VPOS="3479" HEIGHT="131" WIDTH="110" CONTENT="40" WC="0.96" />
            <String ID="Textword_278" HPOS="1645" VPOS="3476" HEIGHT="131" WIDTH="392" CONTENT="AKTIEN" WC="0.96" />
          </TextLine>
        </TextBlock>
        <TextBlock ID="TextBlock_99" HPOS="1524" VPOS="3723" HEIGHT="35" WIDTH="519">
          <TextLine ID="TextLine_131" HPOS="1524" VPOS="3723" HEIGHT="35" WIDTH="519">
            <String ID="Textword_279" HPOS="1524" VPOS="3730" HEIGHT="25" WIDTH="65" CONTENT="Gefl." WC="0.91" />
            <String ID="Textword_280" HPOS="1611" VPOS="3728" HEIGHT="26" WIDTH="121" CONTENT="Offerten" WC="0.95" />
            <String ID="Textword_281" HPOS="1759" VPOS="3735" HEIGHT="17" WIDTH="34" CONTENT="an" WC="0.95" />
            <String ID="Textword_282" HPOS="1815" VPOS="3726" HEIGHT="26" WIDTH="42" CONTENT="die" WC="0.96" />
            <String ID="Textword_283" HPOS="1877" VPOS="3723" HEIGHT="35" WIDTH="166" CONTENT="Expedition" WC="0.96" />
          </TextLine>
        </TextBlock>
        <TextBlock ID="TextBlock_100" HPOS="2152" VPOS="3330" HEIGHT="115" WIDTH="977">
          <TextLine ID="TextLine_132" HPOS="2152" VPOS="3330" HEIGHT="115" WIDTH="977">
            <String ID="Textword_284" HPOS="2152" VPOS="3330" HEIGHT="115" WIDTH="977" CONTENT="Zeit-Registrier-Apparate" WC="0.90" />
          </TextLine>
        </TextBlock>
        <TextBlock ID="TextBlock_101" HPOS="2154" VPOS="3455" HEIGHT="300" WIDTH="974">
          <TextLine ID="TextLine_133" HPOS="2154" VPOS="3455" HEIGHT="52" WIDTH="974">
            <String ID="Textword_285" HPOS="2154" VPOS="3478" HEIGHT="29" WIDTH="62" CONTENT="zur" WC="0.96" />
            <String ID="Textword_286" HPOS="2249" VPOS="3464" HEIGHT="41" WIDTH="173" CONTENT="Kontrolle" WC="0.96" />
            <String ID="Textword_287" HPOS="2460" VPOS="3462" HEIGHT="38" WIDTH="64" CONTENT="des" WC="0.95" />
            <String ID="Textword_288" HPOS="2564" VPOS="3458" HEIGHT="41" WIDTH="194" CONTENT="Personals" WC="0.96" />
            <String ID="Textword_289" HPOS="2797" VPOS="3458" HEIGHT="38" WIDTH="32" CONTENT="in" WC="0.92" />
            <String ID="Textword_290" HPOS="2869" VPOS="3458" HEIGHT="38" WIDTH="160" CONTENT="Bureaux" WC="0.91" />
            <String ID="Textword_291" HPOS="3062" VPOS="3455" HEIGHT="39" WIDTH="66" CONTENT="und" WC="0.96" />
          </TextLine>
          <TextLine ID="TextLine_134" HPOS="2513" VPOS="3513" HEIGHT="40" WIDTH="271">
            <String ID="Textword_292" HPOS="2513" VPOS="3513" HEIGHT="40" WIDTH="172" CONTENT="Fabriken" WC="0.94" />
            <String ID="Textword_293" HPOS="2717" VPOS="3516" HEIGHT="35" WIDTH="67" CONTENT="etc." WC="0.75" />
          </TextLine>
          <TextLine ID="TextLine_135" HPOS="2161" VPOS="3572" HEIGHT="49" WIDTH="946">
            <String ID="Textword_294" HPOS="2161" VPOS="3582" HEIGHT="39" WIDTH="163" CONTENT="Kataloge" WC="0.96" />
            <String ID="Textword_295" HPOS="2350" VPOS="3579" HEIGHT="31" WIDTH="57" CONTENT="mit" WC="0.96" />
            <String ID="Textword_296" HPOS="2430" VPOS="3575" HEIGHT="38" WIDTH="300" CONTENT="Beschreibungen," WC="0.93" />
            <String ID="Textword_297" HPOS="2756" VPOS="3572" HEIGHT="32" WIDTH="263" CONTENT="Referenzlisten" WC="0.92" />
            <String ID="Textword_298" HPOS="3045" VPOS="3573" HEIGHT="29" WIDTH="62" CONTENT="etc." WC="0.95" />
          </TextLine>
          <TextLine ID="TextLine_136" HPOS="2530" VPOS="3618" HEIGHT="32" WIDTH="234">
            <String ID="Textword_299" HPOS="2530" VPOS="3629" HEIGHT="21" WIDTH="39" CONTENT="zu" WC="0.93" />
            <String ID="Textword_300" HPOS="2593" VPOS="3618" HEIGHT="32" WIDTH="171" CONTENT="Diensten." WC="0.93" />
          </TextLine>
          <TextLine ID="TextLine_137" HPOS="2209" VPOS="3670" HEIGHT="47" WIDTH="872">
            <String ID="Textword_301" HPOS="2209" VPOS="3678" HEIGHT="39" WIDTH="218" CONTENT="Apparate" WC="0.58" />
            <String ID="Textword_302" HPOS="2450" VPOS="3674" HEIGHT="32" WIDTH="211" CONTENT="kostenlos" WC="0.96" />
            <String ID="Textword_303" HPOS="2687" VPOS="3673" HEIGHT="29" WIDTH="105" CONTENT="ohne" WC="0.92" />
            <String ID="Textword_304" HPOS="2820" VPOS="3670" HEIGHT="39" WIDTH="261" CONTENT="Kaufzwang" WC="0.91" />
          </TextLine>
          <TextLine ID="TextLine_138" HPOS="2522" VPOS="3717" HEIGHT="38" WIDTH="249">
            <String ID="Textword_305" HPOS="2522" VPOS="3717" HEIGHT="38" WIDTH="81" CONTENT="auf" WC="0.95" />
            <String ID="Textword_306" HPOS="2622" VPOS="3718" HEIGHT="30" WIDTH="149" CONTENT="Probe." WC="0.96" />
          </TextLine>
        </TextBlock>
        <TextBlock ID="TextBlock_102" HPOS="2544" VPOS="3770" HEIGHT="13" WIDTH="207">
          <TextLine ID="TextLine_139" HPOS="2544" VPOS="3770" HEIGHT="13" WIDTH="207">
            <SP ID="Textword_59" HPOS="2544" VPOS="3770" />
            <String ID="Textword_307" HPOS="2544" VPOS="3770" HEIGHT="13" WIDTH="207" CONTENT=" " WC="0.95" />
          </TextLine>
        </TextBlock>
        <TextBlock ID="TextBlock_103" HPOS="1487" VPOS="3801" HEIGHT="17" WIDTH="557">
          <TextLine ID="TextLine_140" HPOS="1487" VPOS="3801" HEIGHT="17" WIDTH="557">
            <SP ID="Textword_60" HPOS="1487" VPOS="3801" />
            <String ID="Textword_308" HPOS="1487" VPOS="3801" HEIGHT="17" WIDTH="557" CONTENT=" " WC="0.95" />
          </TextLine>
        </TextBlock>
        <TextBlock ID="TextBlock_104" HPOS="320" VPOS="3847" HEIGHT="141" WIDTH="1140">
          <TextLine ID="TextLine_141" HPOS="320" VPOS="3847" HEIGHT="48" WIDTH="1140">
            <String ID="Textword_309" HPOS="320" VPOS="3862" HEIGHT="33" WIDTH="117" CONTENT="treffen" WC="0.88" />
            <String ID="Textword_310" HPOS="462" VPOS="3861" HEIGHT="32" WIDTH="177" CONTENT="nächstens" WC="0.88" />
            <String ID="Textword_311" HPOS="663" VPOS="3859" HEIGHT="31" WIDTH="34" CONTENT="in" WC="0.96" />
            <String ID="Textword_312" HPOS="720" VPOS="3857" HEIGHT="32" WIDTH="101" CONTENT="Basel" WC="0.96" />
            <String ID="Textword_313" HPOS="846" VPOS="3855" HEIGHT="32" WIDTH="51" CONTENT="ein" WC="0.96" />
            <String ID="Textword_314" HPOS="920" VPOS="3854" HEIGHT="32" WIDTH="67" CONTENT="und" WC="0.96" />
            <String ID="Textword_315" HPOS="1011" VPOS="3853" HEIGHT="31" WIDTH="132" CONTENT="werden" WC="0.96" />
            <String ID="Textword_316" HPOS="1167" VPOS="3850" HEIGHT="31" WIDTH="126" CONTENT="zwecks" WC="0.96" />
            <String ID="Textword_317" HPOS="1322" VPOS="3847" HEIGHT="32" WIDTH="138" CONTENT="rascher" WC="0.96" />
          </TextLine>
          <TextLine ID="TextLine_142" HPOS="321" VPOS="3892" HEIGHT="53" WIDTH="1139">
            <String ID="Textword_318" HPOS="321" VPOS="3907" HEIGHT="38" WIDTH="208" CONTENT="Einführung" WC="0.95" />
            <String ID="Textword_319" HPOS="569" VPOS="3904" HEIGHT="31" WIDTH="127" CONTENT="einzeln" WC="0.95" />
            <String ID="Textword_320" HPOS="735" VPOS="3912" HEIGHT="21" WIDTH="41" CONTENT="an" WC="0.95" />
            <String ID="Textword_321" HPOS="816" VPOS="3901" HEIGHT="31" WIDTH="248" CONTENT="Interessenten" WC="0.93" />
            <String ID="Textword_322" HPOS="1104" VPOS="3894" HEIGHT="41" WIDTH="200" CONTENT="abgegeben." WC="0.96" />
            <String ID="Textword_323" HPOS="1367" VPOS="3892" HEIGHT="31" WIDTH="93" CONTENT="Preis" WC="0.88" />
          </TextLine>
          <TextLine ID="TextLine_143" HPOS="323" VPOS="3944" HEIGHT="44" WIDTH="616">
            <String ID="Textword_324" HPOS="323" VPOS="3951" HEIGHT="33" WIDTH="48" CONTENT="Fr." WC="0.89" />
            <String ID="Textword_325" HPOS="402" VPOS="3950" HEIGHT="33" WIDTH="113" CONTENT="145.—" WC="0.89" />
            <String ID="Textword_326" HPOS="539" VPOS="3958" HEIGHT="30" WIDTH="59" CONTENT="per" WC="0.93" />
            <String ID="Textword_327" HPOS="623" VPOS="3947" HEIGHT="31" WIDTH="43" CONTENT="m°" WC="0.74" />
            <String ID="Textword_328" HPOS="690" VPOS="3946" HEIGHT="32" WIDTH="117" CONTENT="franko" WC="0.93" />
            <String ID="Textword_329" HPOS="832" VPOS="3944" HEIGHT="32" WIDTH="107" CONTENT="Basel." WC="0.96" />
          </TextLine>
        </TextBlock>
        <TextBlock ID="TextBlock_105" HPOS="412" VPOS="3994" HEIGHT="105" WIDTH="1051">
          <TextLine ID="TextLine_144" HPOS="412" VPOS="3994" HEIGHT="43" WIDTH="832">
            <String ID="Textword_330" HPOS="412" VPOS="4002" HEIGHT="34" WIDTH="254" CONTENT="Kaufliebhaber" WC="0.91" />
            <String ID="Textword_331" HPOS="690" VPOS="3999" HEIGHT="32" WIDTH="119" CONTENT="wollen" WC="0.92" />
            <String ID="Textword_332" HPOS="834" VPOS="3998" HEIGHT="31" WIDTH="68" CONTENT="sich" WC="0.93" />
            <String ID="Textword_333" HPOS="926" VPOS="3995" HEIGHT="42" WIDTH="74" CONTENT="gefl." WC="0.92" />
            <String ID="Textword_334" HPOS="1025" VPOS="3994" HEIGHT="32" WIDTH="137" CONTENT="wenden" WC="0.96" />
            <String ID="Textword_335" HPOS="1188" VPOS="4001" HEIGHT="22" WIDTH="56" CONTENT="an:" WC="0.96" />
          </TextLine>
          <TextLine ID="TextLine_145" HPOS="496" VPOS="4050" HEIGHT="49" WIDTH="967">
            <String ID="Textword_336" HPOS="496" VPOS="4064" HEIGHT="32" WIDTH="97" CONTENT="Chr." WC="0.96" />
            <String ID="Textword_337" HPOS="617" VPOS="4062" HEIGHT="37" WIDTH="180" CONTENT="Necker," WC="0.78" />
            <String ID="Textword_338" HPOS="824" VPOS="4058" HEIGHT="33" WIDTH="360" CONTENT="Goldbrunnenstrasse" WC="0.92" />
            <String ID="Textword_339" HPOS="1209" VPOS="4057" HEIGHT="35" WIDTH="50" CONTENT="89," WC="0.96" />
            <String ID="Textword_340" HPOS="1285" VPOS="4050" HEIGHT="33" WIDTH="178" CONTENT="Zürich." WC="0.64" />
          </TextLine>
        </TextBlock>
        <TextBlock ID="TextBlock_106" HPOS="1546" VPOS="3996" HEIGHT="7" WIDTH="78">
          <TextLine ID="TextLine_146" HPOS="1546" VPOS="3996" HEIGHT="7" WIDTH="78">
            <SP ID="Textword_61" HPOS="1546" VPOS="3996" />
            <String ID="Textword_341" HPOS="1546" VPOS="3996" HEIGHT="7" WIDTH="78" CONTENT=" " WC="0.95" />
          </TextLine>
        </TextBlock>
        <TextBlock ID="TextBlock_107" HPOS="1495" VPOS="4081" HEIGHT="35" WIDTH="479">
          <TextLine ID="TextLine_147" HPOS="1495" VPOS="4081" HEIGHT="35" WIDTH="479">
            <String ID="Textword_342" HPOS="1495" VPOS="4088" HEIGHT="24" WIDTH="84" CONTENT="etwas" WC="0.90" />
            <String ID="Textword_343" HPOS="1599" VPOS="4084" HEIGHT="32" WIDTH="149" CONTENT="Einschlag" WC="0.90" />
            <String ID="Textword_344" HPOS="1766" VPOS="4089" HEIGHT="19" WIDTH="32" CONTENT="zu" WC="0.93" />
            <String ID="Textword_345" HPOS="1818" VPOS="4081" HEIGHT="27" WIDTH="156" CONTENT="verkaufen." WC="0.92" />
          </TextLine>
        </TextBlock>
        <TextBlock ID="TextBlock_108" HPOS="1494" VPOS="4125" HEIGHT="73" WIDTH="542">
          <TextLine ID="TextLine_148" HPOS="1532" VPOS="4125" HEIGHT="31" WIDTH="504">
            <String ID="Textword_346" HPOS="1532" VPOS="4129" HEIGHT="27" WIDTH="66" CONTENT="Gefl." WC="0.88" />
            <String ID="Textword_347" HPOS="1612" VPOS="4128" HEIGHT="27" WIDTH="121" CONTENT="Offerten" WC="0.95" />
            <String ID="Textword_348" HPOS="1752" VPOS="4126" HEIGHT="27" WIDTH="110" CONTENT="erbeten" WC="0.96" />
            <String ID="Textword_349" HPOS="1884" VPOS="4134" HEIGHT="18" WIDTH="33" CONTENT="an" WC="0.96" />
            <String ID="Textword_350" HPOS="1938" VPOS="4126" HEIGHT="26" WIDTH="41" CONTENT="die" WC="0.96" />
            <String ID="Textword_351" HPOS="1994" VPOS="4125" HEIGHT="26" WIDTH="42" CONTENT="Ex" WC="0.96" />
          </TextLine>
          <TextLine ID="TextLine_149" HPOS="1494" VPOS="4164" HEIGHT="34" WIDTH="230">
            <String ID="Textword_352" HPOS="1494" VPOS="4165" HEIGHT="33" WIDTH="124" CONTENT="pedition" WC="0.91" />
            <String ID="Textword_353" HPOS="1638" VPOS="4165" HEIGHT="25" WIDTH="25" CONTENT="d." WC="0.91" />
            <String ID="Textword_354" HPOS="1685" VPOS="4164" HEIGHT="26" WIDTH="39" CONTENT="Bl." WC="0.95" />
          </TextLine>
        </TextBlock>
        <TextBlock ID="TextBlock_109" HPOS="329" VPOS="4191" HEIGHT="43" WIDTH="1139">
          <TextLine ID="TextLine_150" HPOS="329" VPOS="4191" HEIGHT="43" WIDTH="1139">
            <SP ID="Textword_62" HPOS="329" VPOS="4191" />
            <String ID="Textword_355" HPOS="329" VPOS="4191" HEIGHT="43" WIDTH="1139" CONTENT=" " WC="0.95" />
          </TextLine>
        </TextBlock>
        <TextBlock ID="TextBlock_110" HPOS="1488" VPOS="3833" HEIGHT="181" WIDTH="559">
          <TextLine ID="TextLine_151" HPOS="1488" VPOS="3833" HEIGHT="181" WIDTH="559">
            <String ID="Textword_356" HPOS="1488" VPOS="3833" HEIGHT="181" WIDTH="559" CONTENT="Kassen-Schrank" WC="0.41" />
          </TextLine>
        </TextBlock>
        <TextBlock ID="TextBlock_111" HPOS="1493" VPOS="4045" HEIGHT="38" WIDTH="553">
          <TextLine ID="TextLine_152" HPOS="1493" VPOS="4045" HEIGHT="38" WIDTH="553">
            <String ID="Textword_357" HPOS="1493" VPOS="4058" HEIGHT="25" WIDTH="71" CONTENT="ganz" WC="0.96" />
            <String ID="Textword_358" HPOS="1584" VPOS="4057" HEIGHT="25" WIDTH="60" CONTENT="neu," WC="0.96" />
            <String ID="Textword_359" HPOS="1664" VPOS="4046" HEIGHT="28" WIDTH="189" CONTENT="Verhältnisse" WC="0.96" />
            <String ID="Textword_360" HPOS="1879" VPOS="4045" HEIGHT="26" WIDTH="93" CONTENT="halber" WC="0.95" />
            <String ID="Textword_361" HPOS="1996" VPOS="4045" HEIGHT="25" WIDTH="50" CONTENT="mit" WC="0.95" />
          </TextLine>
        </TextBlock>
        <TextBlock ID="TextBlock_112" HPOS="2195" VPOS="3803" HEIGHT="52" WIDTH="902">
          <TextLine ID="TextLine_153" HPOS="2195" VPOS="3803" HEIGHT="52" WIDTH="902">
            <String ID="Textword_362" HPOS="2195" VPOS="3808" HEIGHT="47" WIDTH="459" CONTENT="Amerikanische" WC="0.96" />
            <String ID="Textword_363" HPOS="2691" VPOS="3803" HEIGHT="45" WIDTH="406" CONTENT="automatische" WC="0.96" />
          </TextLine>
        </TextBlock>
        <TextBlock ID="TextBlock_113" HPOS="2177" VPOS="3879" HEIGHT="96" WIDTH="942">
          <TextLine ID="TextLine_154" HPOS="2177" VPOS="3879" HEIGHT="96" WIDTH="942">
            <String ID="Textword_364" HPOS="2177" VPOS="3887" HEIGHT="88" WIDTH="203" CONTENT="Geld-" WC="0.89" />
            <String ID="Textword_365" HPOS="2399" VPOS="3882" HEIGHT="88" WIDTH="344" CONTENT="Auszahl-" WC="0.86" />
            <String ID="Textword_366" HPOS="2764" VPOS="3879" HEIGHT="87" WIDTH="355" CONTENT="Maschine" WC="0.96" />
          </TextLine>
        </TextBlock>
        <TextBlock ID="TextBlock_114" HPOS="2147" VPOS="4000" HEIGHT="107" WIDTH="1016">
          <TextLine ID="TextLine_155" HPOS="2534" VPOS="4000" HEIGHT="41" WIDTH="229">
            <String ID="Textword_367" HPOS="2534" VPOS="4002" HEIGHT="39" WIDTH="55" CONTENT="für" WC="0.95" />
            <String ID="Textword_368" HPOS="2621" VPOS="4000" HEIGHT="40" WIDTH="142" CONTENT="Banken" WC="0.95" />
          </TextLine>
          <TextLine ID="TextLine_156" HPOS="2147" VPOS="4048" HEIGHT="59" WIDTH="1016">
            <String ID="Textword_369" HPOS="2147" VPOS="4061" HEIGHT="40" WIDTH="66" CONTENT="und" WC="0.96" />
            <String ID="Textword_370" HPOS="2243" VPOS="4071" HEIGHT="27" WIDTH="63" CONTENT="zur" WC="0.96" />
            <String ID="Textword_371" HPOS="2336" VPOS="4056" HEIGHT="51" WIDTH="205" CONTENT="Erledigung" WC="0.95" />
            <String ID="Textword_372" HPOS="2573" VPOS="4054" HEIGHT="51" WIDTH="129" CONTENT="großer" WC="0.93" />
            <String ID="Textword_373" HPOS="2729" VPOS="4053" HEIGHT="48" WIDTH="169" CONTENT="Zahltage" WC="0.92" />
            <String ID="Textword_374" HPOS="2928" VPOS="4051" HEIGHT="39" WIDTH="31" CONTENT="in" WC="0.96" />
            <String ID="Textword_375" HPOS="2990" VPOS="4048" HEIGHT="41" WIDTH="173" CONTENT="Fabriken" WC="0.96" />
          </TextLine>
        </TextBlock>
        <TextBlock ID="TextBlock_115" HPOS="2122" VPOS="4110" HEIGHT="112" WIDTH="1062">
          <TextLine ID="TextLine_157" HPOS="2235" VPOS="4110" HEIGHT="54" WIDTH="835">
            <String ID="Textword_376" HPOS="2235" VPOS="4121" HEIGHT="40" WIDTH="47" CONTENT="in" WC="0.95" />
            <String ID="Textword_377" HPOS="2302" VPOS="4120" HEIGHT="40" WIDTH="144" CONTENT="einem" WC="0.95" />
            <String ID="Textword_378" HPOS="2466" VPOS="4116" HEIGHT="43" WIDTH="166" CONTENT="Viertel" WC="0.96" />
            <String ID="Textword_379" HPOS="2649" VPOS="4115" HEIGHT="44" WIDTH="44" CONTENT="der" WC="0.96" />
            <String ID="Textword_380" HPOS="2711" VPOS="4114" HEIGHT="44" WIDTH="86" CONTENT="bisher" WC="0.81" />
            <String ID="Textword_381" HPOS="2817" VPOS="4112" HEIGHT="52" WIDTH="168" CONTENT="gebrauchten" WC="0.89" />
            <String ID="Textword_382" HPOS="3014" VPOS="4110" HEIGHT="44" WIDTH="56" CONTENT="Zeit," WC="0.89" />
          </TextLine>
          <TextLine ID="TextLine_158" HPOS="2122" VPOS="4173" HEIGHT="49" WIDTH="1062">
            <String ID="Textword_383" HPOS="2122" VPOS="4186" HEIGHT="32" WIDTH="101" CONTENT="Jeder" WC="0.96" />
            <String ID="Textword_384" HPOS="2250" VPOS="4182" HEIGHT="40" WIDTH="162" CONTENT="beliebige" WC="0.96" />
            <String ID="Textword_385" HPOS="2444" VPOS="4182" HEIGHT="38" WIDTH="124" CONTENT="Betrag" WC="0.96" />
            <String ID="Textword_386" HPOS="2599" VPOS="4180" HEIGHT="30" WIDTH="89" CONTENT="kann" WC="0.96" />
            <String ID="Textword_387" HPOS="2723" VPOS="4179" HEIGHT="30" WIDTH="58" CONTENT="der" WC="0.96" />
            <String ID="Textword_388" HPOS="2817" VPOS="4175" HEIGHT="41" WIDTH="161" CONTENT="gefüllten" WC="0.96" />
            <String ID="Textword_389" HPOS="3014" VPOS="4173" HEIGHT="33" WIDTH="170" CONTENT="Maschine" WC="0.96" />
          </TextLine>
        </TextBlock>
        <TextBlock ID="TextBlock_116" HPOS="1626" VPOS="3991" HEIGHT="11" WIDTH="423">
          <TextLine ID="TextLine_159" HPOS="1626" VPOS="3991" HEIGHT="11" WIDTH="423">
            <SP ID="Textword_63" HPOS="1626" VPOS="3991" />
            <String ID="Textword_390" HPOS="1626" VPOS="3991" HEIGHT="11" WIDTH="423" CONTENT=" " WC="0.95" />
          </TextLine>
        </TextBlock>
        <TextBlock ID="TextBlock_117" HPOS="1547" VPOS="4000" HEIGHT="12" WIDTH="502">
          <TextLine ID="TextLine_160" HPOS="1547" VPOS="4000" HEIGHT="12" WIDTH="502">
            <SP ID="Textword_64" HPOS="1547" VPOS="4000" />
            <String ID="Textword_391" HPOS="1547" VPOS="4000" HEIGHT="12" WIDTH="502" CONTENT=" " WC="0.95" />
          </TextLine>
        </TextBlock>
        <TextBlock ID="TextBlock_118" HPOS="1496" VPOS="4209" HEIGHT="20" WIDTH="556">
          <TextLine ID="TextLine_161" HPOS="1496" VPOS="4209" HEIGHT="20" WIDTH="556">
            <SP ID="Textword_65" HPOS="1496" VPOS="4209" />
            <String ID="Textword_392" HPOS="1496" VPOS="4209" HEIGHT="20" WIDTH="556" CONTENT=" " WC="0.95" />
          </TextLine>
        </TextBlock>
        <TextBlock ID="TextBlock_119" HPOS="329" VPOS="4241" HEIGHT="26" WIDTH="1140">
          <TextLine ID="TextLine_162" HPOS="329" VPOS="4241" HEIGHT="26" WIDTH="1140">
            <SP ID="Textword_66" HPOS="329" VPOS="4241" />
            <String ID="Textword_393" HPOS="329" VPOS="4241" HEIGHT="26" WIDTH="1140" CONTENT=" " WC="0.95" />
          </TextLine>
        </TextBlock>
        <TextBlock ID="TextBlock_120" HPOS="1524" VPOS="4243" HEIGHT="59" WIDTH="500">
          <TextLine ID="TextLine_163" HPOS="1524" VPOS="4243" HEIGHT="59" WIDTH="500">
            <String ID="Textword_394" HPOS="1524" VPOS="4248" HEIGHT="54" WIDTH="94" CONTENT="Zu" WC="0.96" />
            <String ID="Textword_395" HPOS="1643" VPOS="4243" HEIGHT="58" WIDTH="381" CONTENT="verkaufen." WC="0.96" />
          </TextLine>
        </TextBlock>
        <TextBlock ID="TextBlock_121" HPOS="1635" VPOS="4322" HEIGHT="29" WIDTH="285">
          <TextLine ID="TextLine_164" HPOS="1635" VPOS="4322" HEIGHT="29" WIDTH="285">
            <String ID="Textword_396" HPOS="1635" VPOS="4325" HEIGHT="26" WIDTH="86" CONTENT="Eine" WC="0.93" />
            <String ID="Textword_397" HPOS="1743" VPOS="4322" HEIGHT="27" WIDTH="177" CONTENT="Monarch-" WC="0.90" />
          </TextLine>
        </TextBlock>
        <TextBlock ID="TextBlock_122" HPOS="1498" VPOS="4325" HEIGHT="160" WIDTH="491">
          <TextLine ID="TextLine_165" HPOS="1498" VPOS="4325" HEIGHT="160" WIDTH="491">
            <String ID="Textword_398" HPOS="1498" VPOS="4326" HEIGHT="159" WIDTH="21" CONTENT="|" WC="0.28" />
            <String ID="Textword_399" HPOS="1534" VPOS="4325" HEIGHT="159" WIDTH="455" CONTENT="YSehreit-Maschine" WC="0.00" />
          </TextLine>
        </TextBlock>
        <TextBlock ID="TextBlock_123" HPOS="1502" VPOS="4489" HEIGHT="74" WIDTH="541">
          <TextLine ID="TextLine_166" HPOS="1502" VPOS="4489" HEIGHT="39" WIDTH="541">
            <String ID="Textword_400" HPOS="1502" VPOS="4494" HEIGHT="34" WIDTH="153" CONTENT="garantiert" WC="0.92" />
            <String ID="Textword_401" HPOS="1686" VPOS="4491" HEIGHT="35" WIDTH="198" CONTENT="ungebraucht," WC="0.90" />
            <String ID="Textword_402" HPOS="1921" VPOS="4498" HEIGHT="18" WIDTH="34" CONTENT="an" WC="0.92" />
            <String ID="Textword_403" HPOS="1987" VPOS="4489" HEIGHT="26" WIDTH="56" CONTENT="Zah" WC="0.92" />
          </TextLine>
          <TextLine ID="TextLine_167" HPOS="1503" VPOS="4531" HEIGHT="32" WIDTH="340">
            <String ID="Textword_404" HPOS="1503" VPOS="4531" HEIGHT="32" WIDTH="152" CONTENT="lungsstatt" WC="0.92" />
            <String ID="Textword_405" HPOS="1675" VPOS="4534" HEIGHT="28" WIDTH="168" CONTENT="genommen." WC="0.90" />
          </TextLine>
        </TextBlock>
        <TextBlock ID="TextBlock_124" HPOS="332" VPOS="4285" HEIGHT="111" WIDTH="1140">
          <TextLine ID="TextLine_168" HPOS="386" VPOS="4285" HEIGHT="62" WIDTH="1029">
            <String ID="Textword_406" HPOS="386" VPOS="4287" HEIGHT="60" WIDTH="770" CONTENT="Mosterei-Genossenschaft" WC="0.57" />
            <String ID="Textword_407" HPOS="1192" VPOS="4285" HEIGHT="56" WIDTH="223" CONTENT="Egnach" WC="0.92" />
          </TextLine>
          <TextLine ID="TextLine_169" HPOS="332" VPOS="4353" HEIGHT="43" WIDTH="1140">
            <String ID="Textword_408" HPOS="332" VPOS="4366" HEIGHT="27" WIDTH="120" CONTENT="offeriert" WC="0.89" />
            <String ID="Textword_409" HPOS="489" VPOS="4365" HEIGHT="26" WIDTH="28" CONTENT="in" WC="0.93" />
            <String ID="Textword_410" HPOS="553" VPOS="4364" HEIGHT="26" WIDTH="122" CONTENT="besten" WC="0.96" />
            <String ID="Textword_411" HPOS="706" VPOS="4360" HEIGHT="36" WIDTH="198" CONTENT="Qualitäten" WC="0.96" />
            <String ID="Textword_412" HPOS="941" VPOS="4367" HEIGHT="18" WIDTH="34" CONTENT="zu" WC="0.96" />
            <String ID="Textword_413" HPOS="1012" VPOS="4357" HEIGHT="34" WIDTH="179" CONTENT="billigsten" WC="0.96" />
            <String ID="Textword_414" HPOS="1220" VPOS="4353" HEIGHT="34" WIDTH="252" CONTENT="Tagespreisen" WC="0.92" />
          </TextLine>
        </TextBlock>
        <TextBlock ID="TextBlock_125" HPOS="475" VPOS="4408" HEIGHT="128" WIDTH="847">
          <TextLine ID="TextLine_170" HPOS="475" VPOS="4408" HEIGHT="128" WIDTH="847">
            <String ID="Textword_415" HPOS="475" VPOS="4418" HEIGHT="101" WIDTH="135" CONTENT="Süsse" WC="0.47" />
            <String ID="Textword_416" HPOS="643" VPOS="4416" HEIGHT="120" WIDTH="247" CONTENT="Thurgauer" WC="0.86" />
            <String ID="Textword_417" HPOS="921" VPOS="4413" HEIGHT="100" WIDTH="138" CONTENT="Moste" WC="0.87" />
            <String ID="Textword_418" HPOS="1093" VPOS="4410" HEIGHT="101" WIDTH="84" CONTENT="und" WC="0.93" />
            <String ID="Textword_419" HPOS="1211" VPOS="4408" HEIGHT="102" WIDTH="111" CONTENT="dalle" WC="0.39" />
          </TextLine>
        </TextBlock>
        <TextBlock ID="TextBlock_126" HPOS="465" VPOS="4539" HEIGHT="105" WIDTH="1009">
          <TextLine ID="TextLine_171" HPOS="491" VPOS="4539" HEIGHT="45" WIDTH="947">
            <String ID="Textword_420" HPOS="491" VPOS="4550" HEIGHT="34" WIDTH="183" CONTENT="Leihgebinde" WC="0.92" />
            <String ID="Textword_421" HPOS="693" VPOS="4557" HEIGHT="18" WIDTH="53" CONTENT="von" WC="0.96" />
            <String ID="Textword_422" HPOS="767" VPOS="4548" HEIGHT="25" WIDTH="33" CONTENT="70" WC="0.96" />
            <String ID="Textword_423" HPOS="820" VPOS="4547" HEIGHT="26" WIDTH="74" CONTENT="Liter" WC="0.96" />
            <String ID="Textword_424" HPOS="914" VPOS="4554" HEIGHT="18" WIDTH="33" CONTENT="an" WC="0.96" />
            <String ID="Textword_425" HPOS="967" VPOS="4546" HEIGHT="33" WIDTH="87" CONTENT="gratis" WC="0.96" />
            <String ID="Textword_426" HPOS="1072" VPOS="4552" HEIGHT="19" WIDTH="49" CONTENT="zur" WC="0.96" />
            <String ID="Textword_427" HPOS="1143" VPOS="4542" HEIGHT="34" WIDTH="171" CONTENT="Verfügung." WC="0.96" />
            <String ID="Textword_428" HPOS="1389" VPOS="4539" HEIGHT="26" WIDTH="49" CONTENT="207" WC="0.96" />
          </TextLine>
          <TextLine ID="TextLine_172" HPOS="465" VPOS="4592" HEIGHT="52" WIDTH="1009">
            <String ID="Textword_429" HPOS="465" VPOS="4602" HEIGHT="42" WIDTH="187" CONTENT="Tafeläpfel." WC="0.90" />
            <String ID="Textword_430" HPOS="1011" VPOS="4597" HEIGHT="33" WIDTH="110" CONTENT="Reinen" WC="0.93" />
            <String ID="Textword_431" HPOS="1140" VPOS="4592" HEIGHT="37" WIDTH="334" CONTENT="Tresterbranntwein." WC="0.91" />
          </TextLine>
        </TextBlock>
        <TextBlock ID="TextBlock_127" HPOS="1368" VPOS="4449" HEIGHT="9" WIDTH="105">
          <TextLine ID="TextLine_173" HPOS="1368" VPOS="4449" HEIGHT="9" WIDTH="105">
            <SP ID="Textword_67" HPOS="1368" VPOS="4449" />
            <String ID="Textword_432" HPOS="1368" VPOS="4449" HEIGHT="9" WIDTH="105" CONTENT=" " WC="0.95" />
          </TextLine>
        </TextBlock>
        <TextBlock ID="TextBlock_128" HPOS="332" VPOS="4455" HEIGHT="43" WIDTH="106">
          <TextLine ID="TextLine_174" HPOS="332" VPOS="4455" HEIGHT="43" WIDTH="106">
            <String ID="Textword_433" HPOS="332" VPOS="4455" HEIGHT="43" WIDTH="106" CONTENT="Il" WC="0.48" />
          </TextLine>
        </TextBlock>
        <TextBlock ID="TextBlock_129" HPOS="1463" VPOS="3418" HEIGHT="1197" WIDTH="33">
          <TextLine ID="TextLine_175" HPOS="1463" VPOS="3418" HEIGHT="1197" WIDTH="33">
            <SP ID="Textword_68" HPOS="1463" VPOS="3418" />
            <String ID="Textword_434" HPOS="1463" VPOS="3418" HEIGHT="1197" WIDTH="33" CONTENT=" " WC="0.95" />
          </TextLine>
        </TextBlock>
        <TextBlock ID="TextBlock_130" HPOS="337" VPOS="4606" HEIGHT="34" WIDTH="514">
          <TextLine ID="TextLine_176" HPOS="337" VPOS="4606" HEIGHT="34" WIDTH="514">
            <String ID="Textword_435" HPOS="337" VPOS="4606" HEIGHT="34" WIDTH="103" CONTENT="Prima" WC="0.96" />
            <String ID="Textword_436" HPOS="745" VPOS="4620" HEIGHT="5" WIDTH="106" CONTENT="1" WC="0.17" />
          </TextLine>
        </TextBlock>
        <TextBlock ID="TextBlock_131" HPOS="1505" VPOS="4601" HEIGHT="27" WIDTH="85">
          <TextLine ID="TextLine_177" HPOS="1505" VPOS="4601" HEIGHT="27" WIDTH="85">
            <String ID="Textword_437" HPOS="1505" VPOS="4601" HEIGHT="27" WIDTH="25" CONTENT="d." WC="0.92" />
            <String ID="Textword_438" HPOS="1550" VPOS="4601" HEIGHT="26" WIDTH="40" CONTENT="Bl." WC="0.96" />
          </TextLine>
        </TextBlock>
        <TextBlock ID="TextBlock_132" HPOS="1541" VPOS="4559" HEIGHT="36" WIDTH="518">
          <TextLine ID="TextLine_178" HPOS="1541" VPOS="4559" HEIGHT="36" WIDTH="518">
            <String ID="Textword_439" HPOS="1541" VPOS="4565" HEIGHT="27" WIDTH="65" CONTENT="Gefl." WC="0.89" />
            <String ID="Textword_440" HPOS="1628" VPOS="4563" HEIGHT="27" WIDTH="122" CONTENT="Offerten" WC="0.95" />
            <String ID="Textword_441" HPOS="1777" VPOS="4571" HEIGHT="17" WIDTH="32" CONTENT="an" WC="0.95" />
            <String ID="Textword_442" HPOS="1830" VPOS="4561" HEIGHT="27" WIDTH="44" CONTENT="die" WC="0.96" />
            <String ID="Textword_443" HPOS="1893" VPOS="4559" HEIGHT="36" WIDTH="166" CONTENT="Expedition" WC="0.96" />
          </TextLine>
        </TextBlock>
        <TextBlock ID="TextBlock_133" HPOS="2124" VPOS="4217" HEIGHT="92" WIDTH="1061">
          <TextLine ID="TextLine_179" HPOS="2124" VPOS="4217" HEIGHT="52" WIDTH="1061">
            <String ID="Textword_444" HPOS="2124" VPOS="4231" HEIGHT="31" WIDTH="82" CONTENT="ohne" WC="0.96" />
            <String ID="Textword_445" HPOS="2237" VPOS="4228" HEIGHT="41" WIDTH="116" CONTENT="irgend" WC="0.96" />
            <String ID="Textword_446" HPOS="2381" VPOS="4226" HEIGHT="32" WIDTH="125" CONTENT="welche" WC="0.96" />
            <String ID="Textword_447" HPOS="2536" VPOS="4223" HEIGHT="40" WIDTH="173" CONTENT="vorherige" WC="0.96" />
            <String ID="Textword_448" HPOS="2740" VPOS="4219" HEIGHT="40" WIDTH="241" CONTENT="Manipulation" WC="0.96" />
            <String ID="Textword_449" HPOS="3005" VPOS="4220" HEIGHT="30" WIDTH="78" CONTENT="oder" WC="0.93" />
            <String ID="Textword_450" HPOS="3107" VPOS="4217" HEIGHT="33" WIDTH="78" CONTENT="Ein-" WC="0.87" />
          </TextLine>
          <TextLine ID="TextLine_180" HPOS="2404" VPOS="4265" HEIGHT="44" WIDTH="492">
            <String ID="Textword_451" HPOS="2404" VPOS="4270" HEIGHT="39" WIDTH="143" CONTENT="stellung" WC="0.94" />
            <String ID="Textword_452" HPOS="2572" VPOS="4271" HEIGHT="36" WIDTH="159" CONTENT="entzogen" WC="0.94" />
            <String ID="Textword_453" HPOS="2754" VPOS="4265" HEIGHT="32" WIDTH="142" CONTENT="werden." WC="0.95" />
          </TextLine>
        </TextBlock>
        <TextBlock ID="TextBlock_134" HPOS="2147" VPOS="4316" HEIGHT="109" WIDTH="1010">
          <TextLine ID="TextLine_181" HPOS="2147" VPOS="4316" HEIGHT="53" WIDTH="1010">
            <String ID="Textword_454" HPOS="2147" VPOS="4326" HEIGHT="43" WIDTH="74" CONTENT="Auf" WC="0.90" />
            <String ID="Textword_455" HPOS="2244" VPOS="4324" HEIGHT="34" WIDTH="137" CONTENT="Wunsch" WC="0.92" />
            <String ID="Textword_456" HPOS="2405" VPOS="4322" HEIGHT="40" WIDTH="247" CONTENT="Probe-Zahltag" WC="0.91" />
            <String ID="Textword_457" HPOS="2676" VPOS="4320" HEIGHT="30" WIDTH="75" CONTENT="ohne" WC="0.96" />
            <String ID="Textword_458" HPOS="2775" VPOS="4316" HEIGHT="44" WIDTH="382" CONTENT="Kaufsverbindlichkeit." WC="0.90" />
          </TextLine>
          <TextLine ID="TextLine_182" HPOS="2338" VPOS="4369" HEIGHT="56" WIDTH="795">
            <String ID="Textword_459" HPOS="2338" VPOS="4376" HEIGHT="49" WIDTH="189" CONTENT="Bareiss," WC="0.92" />
            <String ID="Textword_460" HPOS="2557" VPOS="4372" HEIGHT="43" WIDTH="199" CONTENT="Wieland" WC="0.93" />
            <String ID="Textword_461" HPOS="2785" VPOS="4372" HEIGHT="40" WIDTH="33" CONTENT="&amp;" WC="0.90" />
            <String ID="Textword_462" HPOS="2847" VPOS="4370" HEIGHT="50" WIDTH="84" CONTENT="Co.," WC="0.90" />
            <String ID="Textword_463" HPOS="2960" VPOS="4369" HEIGHT="41" WIDTH="173" CONTENT="Zürich." WC="0.85" />
          </TextLine>
        </TextBlock>
        <TextBlock ID="TextBlock_135" HPOS="2106" VPOS="4437" HEIGHT="32" WIDTH="1105">
          <TextLine ID="TextLine_183" HPOS="2106" VPOS="4437" HEIGHT="32" WIDTH="1105">
            <String ID="Textword_464" HPOS="2106" VPOS="4437" HEIGHT="32" WIDTH="1105" CONTENT="WESEN" WC="0.03" />
            <String ID="Textword_465" HPOS="0" VPOS="0" HEIGHT="4971" WIDTH="3318" CONTENT="EEE" WC="0.26" />
          </TextLine>
        </TextBlock>
        <TextBlock ID="TextBlock_136" HPOS="2090" VPOS="4522" HEIGHT="103" WIDTH="400">
          <TextLine ID="TextLine_184" HPOS="2090" VPOS="4522" HEIGHT="103" WIDTH="400">
            <String ID="Textword_466" HPOS="2090" VPOS="4522" HEIGHT="103" WIDTH="400" CONTENT="Arbeitgeber!" WC="0.88" />
          </TextLine>
        </TextBlock>
        <TextBlock ID="TextBlock_137" HPOS="2089" VPOS="4468" HEIGHT="31" WIDTH="1141">
          <TextLine ID="TextLine_185" HPOS="2089" VPOS="4468" HEIGHT="31" WIDTH="1141">
            <SP ID="Textword_69" HPOS="2089" VPOS="4468" />
            <String ID="Textword_467" HPOS="2089" VPOS="4468" HEIGHT="31" WIDTH="1141" CONTENT=" " WC="0.95" />
          </TextLine>
        </TextBlock>
        <TextBlock ID="TextBlock_138" HPOS="2529" VPOS="4513" HEIGHT="106" WIDTH="700">
          <TextLine ID="TextLine_186" HPOS="2529" VPOS="4513" HEIGHT="34" WIDTH="700">
            <String ID="Textword_468" HPOS="2529" VPOS="4516" HEIGHT="31" WIDTH="272" CONTENT="berücksichtigt" WC="0.96" />
            <String ID="Textword_469" HPOS="2820" VPOS="4516" HEIGHT="25" WIDTH="55" CONTENT="bei" WC="0.93" />
            <String ID="Textword_470" HPOS="2899" VPOS="4516" HEIGHT="24" WIDTH="113" CONTENT="Euern" WC="0.91" />
            <String ID="Textword_471" HPOS="3036" VPOS="4513" HEIGHT="26" WIDTH="193" CONTENT="Einkäufen" WC="0.84" />
          </TextLine>
          <TextLine ID="TextLine_187" HPOS="2530" VPOS="4548" HEIGHT="30" WIDTH="699">
            <String ID="Textword_472" HPOS="2530" VPOS="4554" HEIGHT="24" WIDTH="54" CONTENT="die" WC="0.96" />
            <String ID="Textword_473" HPOS="2602" VPOS="4553" HEIGHT="24" WIDTH="199" CONTENT="Inserenten" WC="0.79" />
            <String ID="Textword_474" HPOS="2826" VPOS="4553" HEIGHT="24" WIDTH="59" CONTENT="der" WC="0.96" />
            <String ID="Textword_475" HPOS="2912" VPOS="4549" HEIGHT="27" WIDTH="160" CONTENT="Schweiz." WC="0.93" />
            <String ID="Textword_476" HPOS="3092" VPOS="4548" HEIGHT="27" WIDTH="137" CONTENT="Arbeit-" WC="0.92" />
          </TextLine>
          <TextLine ID="TextLine_188" HPOS="2530" VPOS="4588" HEIGHT="31" WIDTH="269">
            <String ID="Textword_477" HPOS="2530" VPOS="4588" HEIGHT="31" WIDTH="269" CONTENT="geber-Zeitung." WC="0.92" />
          </TextLine>
        </TextBlock>
        <TextBlock ID="TextBlock_139" HPOS="2069" VPOS="4522" HEIGHT="106" WIDTH="11">
          <TextLine ID="TextLine_189" HPOS="2069" VPOS="4522" HEIGHT="106" WIDTH="11">
            <SP ID="Textword_70" HPOS="2069" VPOS="4522" />
            <String ID="Textword_478" HPOS="2069" VPOS="4522" HEIGHT="106" WIDTH="11" CONTENT=" " WC="0.95" />
          </TextLine>
        </TextBlock>
        <TextBlock ID="TextBlock_140" HPOS="3220" VPOS="4767" HEIGHT="204" WIDTH="98">
          <TextLine ID="TextLine_190" HPOS="3220" VPOS="4767" HEIGHT="204" WIDTH="98">
            <SP ID="Textword_71" HPOS="3220" VPOS="4767" />
            <String ID="Textword_479" HPOS="3220" VPOS="4767" HEIGHT="204" WIDTH="98" CONTENT=" " WC="0.95" />
          </TextLine>
        </TextBlock>
        <TextBlock ID="TextBlock_141" HPOS="3226" VPOS="116" HEIGHT="2688" WIDTH="87">
          <TextLine ID="TextLine_191" HPOS="3226" VPOS="116" HEIGHT="2688" WIDTH="87">
            <SP ID="Textword_72" HPOS="3226" VPOS="116" />
            <String ID="Textword_480" HPOS="3226" VPOS="116" HEIGHT="2688" WIDTH="87" CONTENT=" " WC="0.95" />
          </TextLine>
        </TextBlock>
        <TextBlock ID="TextBlock_142" HPOS="3241" VPOS="3093" HEIGHT="1692" WIDTH="63">
          <TextLine ID="TextLine_192" HPOS="3241" VPOS="3093" HEIGHT="1692" WIDTH="63">
            <SP ID="Textword_73" HPOS="3241" VPOS="3093" />
            <String ID="Textword_481" HPOS="3241" VPOS="3093" HEIGHT="1692" WIDTH="63" CONTENT=" " WC="0.95" />
          </TextLine>
        </TextBlock>
      </PrintSpace>
    </Page>
  </Layout>
</alto>
